{
"type": "FeatureCollection",
"name": "candidate_hazard_based_red_zones",
"crs": { "type": "name", "properties": { "name": "urn:ogc:def:crs:EPSG::32644" } },
"features": [
{ "type": "Feature", "properties": { "zone_id": "RZ-001", "zone_label": "Candidate Hazard-Based Red Zone", "candidate_priority_rank": 1, "candidate_priority_basis": "Mean multi-hazard score, then maximum score, then area", "source_indicator": "Higher Multi-Hazard Indicator", "source_class": 3, "mean_multihazard_score": 0.774194, "max_multihazard_score": 0.875097, "min_multihazard_score": 0.656769, "terrain_contribution_mean": 0.335306, "flood_contribution_mean": 0.438888, "area_m2": 5930.04, "area_hectares": 0.593, "pixel_count": 7, "methodology": "Deterministic terrain and hydrology screening", "disclaimer": "Decision Support — Requires Official Verification & Geotechnical Assessment" }, "geometry": { "type": "MultiPolygon", "coordinates": [ [ [ [ 334235.620046099531464, 3395001.187811134383082 ], [ 334235.620046099531464, 3395030.293625140562654 ], [ 334264.725860105943866, 3395030.293625140562654 ], [ 334264.725860105943866, 3395001.187811134383082 ], [ 334235.620046099531464, 3395001.187811134383082 ] ] ], [ [ [ 334293.831674112356268, 3395059.399439147207886 ], [ 334293.831674112356268, 3395030.293625140562654 ], [ 334264.725860105943866, 3395030.293625140562654 ], [ 334264.725860105943866, 3395059.399439147207886 ], [ 334293.831674112356268, 3395059.399439147207886 ] ] ], [ [ [ 334293.831674112356268, 3395059.399439147207886 ], [ 334293.831674112356268, 3395146.716881166677922 ], [ 334322.93748811876867, 3395146.716881166677922 ], [ 334322.93748811876867, 3395059.399439147207886 ], [ 334293.831674112356268, 3395059.399439147207886 ] ] ], [ [ [ 334352.043302125239279, 3395204.928509179502726 ], [ 334352.043302125239279, 3395146.716881166677922 ], [ 334322.93748811876867, 3395146.716881166677922 ], [ 334322.93748811876867, 3395204.928509179502726 ], [ 334352.043302125239279, 3395204.928509179502726 ] ] ] ] } },
{ "type": "Feature", "properties": { "zone_id": "RZ-002", "zone_label": "Candidate Hazard-Based Red Zone", "candidate_priority_rank": 2, "candidate_priority_basis": "Mean multi-hazard score, then maximum score, then area", "source_indicator": "Higher Multi-Hazard Indicator", "source_class": 3, "mean_multihazard_score": 0.755161, "max_multihazard_score": 0.807924, "min_multihazard_score": 0.660293, "terrain_contribution_mean": 0.432749, "flood_contribution_mean": 0.322413, "area_m2": 9318.63, "area_hectares": 0.9319, "pixel_count": 11, "methodology": "Deterministic terrain and hydrology screening", "disclaimer": "Decision Support — Requires Official Verification & Geotechnical Assessment" }, "geometry": { "type": "MultiPolygon", "coordinates": [ [ [ [ 341133.697965623578057, 3368631.320321307983249 ], [ 341104.592151617165655, 3368631.320321307983249 ], [ 341104.592151617165655, 3368718.637763327453285 ], [ 341133.697965623578057, 3368718.637763327453285 ], [ 341133.697965623578057, 3368631.320321307983249 ] ] ], [ [ [ 341075.486337610695045, 3368747.743577334098518 ], [ 341104.592151617165655, 3368747.743577334098518 ], [ 341104.592151617165655, 3368718.637763327453285 ], [ 341075.486337610695045, 3368718.637763327453285 ], [ 341075.486337610695045, 3368747.743577334098518 ] ] ], [ [ [ 341075.486337610695045, 3368747.743577334098518 ], [ 341046.380523604282644, 3368747.743577334098518 ], [ 341046.380523604282644, 3368864.166833359748125 ], [ 341075.486337610695045, 3368864.166833359748125 ], [ 341075.486337610695045, 3368747.743577334098518 ] ] ], [ [ [ 341017.274709597812034, 3368864.166833359748125 ], [ 341017.274709597812034, 3368922.378461372572929 ], [ 341046.380523604282644, 3368922.378461372572929 ], [ 341046.380523604282644, 3368864.166833359748125 ], [ 341017.274709597812034, 3368864.166833359748125 ] ] ], [ [ [ 341017.274709597812034, 3368951.4842753787525 ], [ 341017.274709597812034, 3368922.378461372572929 ], [ 340988.168895591399632, 3368922.378461372572929 ], [ 340988.168895591399632, 3368951.4842753787525 ], [ 341017.274709597812034, 3368951.4842753787525 ] ] ] ] } },
{ "type": "Feature", "properties": { "zone_id": "RZ-003", "zone_label": "Candidate Hazard-Based Red Zone", "candidate_priority_rank": 3, "candidate_priority_basis": "Mean multi-hazard score, then maximum score, then area", "source_indicator": "Higher Multi-Hazard Indicator", "source_class": 3, "mean_multihazard_score": 0.748114, "max_multihazard_score": 0.833693, "min_multihazard_score": 0.652635, "terrain_contribution_mean": 0.408434, "flood_contribution_mean": 0.33968, "area_m2": 8471.48, "area_hectares": 0.8471, "pixel_count": 10, "methodology": "Deterministic terrain and hydrology screening", "disclaimer": "Decision Support — Requires Official Verification & Geotechnical Assessment" }, "geometry": { "type": "MultiPolygon", "coordinates": [ [ [ [ 301578.896730884269346, 3406410.666901655029505 ], [ 301549.790916877856944, 3406410.666901655029505 ], [ 301549.790916877856944, 3406439.772715661674738 ], [ 301578.896730884269346, 3406439.772715661674738 ], [ 301578.896730884269346, 3406410.666901655029505 ] ] ], [ [ [ 301520.685102871444542, 3406439.772715661674738 ], [ 301520.685102871444542, 3406468.878529667854309 ], [ 301549.790916877856944, 3406468.878529667854309 ], [ 301549.790916877856944, 3406439.772715661674738 ], [ 301520.685102871444542, 3406439.772715661674738 ] ] ], [ [ [ 301520.685102871444542, 3406497.984343674499542 ], [ 301520.685102871444542, 3406468.878529667854309 ], [ 301491.579288864973933, 3406468.878529667854309 ], [ 301491.579288864973933, 3406497.984343674499542 ], [ 301520.685102871444542, 3406497.984343674499542 ] ] ], [ [ [ 301549.790916877856944, 3406497.984343674499542 ], [ 301520.685102871444542, 3406497.984343674499542 ], [ 301520.685102871444542, 3406527.090157680679113 ], [ 301549.790916877856944, 3406527.090157680679113 ], [ 301549.790916877856944, 3406497.984343674499542 ] ] ], [ [ [ 301462.473474858561531, 3406497.984343674499542 ], [ 301462.473474858561531, 3406643.513413706794381 ], [ 301491.579288864973933, 3406643.513413706794381 ], [ 301491.579288864973933, 3406497.984343674499542 ], [ 301462.473474858561531, 3406497.984343674499542 ] ] ], [ [ [ 301462.473474858561531, 3406672.619227712973952 ], [ 301462.473474858561531, 3406643.513413706794381 ], [ 301433.367660852149129, 3406643.513413706794381 ], [ 301433.367660852149129, 3406672.619227712973952 ], [ 301462.473474858561531, 3406672.619227712973952 ] ] ] ] } },
{ "type": "Feature", "properties": { "zone_id": "RZ-004", "zone_label": "Candidate Hazard-Based Red Zone", "candidate_priority_rank": 4, "candidate_priority_basis": "Mean multi-hazard score, then maximum score, then area", "source_indicator": "Higher Multi-Hazard Indicator", "source_class": 3, "mean_multihazard_score": 0.74523, "max_multihazard_score": 0.807731, "min_multihazard_score": 0.677019, "terrain_contribution_mean": 0.366582, "flood_contribution_mean": 0.378648, "area_m2": 6777.19, "area_hectares": 0.6777, "pixel_count": 8, "methodology": "Deterministic terrain and hydrology screening", "disclaimer": "Decision Support — Requires Official Verification & Geotechnical Assessment" }, "geometry": { "type": "MultiPolygon", "coordinates": [ [ [ [ 301287.838590819970705, 3404023.990153127815574 ], [ 301287.838590819970705, 3404053.095967134460807 ], [ 301316.944404826441314, 3404053.095967134460807 ], [ 301316.944404826441314, 3404023.990153127815574 ], [ 301287.838590819970705, 3404023.990153127815574 ] ] ], [ [ [ 301287.838590819970705, 3404082.201781140640378 ], [ 301287.838590819970705, 3404053.095967134460807 ], [ 301258.732776813558303, 3404053.095967134460807 ], [ 301258.732776813558303, 3404082.201781140640378 ], [ 301287.838590819970705, 3404082.201781140640378 ] ] ], [ [ [ 301229.626962807145901, 3404082.201781140640378 ], [ 301229.626962807145901, 3404111.30759514728561 ], [ 301258.732776813558303, 3404111.30759514728561 ], [ 301258.732776813558303, 3404082.201781140640378 ], [ 301229.626962807145901, 3404082.201781140640378 ] ] ], [ [ [ 301229.626962807145901, 3404140.413409153465182 ], [ 301229.626962807145901, 3404111.30759514728561 ], [ 301200.521148800675292, 3404111.30759514728561 ], [ 301200.521148800675292, 3404140.413409153465182 ], [ 301229.626962807145901, 3404140.413409153465182 ] ] ], [ [ [ 301171.41533479426289, 3404140.413409153465182 ], [ 301171.41533479426289, 3404169.519223160110414 ], [ 301200.521148800675292, 3404169.519223160110414 ], [ 301200.521148800675292, 3404140.413409153465182 ], [ 301171.41533479426289, 3404140.413409153465182 ] ] ], [ [ [ 301171.41533479426289, 3404198.625037166289985 ], [ 301171.41533479426289, 3404169.519223160110414 ], [ 301142.309520787850488, 3404169.519223160110414 ], [ 301142.309520787850488, 3404198.625037166289985 ], [ 301171.41533479426289, 3404198.625037166289985 ] ] ], [ [ [ 301113.203706781379879, 3404198.625037166289985 ], [ 301113.203706781379879, 3404227.730851172935218 ], [ 301142.309520787850488, 3404227.730851172935218 ], [ 301142.309520787850488, 3404198.625037166289985 ], [ 301113.203706781379879, 3404198.625037166289985 ] ] ], [ [ [ 301113.203706781379879, 3404256.836665179114789 ], [ 301113.203706781379879, 3404227.730851172935218 ], [ 301084.097892774967477, 3404227.730851172935218 ], [ 301084.097892774967477, 3404256.836665179114789 ], [ 301113.203706781379879, 3404256.836665179114789 ] ] ] ] } },
{ "type": "Feature", "properties": { "zone_id": "RZ-005", "zone_label": "Candidate Hazard-Based Red Zone", "candidate_priority_rank": 5, "candidate_priority_basis": "Mean multi-hazard score, then maximum score, then area", "source_indicator": "Higher Multi-Hazard Indicator", "source_class": 3, "mean_multihazard_score": 0.743268, "max_multihazard_score": 0.824424, "min_multihazard_score": 0.656658, "terrain_contribution_mean": 0.398207, "flood_contribution_mean": 0.345061, "area_m2": 8471.48, "area_hectares": 0.8471, "pixel_count": 10, "methodology": "Deterministic terrain and hydrology screening", "disclaimer": "Decision Support — Requires Official Verification & Geotechnical Assessment" }, "geometry": { "type": "MultiPolygon", "coordinates": [ [ [ [ 333740.821207990171388, 3397737.134327739011496 ], [ 333740.821207990171388, 3397766.240141745191067 ], [ 333769.92702199658379, 3397766.240141745191067 ], [ 333769.92702199658379, 3397737.134327739011496 ], [ 333740.821207990171388, 3397737.134327739011496 ] ] ], [ [ [ 333740.821207990171388, 3397795.3459557518363 ], [ 333740.821207990171388, 3397766.240141745191067 ], [ 333711.715393983758986, 3397766.240141745191067 ], [ 333711.715393983758986, 3397795.3459557518363 ], [ 333740.821207990171388, 3397795.3459557518363 ] ] ], [ [ [ 333682.609579977346584, 3397795.3459557518363 ], [ 333682.609579977346584, 3397824.451769758015871 ], [ 333711.715393983758986, 3397824.451769758015871 ], [ 333711.715393983758986, 3397795.3459557518363 ], [ 333682.609579977346584, 3397795.3459557518363 ] ] ], [ [ [ 333682.609579977346584, 3397853.557583764661103 ], [ 333682.609579977346584, 3397824.451769758015871 ], [ 333653.503765970875975, 3397824.451769758015871 ], [ 333653.503765970875975, 3397853.557583764661103 ], [ 333682.609579977346584, 3397853.557583764661103 ] ] ], [ [ [ 333624.397951964463573, 3397853.557583764661103 ], [ 333624.397951964463573, 3397882.663397770840675 ], [ 333653.503765970875975, 3397882.663397770840675 ], [ 333653.503765970875975, 3397853.557583764661103 ], [ 333624.397951964463573, 3397853.557583764661103 ] ] ], [ [ [ 333624.397951964463573, 3397911.769211777485907 ], [ 333624.397951964463573, 3397882.663397770840675 ], [ 333595.292137957992963, 3397882.663397770840675 ], [ 333595.292137957992963, 3397911.769211777485907 ], [ 333624.397951964463573, 3397911.769211777485907 ] ] ], [ [ [ 333566.186323951580562, 3397911.769211777485907 ], [ 333566.186323951580562, 3397940.875025783665478 ], [ 333595.292137957992963, 3397940.875025783665478 ], [ 333595.292137957992963, 3397911.769211777485907 ], [ 333566.186323951580562, 3397911.769211777485907 ] ] ], [ [ [ 333566.186323951580562, 3398028.192467803135514 ], [ 333566.186323951580562, 3397940.875025783665478 ], [ 333537.08050994516816, 3397940.875025783665478 ], [ 333537.08050994516816, 3398028.192467803135514 ], [ 333566.186323951580562, 3398028.192467803135514 ] ] ] ] } },
{ "type": "Feature", "properties": { "zone_id": "RZ-006", "zone_label": "Candidate Hazard-Based Red Zone", "candidate_priority_rank": 6, "candidate_priority_basis": "Mean multi-hazard score, then maximum score, then area", "source_indicator": "Higher Multi-Hazard Indicator", "source_class": 3, "mean_multihazard_score": 0.742722, "max_multihazard_score": 0.772421, "min_multihazard_score": 0.686645, "terrain_contribution_mean": 0.286249, "flood_contribution_mean": 0.456472, "area_m2": 5082.89, "area_hectares": 0.5083, "pixel_count": 6, "methodology": "Deterministic terrain and hydrology screening", "disclaimer": "Decision Support — Requires Official Verification & Geotechnical Assessment" }, "geometry": { "type": "MultiPolygon", "coordinates": [ [ [ [ 332605.694461739389226, 3387928.475007571745664 ], [ 332576.588647732976824, 3387928.475007571745664 ], [ 332576.588647732976824, 3388015.792449590750039 ], [ 332605.694461739389226, 3388015.792449590750039 ], [ 332605.694461739389226, 3387928.475007571745664 ] ] ], [ [ [ 332547.482833726506215, 3388044.898263597395271 ], [ 332576.588647732976824, 3388044.898263597395271 ], [ 332576.588647732976824, 3388015.792449590750039 ], [ 332547.482833726506215, 3388015.792449590750039 ], [ 332547.482833726506215, 3388044.898263597395271 ] ] ], [ [ [ 332547.482833726506215, 3388044.898263597395271 ], [ 332518.377019720093813, 3388044.898263597395271 ], [ 332518.377019720093813, 3388074.004077604040504 ], [ 332547.482833726506215, 3388074.004077604040504 ], [ 332547.482833726506215, 3388044.898263597395271 ] ] ], [ [ [ 332489.271205713681411, 3388103.109891610220075 ], [ 332518.377019720093813, 3388103.109891610220075 ], [ 332518.377019720093813, 3388074.004077604040504 ], [ 332489.271205713681411, 3388074.004077604040504 ], [ 332489.271205713681411, 3388103.109891610220075 ] ] ] ] } },
{ "type": "Feature", "properties": { "zone_id": "RZ-007", "zone_label": "Candidate Hazard-Based Red Zone", "candidate_priority_rank": 7, "candidate_priority_basis": "Mean multi-hazard score, then maximum score, then area", "source_indicator": "Higher Multi-Hazard Indicator", "source_class": 3, "mean_multihazard_score": 0.74115, "max_multihazard_score": 0.831493, "min_multihazard_score": 0.684812, "terrain_contribution_mean": 0.34402, "flood_contribution_mean": 0.39713, "area_m2": 7624.34, "area_hectares": 0.7624, "pixel_count": 9, "methodology": "Deterministic terrain and hydrology screening", "disclaimer": "Decision Support — Requires Official Verification & Geotechnical Assessment" }, "geometry": { "type": "Polygon", "coordinates": [ [ [ 338979.867729147721548, 3388685.226171738933772 ], [ 338979.867729147721548, 3388656.120357732288539 ], [ 339241.820055205549579, 3388656.120357732288539 ], [ 339241.820055205549579, 3388685.226171738933772 ], [ 338979.867729147721548, 3388685.226171738933772 ] ] ] } },
{ "type": "Feature", "properties": { "zone_id": "RZ-008", "zone_label": "Candidate Hazard-Based Red Zone", "candidate_priority_rank": 8, "candidate_priority_basis": "Mean multi-hazard score, then maximum score, then area", "source_indicator": "Higher Multi-Hazard Indicator", "source_class": 3, "mean_multihazard_score": 0.739854, "max_multihazard_score": 0.811825, "min_multihazard_score": 0.669038, "terrain_contribution_mean": 0.405855, "flood_contribution_mean": 0.333998, "area_m2": 5930.04, "area_hectares": 0.593, "pixel_count": 7, "methodology": "Deterministic terrain and hydrology screening", "disclaimer": "Decision Support — Requires Official Verification & Geotechnical Assessment" }, "geometry": { "type": "MultiPolygon", "coordinates": [ [ [ [ 311533.085121083597187, 3393633.214552832301706 ], [ 311503.979307077126577, 3393633.214552832301706 ], [ 311503.979307077126577, 3393662.320366838481277 ], [ 311533.085121083597187, 3393662.320366838481277 ], [ 311533.085121083597187, 3393633.214552832301706 ] ] ], [ [ [ 311474.873493070714176, 3393662.320366838481277 ], [ 311474.873493070714176, 3393691.42618084512651 ], [ 311503.979307077126577, 3393691.42618084512651 ], [ 311503.979307077126577, 3393662.320366838481277 ], [ 311474.873493070714176, 3393662.320366838481277 ] ] ], [ [ [ 311474.873493070714176, 3393720.531994851306081 ], [ 311474.873493070714176, 3393691.42618084512651 ], [ 311445.767679064301774, 3393691.42618084512651 ], [ 311445.767679064301774, 3393720.531994851306081 ], [ 311474.873493070714176, 3393720.531994851306081 ] ] ], [ [ [ 311416.661865057889372, 3393720.531994851306081 ], [ 311416.661865057889372, 3393749.637808857951313 ], [ 311445.767679064301774, 3393749.637808857951313 ], [ 311445.767679064301774, 3393720.531994851306081 ], [ 311416.661865057889372, 3393720.531994851306081 ] ] ], [ [ [ 311416.661865057889372, 3393778.743622864130884 ], [ 311416.661865057889372, 3393749.637808857951313 ], [ 311387.556051051418763, 3393749.637808857951313 ], [ 311387.556051051418763, 3393778.743622864130884 ], [ 311416.661865057889372, 3393778.743622864130884 ] ] ], [ [ [ 311358.450237045006361, 3393778.743622864130884 ], [ 311358.450237045006361, 3393807.849436870776117 ], [ 311387.556051051418763, 3393807.849436870776117 ], [ 311387.556051051418763, 3393778.743622864130884 ], [ 311358.450237045006361, 3393778.743622864130884 ] ] ], [ [ [ 311358.450237045006361, 3393836.955250876955688 ], [ 311358.450237045006361, 3393807.849436870776117 ], [ 311329.344423038593959, 3393807.849436870776117 ], [ 311329.344423038593959, 3393836.955250876955688 ], [ 311358.450237045006361, 3393836.955250876955688 ] ] ] ] } },
{ "type": "Feature", "properties": { "zone_id": "RZ-009", "zone_label": "Candidate Hazard-Based Red Zone", "candidate_priority_rank": 9, "candidate_priority_basis": "Mean multi-hazard score, then maximum score, then area", "source_indicator": "Higher Multi-Hazard Indicator", "source_class": 3, "mean_multihazard_score": 0.739515, "max_multihazard_score": 0.81358, "min_multihazard_score": 0.682726, "terrain_contribution_mean": 0.446822, "flood_contribution_mean": 0.292693, "area_m2": 5930.04, "area_hectares": 0.593, "pixel_count": 7, "methodology": "Deterministic terrain and hydrology screening", "disclaimer": "Decision Support — Requires Official Verification & Geotechnical Assessment" }, "geometry": { "type": "MultiPolygon", "coordinates": [ [ [ [ 333071.387485842278693, 3395321.351765205152333 ], [ 333042.281671835866291, 3395321.351765205152333 ], [ 333042.281671835866291, 3395350.457579211331904 ], [ 333071.387485842278693, 3395350.457579211331904 ], [ 333071.387485842278693, 3395321.351765205152333 ] ] ], [ [ [ 333013.175857829395682, 3395379.563393217977136 ], [ 333042.281671835866291, 3395379.563393217977136 ], [ 333042.281671835866291, 3395350.457579211331904 ], [ 333013.175857829395682, 3395350.457579211331904 ], [ 333013.175857829395682, 3395379.563393217977136 ] ] ], [ [ [ 333013.175857829395682, 3395379.563393217977136 ], [ 332984.07004382298328, 3395379.563393217977136 ], [ 332984.07004382298328, 3395408.669207224156708 ], [ 333013.175857829395682, 3395408.669207224156708 ], [ 333013.175857829395682, 3395379.563393217977136 ] ] ], [ [ [ 332954.964229816570878, 3395379.563393217977136 ], [ 332925.858415810100269, 3395379.563393217977136 ], [ 332925.858415810100269, 3395466.880835237447172 ], [ 332954.964229816570878, 3395466.880835237447172 ], [ 332954.964229816570878, 3395437.77502123080194 ], [ 332984.07004382298328, 3395437.77502123080194 ], [ 332984.07004382298328, 3395408.669207224156708 ], [ 332954.964229816570878, 3395408.669207224156708 ], [ 332954.964229816570878, 3395379.563393217977136 ] ] ] ] } },
{ "type": "Feature", "properties": { "zone_id": "RZ-010", "zone_label": "Candidate Hazard-Based Red Zone", "candidate_priority_rank": 10, "candidate_priority_basis": "Mean multi-hazard score, then maximum score, then area", "source_indicator": "Higher Multi-Hazard Indicator", "source_class": 3, "mean_multihazard_score": 0.739325, "max_multihazard_score": 0.789581, "min_multihazard_score": 0.652643, "terrain_contribution_mean": 0.363559, "flood_contribution_mean": 0.375766, "area_m2": 5930.04, "area_hectares": 0.593, "pixel_count": 7, "methodology": "Deterministic terrain and hydrology screening", "disclaimer": "Decision Support — Requires Official Verification & Geotechnical Assessment" }, "geometry": { "type": "MultiPolygon", "coordinates": [ [ [ [ 330306.335155231354292, 3398843.155259983148426 ], [ 330306.335155231354292, 3398814.049445976968855 ], [ 330131.700271192763466, 3398814.049445976968855 ], [ 330131.700271192763466, 3398843.155259983148426 ], [ 330306.335155231354292, 3398843.155259983148426 ] ] ], [ [ [ 330102.594457186351065, 3398843.155259983148426 ], [ 330102.594457186351065, 3398872.261073989793658 ], [ 330131.700271192763466, 3398872.261073989793658 ], [ 330131.700271192763466, 3398843.155259983148426 ], [ 330102.594457186351065, 3398843.155259983148426 ] ] ] ] } },
{ "type": "Feature", "properties": { "zone_id": "RZ-011", "zone_label": "Candidate Hazard-Based Red Zone", "candidate_priority_rank": 11, "candidate_priority_basis": "Mean multi-hazard score, then maximum score, then area", "source_indicator": "Higher Multi-Hazard Indicator", "source_class": 3, "mean_multihazard_score": 0.735712, "max_multihazard_score": 0.806511, "min_multihazard_score": 0.651255, "terrain_contribution_mean": 0.381547, "flood_contribution_mean": 0.354165, "area_m2": 5082.89, "area_hectares": 0.5083, "pixel_count": 6, "methodology": "Deterministic terrain and hydrology screening", "disclaimer": "Decision Support — Requires Official Verification & Geotechnical Assessment" }, "geometry": { "type": "MultiPolygon", "coordinates": [ [ [ [ 340464.264243475685362, 3361529.50170373916626 ], [ 340464.264243475685362, 3361383.97263370687142 ], [ 340435.158429469214752, 3361383.97263370687142 ], [ 340435.158429469214752, 3361529.50170373916626 ], [ 340464.264243475685362, 3361529.50170373916626 ] ] ], [ [ [ 340406.052615462802351, 3361529.50170373916626 ], [ 340406.052615462802351, 3361558.607517745345831 ], [ 340435.158429469214752, 3361558.607517745345831 ], [ 340435.158429469214752, 3361529.50170373916626 ], [ 340406.052615462802351, 3361529.50170373916626 ] ] ] ] } },
{ "type": "Feature", "properties": { "zone_id": "RZ-012", "zone_label": "Candidate Hazard-Based Red Zone", "candidate_priority_rank": 12, "candidate_priority_basis": "Mean multi-hazard score, then maximum score, then area", "source_indicator": "Higher Multi-Hazard Indicator", "source_class": 3, "mean_multihazard_score": 0.735573, "max_multihazard_score": 0.811868, "min_multihazard_score": 0.664605, "terrain_contribution_mean": 0.278045, "flood_contribution_mean": 0.457528, "area_m2": 11012.93, "area_hectares": 1.1013, "pixel_count": 13, "methodology": "Deterministic terrain and hydrology screening", "disclaimer": "Decision Support — Requires Official Verification & Geotechnical Assessment" }, "geometry": { "type": "MultiPolygon", "coordinates": [ [ [ [ 334643.10144218953792, 3389936.776174015365541 ], [ 334643.10144218953792, 3390053.199430041015148 ], [ 334672.207256195950322, 3390053.199430041015148 ], [ 334672.207256195950322, 3389936.776174015365541 ], [ 334643.10144218953792, 3389936.776174015365541 ] ] ], [ [ [ 334672.207256195950322, 3390111.411058053839952 ], [ 334701.313070202362724, 3390111.411058053839952 ], [ 334701.313070202362724, 3390053.199430041015148 ], [ 334672.207256195950322, 3390053.199430041015148 ], [ 334672.207256195950322, 3390111.411058053839952 ] ] ], [ [ [ 334730.418884208833333, 3390111.411058053839952 ], [ 334701.313070202362724, 3390111.411058053839952 ], [ 334701.313070202362724, 3390140.516872060485184 ], [ 334730.418884208833333, 3390140.516872060485184 ], [ 334730.418884208833333, 3390111.411058053839952 ] ] ], [ [ [ 334730.418884208833333, 3390140.516872060485184 ], [ 334730.418884208833333, 3390198.728500073309988 ], [ 334759.524698215245735, 3390198.728500073309988 ], [ 334759.524698215245735, 3390140.516872060485184 ], [ 334730.418884208833333, 3390140.516872060485184 ] ] ], [ [ [ 334759.524698215245735, 3390286.045942092780024 ], [ 334788.630512221658137, 3390286.045942092780024 ], [ 334788.630512221658137, 3390198.728500073309988 ], [ 334759.524698215245735, 3390198.728500073309988 ], [ 334759.524698215245735, 3390286.045942092780024 ] ] ], [ [ [ 334817.736326228128746, 3390286.045942092780024 ], [ 334788.630512221658137, 3390286.045942092780024 ], [ 334788.630512221658137, 3390315.151756098959595 ], [ 334817.736326228128746, 3390315.151756098959595 ], [ 334817.736326228128746, 3390286.045942092780024 ] ] ] ] } },
{ "type": "Feature", "properties": { "zone_id": "RZ-013", "zone_label": "Candidate Hazard-Based Red Zone", "candidate_priority_rank": 13, "candidate_priority_basis": "Mean multi-hazard score, then maximum score, then area", "source_indicator": "Higher Multi-Hazard Indicator", "source_class": 3, "mean_multihazard_score": 0.735083, "max_multihazard_score": 0.805023, "min_multihazard_score": 0.669892, "terrain_contribution_mean": 0.369635, "flood_contribution_mean": 0.365449, "area_m2": 5082.89, "area_hectares": 0.5083, "pixel_count": 6, "methodology": "Deterministic terrain and hydrology screening", "disclaimer": "Decision Support — Requires Official Verification & Geotechnical Assessment" }, "geometry": { "type": "MultiPolygon", "coordinates": [ [ [ [ 321923.860721379343886, 3386007.491283147130162 ], [ 321923.860721379343886, 3385978.38546914095059 ], [ 321894.754907372873276, 3385978.38546914095059 ], [ 321894.754907372873276, 3386007.491283147130162 ], [ 321923.860721379343886, 3386007.491283147130162 ] ] ], [ [ [ 321865.649093366460875, 3386007.491283147130162 ], [ 321865.649093366460875, 3386153.020353179425001 ], [ 321894.754907372873276, 3386153.020353179425001 ], [ 321894.754907372873276, 3386007.491283147130162 ], [ 321865.649093366460875, 3386007.491283147130162 ] ] ] ] } },
{ "type": "Feature", "properties": { "zone_id": "RZ-014", "zone_label": "Candidate Hazard-Based Red Zone", "candidate_priority_rank": 14, "candidate_priority_basis": "Mean multi-hazard score, then maximum score, then area", "source_indicator": "Higher Multi-Hazard Indicator", "source_class": 3, "mean_multihazard_score": 0.733456, "max_multihazard_score": 0.769014, "min_multihazard_score": 0.676827, "terrain_contribution_mean": 0.425152, "flood_contribution_mean": 0.308304, "area_m2": 5082.89, "area_hectares": 0.5083, "pixel_count": 6, "methodology": "Deterministic terrain and hydrology screening", "disclaimer": "Decision Support — Requires Official Verification & Geotechnical Assessment" }, "geometry": { "type": "Polygon", "coordinates": [ [ [ 329753.324689109169412, 3398173.721537835430354 ], [ 329753.324689109169412, 3398144.615723828785121 ], [ 329927.959573147760238, 3398144.615723828785121 ], [ 329927.959573147760238, 3398173.721537835430354 ], [ 329753.324689109169412, 3398173.721537835430354 ] ] ] } },
{ "type": "Feature", "properties": { "zone_id": "RZ-015", "zone_label": "Candidate Hazard-Based Red Zone", "candidate_priority_rank": 15, "candidate_priority_basis": "Mean multi-hazard score, then maximum score, then area", "source_indicator": "Higher Multi-Hazard Indicator", "source_class": 3, "mean_multihazard_score": 0.732897, "max_multihazard_score": 0.801211, "min_multihazard_score": 0.656349, "terrain_contribution_mean": 0.365699, "flood_contribution_mean": 0.367198, "area_m2": 11012.93, "area_hectares": 1.1013, "pixel_count": 13, "methodology": "Deterministic terrain and hydrology screening", "disclaimer": "Decision Support — Requires Official Verification & Geotechnical Assessment" }, "geometry": { "type": "MultiPolygon", "coordinates": [ [ [ [ 331441.461901482136454, 3394913.870369114913046 ], [ 331441.461901482136454, 3394942.976183121558279 ], [ 331470.567715488607064, 3394942.976183121558279 ], [ 331470.567715488607064, 3394913.870369114913046 ], [ 331441.461901482136454, 3394913.870369114913046 ] ] ], [ [ [ 331412.356087475724053, 3394972.08199712773785 ], [ 331441.461901482136454, 3394972.08199712773785 ], [ 331441.461901482136454, 3394942.976183121558279 ], [ 331412.356087475724053, 3394942.976183121558279 ], [ 331412.356087475724053, 3394972.08199712773785 ] ] ], [ [ [ 331412.356087475724053, 3394972.08199712773785 ], [ 331383.250273469311651, 3394972.08199712773785 ], [ 331383.250273469311651, 3395001.187811134383082 ], [ 331412.356087475724053, 3395001.187811134383082 ], [ 331412.356087475724053, 3394972.08199712773785 ] ] ], [ [ [ 331354.144459462841041, 3395001.187811134383082 ], [ 331354.144459462841041, 3395030.293625140562654 ], [ 331383.250273469311651, 3395030.293625140562654 ], [ 331383.250273469311651, 3395001.187811134383082 ], [ 331354.144459462841041, 3395001.187811134383082 ] ] ], [ [ [ 331325.03864545642864, 3395059.399439147207886 ], [ 331354.144459462841041, 3395059.399439147207886 ], [ 331354.144459462841041, 3395030.293625140562654 ], [ 331325.03864545642864, 3395030.293625140562654 ], [ 331325.03864545642864, 3395059.399439147207886 ] ] ], [ [ [ 331325.03864545642864, 3395059.399439147207886 ], [ 331295.932831450016238, 3395059.399439147207886 ], [ 331295.932831450016238, 3395117.61106716003269 ], [ 331325.03864545642864, 3395117.61106716003269 ], [ 331325.03864545642864, 3395059.399439147207886 ] ] ], [ [ [ 331616.096785520727281, 3394739.235485076438636 ], [ 331616.096785520727281, 3394768.341299083083868 ], [ 331645.20259952719789, 3394768.341299083083868 ], [ 331645.20259952719789, 3394739.235485076438636 ], [ 331616.096785520727281, 3394739.235485076438636 ] ] ], [ [ [ 331586.990971514314879, 3394797.447113089263439 ], [ 331616.096785520727281, 3394797.447113089263439 ], [ 331616.096785520727281, 3394768.341299083083868 ], [ 331586.990971514314879, 3394768.341299083083868 ], [ 331586.990971514314879, 3394797.447113089263439 ] ] ], [ [ [ 331586.990971514314879, 3394797.447113089263439 ], [ 331557.885157507902477, 3394797.447113089263439 ], [ 331557.885157507902477, 3394826.552927095908672 ], [ 331586.990971514314879, 3394826.552927095908672 ], [ 331586.990971514314879, 3394797.447113089263439 ] ] ], [ [ [ 331528.779343501431867, 3394826.552927095908672 ], [ 331528.779343501431867, 3394855.658741102088243 ], [ 331557.885157507902477, 3394855.658741102088243 ], [ 331557.885157507902477, 3394826.552927095908672 ], [ 331528.779343501431867, 3394826.552927095908672 ] ] ], [ [ [ 331499.673529495019466, 3394884.764555108733475 ], [ 331528.779343501431867, 3394884.764555108733475 ], [ 331528.779343501431867, 3394855.658741102088243 ], [ 331499.673529495019466, 3394855.658741102088243 ], [ 331499.673529495019466, 3394884.764555108733475 ] ] ], [ [ [ 331499.673529495019466, 3394884.764555108733475 ], [ 331470.567715488607064, 3394884.764555108733475 ], [ 331470.567715488607064, 3394913.870369114913046 ], [ 331499.673529495019466, 3394913.870369114913046 ], [ 331499.673529495019466, 3394884.764555108733475 ] ] ] ] } },
{ "type": "Feature", "properties": { "zone_id": "RZ-016", "zone_label": "Candidate Hazard-Based Red Zone", "candidate_priority_rank": 16, "candidate_priority_basis": "Mean multi-hazard score, then maximum score, then area", "source_indicator": "Higher Multi-Hazard Indicator", "source_class": 3, "mean_multihazard_score": 0.732091, "max_multihazard_score": 0.786151, "min_multihazard_score": 0.664365, "terrain_contribution_mean": 0.377137, "flood_contribution_mean": 0.354954, "area_m2": 8471.48, "area_hectares": 0.8471, "pixel_count": 10, "methodology": "Deterministic terrain and hydrology screening", "disclaimer": "Decision Support — Requires Official Verification & Geotechnical Assessment" }, "geometry": { "type": "MultiPolygon", "coordinates": [ [ [ [ 312988.375821405090392, 3395466.880835237447172 ], [ 312842.846751372970175, 3395466.880835237447172 ], [ 312842.846751372970175, 3395495.986649243626744 ], [ 312988.375821405090392, 3395495.986649243626744 ], [ 312988.375821405090392, 3395466.880835237447172 ] ] ], [ [ [ 312813.740937366557773, 3395525.092463250271976 ], [ 312842.846751372970175, 3395525.092463250271976 ], [ 312842.846751372970175, 3395495.986649243626744 ], [ 312813.740937366557773, 3395495.986649243626744 ], [ 312813.740937366557773, 3395525.092463250271976 ] ] ], [ [ [ 312813.740937366557773, 3395525.092463250271976 ], [ 312784.635123360087164, 3395525.092463250271976 ], [ 312784.635123360087164, 3395554.198277256451547 ], [ 312813.740937366557773, 3395554.198277256451547 ], [ 312813.740937366557773, 3395525.092463250271976 ] ] ], [ [ [ 312697.317681340791751, 3395583.30409126309678 ], [ 312784.635123360087164, 3395583.30409126309678 ], [ 312784.635123360087164, 3395554.198277256451547 ], [ 312697.317681340791751, 3395554.198277256451547 ], [ 312697.317681340791751, 3395583.30409126309678 ] ] ] ] } },
{ "type": "Feature", "properties": { "zone_id": "RZ-017", "zone_label": "Candidate Hazard-Based Red Zone", "candidate_priority_rank": 17, "candidate_priority_basis": "Mean multi-hazard score, then maximum score, then area", "source_indicator": "Higher Multi-Hazard Indicator", "source_class": 3, "mean_multihazard_score": 0.731928, "max_multihazard_score": 0.781438, "min_multihazard_score": 0.660207, "terrain_contribution_mean": 0.393004, "flood_contribution_mean": 0.338924, "area_m2": 7624.34, "area_hectares": 0.7624, "pixel_count": 9, "methodology": "Deterministic terrain and hydrology screening", "disclaimer": "Decision Support — Requires Official Verification & Geotechnical Assessment" }, "geometry": { "type": "MultiPolygon", "coordinates": [ [ [ [ 330946.663063372834586, 3398872.261073989793658 ], [ 330946.663063372834586, 3398901.366887995973229 ], [ 331004.874691385717597, 3398901.366887995973229 ], [ 331004.874691385717597, 3398872.261073989793658 ], [ 330946.663063372834586, 3398872.261073989793658 ] ] ], [ [ [ 331004.874691385717597, 3398930.472702002618462 ], [ 331033.980505392129999, 3398930.472702002618462 ], [ 331033.980505392129999, 3398901.366887995973229 ], [ 331004.874691385717597, 3398901.366887995973229 ], [ 331004.874691385717597, 3398930.472702002618462 ] ] ], [ [ [ 331092.19213340501301, 3398930.472702002618462 ], [ 331033.980505392129999, 3398930.472702002618462 ], [ 331033.980505392129999, 3398959.578516008798033 ], [ 331092.19213340501301, 3398959.578516008798033 ], [ 331092.19213340501301, 3398930.472702002618462 ] ] ], [ [ [ 331092.19213340501301, 3398988.684330015443265 ], [ 331121.297947411425412, 3398988.684330015443265 ], [ 331121.297947411425412, 3398959.578516008798033 ], [ 331092.19213340501301, 3398959.578516008798033 ], [ 331092.19213340501301, 3398988.684330015443265 ] ] ], [ [ [ 331150.403761417837813, 3398988.684330015443265 ], [ 331121.297947411425412, 3398988.684330015443265 ], [ 331121.297947411425412, 3399017.790144021622837 ], [ 331150.403761417837813, 3399017.790144021622837 ], [ 331150.403761417837813, 3398988.684330015443265 ] ] ], [ [ [ 331150.403761417837813, 3399046.895958028268069 ], [ 331179.509575424250215, 3399046.895958028268069 ], [ 331179.509575424250215, 3399017.790144021622837 ], [ 331150.403761417837813, 3399017.790144021622837 ], [ 331150.403761417837813, 3399046.895958028268069 ] ] ], [ [ [ 331208.615389430720825, 3399046.895958028268069 ], [ 331179.509575424250215, 3399046.895958028268069 ], [ 331179.509575424250215, 3399076.00177203444764 ], [ 331208.615389430720825, 3399076.00177203444764 ], [ 331208.615389430720825, 3399046.895958028268069 ] ] ] ] } },
{ "type": "Feature", "properties": { "zone_id": "RZ-018", "zone_label": "Candidate Hazard-Based Red Zone", "candidate_priority_rank": 18, "candidate_priority_basis": "Mean multi-hazard score, then maximum score, then area", "source_indicator": "Higher Multi-Hazard Indicator", "source_class": 3, "mean_multihazard_score": 0.731126, "max_multihazard_score": 0.799332, "min_multihazard_score": 0.659233, "terrain_contribution_mean": 0.393489, "flood_contribution_mean": 0.337638, "area_m2": 5930.04, "area_hectares": 0.593, "pixel_count": 7, "methodology": "Deterministic terrain and hydrology screening", "disclaimer": "Decision Support — Requires Official Verification & Geotechnical Assessment" }, "geometry": { "type": "MultiPolygon", "coordinates": [ [ [ [ 311562.190935090009589, 3386327.655237217899412 ], [ 311562.190935090009589, 3386356.761051224544644 ], [ 311620.4025631028926, 3386356.761051224544644 ], [ 311620.4025631028926, 3386327.655237217899412 ], [ 311562.190935090009589, 3386327.655237217899412 ] ] ], [ [ [ 311649.508377109305002, 3386385.866865230724216 ], [ 311649.508377109305002, 3386356.761051224544644 ], [ 311620.4025631028926, 3386356.761051224544644 ], [ 311620.4025631028926, 3386385.866865230724216 ], [ 311649.508377109305002, 3386385.866865230724216 ] ] ], [ [ [ 311649.508377109305002, 3386385.866865230724216 ], [ 311649.508377109305002, 3386414.972679237369448 ], [ 311678.614191115717404, 3386414.972679237369448 ], [ 311678.614191115717404, 3386385.866865230724216 ], [ 311649.508377109305002, 3386385.866865230724216 ] ] ], [ [ [ 311678.614191115717404, 3386444.078493243549019 ], [ 311736.825819128600415, 3386444.078493243549019 ], [ 311736.825819128600415, 3386414.972679237369448 ], [ 311678.614191115717404, 3386414.972679237369448 ], [ 311678.614191115717404, 3386444.078493243549019 ] ] ], [ [ [ 311765.931633135012817, 3386444.078493243549019 ], [ 311736.825819128600415, 3386444.078493243549019 ], [ 311736.825819128600415, 3386473.184307250194252 ], [ 311765.931633135012817, 3386473.184307250194252 ], [ 311765.931633135012817, 3386444.078493243549019 ] ] ] ] } },
{ "type": "Feature", "properties": { "zone_id": "RZ-019", "zone_label": "Candidate Hazard-Based Red Zone", "candidate_priority_rank": 19, "candidate_priority_basis": "Mean multi-hazard score, then maximum score, then area", "source_indicator": "Higher Multi-Hazard Indicator", "source_class": 3, "mean_multihazard_score": 0.730746, "max_multihazard_score": 0.804981, "min_multihazard_score": 0.668144, "terrain_contribution_mean": 0.2798, "flood_contribution_mean": 0.450946, "area_m2": 5930.04, "area_hectares": 0.593, "pixel_count": 7, "methodology": "Deterministic terrain and hydrology screening", "disclaimer": "Decision Support — Requires Official Verification & Geotechnical Assessment" }, "geometry": { "type": "MultiPolygon", "coordinates": [ [ [ [ 295786.839743604592513, 3399687.22386616980657 ], [ 295786.839743604592513, 3399658.118052163161337 ], [ 295728.628115591709502, 3399658.118052163161337 ], [ 295728.628115591709502, 3399687.22386616980657 ], [ 295786.839743604592513, 3399687.22386616980657 ] ] ], [ [ [ 295728.628115591709502, 3399687.22386616980657 ], [ 295612.204859566001687, 3399687.22386616980657 ], [ 295612.204859566001687, 3399716.329680175986141 ], [ 295728.628115591709502, 3399716.329680175986141 ], [ 295728.628115591709502, 3399687.22386616980657 ] ] ], [ [ [ 295583.099045559589285, 3399745.435494182631373 ], [ 295612.204859566001687, 3399745.435494182631373 ], [ 295612.204859566001687, 3399716.329680175986141 ], [ 295583.099045559589285, 3399716.329680175986141 ], [ 295583.099045559589285, 3399745.435494182631373 ] ] ] ] } },
{ "type": "Feature", "properties": { "zone_id": "RZ-020", "zone_label": "Candidate Hazard-Based Red Zone", "candidate_priority_rank": 20, "candidate_priority_basis": "Mean multi-hazard score, then maximum score, then area", "source_indicator": "Higher Multi-Hazard Indicator", "source_class": 3, "mean_multihazard_score": 0.729661, "max_multihazard_score": 0.745959, "min_multihazard_score": 0.679092, "terrain_contribution_mean": 0.477628, "flood_contribution_mean": 0.252033, "area_m2": 7624.34, "area_hectares": 0.7624, "pixel_count": 9, "methodology": "Deterministic terrain and hydrology screening", "disclaimer": "Decision Support — Requires Official Verification & Geotechnical Assessment" }, "geometry": { "type": "MultiPolygon", "coordinates": [ [ [ [ 334090.09097606735304, 3397824.451769758015871 ], [ 334060.985162060940638, 3397824.451769758015871 ], [ 334060.985162060940638, 3397940.875025783665478 ], [ 334090.09097606735304, 3397940.875025783665478 ], [ 334090.09097606735304, 3397824.451769758015871 ] ] ], [ [ [ 334090.09097606735304, 3397940.875025783665478 ], [ 334090.09097606735304, 3397999.086653796490282 ], [ 334119.196790073765442, 3397999.086653796490282 ], [ 334119.196790073765442, 3397940.875025783665478 ], [ 334090.09097606735304, 3397940.875025783665478 ] ] ], [ [ [ 334148.302604080177844, 3398086.404095815960318 ], [ 334148.302604080177844, 3397999.086653796490282 ], [ 334119.196790073765442, 3397999.086653796490282 ], [ 334119.196790073765442, 3398086.404095815960318 ], [ 334148.302604080177844, 3398086.404095815960318 ] ] ] ] } },
{ "type": "Feature", "properties": { "zone_id": "RZ-021", "zone_label": "Candidate Hazard-Based Red Zone", "candidate_priority_rank": 21, "candidate_priority_basis": "Mean multi-hazard score, then maximum score, then area", "source_indicator": "Higher Multi-Hazard Indicator", "source_class": 3, "mean_multihazard_score": 0.728658, "max_multihazard_score": 0.8206, "min_multihazard_score": 0.660398, "terrain_contribution_mean": 0.244888, "flood_contribution_mean": 0.483771, "area_m2": 11012.93, "area_hectares": 1.1013, "pixel_count": 13, "methodology": "Deterministic terrain and hydrology screening", "disclaimer": "Decision Support — Requires Official Verification & Geotechnical Assessment" }, "geometry": { "type": "MultiPolygon", "coordinates": [ [ [ [ 338543.280519051244482, 3390169.622686066664755 ], [ 338543.280519051244482, 3390198.728500073309988 ], [ 338572.386333057656884, 3390198.728500073309988 ], [ 338572.386333057656884, 3390169.622686066664755 ], [ 338543.280519051244482, 3390169.622686066664755 ] ] ], [ [ [ 338572.386333057656884, 3390315.151756098959595 ], [ 338601.492147064069286, 3390315.151756098959595 ], [ 338601.492147064069286, 3390198.728500073309988 ], [ 338572.386333057656884, 3390198.728500073309988 ], [ 338572.386333057656884, 3390315.151756098959595 ] ] ], [ [ [ 338630.597961070539895, 3390315.151756098959595 ], [ 338601.492147064069286, 3390315.151756098959595 ], [ 338601.492147064069286, 3390402.469198118429631 ], [ 338630.597961070539895, 3390402.469198118429631 ], [ 338630.597961070539895, 3390315.151756098959595 ] ] ], [ [ [ 338630.597961070539895, 3390431.575012124609202 ], [ 338659.703775076952297, 3390431.575012124609202 ], [ 338659.703775076952297, 3390402.469198118429631 ], [ 338630.597961070539895, 3390402.469198118429631 ], [ 338630.597961070539895, 3390431.575012124609202 ] ] ], [ [ [ 338688.809589083422907, 3390431.575012124609202 ], [ 338659.703775076952297, 3390431.575012124609202 ], [ 338659.703775076952297, 3390460.680826131254435 ], [ 338688.809589083422907, 3390460.680826131254435 ], [ 338688.809589083422907, 3390431.575012124609202 ] ] ], [ [ [ 338688.809589083422907, 3390489.786640137434006 ], [ 338717.915403089835308, 3390489.786640137434006 ], [ 338717.915403089835308, 3390460.680826131254435 ], [ 338688.809589083422907, 3390460.680826131254435 ], [ 338688.809589083422907, 3390489.786640137434006 ] ] ], [ [ [ 338776.127031102660112, 3390489.786640137434006 ], [ 338717.915403089835308, 3390489.786640137434006 ], [ 338717.915403089835308, 3390518.892454144079238 ], [ 338776.127031102660112, 3390518.892454144079238 ], [ 338776.127031102660112, 3390489.786640137434006 ] ] ] ] } },
{ "type": "Feature", "properties": { "zone_id": "RZ-022", "zone_label": "Candidate Hazard-Based Red Zone", "candidate_priority_rank": 22, "candidate_priority_basis": "Mean multi-hazard score, then maximum score, then area", "source_indicator": "Higher Multi-Hazard Indicator", "source_class": 3, "mean_multihazard_score": 0.728091, "max_multihazard_score": 0.779928, "min_multihazard_score": 0.693844, "terrain_contribution_mean": 0.294074, "flood_contribution_mean": 0.434017, "area_m2": 6777.19, "area_hectares": 0.6777, "pixel_count": 8, "methodology": "Deterministic terrain and hydrology screening", "disclaimer": "Decision Support — Requires Official Verification & Geotechnical Assessment" }, "geometry": { "type": "MultiPolygon", "coordinates": [ [ [ [ 302044.589754987158813, 3404809.847131301648915 ], [ 302044.589754987158813, 3404838.952945307828486 ], [ 302073.695568993629422, 3404838.952945307828486 ], [ 302073.695568993629422, 3404809.847131301648915 ], [ 302044.589754987158813, 3404809.847131301648915 ] ] ], [ [ [ 302044.589754987158813, 3404868.058759314473718 ], [ 302044.589754987158813, 3404838.952945307828486 ], [ 302015.483940980746411, 3404838.952945307828486 ], [ 302015.483940980746411, 3404868.058759314473718 ], [ 302044.589754987158813, 3404868.058759314473718 ] ] ], [ [ [ 301986.378126974334009, 3404868.058759314473718 ], [ 301986.378126974334009, 3404897.16457332065329 ], [ 302015.483940980746411, 3404897.16457332065329 ], [ 302015.483940980746411, 3404868.058759314473718 ], [ 301986.378126974334009, 3404868.058759314473718 ] ] ], [ [ [ 301986.378126974334009, 3404926.270387327298522 ], [ 301986.378126974334009, 3404897.16457332065329 ], [ 301957.272312967921607, 3404897.16457332065329 ], [ 301957.272312967921607, 3404926.270387327298522 ], [ 301986.378126974334009, 3404926.270387327298522 ] ] ], [ [ [ 301928.166498961450998, 3404926.270387327298522 ], [ 301928.166498961450998, 3404955.376201333478093 ], [ 301957.272312967921607, 3404955.376201333478093 ], [ 301957.272312967921607, 3404926.270387327298522 ], [ 301928.166498961450998, 3404926.270387327298522 ] ] ], [ [ [ 301928.166498961450998, 3404984.482015340123326 ], [ 301928.166498961450998, 3404955.376201333478093 ], [ 301899.060684955038596, 3404955.376201333478093 ], [ 301899.060684955038596, 3404984.482015340123326 ], [ 301928.166498961450998, 3404984.482015340123326 ] ] ], [ [ [ 301869.954870948626194, 3404984.482015340123326 ], [ 301869.954870948626194, 3405013.587829346302897 ], [ 301899.060684955038596, 3405013.587829346302897 ], [ 301899.060684955038596, 3404984.482015340123326 ], [ 301869.954870948626194, 3404984.482015340123326 ] ] ], [ [ [ 301869.954870948626194, 3405042.693643352948129 ], [ 301869.954870948626194, 3405013.587829346302897 ], [ 301840.849056942155585, 3405013.587829346302897 ], [ 301840.849056942155585, 3405042.693643352948129 ], [ 301869.954870948626194, 3405042.693643352948129 ] ] ] ] } },
{ "type": "Feature", "properties": { "zone_id": "RZ-023", "zone_label": "Candidate Hazard-Based Red Zone", "candidate_priority_rank": 23, "candidate_priority_basis": "Mean multi-hazard score, then maximum score, then area", "source_indicator": "Higher Multi-Hazard Indicator", "source_class": 3, "mean_multihazard_score": 0.727676, "max_multihazard_score": 0.742415, "min_multihazard_score": 0.683639, "terrain_contribution_mean": 0.482762, "flood_contribution_mean": 0.244914, "area_m2": 5930.04, "area_hectares": 0.593, "pixel_count": 7, "methodology": "Deterministic terrain and hydrology screening", "disclaimer": "Decision Support — Requires Official Verification & Geotechnical Assessment" }, "geometry": { "type": "MultiPolygon", "coordinates": [ [ [ [ 328356.245616800501011, 3408506.285510118119419 ], [ 328327.13980279408861, 3408506.285510118119419 ], [ 328327.13980279408861, 3408535.391324124764651 ], [ 328356.245616800501011, 3408535.391324124764651 ], [ 328356.245616800501011, 3408506.285510118119419 ] ] ], [ [ [ 328298.033988787676208, 3408535.391324124764651 ], [ 328298.033988787676208, 3408564.497138130944222 ], [ 328327.13980279408861, 3408564.497138130944222 ], [ 328327.13980279408861, 3408535.391324124764651 ], [ 328298.033988787676208, 3408535.391324124764651 ] ] ], [ [ [ 328298.033988787676208, 3408593.602952137589455 ], [ 328298.033988787676208, 3408564.497138130944222 ], [ 328268.928174781205598, 3408564.497138130944222 ], [ 328268.928174781205598, 3408593.602952137589455 ], [ 328298.033988787676208, 3408593.602952137589455 ] ] ], [ [ [ 328268.928174781205598, 3408593.602952137589455 ], [ 328239.822360774793196, 3408593.602952137589455 ], [ 328239.822360774793196, 3408622.708766143769026 ], [ 328268.928174781205598, 3408622.708766143769026 ], [ 328268.928174781205598, 3408593.602952137589455 ] ] ], [ [ [ 328210.716546768322587, 3408622.708766143769026 ], [ 328210.716546768322587, 3408651.814580150414258 ], [ 328239.822360774793196, 3408651.814580150414258 ], [ 328239.822360774793196, 3408622.708766143769026 ], [ 328210.716546768322587, 3408622.708766143769026 ] ] ], [ [ [ 328210.716546768322587, 3408680.920394156593829 ], [ 328210.716546768322587, 3408651.814580150414258 ], [ 328152.504918755497783, 3408651.814580150414258 ], [ 328152.504918755497783, 3408680.920394156593829 ], [ 328210.716546768322587, 3408680.920394156593829 ] ] ] ] } },
{ "type": "Feature", "properties": { "zone_id": "RZ-024", "zone_label": "Candidate Hazard-Based Red Zone", "candidate_priority_rank": 24, "candidate_priority_basis": "Mean multi-hazard score, then maximum score, then area", "source_indicator": "Higher Multi-Hazard Indicator", "source_class": 3, "mean_multihazard_score": 0.727343, "max_multihazard_score": 0.767668, "min_multihazard_score": 0.660731, "terrain_contribution_mean": 0.44217, "flood_contribution_mean": 0.285172, "area_m2": 5082.89, "area_hectares": 0.5083, "pixel_count": 6, "methodology": "Deterministic terrain and hydrology screening", "disclaimer": "Decision Support — Requires Official Verification & Geotechnical Assessment" }, "geometry": { "type": "MultiPolygon", "coordinates": [ [ [ [ 333275.128183887281921, 3365284.151710568461567 ], [ 333275.128183887281921, 3365313.2575245751068 ], [ 333304.233997893694323, 3365313.2575245751068 ], [ 333304.233997893694323, 3365284.151710568461567 ], [ 333275.128183887281921, 3365284.151710568461567 ] ] ], [ [ [ 333304.233997893694323, 3365342.363338581286371 ], [ 333333.339811900164932, 3365342.363338581286371 ], [ 333333.339811900164932, 3365313.2575245751068 ], [ 333304.233997893694323, 3365313.2575245751068 ], [ 333304.233997893694323, 3365342.363338581286371 ] ] ], [ [ [ 333362.445625906577334, 3365342.363338581286371 ], [ 333333.339811900164932, 3365342.363338581286371 ], [ 333333.339811900164932, 3365371.469152587931603 ], [ 333362.445625906577334, 3365371.469152587931603 ], [ 333362.445625906577334, 3365342.363338581286371 ] ] ], [ [ [ 333362.445625906577334, 3365371.469152587931603 ], [ 333362.445625906577334, 3365400.574966594576836 ], [ 333391.551439912989736, 3365400.574966594576836 ], [ 333391.551439912989736, 3365371.469152587931603 ], [ 333362.445625906577334, 3365371.469152587931603 ] ] ], [ [ [ 333391.551439912989736, 3365429.680780600756407 ], [ 333420.657253919460345, 3365429.680780600756407 ], [ 333420.657253919460345, 3365400.574966594576836 ], [ 333391.551439912989736, 3365400.574966594576836 ], [ 333391.551439912989736, 3365429.680780600756407 ] ] ], [ [ [ 333449.763067925872747, 3365429.680780600756407 ], [ 333420.657253919460345, 3365429.680780600756407 ], [ 333420.657253919460345, 3365458.786594607401639 ], [ 333449.763067925872747, 3365458.786594607401639 ], [ 333449.763067925872747, 3365429.680780600756407 ] ] ] ] } },
{ "type": "Feature", "properties": { "zone_id": "RZ-025", "zone_label": "Candidate Hazard-Based Red Zone", "candidate_priority_rank": 25, "candidate_priority_basis": "Mean multi-hazard score, then maximum score, then area", "source_indicator": "Higher Multi-Hazard Indicator", "source_class": 3, "mean_multihazard_score": 0.726936, "max_multihazard_score": 0.788656, "min_multihazard_score": 0.651426, "terrain_contribution_mean": 0.31083, "flood_contribution_mean": 0.416106, "area_m2": 7624.34, "area_hectares": 0.7624, "pixel_count": 9, "methodology": "Deterministic terrain and hydrology screening", "disclaimer": "Decision Support — Requires Official Verification & Geotechnical Assessment" }, "geometry": { "type": "MultiPolygon", "coordinates": [ [ [ [ 328705.515384877682664, 3394331.754088986199349 ], [ 328676.409570871270262, 3394331.754088986199349 ], [ 328676.409570871270262, 3394360.859902992844582 ], [ 328705.515384877682664, 3394360.859902992844582 ], [ 328705.515384877682664, 3394331.754088986199349 ] ] ], [ [ [ 328647.303756864799652, 3394360.859902992844582 ], [ 328647.303756864799652, 3394389.965716999489814 ], [ 328676.409570871270262, 3394389.965716999489814 ], [ 328676.409570871270262, 3394360.859902992844582 ], [ 328647.303756864799652, 3394360.859902992844582 ] ] ], [ [ [ 328647.303756864799652, 3394419.071531005669385 ], [ 328647.303756864799652, 3394389.965716999489814 ], [ 328618.19794285838725, 3394389.965716999489814 ], [ 328618.19794285838725, 3394419.071531005669385 ], [ 328647.303756864799652, 3394419.071531005669385 ] ] ], [ [ [ 328589.092128851974849, 3394419.071531005669385 ], [ 328589.092128851974849, 3394448.177345012314618 ], [ 328618.19794285838725, 3394448.177345012314618 ], [ 328618.19794285838725, 3394419.071531005669385 ], [ 328589.092128851974849, 3394419.071531005669385 ] ] ], [ [ [ 328589.092128851974849, 3394506.388973025139421 ], [ 328589.092128851974849, 3394448.177345012314618 ], [ 328559.986314845504239, 3394448.177345012314618 ], [ 328559.986314845504239, 3394506.388973025139421 ], [ 328589.092128851974849, 3394506.388973025139421 ] ] ], [ [ [ 328530.880500839091837, 3394506.388973025139421 ], [ 328530.880500839091837, 3394564.600601037964225 ], [ 328559.986314845504239, 3394564.600601037964225 ], [ 328559.986314845504239, 3394506.388973025139421 ], [ 328530.880500839091837, 3394506.388973025139421 ] ] ], [ [ [ 328530.880500839091837, 3394593.706415044143796 ], [ 328530.880500839091837, 3394564.600601037964225 ], [ 328501.774686832679436, 3394564.600601037964225 ], [ 328501.774686832679436, 3394593.706415044143796 ], [ 328530.880500839091837, 3394593.706415044143796 ] ] ] ] } },
{ "type": "Feature", "properties": { "zone_id": "RZ-026", "zone_label": "Candidate Hazard-Based Red Zone", "candidate_priority_rank": 26, "candidate_priority_basis": "Mean multi-hazard score, then maximum score, then area", "source_indicator": "Higher Multi-Hazard Indicator", "source_class": 3, "mean_multihazard_score": 0.726112, "max_multihazard_score": 0.811063, "min_multihazard_score": 0.654963, "terrain_contribution_mean": 0.438467, "flood_contribution_mean": 0.287645, "area_m2": 20331.56, "area_hectares": 2.0332, "pixel_count": 24, "methodology": "Deterministic terrain and hydrology screening", "disclaimer": "Decision Support — Requires Official Verification & Geotechnical Assessment" }, "geometry": { "type": "MultiPolygon", "coordinates": [ [ [ [ 333886.350278022349812, 3397737.134327739011496 ], [ 333857.244464015879203, 3397737.134327739011496 ], [ 333857.244464015879203, 3397766.240141745191067 ], [ 333886.350278022349812, 3397766.240141745191067 ], [ 333886.350278022349812, 3397737.134327739011496 ] ] ], [ [ [ 333886.350278022349812, 3398202.827351841609925 ], [ 333915.456092028762214, 3398202.827351841609925 ], [ 333915.456092028762214, 3398086.404095815960318 ], [ 333944.561906035174616, 3398086.404095815960318 ], [ 333944.561906035174616, 3397853.557583764661103 ], [ 333915.456092028762214, 3397853.557583764661103 ], [ 333915.456092028762214, 3397766.240141745191067 ], [ 333886.350278022349812, 3397766.240141745191067 ], [ 333886.350278022349812, 3398202.827351841609925 ] ] ] ] } },
{ "type": "Feature", "properties": { "zone_id": "RZ-027", "zone_label": "Candidate Hazard-Based Red Zone", "candidate_priority_rank": 27, "candidate_priority_basis": "Mean multi-hazard score, then maximum score, then area", "source_indicator": "Higher Multi-Hazard Indicator", "source_class": 3, "mean_multihazard_score": 0.725745, "max_multihazard_score": 0.774916, "min_multihazard_score": 0.655887, "terrain_contribution_mean": 0.301514, "flood_contribution_mean": 0.424232, "area_m2": 5082.89, "area_hectares": 0.5083, "pixel_count": 6, "methodology": "Deterministic terrain and hydrology screening", "disclaimer": "Decision Support — Requires Official Verification & Geotechnical Assessment" }, "geometry": { "type": "MultiPolygon", "coordinates": [ [ [ [ 310776.333956916409079, 3392003.288968471810222 ], [ 310747.22814290993847, 3392003.288968471810222 ], [ 310747.22814290993847, 3392032.394782478455454 ], [ 310776.333956916409079, 3392032.394782478455454 ], [ 310776.333956916409079, 3392003.288968471810222 ] ] ], [ [ [ 310718.122328903526068, 3392061.500596484635025 ], [ 310747.22814290993847, 3392061.500596484635025 ], [ 310747.22814290993847, 3392032.394782478455454 ], [ 310718.122328903526068, 3392032.394782478455454 ], [ 310718.122328903526068, 3392061.500596484635025 ] ] ], [ [ [ 310718.122328903526068, 3392061.500596484635025 ], [ 310689.016514897113666, 3392061.500596484635025 ], [ 310689.016514897113666, 3392090.606410491280258 ], [ 310718.122328903526068, 3392090.606410491280258 ], [ 310718.122328903526068, 3392061.500596484635025 ] ] ], [ [ [ 310659.910700890643056, 3392090.606410491280258 ], [ 310659.910700890643056, 3392119.71222449792549 ], [ 310689.016514897113666, 3392119.71222449792549 ], [ 310689.016514897113666, 3392090.606410491280258 ], [ 310659.910700890643056, 3392090.606410491280258 ] ] ], [ [ [ 310659.910700890643056, 3392177.923852510750294 ], [ 310659.910700890643056, 3392119.71222449792549 ], [ 310630.804886884230655, 3392119.71222449792549 ], [ 310630.804886884230655, 3392177.923852510750294 ], [ 310659.910700890643056, 3392177.923852510750294 ] ] ] ] } },
{ "type": "Feature", "properties": { "zone_id": "RZ-028", "zone_label": "Candidate Hazard-Based Red Zone", "candidate_priority_rank": 28, "candidate_priority_basis": "Mean multi-hazard score, then maximum score, then area", "source_indicator": "Higher Multi-Hazard Indicator", "source_class": 3, "mean_multihazard_score": 0.725353, "max_multihazard_score": 0.77703, "min_multihazard_score": 0.655577, "terrain_contribution_mean": 0.414449, "flood_contribution_mean": 0.310905, "area_m2": 7624.34, "area_hectares": 0.7624, "pixel_count": 9, "methodology": "Deterministic terrain and hydrology screening", "disclaimer": "Decision Support — Requires Official Verification & Geotechnical Assessment" }, "geometry": { "type": "Polygon", "coordinates": [ [ [ 342006.87238581647398, 3398173.721537835430354 ], [ 342006.87238581647398, 3397969.980839790310711 ], [ 342035.978199822944589, 3397969.980839790310711 ], [ 342035.978199822944589, 3397999.086653796490282 ], [ 342065.084013829356991, 3397999.086653796490282 ], [ 342065.084013829356991, 3398057.298281809780747 ], [ 342035.978199822944589, 3398057.298281809780747 ], [ 342035.978199822944589, 3398173.721537835430354 ], [ 342006.87238581647398, 3398173.721537835430354 ] ] ] } },
{ "type": "Feature", "properties": { "zone_id": "RZ-029", "zone_label": "Candidate Hazard-Based Red Zone", "candidate_priority_rank": 29, "candidate_priority_basis": "Mean multi-hazard score, then maximum score, then area", "source_indicator": "Higher Multi-Hazard Indicator", "source_class": 3, "mean_multihazard_score": 0.723894, "max_multihazard_score": 0.771256, "min_multihazard_score": 0.669925, "terrain_contribution_mean": 0.345986, "flood_contribution_mean": 0.377908, "area_m2": 12707.23, "area_hectares": 1.2707, "pixel_count": 15, "methodology": "Deterministic terrain and hydrology screening", "disclaimer": "Decision Support — Requires Official Verification & Geotechnical Assessment" }, "geometry": { "type": "MultiPolygon", "coordinates": [ [ [ [ 335661.804932414612267, 3396805.748279532883316 ], [ 335661.804932414612267, 3396834.854093539528549 ], [ 335690.910746421024669, 3396834.854093539528549 ], [ 335690.910746421024669, 3396805.748279532883316 ], [ 335661.804932414612267, 3396805.748279532883316 ] ] ], [ [ [ 335690.910746421024669, 3396863.95990754570812 ], [ 335720.016560427495278, 3396863.95990754570812 ], [ 335720.016560427495278, 3396834.854093539528549 ], [ 335690.910746421024669, 3396834.854093539528549 ], [ 335690.910746421024669, 3396863.95990754570812 ] ] ], [ [ [ 335749.12237443390768, 3396863.95990754570812 ], [ 335720.016560427495278, 3396863.95990754570812 ], [ 335720.016560427495278, 3396893.065721552353352 ], [ 335749.12237443390768, 3396893.065721552353352 ], [ 335749.12237443390768, 3396863.95990754570812 ] ] ], [ [ [ 335749.12237443390768, 3396922.171535558532923 ], [ 335778.228188440320082, 3396922.171535558532923 ], [ 335778.228188440320082, 3396893.065721552353352 ], [ 335749.12237443390768, 3396893.065721552353352 ], [ 335749.12237443390768, 3396922.171535558532923 ] ] ], [ [ [ 335807.334002446732484, 3396922.171535558532923 ], [ 335778.228188440320082, 3396922.171535558532923 ], [ 335778.228188440320082, 3396951.277349565178156 ], [ 335807.334002446732484, 3396951.277349565178156 ], [ 335807.334002446732484, 3396922.171535558532923 ] ] ], [ [ [ 335807.334002446732484, 3397067.700605590827763 ], [ 335836.439816453203093, 3397067.700605590827763 ], [ 335836.439816453203093, 3396951.277349565178156 ], [ 335807.334002446732484, 3396951.277349565178156 ], [ 335807.334002446732484, 3397067.700605590827763 ] ] ], [ [ [ 335865.545630459615495, 3397067.700605590827763 ], [ 335836.439816453203093, 3397067.700605590827763 ], [ 335836.439816453203093, 3397242.335489629302174 ], [ 335865.545630459615495, 3397242.335489629302174 ], [ 335865.545630459615495, 3397067.700605590827763 ] ] ] ] } },
{ "type": "Feature", "properties": { "zone_id": "RZ-030", "zone_label": "Candidate Hazard-Based Red Zone", "candidate_priority_rank": 30, "candidate_priority_basis": "Mean multi-hazard score, then maximum score, then area", "source_indicator": "Higher Multi-Hazard Indicator", "source_class": 3, "mean_multihazard_score": 0.722184, "max_multihazard_score": 0.776476, "min_multihazard_score": 0.653507, "terrain_contribution_mean": 0.439779, "flood_contribution_mean": 0.282405, "area_m2": 7624.34, "area_hectares": 0.7624, "pixel_count": 9, "methodology": "Deterministic terrain and hydrology screening", "disclaimer": "Decision Support — Requires Official Verification & Geotechnical Assessment" }, "geometry": { "type": "Polygon", "coordinates": [ [ [ 342472.565409919363447, 3403849.355269089341164 ], [ 342472.565409919363447, 3403820.249455082695931 ], [ 342443.459595912951045, 3403820.249455082695931 ], [ 342443.459595912951045, 3403791.14364107651636 ], [ 342472.565409919363447, 3403791.14364107651636 ], [ 342472.565409919363447, 3403645.61457104422152 ], [ 342501.671223925775848, 3403645.61457104422152 ], [ 342501.671223925775848, 3403791.14364107651636 ], [ 342530.777037932246458, 3403791.14364107651636 ], [ 342530.777037932246458, 3403820.249455082695931 ], [ 342501.671223925775848, 3403820.249455082695931 ], [ 342501.671223925775848, 3403849.355269089341164 ], [ 342472.565409919363447, 3403849.355269089341164 ] ] ] } },
{ "type": "Feature", "properties": { "zone_id": "RZ-031", "zone_label": "Candidate Hazard-Based Red Zone", "candidate_priority_rank": 31, "candidate_priority_basis": "Mean multi-hazard score, then maximum score, then area", "source_indicator": "Higher Multi-Hazard Indicator", "source_class": 3, "mean_multihazard_score": 0.721184, "max_multihazard_score": 0.816261, "min_multihazard_score": 0.650153, "terrain_contribution_mean": 0.370052, "flood_contribution_mean": 0.351132, "area_m2": 25414.45, "area_hectares": 2.5414, "pixel_count": 30, "methodology": "Deterministic terrain and hydrology screening", "disclaimer": "Decision Support — Requires Official Verification & Geotechnical Assessment" }, "geometry": { "type": "MultiPolygon", "coordinates": [ [ [ [ 330742.922365327831358, 3396340.055255430284888 ], [ 330772.02817933424376, 3396340.055255430284888 ], [ 330772.02817933424376, 3396310.949441423639655 ], [ 330742.922365327831358, 3396310.949441423639655 ], [ 330742.922365327831358, 3396340.055255430284888 ] ] ], [ [ [ 330801.133993340656161, 3396369.161069436464459 ], [ 330801.133993340656161, 3396340.055255430284888 ], [ 330772.02817933424376, 3396340.055255430284888 ], [ 330772.02817933424376, 3396369.161069436464459 ], [ 330801.133993340656161, 3396369.161069436464459 ] ] ], [ [ [ 330801.133993340656161, 3396369.161069436464459 ], [ 330801.133993340656161, 3396398.266883443109691 ], [ 330830.239807347126771, 3396398.266883443109691 ], [ 330830.239807347126771, 3396369.161069436464459 ], [ 330801.133993340656161, 3396369.161069436464459 ] ] ], [ [ [ 330859.345621353539173, 3396427.372697449289262 ], [ 330859.345621353539173, 3396398.266883443109691 ], [ 330830.239807347126771, 3396398.266883443109691 ], [ 330830.239807347126771, 3396427.372697449289262 ], [ 330859.345621353539173, 3396427.372697449289262 ] ] ], [ [ [ 330859.345621353539173, 3396427.372697449289262 ], [ 330859.345621353539173, 3396456.478511455934495 ], [ 330888.451435359951574, 3396456.478511455934495 ], [ 330888.451435359951574, 3396427.372697449289262 ], [ 330859.345621353539173, 3396427.372697449289262 ] ] ], [ [ [ 330917.557249366422184, 3396485.584325462114066 ], [ 330917.557249366422184, 3396456.478511455934495 ], [ 330888.451435359951574, 3396456.478511455934495 ], [ 330888.451435359951574, 3396485.584325462114066 ], [ 330917.557249366422184, 3396485.584325462114066 ] ] ], [ [ [ 330917.557249366422184, 3396485.584325462114066 ], [ 330917.557249366422184, 3396514.690139468759298 ], [ 330946.663063372834586, 3396514.690139468759298 ], [ 330946.663063372834586, 3396485.584325462114066 ], [ 330917.557249366422184, 3396485.584325462114066 ] ] ], [ [ [ 330975.768877379246987, 3396543.795953474938869 ], [ 330975.768877379246987, 3396514.690139468759298 ], [ 330946.663063372834586, 3396514.690139468759298 ], [ 330946.663063372834586, 3396543.795953474938869 ], [ 330975.768877379246987, 3396543.795953474938869 ] ] ], [ [ [ 330975.768877379246987, 3396543.795953474938869 ], [ 330975.768877379246987, 3396572.901767481584102 ], [ 331004.874691385717597, 3396572.901767481584102 ], [ 331004.874691385717597, 3396543.795953474938869 ], [ 330975.768877379246987, 3396543.795953474938869 ] ] ], [ [ [ 331033.980505392129999, 3396602.007581488229334 ], [ 331033.980505392129999, 3396572.901767481584102 ], [ 331004.874691385717597, 3396572.901767481584102 ], [ 331004.874691385717597, 3396602.007581488229334 ], [ 331033.980505392129999, 3396602.007581488229334 ] ] ], [ [ [ 331033.980505392129999, 3396602.007581488229334 ], [ 331033.980505392129999, 3396631.113395494408906 ], [ 331063.0863193985424, 3396631.113395494408906 ], [ 331063.0863193985424, 3396602.007581488229334 ], [ 331033.980505392129999, 3396602.007581488229334 ] ] ], [ [ [ 331092.19213340501301, 3396660.219209501054138 ], [ 331092.19213340501301, 3396631.113395494408906 ], [ 331063.0863193985424, 3396631.113395494408906 ], [ 331063.0863193985424, 3396660.219209501054138 ], [ 331092.19213340501301, 3396660.219209501054138 ] ] ], [ [ [ 331150.403761417837813, 3396747.536651520058513 ], [ 331150.403761417837813, 3396776.642465526703745 ], [ 331179.509575424250215, 3396776.642465526703745 ], [ 331179.509575424250215, 3396805.748279532883316 ], [ 331208.615389430720825, 3396805.748279532883316 ], [ 331208.615389430720825, 3396834.854093539528549 ], [ 331237.721203437133227, 3396834.854093539528549 ], [ 331237.721203437133227, 3396863.95990754570812 ], [ 331266.827017443603836, 3396863.95990754570812 ], [ 331266.827017443603836, 3396893.065721552353352 ], [ 331295.932831450016238, 3396893.065721552353352 ], [ 331295.932831450016238, 3396834.854093539528549 ], [ 331266.827017443603836, 3396834.854093539528549 ], [ 331266.827017443603836, 3396805.748279532883316 ], [ 331237.721203437133227, 3396805.748279532883316 ], [ 331237.721203437133227, 3396776.642465526703745 ], [ 331208.615389430720825, 3396776.642465526703745 ], [ 331208.615389430720825, 3396747.536651520058513 ], [ 331179.509575424250215, 3396747.536651520058513 ], [ 331179.509575424250215, 3396718.430837513878942 ], [ 331150.403761417837813, 3396718.430837513878942 ], [ 331150.403761417837813, 3396689.325023507233709 ], [ 331121.297947411425412, 3396689.325023507233709 ], [ 331121.297947411425412, 3396660.219209501054138 ], [ 331092.19213340501301, 3396660.219209501054138 ], [ 331092.19213340501301, 3396718.430837513878942 ], [ 331121.297947411425412, 3396718.430837513878942 ], [ 331121.297947411425412, 3396747.536651520058513 ], [ 331150.403761417837813, 3396747.536651520058513 ] ] ], [ [ [ 331325.03864545642864, 3396922.171535558532923 ], [ 331325.03864545642864, 3396893.065721552353352 ], [ 331295.932831450016238, 3396893.065721552353352 ], [ 331295.932831450016238, 3396922.171535558532923 ], [ 331325.03864545642864, 3396922.171535558532923 ] ] ], [ [ [ 331383.250273469311651, 3396980.383163571823388 ], [ 331383.250273469311651, 3396922.171535558532923 ], [ 331325.03864545642864, 3396922.171535558532923 ], [ 331325.03864545642864, 3396951.277349565178156 ], [ 331354.144459462841041, 3396951.277349565178156 ], [ 331354.144459462841041, 3396980.383163571823388 ], [ 331383.250273469311651, 3396980.383163571823388 ] ] ] ] } },
{ "type": "Feature", "properties": { "zone_id": "RZ-032", "zone_label": "Candidate Hazard-Based Red Zone", "candidate_priority_rank": 32, "candidate_priority_basis": "Mean multi-hazard score, then maximum score, then area", "source_indicator": "Higher Multi-Hazard Indicator", "source_class": 3, "mean_multihazard_score": 0.720963, "max_multihazard_score": 0.745616, "min_multihazard_score": 0.67011, "terrain_contribution_mean": 0.333583, "flood_contribution_mean": 0.38738, "area_m2": 6777.19, "area_hectares": 0.6777, "pixel_count": 8, "methodology": "Deterministic terrain and hydrology screening", "disclaimer": "Decision Support — Requires Official Verification & Geotechnical Assessment" }, "geometry": { "type": "MultiPolygon", "coordinates": [ [ [ [ 328036.081662729789969, 3391479.384316356386989 ], [ 328036.081662729789969, 3391450.278502349741757 ], [ 328006.975848723319359, 3391450.278502349741757 ], [ 328006.975848723319359, 3391479.384316356386989 ], [ 328036.081662729789969, 3391479.384316356386989 ] ] ], [ [ [ 327803.235150678316131, 3391479.384316356386989 ], [ 327803.235150678316131, 3391508.490130362566561 ], [ 328006.975848723319359, 3391508.490130362566561 ], [ 328006.975848723319359, 3391479.384316356386989 ], [ 327803.235150678316131, 3391479.384316356386989 ] ] ] ] } },
{ "type": "Feature", "properties": { "zone_id": "RZ-033", "zone_label": "Candidate Hazard-Based Red Zone", "candidate_priority_rank": 33, "candidate_priority_basis": "Mean multi-hazard score, then maximum score, then area", "source_indicator": "Higher Multi-Hazard Indicator", "source_class": 3, "mean_multihazard_score": 0.719239, "max_multihazard_score": 0.80679, "min_multihazard_score": 0.654044, "terrain_contribution_mean": 0.406815, "flood_contribution_mean": 0.312424, "area_m2": 7624.34, "area_hectares": 0.7624, "pixel_count": 9, "methodology": "Deterministic terrain and hydrology screening", "disclaimer": "Decision Support — Requires Official Verification & Geotechnical Assessment" }, "geometry": { "type": "MultiPolygon", "coordinates": [ [ [ [ 334963.265396260248963, 3380884.868018015287817 ], [ 334934.159582253836561, 3380884.868018015287817 ], [ 334934.159582253836561, 3380972.185460034757853 ], [ 334963.265396260248963, 3380972.185460034757853 ], [ 334963.265396260248963, 3380884.868018015287817 ] ] ], [ [ [ 334875.94795424095355, 3380972.185460034757853 ], [ 334905.053768247424159, 3380972.185460034757853 ], [ 334905.053768247424159, 3380943.07964602811262 ], [ 334875.94795424095355, 3380943.07964602811262 ], [ 334875.94795424095355, 3380972.185460034757853 ] ] ], [ [ [ 334934.159582253836561, 3380972.185460034757853 ], [ 334905.053768247424159, 3380972.185460034757853 ], [ 334905.053768247424159, 3381001.291274041403085 ], [ 334934.159582253836561, 3381001.291274041403085 ], [ 334934.159582253836561, 3380972.185460034757853 ] ] ], [ [ [ 334905.053768247424159, 3381001.291274041403085 ], [ 334875.94795424095355, 3381001.291274041403085 ], [ 334875.94795424095355, 3381030.397088047582656 ], [ 334905.053768247424159, 3381030.397088047582656 ], [ 334905.053768247424159, 3381001.291274041403085 ] ] ], [ [ [ 334846.842140234541148, 3381030.397088047582656 ], [ 334846.842140234541148, 3381088.60871606040746 ], [ 334875.94795424095355, 3381088.60871606040746 ], [ 334875.94795424095355, 3381030.397088047582656 ], [ 334846.842140234541148, 3381030.397088047582656 ] ] ], [ [ [ 334846.842140234541148, 3381117.714530067052692 ], [ 334846.842140234541148, 3381088.60871606040746 ], [ 334817.736326228128746, 3381088.60871606040746 ], [ 334817.736326228128746, 3381117.714530067052692 ], [ 334846.842140234541148, 3381117.714530067052692 ] ] ] ] } },
{ "type": "Feature", "properties": { "zone_id": "RZ-034", "zone_label": "Candidate Hazard-Based Red Zone", "candidate_priority_rank": 34, "candidate_priority_basis": "Mean multi-hazard score, then maximum score, then area", "source_indicator": "Higher Multi-Hazard Indicator", "source_class": 3, "mean_multihazard_score": 0.719235, "max_multihazard_score": 0.788911, "min_multihazard_score": 0.652613, "terrain_contribution_mean": 0.377424, "flood_contribution_mean": 0.341811, "area_m2": 5082.89, "area_hectares": 0.5083, "pixel_count": 6, "methodology": "Deterministic terrain and hydrology screening", "disclaimer": "Decision Support — Requires Official Verification & Geotechnical Assessment" }, "geometry": { "type": "MultiPolygon", "coordinates": [ [ [ [ 333740.821207990171388, 3378992.990107597317547 ], [ 333740.821207990171388, 3378963.884293591137975 ], [ 333653.503765970875975, 3378963.884293591137975 ], [ 333653.503765970875975, 3378992.990107597317547 ], [ 333740.821207990171388, 3378992.990107597317547 ] ] ], [ [ [ 333653.503765970875975, 3378992.990107597317547 ], [ 333595.292137957992963, 3378992.990107597317547 ], [ 333595.292137957992963, 3379022.095921603962779 ], [ 333653.503765970875975, 3379022.095921603962779 ], [ 333653.503765970875975, 3378992.990107597317547 ] ] ], [ [ [ 333566.186323951580562, 3379051.20173561014235 ], [ 333595.292137957992963, 3379051.20173561014235 ], [ 333595.292137957992963, 3379022.095921603962779 ], [ 333566.186323951580562, 3379022.095921603962779 ], [ 333566.186323951580562, 3379051.20173561014235 ] ] ] ] } },
{ "type": "Feature", "properties": { "zone_id": "RZ-035", "zone_label": "Candidate Hazard-Based Red Zone", "candidate_priority_rank": 35, "candidate_priority_basis": "Mean multi-hazard score, then maximum score, then area", "source_indicator": "Higher Multi-Hazard Indicator", "source_class": 3, "mean_multihazard_score": 0.718547, "max_multihazard_score": 0.765991, "min_multihazard_score": 0.659783, "terrain_contribution_mean": 0.34378, "flood_contribution_mean": 0.374766, "area_m2": 5082.89, "area_hectares": 0.5083, "pixel_count": 6, "methodology": "Deterministic terrain and hydrology screening", "disclaimer": "Decision Support — Requires Official Verification & Geotechnical Assessment" }, "geometry": { "type": "MultiPolygon", "coordinates": [ [ [ [ 321923.860721379343886, 3396514.690139468759298 ], [ 321894.754907372873276, 3396514.690139468759298 ], [ 321894.754907372873276, 3396543.795953474938869 ], [ 321923.860721379343886, 3396543.795953474938869 ], [ 321923.860721379343886, 3396514.690139468759298 ] ] ], [ [ [ 321865.649093366460875, 3396572.901767481584102 ], [ 321894.754907372873276, 3396572.901767481584102 ], [ 321894.754907372873276, 3396543.795953474938869 ], [ 321865.649093366460875, 3396543.795953474938869 ], [ 321865.649093366460875, 3396572.901767481584102 ] ] ], [ [ [ 321865.649093366460875, 3396572.901767481584102 ], [ 321836.543279360048473, 3396572.901767481584102 ], [ 321836.543279360048473, 3396602.007581488229334 ], [ 321865.649093366460875, 3396602.007581488229334 ], [ 321865.649093366460875, 3396572.901767481584102 ] ] ], [ [ [ 321749.22583734075306, 3396631.113395494408906 ], [ 321836.543279360048473, 3396631.113395494408906 ], [ 321836.543279360048473, 3396602.007581488229334 ], [ 321749.22583734075306, 3396602.007581488229334 ], [ 321749.22583734075306, 3396631.113395494408906 ] ] ] ] } },
{ "type": "Feature", "properties": { "zone_id": "RZ-036", "zone_label": "Candidate Hazard-Based Red Zone", "candidate_priority_rank": 36, "candidate_priority_basis": "Mean multi-hazard score, then maximum score, then area", "source_indicator": "Higher Multi-Hazard Indicator", "source_class": 3, "mean_multihazard_score": 0.717698, "max_multihazard_score": 0.825852, "min_multihazard_score": 0.66568, "terrain_contribution_mean": 0.310824, "flood_contribution_mean": 0.406874, "area_m2": 16942.97, "area_hectares": 1.6943, "pixel_count": 20, "methodology": "Deterministic terrain and hydrology screening", "disclaimer": "Decision Support — Requires Official Verification & Geotechnical Assessment" }, "geometry": { "type": "MultiPolygon", "coordinates": [ [ [ [ 335458.064234369609039, 3397271.441303635947406 ], [ 335458.064234369609039, 3397562.499443700071424 ], [ 335487.170048376021441, 3397562.499443700071424 ], [ 335487.170048376021441, 3397271.441303635947406 ], [ 335458.064234369609039, 3397271.441303635947406 ] ] ], [ [ [ 335487.170048376021441, 3397620.711071712896228 ], [ 335516.275862382433843, 3397620.711071712896228 ], [ 335516.275862382433843, 3397562.499443700071424 ], [ 335487.170048376021441, 3397562.499443700071424 ], [ 335487.170048376021441, 3397620.711071712896228 ] ] ], [ [ [ 335545.381676388904452, 3397620.711071712896228 ], [ 335516.275862382433843, 3397620.711071712896228 ], [ 335516.275862382433843, 3397649.81688571954146 ], [ 335545.381676388904452, 3397649.81688571954146 ], [ 335545.381676388904452, 3397620.711071712896228 ] ] ], [ [ [ 335545.381676388904452, 3397678.922699726186693 ], [ 335574.487490395316854, 3397678.922699726186693 ], [ 335574.487490395316854, 3397649.81688571954146 ], [ 335545.381676388904452, 3397649.81688571954146 ], [ 335545.381676388904452, 3397678.922699726186693 ] ] ], [ [ [ 335603.593304401729256, 3397678.922699726186693 ], [ 335574.487490395316854, 3397678.922699726186693 ], [ 335574.487490395316854, 3397708.028513732366264 ], [ 335603.593304401729256, 3397708.028513732366264 ], [ 335603.593304401729256, 3397678.922699726186693 ] ] ], [ [ [ 335603.593304401729256, 3397737.134327739011496 ], [ 335632.699118408141658, 3397737.134327739011496 ], [ 335632.699118408141658, 3397708.028513732366264 ], [ 335603.593304401729256, 3397708.028513732366264 ], [ 335603.593304401729256, 3397737.134327739011496 ] ] ], [ [ [ 335661.804932414612267, 3397737.134327739011496 ], [ 335632.699118408141658, 3397737.134327739011496 ], [ 335632.699118408141658, 3397853.557583764661103 ], [ 335661.804932414612267, 3397853.557583764661103 ], [ 335661.804932414612267, 3397737.134327739011496 ] ] ] ] } },
{ "type": "Feature", "properties": { "zone_id": "RZ-037", "zone_label": "Candidate Hazard-Based Red Zone", "candidate_priority_rank": 37, "candidate_priority_basis": "Mean multi-hazard score, then maximum score, then area", "source_indicator": "Higher Multi-Hazard Indicator", "source_class": 3, "mean_multihazard_score": 0.717462, "max_multihazard_score": 0.739241, "min_multihazard_score": 0.693298, "terrain_contribution_mean": 0.332954, "flood_contribution_mean": 0.384508, "area_m2": 5930.04, "area_hectares": 0.593, "pixel_count": 7, "methodology": "Deterministic terrain and hydrology screening", "disclaimer": "Decision Support — Requires Official Verification & Geotechnical Assessment" }, "geometry": { "type": "MultiPolygon", "coordinates": [ [ [ [ 334235.620046099531464, 3402888.863406877033412 ], [ 334235.620046099531464, 3402859.75759287038818 ], [ 334119.196790073765442, 3402859.75759287038818 ], [ 334119.196790073765442, 3402888.863406877033412 ], [ 334235.620046099531464, 3402888.863406877033412 ] ] ], [ [ [ 334031.879348054470029, 3402888.863406877033412 ], [ 334031.879348054470029, 3402917.969220883678645 ], [ 334119.196790073765442, 3402917.969220883678645 ], [ 334119.196790073765442, 3402888.863406877033412 ], [ 334031.879348054470029, 3402888.863406877033412 ] ] ] ] } },
{ "type": "Feature", "properties": { "zone_id": "RZ-038", "zone_label": "Candidate Hazard-Based Red Zone", "candidate_priority_rank": 38, "candidate_priority_basis": "Mean multi-hazard score, then maximum score, then area", "source_indicator": "Higher Multi-Hazard Indicator", "source_class": 3, "mean_multihazard_score": 0.717426, "max_multihazard_score": 0.769824, "min_multihazard_score": 0.668322, "terrain_contribution_mean": 0.334133, "flood_contribution_mean": 0.383293, "area_m2": 6777.19, "area_hectares": 0.6777, "pixel_count": 8, "methodology": "Deterministic terrain and hydrology screening", "disclaimer": "Decision Support — Requires Official Verification & Geotechnical Assessment" }, "geometry": { "type": "MultiPolygon", "coordinates": [ [ [ [ 341832.237501777883153, 3398057.298281809780747 ], [ 341832.237501777883153, 3397911.769211777485907 ], [ 341803.131687771470752, 3397911.769211777485907 ], [ 341803.131687771470752, 3398057.298281809780747 ], [ 341832.237501777883153, 3398057.298281809780747 ] ] ], [ [ [ 341803.131687771470752, 3398057.298281809780747 ], [ 341774.02587376505835, 3398057.298281809780747 ], [ 341774.02587376505835, 3398086.404095815960318 ], [ 341803.131687771470752, 3398086.404095815960318 ], [ 341803.131687771470752, 3398057.298281809780747 ] ] ], [ [ [ 341744.92005975858774, 3398144.615723828785121 ], [ 341774.02587376505835, 3398144.615723828785121 ], [ 341774.02587376505835, 3398086.404095815960318 ], [ 341744.92005975858774, 3398086.404095815960318 ], [ 341744.92005975858774, 3398144.615723828785121 ] ] ] ] } },
{ "type": "Feature", "properties": { "zone_id": "RZ-039", "zone_label": "Candidate Hazard-Based Red Zone", "candidate_priority_rank": 39, "candidate_priority_basis": "Mean multi-hazard score, then maximum score, then area", "source_indicator": "Higher Multi-Hazard Indicator", "source_class": 3, "mean_multihazard_score": 0.717369, "max_multihazard_score": 0.781771, "min_multihazard_score": 0.657154, "terrain_contribution_mean": 0.312337, "flood_contribution_mean": 0.405033, "area_m2": 16942.97, "area_hectares": 1.6943, "pixel_count": 20, "methodology": "Deterministic terrain and hydrology screening", "disclaimer": "Decision Support — Requires Official Verification & Geotechnical Assessment" }, "geometry": { "type": "MultiPolygon", "coordinates": [ [ [ [ 333857.244464015879203, 3396514.690139468759298 ], [ 333857.244464015879203, 3396427.372697449289262 ], [ 333828.138650009466801, 3396427.372697449289262 ], [ 333828.138650009466801, 3396514.690139468759298 ], [ 333857.244464015879203, 3396514.690139468759298 ] ] ], [ [ [ 333799.032836003054399, 3396514.690139468759298 ], [ 333799.032836003054399, 3397009.488977578002959 ], [ 333828.138650009466801, 3397009.488977578002959 ], [ 333828.138650009466801, 3396514.690139468759298 ], [ 333799.032836003054399, 3396514.690139468759298 ] ] ] ] } },
{ "type": "Feature", "properties": { "zone_id": "RZ-040", "zone_label": "Candidate Hazard-Based Red Zone", "candidate_priority_rank": 40, "candidate_priority_basis": "Mean multi-hazard score, then maximum score, then area", "source_indicator": "Higher Multi-Hazard Indicator", "source_class": 3, "mean_multihazard_score": 0.716735, "max_multihazard_score": 0.771008, "min_multihazard_score": 0.665679, "terrain_contribution_mean": 0.304103, "flood_contribution_mean": 0.412632, "area_m2": 5930.04, "area_hectares": 0.593, "pixel_count": 7, "methodology": "Deterministic terrain and hydrology screening", "disclaimer": "Decision Support — Requires Official Verification & Geotechnical Assessment" }, "geometry": { "type": "Polygon", "coordinates": [ [ [ 337291.730516774696298, 3401026.091310465708375 ], [ 337291.730516774696298, 3400996.985496459063143 ], [ 337495.471214819757733, 3400996.985496459063143 ], [ 337495.471214819757733, 3401026.091310465708375 ], [ 337291.730516774696298, 3401026.091310465708375 ] ] ] } },
{ "type": "Feature", "properties": { "zone_id": "RZ-041", "zone_label": "Candidate Hazard-Based Red Zone", "candidate_priority_rank": 41, "candidate_priority_basis": "Mean multi-hazard score, then maximum score, then area", "source_indicator": "Higher Multi-Hazard Indicator", "source_class": 3, "mean_multihazard_score": 0.716396, "max_multihazard_score": 0.769399, "min_multihazard_score": 0.66917, "terrain_contribution_mean": 0.330665, "flood_contribution_mean": 0.385731, "area_m2": 6777.19, "area_hectares": 0.6777, "pixel_count": 8, "methodology": "Deterministic terrain and hydrology screening", "disclaimer": "Decision Support — Requires Official Verification & Geotechnical Assessment" }, "geometry": { "type": "MultiPolygon", "coordinates": [ [ [ [ 333711.715393983758986, 3402714.228522838559002 ], [ 333711.715393983758986, 3402743.334336844738573 ], [ 333799.032836003054399, 3402743.334336844738573 ], [ 333799.032836003054399, 3402714.228522838559002 ], [ 333711.715393983758986, 3402714.228522838559002 ] ] ], [ [ [ 333799.032836003054399, 3402772.440150851383805 ], [ 333828.138650009466801, 3402772.440150851383805 ], [ 333828.138650009466801, 3402743.334336844738573 ], [ 333799.032836003054399, 3402743.334336844738573 ], [ 333799.032836003054399, 3402772.440150851383805 ] ] ], [ [ [ 333857.244464015879203, 3402772.440150851383805 ], [ 333828.138650009466801, 3402772.440150851383805 ], [ 333828.138650009466801, 3402801.545964857563376 ], [ 333857.244464015879203, 3402801.545964857563376 ], [ 333857.244464015879203, 3402772.440150851383805 ] ] ], [ [ [ 333857.244464015879203, 3402801.545964857563376 ], [ 333857.244464015879203, 3402830.651778864208609 ], [ 333886.350278022349812, 3402830.651778864208609 ], [ 333886.350278022349812, 3402801.545964857563376 ], [ 333857.244464015879203, 3402801.545964857563376 ] ] ], [ [ [ 333886.350278022349812, 3402859.75759287038818 ], [ 333915.456092028762214, 3402859.75759287038818 ], [ 333915.456092028762214, 3402830.651778864208609 ], [ 333886.350278022349812, 3402830.651778864208609 ], [ 333886.350278022349812, 3402859.75759287038818 ] ] ], [ [ [ 333944.561906035174616, 3402859.75759287038818 ], [ 333915.456092028762214, 3402859.75759287038818 ], [ 333915.456092028762214, 3402888.863406877033412 ], [ 333944.561906035174616, 3402888.863406877033412 ], [ 333944.561906035174616, 3402859.75759287038818 ] ] ] ] } },
{ "type": "Feature", "properties": { "zone_id": "RZ-042", "zone_label": "Candidate Hazard-Based Red Zone", "candidate_priority_rank": 42, "candidate_priority_basis": "Mean multi-hazard score, then maximum score, then area", "source_indicator": "Higher Multi-Hazard Indicator", "source_class": 3, "mean_multihazard_score": 0.716095, "max_multihazard_score": 0.775141, "min_multihazard_score": 0.676376, "terrain_contribution_mean": 0.367471, "flood_contribution_mean": 0.348625, "area_m2": 6777.19, "area_hectares": 0.6777, "pixel_count": 8, "methodology": "Deterministic terrain and hydrology screening", "disclaimer": "Decision Support — Requires Official Verification & Geotechnical Assessment" }, "geometry": { "type": "MultiPolygon", "coordinates": [ [ [ [ 333129.599113855161704, 3396805.748279532883316 ], [ 333100.493299848691095, 3396805.748279532883316 ], [ 333100.493299848691095, 3396834.854093539528549 ], [ 333129.599113855161704, 3396834.854093539528549 ], [ 333129.599113855161704, 3396805.748279532883316 ] ] ], [ [ [ 333071.387485842278693, 3396893.065721552353352 ], [ 333100.493299848691095, 3396893.065721552353352 ], [ 333100.493299848691095, 3396834.854093539528549 ], [ 333071.387485842278693, 3396834.854093539528549 ], [ 333071.387485842278693, 3396893.065721552353352 ] ] ], [ [ [ 333071.387485842278693, 3396893.065721552353352 ], [ 333042.281671835866291, 3396893.065721552353352 ], [ 333042.281671835866291, 3397009.488977578002959 ], [ 333071.387485842278693, 3397009.488977578002959 ], [ 333071.387485842278693, 3396893.065721552353352 ] ] ], [ [ [ 333013.175857829395682, 3397038.594791584648192 ], [ 333042.281671835866291, 3397038.594791584648192 ], [ 333042.281671835866291, 3397009.488977578002959 ], [ 333013.175857829395682, 3397009.488977578002959 ], [ 333013.175857829395682, 3397038.594791584648192 ] ] ] ] } },
{ "type": "Feature", "properties": { "zone_id": "RZ-043", "zone_label": "Candidate Hazard-Based Red Zone", "candidate_priority_rank": 43, "candidate_priority_basis": "Mean multi-hazard score, then maximum score, then area", "source_indicator": "Higher Multi-Hazard Indicator", "source_class": 3, "mean_multihazard_score": 0.715251, "max_multihazard_score": 0.773168, "min_multihazard_score": 0.666518, "terrain_contribution_mean": 0.38443, "flood_contribution_mean": 0.330821, "area_m2": 6777.19, "area_hectares": 0.6777, "pixel_count": 8, "methodology": "Deterministic terrain and hydrology screening", "disclaimer": "Decision Support — Requires Official Verification & Geotechnical Assessment" }, "geometry": { "type": "MultiPolygon", "coordinates": [ [ [ [ 301142.309520787850488, 3405042.693643352948129 ], [ 301142.309520787850488, 3405071.7994573591277 ], [ 301171.41533479426289, 3405071.7994573591277 ], [ 301171.41533479426289, 3405042.693643352948129 ], [ 301142.309520787850488, 3405042.693643352948129 ] ] ], [ [ [ 301142.309520787850488, 3405100.905271365772933 ], [ 301142.309520787850488, 3405071.7994573591277 ], [ 301113.203706781379879, 3405071.7994573591277 ], [ 301113.203706781379879, 3405100.905271365772933 ], [ 301142.309520787850488, 3405100.905271365772933 ] ] ], [ [ [ 301084.097892774967477, 3405100.905271365772933 ], [ 301084.097892774967477, 3405130.011085372418165 ], [ 301113.203706781379879, 3405130.011085372418165 ], [ 301113.203706781379879, 3405100.905271365772933 ], [ 301084.097892774967477, 3405100.905271365772933 ] ] ], [ [ [ 301084.097892774967477, 3405159.116899378597736 ], [ 301084.097892774967477, 3405130.011085372418165 ], [ 301054.992078768555075, 3405130.011085372418165 ], [ 301054.992078768555075, 3405159.116899378597736 ], [ 301084.097892774967477, 3405159.116899378597736 ] ] ], [ [ [ 301025.886264762142673, 3405159.116899378597736 ], [ 301025.886264762142673, 3405188.222713385242969 ], [ 301054.992078768555075, 3405188.222713385242969 ], [ 301054.992078768555075, 3405159.116899378597736 ], [ 301025.886264762142673, 3405159.116899378597736 ] ] ], [ [ [ 301025.886264762142673, 3405217.32852739142254 ], [ 301025.886264762142673, 3405188.222713385242969 ], [ 300996.780450755672064, 3405188.222713385242969 ], [ 300996.780450755672064, 3405217.32852739142254 ], [ 301025.886264762142673, 3405217.32852739142254 ] ] ], [ [ [ 300967.674636749259662, 3405217.32852739142254 ], [ 300967.674636749259662, 3405246.434341398067772 ], [ 300996.780450755672064, 3405246.434341398067772 ], [ 300996.780450755672064, 3405217.32852739142254 ], [ 300967.674636749259662, 3405217.32852739142254 ] ] ], [ [ [ 300967.674636749259662, 3405275.540155404247344 ], [ 300967.674636749259662, 3405246.434341398067772 ], [ 300938.56882274284726, 3405246.434341398067772 ], [ 300938.56882274284726, 3405275.540155404247344 ], [ 300967.674636749259662, 3405275.540155404247344 ] ] ] ] } },
{ "type": "Feature", "properties": { "zone_id": "RZ-044", "zone_label": "Candidate Hazard-Based Red Zone", "candidate_priority_rank": 44, "candidate_priority_basis": "Mean multi-hazard score, then maximum score, then area", "source_indicator": "Higher Multi-Hazard Indicator", "source_class": 3, "mean_multihazard_score": 0.714607, "max_multihazard_score": 0.742474, "min_multihazard_score": 0.667791, "terrain_contribution_mean": 0.462179, "flood_contribution_mean": 0.252428, "area_m2": 5082.89, "area_hectares": 0.5083, "pixel_count": 6, "methodology": "Deterministic terrain and hydrology screening", "disclaimer": "Decision Support — Requires Official Verification & Geotechnical Assessment" }, "geometry": { "type": "MultiPolygon", "coordinates": [ [ [ [ 325474.770030163868796, 3382019.994764266069978 ], [ 325387.452588144573383, 3382019.994764266069978 ], [ 325387.452588144573383, 3382049.100578272715211 ], [ 325474.770030163868796, 3382049.100578272715211 ], [ 325474.770030163868796, 3382019.994764266069978 ] ] ], [ [ [ 325474.770030163868796, 3382078.206392278894782 ], [ 325562.087472183164209, 3382078.206392278894782 ], [ 325562.087472183164209, 3382049.100578272715211 ], [ 325474.770030163868796, 3382049.100578272715211 ], [ 325474.770030163868796, 3382078.206392278894782 ] ] ] ] } },
{ "type": "Feature", "properties": { "zone_id": "RZ-045", "zone_label": "Candidate Hazard-Based Red Zone", "candidate_priority_rank": 45, "candidate_priority_basis": "Mean multi-hazard score, then maximum score, then area", "source_indicator": "Higher Multi-Hazard Indicator", "source_class": 3, "mean_multihazard_score": 0.713779, "max_multihazard_score": 0.74848, "min_multihazard_score": 0.68791, "terrain_contribution_mean": 0.332641, "flood_contribution_mean": 0.381139, "area_m2": 7624.34, "area_hectares": 0.7624, "pixel_count": 9, "methodology": "Deterministic terrain and hydrology screening", "disclaimer": "Decision Support — Requires Official Verification & Geotechnical Assessment" }, "geometry": { "type": "MultiPolygon", "coordinates": [ [ [ [ 316830.34327025397215, 3386735.136633308138698 ], [ 316830.34327025397215, 3386706.030819301493466 ], [ 316801.237456247559749, 3386706.030819301493466 ], [ 316801.237456247559749, 3386735.136633308138698 ], [ 316830.34327025397215, 3386735.136633308138698 ] ] ], [ [ [ 316801.237456247559749, 3386735.136633308138698 ], [ 316655.708386215381324, 3386735.136633308138698 ], [ 316655.708386215381324, 3386764.242447314318269 ], [ 316801.237456247559749, 3386764.242447314318269 ], [ 316801.237456247559749, 3386735.136633308138698 ] ] ], [ [ [ 316568.390944196085911, 3386793.348261320963502 ], [ 316655.708386215381324, 3386793.348261320963502 ], [ 316655.708386215381324, 3386764.242447314318269 ], [ 316568.390944196085911, 3386764.242447314318269 ], [ 316568.390944196085911, 3386793.348261320963502 ] ] ] ] } },
{ "type": "Feature", "properties": { "zone_id": "RZ-046", "zone_label": "Candidate Hazard-Based Red Zone", "candidate_priority_rank": 46, "candidate_priority_basis": "Mean multi-hazard score, then maximum score, then area", "source_indicator": "Higher Multi-Hazard Indicator", "source_class": 3, "mean_multihazard_score": 0.713008, "max_multihazard_score": 0.763746, "min_multihazard_score": 0.660398, "terrain_contribution_mean": 0.351759, "flood_contribution_mean": 0.361248, "area_m2": 8471.48, "area_hectares": 0.8471, "pixel_count": 10, "methodology": "Deterministic terrain and hydrology screening", "disclaimer": "Decision Support — Requires Official Verification & Geotechnical Assessment" }, "geometry": { "type": "MultiPolygon", "coordinates": [ [ [ [ 333216.91655587439891, 3396485.584325462114066 ], [ 333187.810741867986508, 3396485.584325462114066 ], [ 333187.810741867986508, 3396572.901767481584102 ], [ 333216.91655587439891, 3396572.901767481584102 ], [ 333216.91655587439891, 3396485.584325462114066 ] ] ], [ [ [ 333158.704927861574106, 3396602.007581488229334 ], [ 333187.810741867986508, 3396602.007581488229334 ], [ 333187.810741867986508, 3396572.901767481584102 ], [ 333158.704927861574106, 3396572.901767481584102 ], [ 333158.704927861574106, 3396602.007581488229334 ] ] ], [ [ [ 333158.704927861574106, 3396602.007581488229334 ], [ 333129.599113855161704, 3396602.007581488229334 ], [ 333129.599113855161704, 3396747.536651520058513 ], [ 333158.704927861574106, 3396747.536651520058513 ], [ 333158.704927861574106, 3396602.007581488229334 ] ] ], [ [ [ 333100.493299848691095, 3396776.642465526703745 ], [ 333129.599113855161704, 3396776.642465526703745 ], [ 333129.599113855161704, 3396747.536651520058513 ], [ 333100.493299848691095, 3396747.536651520058513 ], [ 333100.493299848691095, 3396776.642465526703745 ] ] ] ] } },
{ "type": "Feature", "properties": { "zone_id": "RZ-047", "zone_label": "Candidate Hazard-Based Red Zone", "candidate_priority_rank": 47, "candidate_priority_basis": "Mean multi-hazard score, then maximum score, then area", "source_indicator": "Higher Multi-Hazard Indicator", "source_class": 3, "mean_multihazard_score": 0.712634, "max_multihazard_score": 0.758697, "min_multihazard_score": 0.664125, "terrain_contribution_mean": 0.321678, "flood_contribution_mean": 0.390956, "area_m2": 5082.89, "area_hectares": 0.5083, "pixel_count": 6, "methodology": "Deterministic terrain and hydrology screening", "disclaimer": "Decision Support — Requires Official Verification & Geotechnical Assessment" }, "geometry": { "type": "MultiPolygon", "coordinates": [ [ [ [ 322185.813047437230125, 3385687.327329076360911 ], [ 322156.707233430759516, 3385687.327329076360911 ], [ 322156.707233430759516, 3385716.433143083006144 ], [ 322185.813047437230125, 3385716.433143083006144 ], [ 322185.813047437230125, 3385687.327329076360911 ] ] ], [ [ [ 322098.495605417934712, 3385745.538957089185715 ], [ 322156.707233430759516, 3385745.538957089185715 ], [ 322156.707233430759516, 3385716.433143083006144 ], [ 322098.495605417934712, 3385716.433143083006144 ], [ 322098.495605417934712, 3385745.538957089185715 ] ] ], [ [ [ 322098.495605417934712, 3385745.538957089185715 ], [ 322069.389791411464103, 3385745.538957089185715 ], [ 322069.389791411464103, 3385774.644771095830947 ], [ 322098.495605417934712, 3385774.644771095830947 ], [ 322098.495605417934712, 3385745.538957089185715 ] ] ], [ [ [ 322040.283977405051701, 3385774.644771095830947 ], [ 322040.283977405051701, 3385803.75058510247618 ], [ 322069.389791411464103, 3385803.75058510247618 ], [ 322069.389791411464103, 3385774.644771095830947 ], [ 322040.283977405051701, 3385774.644771095830947 ] ] ], [ [ [ 322040.283977405051701, 3385832.856399108655751 ], [ 322040.283977405051701, 3385803.75058510247618 ], [ 322011.178163398639299, 3385803.75058510247618 ], [ 322011.178163398639299, 3385832.856399108655751 ], [ 322040.283977405051701, 3385832.856399108655751 ] ] ] ] } },
{ "type": "Feature", "properties": { "zone_id": "RZ-048", "zone_label": "Candidate Hazard-Based Red Zone", "candidate_priority_rank": 48, "candidate_priority_basis": "Mean multi-hazard score, then maximum score, then area", "source_indicator": "Higher Multi-Hazard Indicator", "source_class": 3, "mean_multihazard_score": 0.712471, "max_multihazard_score": 0.776811, "min_multihazard_score": 0.682094, "terrain_contribution_mean": 0.400786, "flood_contribution_mean": 0.311685, "area_m2": 6777.19, "area_hectares": 0.6777, "pixel_count": 8, "methodology": "Deterministic terrain and hydrology screening", "disclaimer": "Decision Support — Requires Official Verification & Geotechnical Assessment" }, "geometry": { "type": "Polygon", "coordinates": [ [ [ 319624.501414871308953, 3375849.562194902915508 ], [ 319624.501414871308953, 3375616.715682851616293 ], [ 319653.607228877721354, 3375616.715682851616293 ], [ 319653.607228877721354, 3375849.562194902915508 ], [ 319624.501414871308953, 3375849.562194902915508 ] ] ] } },
{ "type": "Feature", "properties": { "zone_id": "RZ-049", "zone_label": "Candidate Hazard-Based Red Zone", "candidate_priority_rank": 49, "candidate_priority_basis": "Mean multi-hazard score, then maximum score, then area", "source_indicator": "Higher Multi-Hazard Indicator", "source_class": 3, "mean_multihazard_score": 0.711827, "max_multihazard_score": 0.791493, "min_multihazard_score": 0.651068, "terrain_contribution_mean": 0.41996, "flood_contribution_mean": 0.291867, "area_m2": 17790.12, "area_hectares": 1.779, "pixel_count": 21, "methodology": "Deterministic terrain and hydrology screening", "disclaimer": "Decision Support — Requires Official Verification & Geotechnical Assessment" }, "geometry": { "type": "MultiPolygon", "coordinates": [ [ [ [ 342239.718897867947817, 3405857.656435532961041 ], [ 342268.824711874360219, 3405857.656435532961041 ], [ 342268.824711874360219, 3405828.550621526315808 ], [ 342239.718897867947817, 3405828.550621526315808 ], [ 342239.718897867947817, 3405857.656435532961041 ] ] ], [ [ [ 342297.93052588077262, 3405857.656435532961041 ], [ 342268.824711874360219, 3405857.656435532961041 ], [ 342268.824711874360219, 3405886.762249539606273 ], [ 342297.93052588077262, 3405886.762249539606273 ], [ 342297.93052588077262, 3405857.656435532961041 ] ] ], [ [ [ 342297.93052588077262, 3405915.868063545785844 ], [ 342327.03633988724323, 3405915.868063545785844 ], [ 342327.03633988724323, 3405886.762249539606273 ], [ 342297.93052588077262, 3405886.762249539606273 ], [ 342297.93052588077262, 3405915.868063545785844 ] ] ], [ [ [ 342356.142153893655632, 3405944.973877552431077 ], [ 342356.142153893655632, 3405915.868063545785844 ], [ 342327.03633988724323, 3405915.868063545785844 ], [ 342327.03633988724323, 3405944.973877552431077 ], [ 342356.142153893655632, 3405944.973877552431077 ] ] ], [ [ [ 342356.142153893655632, 3405944.973877552431077 ], [ 342356.142153893655632, 3405974.079691558610648 ], [ 342385.247967900068033, 3405974.079691558610648 ], [ 342385.247967900068033, 3405944.973877552431077 ], [ 342356.142153893655632, 3405944.973877552431077 ] ] ], [ [ [ 342385.247967900068033, 3406003.18550556525588 ], [ 342414.353781906538643, 3406003.18550556525588 ], [ 342414.353781906538643, 3405974.079691558610648 ], [ 342385.247967900068033, 3405974.079691558610648 ], [ 342385.247967900068033, 3406003.18550556525588 ] ] ], [ [ [ 342443.459595912951045, 3406032.291319571435452 ], [ 342443.459595912951045, 3406003.18550556525588 ], [ 342414.353781906538643, 3406003.18550556525588 ], [ 342414.353781906538643, 3406032.291319571435452 ], [ 342443.459595912951045, 3406032.291319571435452 ] ] ], [ [ [ 342443.459595912951045, 3406032.291319571435452 ], [ 342443.459595912951045, 3406061.397133578080684 ], [ 342472.565409919363447, 3406061.397133578080684 ], [ 342472.565409919363447, 3406032.291319571435452 ], [ 342443.459595912951045, 3406032.291319571435452 ] ] ], [ [ [ 342530.777037932246458, 3406061.397133578080684 ], [ 342472.565409919363447, 3406061.397133578080684 ], [ 342472.565409919363447, 3406090.502947584260255 ], [ 342501.671223925775848, 3406090.502947584260255 ], [ 342501.671223925775848, 3406119.608761590905488 ], [ 342530.777037932246458, 3406119.608761590905488 ], [ 342530.777037932246458, 3406206.926203609909862 ], [ 342559.88285193865886, 3406206.926203609909862 ], [ 342559.88285193865886, 3406090.502947584260255 ], [ 342530.777037932246458, 3406090.502947584260255 ], [ 342530.777037932246458, 3406061.397133578080684 ] ] ], [ [ [ 342588.988665945129469, 3406206.926203609909862 ], [ 342618.094479951541871, 3406206.926203609909862 ], [ 342618.094479951541871, 3406177.820389603730291 ], [ 342588.988665945129469, 3406177.820389603730291 ], [ 342588.988665945129469, 3406206.926203609909862 ] ] ], [ [ [ 342588.988665945129469, 3406206.926203609909862 ], [ 342559.88285193865886, 3406206.926203609909862 ], [ 342559.88285193865886, 3406352.455273642204702 ], [ 342588.988665945129469, 3406352.455273642204702 ], [ 342588.988665945129469, 3406206.926203609909862 ] ] ] ] } },
{ "type": "Feature", "properties": { "zone_id": "RZ-050", "zone_label": "Candidate Hazard-Based Red Zone", "candidate_priority_rank": 50, "candidate_priority_basis": "Mean multi-hazard score, then maximum score, then area", "source_indicator": "Higher Multi-Hazard Indicator", "source_class": 3, "mean_multihazard_score": 0.711584, "max_multihazard_score": 0.768689, "min_multihazard_score": 0.655217, "terrain_contribution_mean": 0.418259, "flood_contribution_mean": 0.293325, "area_m2": 5930.04, "area_hectares": 0.593, "pixel_count": 7, "methodology": "Deterministic terrain and hydrology screening", "disclaimer": "Decision Support — Requires Official Verification & Geotechnical Assessment" }, "geometry": { "type": "MultiPolygon", "coordinates": [ [ [ [ 312522.682797302200925, 3396543.795953474938869 ], [ 312522.682797302200925, 3396514.690139468759298 ], [ 312493.576983295788523, 3396514.690139468759298 ], [ 312493.576983295788523, 3396543.795953474938869 ], [ 312522.682797302200925, 3396543.795953474938869 ] ] ], [ [ [ 312464.471169289376121, 3396543.795953474938869 ], [ 312464.471169289376121, 3396718.430837513878942 ], [ 312493.576983295788523, 3396718.430837513878942 ], [ 312493.576983295788523, 3396543.795953474938869 ], [ 312464.471169289376121, 3396543.795953474938869 ] ] ] ] } },
{ "type": "Feature", "properties": { "zone_id": "RZ-051", "zone_label": "Candidate Hazard-Based Red Zone", "candidate_priority_rank": 51, "candidate_priority_basis": "Mean multi-hazard score, then maximum score, then area", "source_indicator": "Higher Multi-Hazard Indicator", "source_class": 3, "mean_multihazard_score": 0.711007, "max_multihazard_score": 0.758943, "min_multihazard_score": 0.656252, "terrain_contribution_mean": 0.437097, "flood_contribution_mean": 0.27391, "area_m2": 7624.34, "area_hectares": 0.7624, "pixel_count": 9, "methodology": "Deterministic terrain and hydrology screening", "disclaimer": "Decision Support — Requires Official Verification & Geotechnical Assessment" }, "geometry": { "type": "MultiPolygon", "coordinates": [ [ [ [ 325329.240960131748579, 3381437.878484137821943 ], [ 325329.240960131748579, 3381466.984298144001514 ], [ 325387.452588144573383, 3381466.984298144001514 ], [ 325387.452588144573383, 3381437.878484137821943 ], [ 325329.240960131748579, 3381437.878484137821943 ] ] ], [ [ [ 325416.558402150985785, 3381496.090112150646746 ], [ 325416.558402150985785, 3381466.984298144001514 ], [ 325387.452588144573383, 3381466.984298144001514 ], [ 325387.452588144573383, 3381496.090112150646746 ], [ 325416.558402150985785, 3381496.090112150646746 ] ] ], [ [ [ 325416.558402150985785, 3381496.090112150646746 ], [ 325416.558402150985785, 3381525.195926156826317 ], [ 325445.664216157456394, 3381525.195926156826317 ], [ 325445.664216157456394, 3381496.090112150646746 ], [ 325416.558402150985785, 3381496.090112150646746 ] ] ], [ [ [ 325591.193286189576611, 3381554.30174016347155 ], [ 325591.193286189576611, 3381525.195926156826317 ], [ 325445.664216157456394, 3381525.195926156826317 ], [ 325445.664216157456394, 3381554.30174016347155 ], [ 325591.193286189576611, 3381554.30174016347155 ] ] ] ] } },
{ "type": "Feature", "properties": { "zone_id": "RZ-052", "zone_label": "Candidate Hazard-Based Red Zone", "candidate_priority_rank": 52, "candidate_priority_basis": "Mean multi-hazard score, then maximum score, then area", "source_indicator": "Higher Multi-Hazard Indicator", "source_class": 3, "mean_multihazard_score": 0.71088, "max_multihazard_score": 0.76011, "min_multihazard_score": 0.655448, "terrain_contribution_mean": 0.298872, "flood_contribution_mean": 0.412007, "area_m2": 11012.93, "area_hectares": 1.1013, "pixel_count": 13, "methodology": "Deterministic terrain and hydrology screening", "disclaimer": "Decision Support — Requires Official Verification & Geotechnical Assessment" }, "geometry": { "type": "MultiPolygon", "coordinates": [ [ [ [ 335545.381676388904452, 3396922.171535558532923 ], [ 335545.381676388904452, 3396689.325023507233709 ], [ 335516.275862382433843, 3396689.325023507233709 ], [ 335516.275862382433843, 3396922.171535558532923 ], [ 335545.381676388904452, 3396922.171535558532923 ] ] ], [ [ [ 335516.275862382433843, 3396922.171535558532923 ], [ 335487.170048376021441, 3396922.171535558532923 ], [ 335487.170048376021441, 3396951.277349565178156 ], [ 335516.275862382433843, 3396951.277349565178156 ], [ 335516.275862382433843, 3396922.171535558532923 ] ] ], [ [ [ 335458.064234369609039, 3397067.700605590827763 ], [ 335487.170048376021441, 3397067.700605590827763 ], [ 335487.170048376021441, 3396951.277349565178156 ], [ 335458.064234369609039, 3396951.277349565178156 ], [ 335458.064234369609039, 3397067.700605590827763 ] ] ] ] } },
{ "type": "Feature", "properties": { "zone_id": "RZ-053", "zone_label": "Candidate Hazard-Based Red Zone", "candidate_priority_rank": 53, "candidate_priority_basis": "Mean multi-hazard score, then maximum score, then area", "source_indicator": "Higher Multi-Hazard Indicator", "source_class": 3, "mean_multihazard_score": 0.710659, "max_multihazard_score": 0.799615, "min_multihazard_score": 0.666862, "terrain_contribution_mean": 0.384184, "flood_contribution_mean": 0.326475, "area_m2": 6777.19, "area_hectares": 0.6777, "pixel_count": 8, "methodology": "Deterministic terrain and hydrology screening", "disclaimer": "Decision Support — Requires Official Verification & Geotechnical Assessment" }, "geometry": { "type": "MultiPolygon", "coordinates": [ [ [ [ 340435.158429469214752, 3408564.497138130944222 ], [ 340406.052615462802351, 3408564.497138130944222 ], [ 340406.052615462802351, 3408710.026208163239062 ], [ 340435.158429469214752, 3408710.026208163239062 ], [ 340435.158429469214752, 3408564.497138130944222 ] ] ], [ [ [ 340376.946801456389949, 3408739.132022169418633 ], [ 340406.052615462802351, 3408739.132022169418633 ], [ 340406.052615462802351, 3408710.026208163239062 ], [ 340376.946801456389949, 3408710.026208163239062 ], [ 340376.946801456389949, 3408739.132022169418633 ] ] ], [ [ [ 340376.946801456389949, 3408739.132022169418633 ], [ 340347.840987449919339, 3408739.132022169418633 ], [ 340347.840987449919339, 3408768.237836176063865 ], [ 340376.946801456389949, 3408768.237836176063865 ], [ 340376.946801456389949, 3408739.132022169418633 ] ] ], [ [ [ 340318.735173443506937, 3408797.343650182243437 ], [ 340347.840987449919339, 3408797.343650182243437 ], [ 340347.840987449919339, 3408768.237836176063865 ], [ 340318.735173443506937, 3408768.237836176063865 ], [ 340318.735173443506937, 3408797.343650182243437 ] ] ] ] } },
{ "type": "Feature", "properties": { "zone_id": "RZ-054", "zone_label": "Candidate Hazard-Based Red Zone", "candidate_priority_rank": 54, "candidate_priority_basis": "Mean multi-hazard score, then maximum score, then area", "source_indicator": "Higher Multi-Hazard Indicator", "source_class": 3, "mean_multihazard_score": 0.710577, "max_multihazard_score": 0.773791, "min_multihazard_score": 0.655056, "terrain_contribution_mean": 0.336093, "flood_contribution_mean": 0.374484, "area_m2": 5930.04, "area_hectares": 0.593, "pixel_count": 7, "methodology": "Deterministic terrain and hydrology screening", "disclaimer": "Decision Support — Requires Official Verification & Geotechnical Assessment" }, "geometry": { "type": "Polygon", "coordinates": [ [ [ 296630.908349791076034, 3401520.890148574952036 ], [ 296630.908349791076034, 3401491.784334568306804 ], [ 296834.649047836079262, 3401491.784334568306804 ], [ 296834.649047836079262, 3401520.890148574952036 ], [ 296630.908349791076034, 3401520.890148574952036 ] ] ] } },
{ "type": "Feature", "properties": { "zone_id": "RZ-055", "zone_label": "Candidate Hazard-Based Red Zone", "candidate_priority_rank": 55, "candidate_priority_basis": "Mean multi-hazard score, then maximum score, then area", "source_indicator": "Higher Multi-Hazard Indicator", "source_class": 3, "mean_multihazard_score": 0.709371, "max_multihazard_score": 0.74756, "min_multihazard_score": 0.661003, "terrain_contribution_mean": 0.363414, "flood_contribution_mean": 0.345956, "area_m2": 5082.89, "area_hectares": 0.5083, "pixel_count": 6, "methodology": "Deterministic terrain and hydrology screening", "disclaimer": "Decision Support — Requires Official Verification & Geotechnical Assessment" }, "geometry": { "type": "Polygon", "coordinates": [ [ [ 330684.710737314948346, 3396485.584325462114066 ], [ 330684.710737314948346, 3396310.949441423639655 ], [ 330713.816551321418956, 3396310.949441423639655 ], [ 330713.816551321418956, 3396485.584325462114066 ], [ 330684.710737314948346, 3396485.584325462114066 ] ] ] } },
{ "type": "Feature", "properties": { "zone_id": "RZ-056", "zone_label": "Candidate Hazard-Based Red Zone", "candidate_priority_rank": 56, "candidate_priority_basis": "Mean multi-hazard score, then maximum score, then area", "source_indicator": "Higher Multi-Hazard Indicator", "source_class": 3, "mean_multihazard_score": 0.709285, "max_multihazard_score": 0.74458, "min_multihazard_score": 0.663355, "terrain_contribution_mean": 0.412782, "flood_contribution_mean": 0.296503, "area_m2": 12707.23, "area_hectares": 1.2707, "pixel_count": 15, "methodology": "Deterministic terrain and hydrology screening", "disclaimer": "Decision Support — Requires Official Verification & Geotechnical Assessment" }, "geometry": { "type": "Polygon", "coordinates": [ [ [ 333420.657253919460345, 3398784.943631970323622 ], [ 333420.657253919460345, 3398348.356421873904765 ], [ 333449.763067925872747, 3398348.356421873904765 ], [ 333449.763067925872747, 3398784.943631970323622 ], [ 333420.657253919460345, 3398784.943631970323622 ] ] ] } },
{ "type": "Feature", "properties": { "zone_id": "RZ-057", "zone_label": "Candidate Hazard-Based Red Zone", "candidate_priority_rank": 57, "candidate_priority_basis": "Mean multi-hazard score, then maximum score, then area", "source_indicator": "Higher Multi-Hazard Indicator", "source_class": 3, "mean_multihazard_score": 0.709003, "max_multihazard_score": 0.737346, "min_multihazard_score": 0.669603, "terrain_contribution_mean": 0.349701, "flood_contribution_mean": 0.359303, "area_m2": 7624.34, "area_hectares": 0.7624, "pixel_count": 9, "methodology": "Deterministic terrain and hydrology screening", "disclaimer": "Decision Support — Requires Official Verification & Geotechnical Assessment" }, "geometry": { "type": "Polygon", "coordinates": [ [ [ 313745.126985572336707, 3407429.37039188016206 ], [ 313745.126985572336707, 3407167.418065822217613 ], [ 313774.232799578749109, 3407167.418065822217613 ], [ 313774.232799578749109, 3407429.37039188016206 ], [ 313745.126985572336707, 3407429.37039188016206 ] ] ] } },
{ "type": "Feature", "properties": { "zone_id": "RZ-058", "zone_label": "Candidate Hazard-Based Red Zone", "candidate_priority_rank": 58, "candidate_priority_basis": "Mean multi-hazard score, then maximum score, then area", "source_indicator": "Higher Multi-Hazard Indicator", "source_class": 3, "mean_multihazard_score": 0.708379, "max_multihazard_score": 0.738366, "min_multihazard_score": 0.667504, "terrain_contribution_mean": 0.39344, "flood_contribution_mean": 0.314939, "area_m2": 8471.48, "area_hectares": 0.8471, "pixel_count": 10, "methodology": "Deterministic terrain and hydrology screening", "disclaimer": "Decision Support — Requires Official Verification & Geotechnical Assessment" }, "geometry": { "type": "MultiPolygon", "coordinates": [ [ [ [ 333886.350278022349812, 3398697.626189950853586 ], [ 333886.350278022349812, 3398784.943631970323622 ], [ 333915.456092028762214, 3398784.943631970323622 ], [ 333915.456092028762214, 3398697.626189950853586 ], [ 333886.350278022349812, 3398697.626189950853586 ] ] ], [ [ [ 333944.561906035174616, 3398843.155259983148426 ], [ 333944.561906035174616, 3398784.943631970323622 ], [ 333915.456092028762214, 3398784.943631970323622 ], [ 333915.456092028762214, 3398843.155259983148426 ], [ 333944.561906035174616, 3398843.155259983148426 ] ] ], [ [ [ 333944.561906035174616, 3398843.155259983148426 ], [ 333944.561906035174616, 3398901.366887995973229 ], [ 333973.667720041645225, 3398901.366887995973229 ], [ 333973.667720041645225, 3398843.155259983148426 ], [ 333944.561906035174616, 3398843.155259983148426 ] ] ], [ [ [ 334002.773534048057627, 3398988.684330015443265 ], [ 334002.773534048057627, 3398901.366887995973229 ], [ 333973.667720041645225, 3398901.366887995973229 ], [ 333973.667720041645225, 3398988.684330015443265 ], [ 334002.773534048057627, 3398988.684330015443265 ] ] ] ] } },
{ "type": "Feature", "properties": { "zone_id": "RZ-059", "zone_label": "Candidate Hazard-Based Red Zone", "candidate_priority_rank": 59, "candidate_priority_basis": "Mean multi-hazard score, then maximum score, then area", "source_indicator": "Higher Multi-Hazard Indicator", "source_class": 3, "mean_multihazard_score": 0.708313, "max_multihazard_score": 0.763973, "min_multihazard_score": 0.651106, "terrain_contribution_mean": 0.370758, "flood_contribution_mean": 0.337556, "area_m2": 15248.67, "area_hectares": 1.5249, "pixel_count": 18, "methodology": "Deterministic terrain and hydrology screening", "disclaimer": "Decision Support — Requires Official Verification & Geotechnical Assessment" }, "geometry": { "type": "MultiPolygon", "coordinates": [ [ [ [ 333624.397951964463573, 3365313.2575245751068 ], [ 333624.397951964463573, 3365487.89240861358121 ], [ 333653.503765970875975, 3365487.89240861358121 ], [ 333653.503765970875975, 3365313.2575245751068 ], [ 333624.397951964463573, 3365313.2575245751068 ] ] ], [ [ [ 333653.503765970875975, 3365516.998222620226443 ], [ 333682.609579977346584, 3365516.998222620226443 ], [ 333682.609579977346584, 3365487.89240861358121 ], [ 333653.503765970875975, 3365487.89240861358121 ], [ 333653.503765970875975, 3365516.998222620226443 ] ] ], [ [ [ 333711.715393983758986, 3365516.998222620226443 ], [ 333682.609579977346584, 3365516.998222620226443 ], [ 333682.609579977346584, 3365546.104036626406014 ], [ 333711.715393983758986, 3365546.104036626406014 ], [ 333711.715393983758986, 3365516.998222620226443 ] ] ], [ [ [ 333682.609579977346584, 3365546.104036626406014 ], [ 333595.292137957992963, 3365546.104036626406014 ], [ 333595.292137957992963, 3365575.209850633051246 ], [ 333653.503765970875975, 3365575.209850633051246 ], [ 333653.503765970875975, 3365604.315664639230818 ], [ 333682.609579977346584, 3365604.315664639230818 ], [ 333682.609579977346584, 3365546.104036626406014 ] ] ], [ [ [ 333507.974695938755758, 3365604.315664639230818 ], [ 333507.974695938755758, 3365633.42147864587605 ], [ 333653.503765970875975, 3365633.42147864587605 ], [ 333653.503765970875975, 3365604.315664639230818 ], [ 333507.974695938755758, 3365604.315664639230818 ] ] ], [ [ [ 333507.974695938755758, 3365662.527292652055621 ], [ 333507.974695938755758, 3365633.42147864587605 ], [ 333478.868881932285149, 3365633.42147864587605 ], [ 333478.868881932285149, 3365662.527292652055621 ], [ 333507.974695938755758, 3365662.527292652055621 ] ] ] ] } },
{ "type": "Feature", "properties": { "zone_id": "RZ-060", "zone_label": "Candidate Hazard-Based Red Zone", "candidate_priority_rank": 60, "candidate_priority_basis": "Mean multi-hazard score, then maximum score, then area", "source_indicator": "Higher Multi-Hazard Indicator", "source_class": 3, "mean_multihazard_score": 0.708232, "max_multihazard_score": 0.749875, "min_multihazard_score": 0.654498, "terrain_contribution_mean": 0.275134, "flood_contribution_mean": 0.433098, "area_m2": 25414.45, "area_hectares": 2.5414, "pixel_count": 30, "methodology": "Deterministic terrain and hydrology screening", "disclaimer": "Decision Support — Requires Official Verification & Geotechnical Assessment" }, "geometry": { "type": "MultiPolygon", "coordinates": [ [ [ [ 309815.842094704159535, 3397824.451769758015871 ], [ 309786.736280697747134, 3397824.451769758015871 ], [ 309786.736280697747134, 3398290.144793861079961 ], [ 309815.842094704159535, 3398290.144793861079961 ], [ 309815.842094704159535, 3397824.451769758015871 ] ] ], [ [ [ 309757.630466691334732, 3398348.356421873904765 ], [ 309786.736280697747134, 3398348.356421873904765 ], [ 309786.736280697747134, 3398290.144793861079961 ], [ 309757.630466691334732, 3398290.144793861079961 ], [ 309757.630466691334732, 3398348.356421873904765 ] ] ], [ [ [ 309757.630466691334732, 3398348.356421873904765 ], [ 309728.524652684864122, 3398348.356421873904765 ], [ 309728.524652684864122, 3398668.520375944674015 ], [ 309757.630466691334732, 3398668.520375944674015 ], [ 309757.630466691334732, 3398348.356421873904765 ] ] ], [ [ [ 309699.418838678451721, 3398697.626189950853586 ], [ 309728.524652684864122, 3398697.626189950853586 ], [ 309728.524652684864122, 3398668.520375944674015 ], [ 309699.418838678451721, 3398668.520375944674015 ], [ 309699.418838678451721, 3398697.626189950853586 ] ] ] ] } },
{ "type": "Feature", "properties": { "zone_id": "RZ-061", "zone_label": "Candidate Hazard-Based Red Zone", "candidate_priority_rank": 61, "candidate_priority_basis": "Mean multi-hazard score, then maximum score, then area", "source_indicator": "Higher Multi-Hazard Indicator", "source_class": 3, "mean_multihazard_score": 0.70819, "max_multihazard_score": 0.77489, "min_multihazard_score": 0.651121, "terrain_contribution_mean": 0.350839, "flood_contribution_mean": 0.357351, "area_m2": 10165.78, "area_hectares": 1.0166, "pixel_count": 12, "methodology": "Deterministic terrain and hydrology screening", "disclaimer": "Decision Support — Requires Official Verification & Geotechnical Assessment" }, "geometry": { "type": "MultiPolygon", "coordinates": [ [ [ [ 330044.382829173468053, 3380157.222667854744941 ], [ 330044.382829173468053, 3380128.116853848099709 ], [ 330015.277015167055652, 3380128.116853848099709 ], [ 330015.277015167055652, 3380157.222667854744941 ], [ 330044.382829173468053, 3380157.222667854744941 ] ] ], [ [ [ 330015.277015167055652, 3380157.222667854744941 ], [ 329927.959573147760238, 3380157.222667854744941 ], [ 329927.959573147760238, 3380186.328481860924512 ], [ 330015.277015167055652, 3380186.328481860924512 ], [ 330015.277015167055652, 3380157.222667854744941 ] ] ], [ [ [ 329898.853759141347837, 3380419.174993912689388 ], [ 329927.959573147760238, 3380419.174993912689388 ], [ 329927.959573147760238, 3380186.328481860924512 ], [ 329898.853759141347837, 3380186.328481860924512 ], [ 329898.853759141347837, 3380419.174993912689388 ] ] ] ] } },
{ "type": "Feature", "properties": { "zone_id": "RZ-062", "zone_label": "Candidate Hazard-Based Red Zone", "candidate_priority_rank": 62, "candidate_priority_basis": "Mean multi-hazard score, then maximum score, then area", "source_indicator": "Higher Multi-Hazard Indicator", "source_class": 3, "mean_multihazard_score": 0.707768, "max_multihazard_score": 0.718116, "min_multihazard_score": 0.681547, "terrain_contribution_mean": 0.49176, "flood_contribution_mean": 0.216009, "area_m2": 5930.04, "area_hectares": 0.593, "pixel_count": 7, "methodology": "Deterministic terrain and hydrology screening", "disclaimer": "Decision Support — Requires Official Verification & Geotechnical Assessment" }, "geometry": { "type": "MultiPolygon", "coordinates": [ [ [ [ 328239.822360774793196, 3408360.756440085824579 ], [ 328210.716546768322587, 3408360.756440085824579 ], [ 328210.716546768322587, 3408389.862254092469811 ], [ 328239.822360774793196, 3408389.862254092469811 ], [ 328239.822360774793196, 3408360.756440085824579 ] ] ], [ [ [ 328181.610732761910185, 3408389.862254092469811 ], [ 328181.610732761910185, 3408418.968068098649383 ], [ 328210.716546768322587, 3408418.968068098649383 ], [ 328210.716546768322587, 3408389.862254092469811 ], [ 328181.610732761910185, 3408389.862254092469811 ] ] ], [ [ [ 328181.610732761910185, 3408448.073882105294615 ], [ 328181.610732761910185, 3408418.968068098649383 ], [ 328152.504918755497783, 3408418.968068098649383 ], [ 328152.504918755497783, 3408448.073882105294615 ], [ 328181.610732761910185, 3408448.073882105294615 ] ] ], [ [ [ 328123.399104749085382, 3408448.073882105294615 ], [ 328123.399104749085382, 3408477.179696111939847 ], [ 328152.504918755497783, 3408477.179696111939847 ], [ 328152.504918755497783, 3408448.073882105294615 ], [ 328123.399104749085382, 3408448.073882105294615 ] ] ], [ [ [ 328123.399104749085382, 3408506.285510118119419 ], [ 328123.399104749085382, 3408477.179696111939847 ], [ 328094.293290742614772, 3408477.179696111939847 ], [ 328094.293290742614772, 3408506.285510118119419 ], [ 328123.399104749085382, 3408506.285510118119419 ] ] ], [ [ [ 328065.18747673620237, 3408506.285510118119419 ], [ 328065.18747673620237, 3408535.391324124764651 ], [ 328094.293290742614772, 3408535.391324124764651 ], [ 328094.293290742614772, 3408506.285510118119419 ], [ 328065.18747673620237, 3408506.285510118119419 ] ] ], [ [ [ 328065.18747673620237, 3408564.497138130944222 ], [ 328065.18747673620237, 3408535.391324124764651 ], [ 328036.081662729789969, 3408535.391324124764651 ], [ 328036.081662729789969, 3408564.497138130944222 ], [ 328065.18747673620237, 3408564.497138130944222 ] ] ] ] } },
{ "type": "Feature", "properties": { "zone_id": "RZ-063", "zone_label": "Candidate Hazard-Based Red Zone", "candidate_priority_rank": 63, "candidate_priority_basis": "Mean multi-hazard score, then maximum score, then area", "source_indicator": "Higher Multi-Hazard Indicator", "source_class": 3, "mean_multihazard_score": 0.706227, "max_multihazard_score": 0.744324, "min_multihazard_score": 0.653028, "terrain_contribution_mean": 0.409933, "flood_contribution_mean": 0.296294, "area_m2": 9318.63, "area_hectares": 0.9319, "pixel_count": 11, "methodology": "Deterministic terrain and hydrology screening", "disclaimer": "Decision Support — Requires Official Verification & Geotechnical Assessment" }, "geometry": { "type": "MultiPolygon", "coordinates": [ [ [ [ 293400.162995077262167, 3407895.06341598322615 ], [ 293283.739739051554352, 3407895.06341598322615 ], [ 293283.739739051554352, 3407924.169229989405721 ], [ 293400.162995077262167, 3407924.169229989405721 ], [ 293400.162995077262167, 3407895.06341598322615 ] ] ], [ [ [ 293400.162995077262167, 3407953.275043996050954 ], [ 293603.903693122265395, 3407953.275043996050954 ], [ 293603.903693122265395, 3407924.169229989405721 ], [ 293400.162995077262167, 3407924.169229989405721 ], [ 293400.162995077262167, 3407953.275043996050954 ] ] ] ] } },
{ "type": "Feature", "properties": { "zone_id": "RZ-064", "zone_label": "Candidate Hazard-Based Red Zone", "candidate_priority_rank": 64, "candidate_priority_basis": "Mean multi-hazard score, then maximum score, then area", "source_indicator": "Higher Multi-Hazard Indicator", "source_class": 3, "mean_multihazard_score": 0.706143, "max_multihazard_score": 0.751243, "min_multihazard_score": 0.668698, "terrain_contribution_mean": 0.416404, "flood_contribution_mean": 0.289739, "area_m2": 5082.89, "area_hectares": 0.5083, "pixel_count": 6, "methodology": "Deterministic terrain and hydrology screening", "disclaimer": "Decision Support — Requires Official Verification & Geotechnical Assessment" }, "geometry": { "type": "MultiPolygon", "coordinates": [ [ [ [ 331557.885157507902477, 3400443.975030336994678 ], [ 331616.096785520727281, 3400443.975030336994678 ], [ 331616.096785520727281, 3400414.869216330349445 ], [ 331499.673529495019466, 3400414.869216330349445 ], [ 331499.673529495019466, 3400443.975030336994678 ], [ 331528.779343501431867, 3400443.975030336994678 ], [ 331528.779343501431867, 3400473.080844343174249 ], [ 331557.885157507902477, 3400473.080844343174249 ], [ 331557.885157507902477, 3400443.975030336994678 ] ] ], [ [ [ 331557.885157507902477, 3400502.186658349819481 ], [ 331586.990971514314879, 3400502.186658349819481 ], [ 331586.990971514314879, 3400473.080844343174249 ], [ 331557.885157507902477, 3400473.080844343174249 ], [ 331557.885157507902477, 3400502.186658349819481 ] ] ] ] } },
{ "type": "Feature", "properties": { "zone_id": "RZ-065", "zone_label": "Candidate Hazard-Based Red Zone", "candidate_priority_rank": 65, "candidate_priority_basis": "Mean multi-hazard score, then maximum score, then area", "source_indicator": "Higher Multi-Hazard Indicator", "source_class": 3, "mean_multihazard_score": 0.705667, "max_multihazard_score": 0.729428, "min_multihazard_score": 0.672524, "terrain_contribution_mean": 0.358106, "flood_contribution_mean": 0.347561, "area_m2": 9318.63, "area_hectares": 0.9319, "pixel_count": 11, "methodology": "Deterministic terrain and hydrology screening", "disclaimer": "Decision Support — Requires Official Verification & Geotechnical Assessment" }, "geometry": { "type": "MultiPolygon", "coordinates": [ [ [ [ 325503.875844170281198, 3380360.963365899864584 ], [ 325474.770030163868796, 3380360.963365899864584 ], [ 325474.770030163868796, 3380535.598249938338995 ], [ 325503.875844170281198, 3380535.598249938338995 ], [ 325503.875844170281198, 3380360.963365899864584 ] ] ], [ [ [ 325503.875844170281198, 3380681.127319970633835 ], [ 325532.981658176751807, 3380681.127319970633835 ], [ 325532.981658176751807, 3380535.598249938338995 ], [ 325503.875844170281198, 3380535.598249938338995 ], [ 325503.875844170281198, 3380681.127319970633835 ] ] ] ] } },
{ "type": "Feature", "properties": { "zone_id": "RZ-066", "zone_label": "Candidate Hazard-Based Red Zone", "candidate_priority_rank": 66, "candidate_priority_basis": "Mean multi-hazard score, then maximum score, then area", "source_indicator": "Higher Multi-Hazard Indicator", "source_class": 3, "mean_multihazard_score": 0.705515, "max_multihazard_score": 0.744193, "min_multihazard_score": 0.65578, "terrain_contribution_mean": 0.290857, "flood_contribution_mean": 0.414658, "area_m2": 5082.89, "area_hectares": 0.5083, "pixel_count": 6, "methodology": "Deterministic terrain and hydrology screening", "disclaimer": "Decision Support — Requires Official Verification & Geotechnical Assessment" }, "geometry": { "type": "MultiPolygon", "coordinates": [ [ [ [ 300123.606030562776141, 3403150.815732934977859 ], [ 300123.606030562776141, 3403121.709918928332627 ], [ 300094.500216556305531, 3403121.709918928332627 ], [ 300094.500216556305531, 3403150.815732934977859 ], [ 300123.606030562776141, 3403150.815732934977859 ] ] ], [ [ [ 300094.500216556305531, 3403150.815732934977859 ], [ 300065.39440254989313, 3403150.815732934977859 ], [ 300065.39440254989313, 3403238.133174953982234 ], [ 300094.500216556305531, 3403238.133174953982234 ], [ 300094.500216556305531, 3403150.815732934977859 ] ] ], [ [ [ 300036.288588543480728, 3403296.344802967272699 ], [ 300065.39440254989313, 3403296.344802967272699 ], [ 300065.39440254989313, 3403238.133174953982234 ], [ 300036.288588543480728, 3403238.133174953982234 ], [ 300036.288588543480728, 3403296.344802967272699 ] ] ] ] } },
{ "type": "Feature", "properties": { "zone_id": "RZ-067", "zone_label": "Candidate Hazard-Based Red Zone", "candidate_priority_rank": 67, "candidate_priority_basis": "Mean multi-hazard score, then maximum score, then area", "source_indicator": "Higher Multi-Hazard Indicator", "source_class": 3, "mean_multihazard_score": 0.704988, "max_multihazard_score": 0.783222, "min_multihazard_score": 0.656112, "terrain_contribution_mean": 0.273099, "flood_contribution_mean": 0.431889, "area_m2": 10165.78, "area_hectares": 1.0166, "pixel_count": 12, "methodology": "Deterministic terrain and hydrology screening", "disclaimer": "Decision Support — Requires Official Verification & Geotechnical Assessment" }, "geometry": { "type": "Polygon", "coordinates": [ [ [ 297096.601373893965501, 3403791.14364107651636 ], [ 297096.601373893965501, 3403762.037827069871128 ], [ 297445.871141971147154, 3403762.037827069871128 ], [ 297445.871141971147154, 3403791.14364107651636 ], [ 297096.601373893965501, 3403791.14364107651636 ] ] ] } },
{ "type": "Feature", "properties": { "zone_id": "RZ-068", "zone_label": "Candidate Hazard-Based Red Zone", "candidate_priority_rank": 68, "candidate_priority_basis": "Mean multi-hazard score, then maximum score, then area", "source_indicator": "Higher Multi-Hazard Indicator", "source_class": 3, "mean_multihazard_score": 0.704547, "max_multihazard_score": 0.745974, "min_multihazard_score": 0.677948, "terrain_contribution_mean": 0.361757, "flood_contribution_mean": 0.34279, "area_m2": 5082.89, "area_hectares": 0.5083, "pixel_count": 6, "methodology": "Deterministic terrain and hydrology screening", "disclaimer": "Decision Support — Requires Official Verification & Geotechnical Assessment" }, "geometry": { "type": "MultiPolygon", "coordinates": [ [ [ [ 320614.099091089970898, 3390489.786640137434006 ], [ 320614.099091089970898, 3390518.892454144079238 ], [ 320643.2049050963833, 3390518.892454144079238 ], [ 320643.2049050963833, 3390489.786640137434006 ], [ 320614.099091089970898, 3390489.786640137434006 ] ] ], [ [ [ 320643.2049050963833, 3390547.998268150258809 ], [ 320672.310719102795701, 3390547.998268150258809 ], [ 320672.310719102795701, 3390518.892454144079238 ], [ 320643.2049050963833, 3390518.892454144079238 ], [ 320643.2049050963833, 3390547.998268150258809 ] ] ], [ [ [ 320701.416533109266311, 3390547.998268150258809 ], [ 320672.310719102795701, 3390547.998268150258809 ], [ 320672.310719102795701, 3390577.104082156904042 ], [ 320701.416533109266311, 3390577.104082156904042 ], [ 320701.416533109266311, 3390547.998268150258809 ] ] ], [ [ [ 320701.416533109266311, 3390577.104082156904042 ], [ 320701.416533109266311, 3390606.209896163083613 ], [ 320730.522347115678713, 3390606.209896163083613 ], [ 320730.522347115678713, 3390577.104082156904042 ], [ 320701.416533109266311, 3390577.104082156904042 ] ] ], [ [ [ 320730.522347115678713, 3390635.315710169728845 ], [ 320759.628161122091115, 3390635.315710169728845 ], [ 320759.628161122091115, 3390606.209896163083613 ], [ 320730.522347115678713, 3390606.209896163083613 ], [ 320730.522347115678713, 3390635.315710169728845 ] ] ], [ [ [ 320788.733975128503516, 3390635.315710169728845 ], [ 320759.628161122091115, 3390635.315710169728845 ], [ 320759.628161122091115, 3390664.421524176374078 ], [ 320788.733975128503516, 3390664.421524176374078 ], [ 320788.733975128503516, 3390635.315710169728845 ] ] ] ] } },
{ "type": "Feature", "properties": { "zone_id": "RZ-069", "zone_label": "Candidate Hazard-Based Red Zone", "candidate_priority_rank": 69, "candidate_priority_basis": "Mean multi-hazard score, then maximum score, then area", "source_indicator": "Higher Multi-Hazard Indicator", "source_class": 3, "mean_multihazard_score": 0.704411, "max_multihazard_score": 0.750175, "min_multihazard_score": 0.669947, "terrain_contribution_mean": 0.267391, "flood_contribution_mean": 0.43702, "area_m2": 7624.34, "area_hectares": 0.7624, "pixel_count": 9, "methodology": "Deterministic terrain and hydrology screening", "disclaimer": "Decision Support — Requires Official Verification & Geotechnical Assessment" }, "geometry": { "type": "MultiPolygon", "coordinates": [ [ [ [ 295000.982765430992004, 3400385.763402324169874 ], [ 294971.876951424521394, 3400385.763402324169874 ], [ 294971.876951424521394, 3400414.869216330349445 ], [ 295000.982765430992004, 3400414.869216330349445 ], [ 295000.982765430992004, 3400385.763402324169874 ] ] ], [ [ [ 294942.771137418108992, 3400443.975030336994678 ], [ 294971.876951424521394, 3400443.975030336994678 ], [ 294971.876951424521394, 3400414.869216330349445 ], [ 294942.771137418108992, 3400414.869216330349445 ], [ 294942.771137418108992, 3400443.975030336994678 ] ] ], [ [ [ 294942.771137418108992, 3400443.975030336994678 ], [ 294913.66532341169659, 3400443.975030336994678 ], [ 294913.66532341169659, 3400473.080844343174249 ], [ 294942.771137418108992, 3400473.080844343174249 ], [ 294942.771137418108992, 3400443.975030336994678 ] ] ], [ [ [ 294884.559509405225981, 3400647.71572838164866 ], [ 294913.66532341169659, 3400647.71572838164866 ], [ 294913.66532341169659, 3400473.080844343174249 ], [ 294884.559509405225981, 3400473.080844343174249 ], [ 294884.559509405225981, 3400647.71572838164866 ] ] ] ] } },
{ "type": "Feature", "properties": { "zone_id": "RZ-070", "zone_label": "Candidate Hazard-Based Red Zone", "candidate_priority_rank": 70, "candidate_priority_basis": "Mean multi-hazard score, then maximum score, then area", "source_indicator": "Higher Multi-Hazard Indicator", "source_class": 3, "mean_multihazard_score": 0.704209, "max_multihazard_score": 0.748255, "min_multihazard_score": 0.664792, "terrain_contribution_mean": 0.270848, "flood_contribution_mean": 0.433361, "area_m2": 5082.89, "area_hectares": 0.5083, "pixel_count": 6, "methodology": "Deterministic terrain and hydrology screening", "disclaimer": "Decision Support — Requires Official Verification & Geotechnical Assessment" }, "geometry": { "type": "MultiPolygon", "coordinates": [ [ [ [ 305770.133947810332756, 3379225.836619649082422 ], [ 305682.816505791037343, 3379225.836619649082422 ], [ 305682.816505791037343, 3379254.942433655261993 ], [ 305770.133947810332756, 3379254.942433655261993 ], [ 305770.133947810332756, 3379225.836619649082422 ] ] ], [ [ [ 305770.133947810332756, 3379254.942433655261993 ], [ 305770.133947810332756, 3379284.048247661907226 ], [ 305799.239761816745158, 3379284.048247661907226 ], [ 305799.239761816745158, 3379254.942433655261993 ], [ 305770.133947810332756, 3379254.942433655261993 ] ] ], [ [ [ 305857.45138982962817, 3379313.154061668086797 ], [ 305857.45138982962817, 3379284.048247661907226 ], [ 305799.239761816745158, 3379284.048247661907226 ], [ 305799.239761816745158, 3379313.154061668086797 ], [ 305857.45138982962817, 3379313.154061668086797 ] ] ] ] } },
{ "type": "Feature", "properties": { "zone_id": "RZ-071", "zone_label": "Candidate Hazard-Based Red Zone", "candidate_priority_rank": 71, "candidate_priority_basis": "Mean multi-hazard score, then maximum score, then area", "source_indicator": "Higher Multi-Hazard Indicator", "source_class": 3, "mean_multihazard_score": 0.704207, "max_multihazard_score": 0.77711, "min_multihazard_score": 0.653097, "terrain_contribution_mean": 0.302029, "flood_contribution_mean": 0.402178, "area_m2": 7624.34, "area_hectares": 0.7624, "pixel_count": 9, "methodology": "Deterministic terrain and hydrology screening", "disclaimer": "Decision Support — Requires Official Verification & Geotechnical Assessment" }, "geometry": { "type": "MultiPolygon", "coordinates": [ [ [ [ 336884.249120684689842, 3406294.243645629379898 ], [ 336884.249120684689842, 3406323.349459636025131 ], [ 336913.354934691102244, 3406323.349459636025131 ], [ 336913.354934691102244, 3406294.243645629379898 ], [ 336884.249120684689842, 3406294.243645629379898 ] ] ], [ [ [ 336913.354934691102244, 3406352.455273642204702 ], [ 336942.460748697572853, 3406352.455273642204702 ], [ 336942.460748697572853, 3406323.349459636025131 ], [ 336913.354934691102244, 3406323.349459636025131 ], [ 336913.354934691102244, 3406352.455273642204702 ] ] ], [ [ [ 336971.566562703985255, 3406352.455273642204702 ], [ 336942.460748697572853, 3406352.455273642204702 ], [ 336942.460748697572853, 3406410.666901655029505 ], [ 336971.566562703985255, 3406410.666901655029505 ], [ 336971.566562703985255, 3406352.455273642204702 ] ] ], [ [ [ 336971.566562703985255, 3406468.878529667854309 ], [ 337000.672376710397657, 3406468.878529667854309 ], [ 337000.672376710397657, 3406410.666901655029505 ], [ 336971.566562703985255, 3406410.666901655029505 ], [ 336971.566562703985255, 3406468.878529667854309 ] ] ], [ [ [ 337029.778190716868266, 3406468.878529667854309 ], [ 337000.672376710397657, 3406468.878529667854309 ], [ 337000.672376710397657, 3406497.984343674499542 ], [ 337029.778190716868266, 3406497.984343674499542 ], [ 337029.778190716868266, 3406468.878529667854309 ] ] ], [ [ [ 337029.778190716868266, 3406527.090157680679113 ], [ 337058.884004723280668, 3406527.090157680679113 ], [ 337058.884004723280668, 3406497.984343674499542 ], [ 337029.778190716868266, 3406497.984343674499542 ], [ 337029.778190716868266, 3406527.090157680679113 ] ] ], [ [ [ 337087.98981872969307, 3406527.090157680679113 ], [ 337058.884004723280668, 3406527.090157680679113 ], [ 337058.884004723280668, 3406556.195971687324345 ], [ 337087.98981872969307, 3406556.195971687324345 ], [ 337087.98981872969307, 3406527.090157680679113 ] ] ] ] } },
{ "type": "Feature", "properties": { "zone_id": "RZ-072", "zone_label": "Candidate Hazard-Based Red Zone", "candidate_priority_rank": 72, "candidate_priority_basis": "Mean multi-hazard score, then maximum score, then area", "source_indicator": "Higher Multi-Hazard Indicator", "source_class": 3, "mean_multihazard_score": 0.704179, "max_multihazard_score": 0.742908, "min_multihazard_score": 0.653871, "terrain_contribution_mean": 0.288382, "flood_contribution_mean": 0.415796, "area_m2": 10165.78, "area_hectares": 1.0166, "pixel_count": 12, "methodology": "Deterministic terrain and hydrology screening", "disclaimer": "Decision Support — Requires Official Verification & Geotechnical Assessment" }, "geometry": { "type": "MultiPolygon", "coordinates": [ [ [ [ 328472.668872826208826, 3394622.812229050789028 ], [ 328472.668872826208826, 3394651.9180430569686 ], [ 328501.774686832679436, 3394651.9180430569686 ], [ 328501.774686832679436, 3394622.812229050789028 ], [ 328472.668872826208826, 3394622.812229050789028 ] ] ], [ [ [ 328472.668872826208826, 3394681.023857063613832 ], [ 328472.668872826208826, 3394651.9180430569686 ], [ 328443.563058819796424, 3394651.9180430569686 ], [ 328443.563058819796424, 3394681.023857063613832 ], [ 328472.668872826208826, 3394681.023857063613832 ] ] ], [ [ [ 328414.457244813384023, 3394681.023857063613832 ], [ 328414.457244813384023, 3394710.129671069793403 ], [ 328443.563058819796424, 3394710.129671069793403 ], [ 328443.563058819796424, 3394681.023857063613832 ], [ 328414.457244813384023, 3394681.023857063613832 ] ] ], [ [ [ 328414.457244813384023, 3394739.235485076438636 ], [ 328414.457244813384023, 3394710.129671069793403 ], [ 328385.351430806913413, 3394710.129671069793403 ], [ 328385.351430806913413, 3394739.235485076438636 ], [ 328414.457244813384023, 3394739.235485076438636 ] ] ], [ [ [ 328356.245616800501011, 3394739.235485076438636 ], [ 328356.245616800501011, 3394797.447113089263439 ], [ 328385.351430806913413, 3394797.447113089263439 ], [ 328385.351430806913413, 3394739.235485076438636 ], [ 328356.245616800501011, 3394739.235485076438636 ] ] ], [ [ [ 328356.245616800501011, 3394884.764555108733475 ], [ 328356.245616800501011, 3394797.447113089263439 ], [ 328327.13980279408861, 3394797.447113089263439 ], [ 328327.13980279408861, 3394884.764555108733475 ], [ 328356.245616800501011, 3394884.764555108733475 ] ] ], [ [ [ 328298.033988787676208, 3394884.764555108733475 ], [ 328298.033988787676208, 3394913.870369114913046 ], [ 328327.13980279408861, 3394913.870369114913046 ], [ 328327.13980279408861, 3394884.764555108733475 ], [ 328298.033988787676208, 3394884.764555108733475 ] ] ], [ [ [ 328268.928174781205598, 3394942.976183121558279 ], [ 328298.033988787676208, 3394942.976183121558279 ], [ 328298.033988787676208, 3394913.870369114913046 ], [ 328268.928174781205598, 3394913.870369114913046 ], [ 328268.928174781205598, 3394942.976183121558279 ] ] ], [ [ [ 328268.928174781205598, 3394942.976183121558279 ], [ 328239.822360774793196, 3394942.976183121558279 ], [ 328239.822360774793196, 3394972.08199712773785 ], [ 328268.928174781205598, 3394972.08199712773785 ], [ 328268.928174781205598, 3394942.976183121558279 ] ] ] ] } },
{ "type": "Feature", "properties": { "zone_id": "RZ-073", "zone_label": "Candidate Hazard-Based Red Zone", "candidate_priority_rank": 73, "candidate_priority_basis": "Mean multi-hazard score, then maximum score, then area", "source_indicator": "Higher Multi-Hazard Indicator", "source_class": 3, "mean_multihazard_score": 0.70415, "max_multihazard_score": 0.730136, "min_multihazard_score": 0.650697, "terrain_contribution_mean": 0.290425, "flood_contribution_mean": 0.413725, "area_m2": 8471.48, "area_hectares": 0.8471, "pixel_count": 10, "methodology": "Deterministic terrain and hydrology screening", "disclaimer": "Decision Support — Requires Official Verification & Geotechnical Assessment" }, "geometry": { "type": "MultiPolygon", "coordinates": [ [ [ [ 323815.738631797314156, 3384988.787792921997607 ], [ 323786.632817790901754, 3384988.787792921997607 ], [ 323786.632817790901754, 3385017.893606928642839 ], [ 323815.738631797314156, 3385017.893606928642839 ], [ 323815.738631797314156, 3384988.787792921997607 ] ] ], [ [ [ 323757.527003784431145, 3385046.99942093482241 ], [ 323786.632817790901754, 3385046.99942093482241 ], [ 323786.632817790901754, 3385017.893606928642839 ], [ 323757.527003784431145, 3385017.893606928642839 ], [ 323757.527003784431145, 3385046.99942093482241 ] ] ], [ [ [ 323757.527003784431145, 3385046.99942093482241 ], [ 323728.421189778018743, 3385046.99942093482241 ], [ 323728.421189778018743, 3385221.634304973762482 ], [ 323757.527003784431145, 3385221.634304973762482 ], [ 323757.527003784431145, 3385046.99942093482241 ] ] ], [ [ [ 323699.315375771606341, 3385221.634304973762482 ], [ 323699.315375771606341, 3385250.740118979942054 ], [ 323728.421189778018743, 3385250.740118979942054 ], [ 323728.421189778018743, 3385221.634304973762482 ], [ 323699.315375771606341, 3385221.634304973762482 ] ] ], [ [ [ 323699.315375771606341, 3385279.845932986587286 ], [ 323699.315375771606341, 3385250.740118979942054 ], [ 323670.209561765193939, 3385250.740118979942054 ], [ 323670.209561765193939, 3385279.845932986587286 ], [ 323699.315375771606341, 3385279.845932986587286 ] ] ] ] } },
{ "type": "Feature", "properties": { "zone_id": "RZ-074", "zone_label": "Candidate Hazard-Based Red Zone", "candidate_priority_rank": 74, "candidate_priority_basis": "Mean multi-hazard score, then maximum score, then area", "source_indicator": "Higher Multi-Hazard Indicator", "source_class": 3, "mean_multihazard_score": 0.704061, "max_multihazard_score": 0.753909, "min_multihazard_score": 0.659913, "terrain_contribution_mean": 0.366322, "flood_contribution_mean": 0.33774, "area_m2": 6777.19, "area_hectares": 0.6777, "pixel_count": 8, "methodology": "Deterministic terrain and hydrology screening", "disclaimer": "Decision Support — Requires Official Verification & Geotechnical Assessment" }, "geometry": { "type": "MultiPolygon", "coordinates": [ [ [ [ 330713.816551321418956, 3399949.176192227751017 ], [ 330713.816551321418956, 3399978.282006233930588 ], [ 330830.239807347126771, 3399978.282006233930588 ], [ 330830.239807347126771, 3399949.176192227751017 ], [ 330713.816551321418956, 3399949.176192227751017 ] ] ], [ [ [ 330859.345621353539173, 3400007.38782024057582 ], [ 330859.345621353539173, 3399978.282006233930588 ], [ 330830.239807347126771, 3399978.282006233930588 ], [ 330830.239807347126771, 3400007.38782024057582 ], [ 330859.345621353539173, 3400007.38782024057582 ] ] ], [ [ [ 330859.345621353539173, 3400007.38782024057582 ], [ 330859.345621353539173, 3400036.493634246755391 ], [ 330888.451435359951574, 3400036.493634246755391 ], [ 330888.451435359951574, 3400007.38782024057582 ], [ 330859.345621353539173, 3400007.38782024057582 ] ] ], [ [ [ 330888.451435359951574, 3400065.599448253400624 ], [ 330917.557249366422184, 3400065.599448253400624 ], [ 330917.557249366422184, 3400036.493634246755391 ], [ 330888.451435359951574, 3400036.493634246755391 ], [ 330888.451435359951574, 3400065.599448253400624 ] ] ], [ [ [ 330946.663063372834586, 3400065.599448253400624 ], [ 330917.557249366422184, 3400065.599448253400624 ], [ 330917.557249366422184, 3400094.705262259580195 ], [ 330946.663063372834586, 3400094.705262259580195 ], [ 330946.663063372834586, 3400065.599448253400624 ] ] ] ] } },
{ "type": "Feature", "properties": { "zone_id": "RZ-075", "zone_label": "Candidate Hazard-Based Red Zone", "candidate_priority_rank": 75, "candidate_priority_basis": "Mean multi-hazard score, then maximum score, then area", "source_indicator": "Higher Multi-Hazard Indicator", "source_class": 3, "mean_multihazard_score": 0.703922, "max_multihazard_score": 0.787815, "min_multihazard_score": 0.653505, "terrain_contribution_mean": 0.350356, "flood_contribution_mean": 0.353566, "area_m2": 18637.26, "area_hectares": 1.8637, "pixel_count": 22, "methodology": "Deterministic terrain and hydrology screening", "disclaimer": "Decision Support — Requires Official Verification & Geotechnical Assessment" }, "geometry": { "type": "MultiPolygon", "coordinates": [ [ [ [ 328530.880500839091837, 3379487.788945706561208 ], [ 328559.986314845504239, 3379487.788945706561208 ], [ 328559.986314845504239, 3379458.683131700381637 ], [ 328530.880500839091837, 3379458.683131700381637 ], [ 328530.880500839091837, 3379487.788945706561208 ] ] ], [ [ [ 328589.092128851974849, 3379487.788945706561208 ], [ 328559.986314845504239, 3379487.788945706561208 ], [ 328559.986314845504239, 3379516.89475971320644 ], [ 328589.092128851974849, 3379516.89475971320644 ], [ 328589.092128851974849, 3379487.788945706561208 ] ] ], [ [ [ 328385.351430806913413, 3379487.788945706561208 ], [ 328356.245616800501011, 3379487.788945706561208 ], [ 328356.245616800501011, 3379458.683131700381637 ], [ 328530.880500839091837, 3379458.683131700381637 ], [ 328530.880500839091837, 3379429.577317693736404 ], [ 328356.245616800501011, 3379429.577317693736404 ], [ 328356.245616800501011, 3379400.471503687556833 ], [ 328298.033988787676208, 3379400.471503687556833 ], [ 328298.033988787676208, 3379429.577317693736404 ], [ 328327.13980279408861, 3379429.577317693736404 ], [ 328327.13980279408861, 3379633.318015738856047 ], [ 328385.351430806913413, 3379633.318015738856047 ], [ 328385.351430806913413, 3379487.788945706561208 ] ] ] ] } },
{ "type": "Feature", "properties": { "zone_id": "RZ-076", "zone_label": "Candidate Hazard-Based Red Zone", "candidate_priority_rank": 76, "candidate_priority_basis": "Mean multi-hazard score, then maximum score, then area", "source_indicator": "Higher Multi-Hazard Indicator", "source_class": 3, "mean_multihazard_score": 0.703487, "max_multihazard_score": 0.737836, "min_multihazard_score": 0.654749, "terrain_contribution_mean": 0.265199, "flood_contribution_mean": 0.438288, "area_m2": 11860.08, "area_hectares": 1.186, "pixel_count": 14, "methodology": "Deterministic terrain and hydrology screening", "disclaimer": "Decision Support — Requires Official Verification & Geotechnical Assessment" }, "geometry": { "type": "MultiPolygon", "coordinates": [ [ [ [ 297242.130443926143926, 3404489.683177230879664 ], [ 297183.918815913260914, 3404489.683177230879664 ], [ 297183.918815913260914, 3404518.788991237059236 ], [ 297242.130443926143926, 3404518.788991237059236 ], [ 297242.130443926143926, 3404489.683177230879664 ] ] ], [ [ [ 297096.601373893965501, 3404547.894805243704468 ], [ 297183.918815913260914, 3404547.894805243704468 ], [ 297183.918815913260914, 3404518.788991237059236 ], [ 297096.601373893965501, 3404518.788991237059236 ], [ 297096.601373893965501, 3404547.894805243704468 ] ] ], [ [ [ 297096.601373893965501, 3404547.894805243704468 ], [ 296980.178117868257686, 3404547.894805243704468 ], [ 296980.178117868257686, 3404577.000619249884039 ], [ 297096.601373893965501, 3404577.000619249884039 ], [ 297096.601373893965501, 3404547.894805243704468 ] ] ], [ [ [ 296921.966489855374675, 3404577.000619249884039 ], [ 296921.966489855374675, 3404606.106433256529272 ], [ 296980.178117868257686, 3404606.106433256529272 ], [ 296980.178117868257686, 3404577.000619249884039 ], [ 296921.966489855374675, 3404577.000619249884039 ] ] ], [ [ [ 296921.966489855374675, 3404635.212247262708843 ], [ 296921.966489855374675, 3404606.106433256529272 ], [ 296834.649047836079262, 3404606.106433256529272 ], [ 296834.649047836079262, 3404635.212247262708843 ], [ 296921.966489855374675, 3404635.212247262708843 ] ] ] ] } },
{ "type": "Feature", "properties": { "zone_id": "RZ-077", "zone_label": "Candidate Hazard-Based Red Zone", "candidate_priority_rank": 77, "candidate_priority_basis": "Mean multi-hazard score, then maximum score, then area", "source_indicator": "Higher Multi-Hazard Indicator", "source_class": 3, "mean_multihazard_score": 0.702932, "max_multihazard_score": 0.741103, "min_multihazard_score": 0.654109, "terrain_contribution_mean": 0.39016, "flood_contribution_mean": 0.312771, "area_m2": 10165.78, "area_hectares": 1.0166, "pixel_count": 12, "methodology": "Deterministic terrain and hydrology screening", "disclaimer": "Decision Support — Requires Official Verification & Geotechnical Assessment" }, "geometry": { "type": "MultiPolygon", "coordinates": [ [ [ [ 314443.666521726641804, 3399279.742470079567283 ], [ 314414.560707720229402, 3399279.742470079567283 ], [ 314414.560707720229402, 3399308.848284086212516 ], [ 314443.666521726641804, 3399308.848284086212516 ], [ 314443.666521726641804, 3399279.742470079567283 ] ] ], [ [ [ 314385.454893713817, 3399337.954098092392087 ], [ 314414.560707720229402, 3399337.954098092392087 ], [ 314414.560707720229402, 3399308.848284086212516 ], [ 314385.454893713817, 3399308.848284086212516 ], [ 314385.454893713817, 3399337.954098092392087 ] ] ], [ [ [ 314385.454893713817, 3399337.954098092392087 ], [ 314356.349079707346391, 3399337.954098092392087 ], [ 314356.349079707346391, 3399367.059912099037319 ], [ 314385.454893713817, 3399367.059912099037319 ], [ 314385.454893713817, 3399337.954098092392087 ] ] ], [ [ [ 314152.608381662343163, 3399396.165726105216891 ], [ 314123.502567655930761, 3399396.165726105216891 ], [ 314123.502567655930761, 3399425.271540111862123 ], [ 314181.714195668755565, 3399425.271540111862123 ], [ 314181.714195668755565, 3399396.165726105216891 ], [ 314356.349079707346391, 3399396.165726105216891 ], [ 314356.349079707346391, 3399367.059912099037319 ], [ 314152.608381662343163, 3399367.059912099037319 ], [ 314152.608381662343163, 3399396.165726105216891 ] ] ] ] } },
{ "type": "Feature", "properties": { "zone_id": "RZ-078", "zone_label": "Candidate Hazard-Based Red Zone", "candidate_priority_rank": 78, "candidate_priority_basis": "Mean multi-hazard score, then maximum score, then area", "source_indicator": "Higher Multi-Hazard Indicator", "source_class": 3, "mean_multihazard_score": 0.701807, "max_multihazard_score": 0.735898, "min_multihazard_score": 0.651321, "terrain_contribution_mean": 0.387439, "flood_contribution_mean": 0.314368, "area_m2": 11012.93, "area_hectares": 1.1013, "pixel_count": 13, "methodology": "Deterministic terrain and hydrology screening", "disclaimer": "Decision Support — Requires Official Verification & Geotechnical Assessment" }, "geometry": { "type": "MultiPolygon", "coordinates": [ [ [ [ 313745.126985572336707, 3384988.787792921997607 ], [ 313745.126985572336707, 3384901.470350902993232 ], [ 313716.021171565866098, 3384901.470350902993232 ], [ 313716.021171565866098, 3384988.787792921997607 ], [ 313745.126985572336707, 3384988.787792921997607 ] ] ], [ [ [ 313686.915357559453696, 3384988.787792921997607 ], [ 313686.915357559453696, 3385192.52849096711725 ], [ 313716.021171565866098, 3385192.52849096711725 ], [ 313716.021171565866098, 3385134.316862954292446 ], [ 313745.126985572336707, 3385134.316862954292446 ], [ 313745.126985572336707, 3385076.105234941467643 ], [ 313716.021171565866098, 3385076.105234941467643 ], [ 313716.021171565866098, 3385046.99942093482241 ], [ 313745.126985572336707, 3385046.99942093482241 ], [ 313745.126985572336707, 3385017.893606928642839 ], [ 313716.021171565866098, 3385017.893606928642839 ], [ 313716.021171565866098, 3384988.787792921997607 ], [ 313686.915357559453696, 3384988.787792921997607 ] ] ] ] } },
{ "type": "Feature", "properties": { "zone_id": "RZ-079", "zone_label": "Candidate Hazard-Based Red Zone", "candidate_priority_rank": 79, "candidate_priority_basis": "Mean multi-hazard score, then maximum score, then area", "source_indicator": "Higher Multi-Hazard Indicator", "source_class": 3, "mean_multihazard_score": 0.701757, "max_multihazard_score": 0.766376, "min_multihazard_score": 0.652911, "terrain_contribution_mean": 0.413865, "flood_contribution_mean": 0.287892, "area_m2": 12707.23, "area_hectares": 1.2707, "pixel_count": 15, "methodology": "Deterministic terrain and hydrology screening", "disclaimer": "Decision Support — Requires Official Verification & Geotechnical Assessment" }, "geometry": { "type": "MultiPolygon", "coordinates": [ [ [ [ 331470.567715488607064, 3399105.107586041092873 ], [ 331470.567715488607064, 3399076.00177203444764 ], [ 331266.827017443603836, 3399076.00177203444764 ], [ 331266.827017443603836, 3399105.107586041092873 ], [ 331325.03864545642864, 3399105.107586041092873 ], [ 331325.03864545642864, 3399134.213400047272444 ], [ 331354.144459462841041, 3399134.213400047272444 ], [ 331354.144459462841041, 3399105.107586041092873 ], [ 331441.461901482136454, 3399105.107586041092873 ], [ 331441.461901482136454, 3399134.213400047272444 ], [ 331499.673529495019466, 3399134.213400047272444 ], [ 331499.673529495019466, 3399105.107586041092873 ], [ 331470.567715488607064, 3399105.107586041092873 ] ] ], [ [ [ 331295.932831450016238, 3399134.213400047272444 ], [ 331295.932831450016238, 3399163.319214053917676 ], [ 331325.03864545642864, 3399163.319214053917676 ], [ 331325.03864545642864, 3399134.213400047272444 ], [ 331295.932831450016238, 3399134.213400047272444 ] ] ], [ [ [ 331499.673529495019466, 3399134.213400047272444 ], [ 331499.673529495019466, 3399163.319214053917676 ], [ 331528.779343501431867, 3399163.319214053917676 ], [ 331528.779343501431867, 3399134.213400047272444 ], [ 331499.673529495019466, 3399134.213400047272444 ] ] ], [ [ [ 331354.144459462841041, 3399163.319214053917676 ], [ 331325.03864545642864, 3399163.319214053917676 ], [ 331325.03864545642864, 3399192.425028060562909 ], [ 331354.144459462841041, 3399192.425028060562909 ], [ 331354.144459462841041, 3399163.319214053917676 ] ] ], [ [ [ 331528.779343501431867, 3399192.425028060562909 ], [ 331557.885157507902477, 3399192.425028060562909 ], [ 331557.885157507902477, 3399163.319214053917676 ], [ 331528.779343501431867, 3399163.319214053917676 ], [ 331528.779343501431867, 3399192.425028060562909 ] ] ], [ [ [ 331586.990971514314879, 3399192.425028060562909 ], [ 331557.885157507902477, 3399192.425028060562909 ], [ 331557.885157507902477, 3399221.53084206674248 ], [ 331586.990971514314879, 3399221.53084206674248 ], [ 331586.990971514314879, 3399192.425028060562909 ] ] ] ] } },
{ "type": "Feature", "properties": { "zone_id": "RZ-080", "zone_label": "Candidate Hazard-Based Red Zone", "candidate_priority_rank": 80, "candidate_priority_basis": "Mean multi-hazard score, then maximum score, then area", "source_indicator": "Higher Multi-Hazard Indicator", "source_class": 3, "mean_multihazard_score": 0.701193, "max_multihazard_score": 0.72675, "min_multihazard_score": 0.655335, "terrain_contribution_mean": 0.308004, "flood_contribution_mean": 0.393188, "area_m2": 5930.04, "area_hectares": 0.593, "pixel_count": 7, "methodology": "Deterministic terrain and hydrology screening", "disclaimer": "Decision Support — Requires Official Verification & Geotechnical Assessment" }, "geometry": { "type": "MultiPolygon", "coordinates": [ [ [ [ 338252.222378986945841, 3404489.683177230879664 ], [ 338223.116564980475232, 3404489.683177230879664 ], [ 338223.116564980475232, 3404518.788991237059236 ], [ 338252.222378986945841, 3404518.788991237059236 ], [ 338252.222378986945841, 3404489.683177230879664 ] ] ], [ [ [ 338252.222378986945841, 3404547.894805243704468 ], [ 338426.857263025536668, 3404547.894805243704468 ], [ 338426.857263025536668, 3404518.788991237059236 ], [ 338252.222378986945841, 3404518.788991237059236 ], [ 338252.222378986945841, 3404547.894805243704468 ] ] ] ] } },
{ "type": "Feature", "properties": { "zone_id": "RZ-081", "zone_label": "Candidate Hazard-Based Red Zone", "candidate_priority_rank": 81, "candidate_priority_basis": "Mean multi-hazard score, then maximum score, then area", "source_indicator": "Higher Multi-Hazard Indicator", "source_class": 3, "mean_multihazard_score": 0.700865, "max_multihazard_score": 0.805823, "min_multihazard_score": 0.662527, "terrain_contribution_mean": 0.312838, "flood_contribution_mean": 0.388027, "area_m2": 6777.19, "area_hectares": 0.6777, "pixel_count": 8, "methodology": "Deterministic terrain and hydrology screening", "disclaimer": "Decision Support — Requires Official Verification & Geotechnical Assessment" }, "geometry": { "type": "MultiPolygon", "coordinates": [ [ [ [ 313104.799077430856414, 3395787.044789307750762 ], [ 313017.481635411561001, 3395787.044789307750762 ], [ 313017.481635411561001, 3395816.150603314395994 ], [ 313104.799077430856414, 3395816.150603314395994 ], [ 313104.799077430856414, 3395787.044789307750762 ] ] ], [ [ [ 312959.27000739867799, 3395845.256417321041226 ], [ 313017.481635411561001, 3395845.256417321041226 ], [ 313017.481635411561001, 3395816.150603314395994 ], [ 312959.27000739867799, 3395816.150603314395994 ], [ 312959.27000739867799, 3395845.256417321041226 ] ] ], [ [ [ 312959.27000739867799, 3395845.256417321041226 ], [ 312930.164193392265588, 3395845.256417321041226 ], [ 312930.164193392265588, 3395874.362231327220798 ], [ 312959.27000739867799, 3395874.362231327220798 ], [ 312959.27000739867799, 3395845.256417321041226 ] ] ], [ [ [ 312871.952565379382577, 3395903.46804533386603 ], [ 312930.164193392265588, 3395903.46804533386603 ], [ 312930.164193392265588, 3395874.362231327220798 ], [ 312871.952565379382577, 3395874.362231327220798 ], [ 312871.952565379382577, 3395903.46804533386603 ] ] ] ] } },
{ "type": "Feature", "properties": { "zone_id": "RZ-082", "zone_label": "Candidate Hazard-Based Red Zone", "candidate_priority_rank": 82, "candidate_priority_basis": "Mean multi-hazard score, then maximum score, then area", "source_indicator": "Higher Multi-Hazard Indicator", "source_class": 3, "mean_multihazard_score": 0.700842, "max_multihazard_score": 0.734051, "min_multihazard_score": 0.676103, "terrain_contribution_mean": 0.320754, "flood_contribution_mean": 0.380088, "area_m2": 6777.19, "area_hectares": 0.6777, "pixel_count": 8, "methodology": "Deterministic terrain and hydrology screening", "disclaimer": "Decision Support — Requires Official Verification & Geotechnical Assessment" }, "geometry": { "type": "MultiPolygon", "coordinates": [ [ [ [ 310689.016514897113666, 3389121.813381835352629 ], [ 310689.016514897113666, 3389209.130823854822665 ], [ 310718.122328903526068, 3389209.130823854822665 ], [ 310718.122328903526068, 3389121.813381835352629 ], [ 310689.016514897113666, 3389121.813381835352629 ] ] ], [ [ [ 310747.22814290993847, 3389238.236637861002237 ], [ 310747.22814290993847, 3389209.130823854822665 ], [ 310718.122328903526068, 3389209.130823854822665 ], [ 310718.122328903526068, 3389238.236637861002237 ], [ 310747.22814290993847, 3389238.236637861002237 ] ] ], [ [ [ 310747.22814290993847, 3389238.236637861002237 ], [ 310747.22814290993847, 3389267.342451867647469 ], [ 310776.333956916409079, 3389267.342451867647469 ], [ 310776.333956916409079, 3389238.236637861002237 ], [ 310747.22814290993847, 3389238.236637861002237 ] ] ], [ [ [ 310776.333956916409079, 3389296.44826587382704 ], [ 310805.439770922821481, 3389296.44826587382704 ], [ 310805.439770922821481, 3389267.342451867647469 ], [ 310776.333956916409079, 3389267.342451867647469 ], [ 310776.333956916409079, 3389296.44826587382704 ] ] ], [ [ [ 310834.545584929233883, 3389296.44826587382704 ], [ 310805.439770922821481, 3389296.44826587382704 ], [ 310805.439770922821481, 3389354.659893886651844 ], [ 310834.545584929233883, 3389354.659893886651844 ], [ 310834.545584929233883, 3389296.44826587382704 ] ] ] ] } },
{ "type": "Feature", "properties": { "zone_id": "RZ-083", "zone_label": "Candidate Hazard-Based Red Zone", "candidate_priority_rank": 83, "candidate_priority_basis": "Mean multi-hazard score, then maximum score, then area", "source_indicator": "Higher Multi-Hazard Indicator", "source_class": 3, "mean_multihazard_score": 0.700651, "max_multihazard_score": 0.743086, "min_multihazard_score": 0.651228, "terrain_contribution_mean": 0.301285, "flood_contribution_mean": 0.399366, "area_m2": 17790.12, "area_hectares": 1.779, "pixel_count": 21, "methodology": "Deterministic terrain and hydrology screening", "disclaimer": "Decision Support — Requires Official Verification & Geotechnical Assessment" }, "geometry": { "type": "MultiPolygon", "coordinates": [ [ [ [ 327133.801428530423436, 3386531.395935263019055 ], [ 327104.695614524011035, 3386531.395935263019055 ], [ 327104.695614524011035, 3386706.030819301493466 ], [ 327133.801428530423436, 3386706.030819301493466 ], [ 327133.801428530423436, 3386531.395935263019055 ] ] ], [ [ [ 327075.589800517540425, 3386735.136633308138698 ], [ 327104.695614524011035, 3386735.136633308138698 ], [ 327104.695614524011035, 3386706.030819301493466 ], [ 327075.589800517540425, 3386706.030819301493466 ], [ 327075.589800517540425, 3386735.136633308138698 ] ] ], [ [ [ 327075.589800517540425, 3386735.136633308138698 ], [ 327046.483986511128023, 3386735.136633308138698 ], [ 327046.483986511128023, 3386764.242447314318269 ], [ 327075.589800517540425, 3386764.242447314318269 ], [ 327075.589800517540425, 3386735.136633308138698 ] ] ], [ [ [ 327017.378172504715621, 3386764.242447314318269 ], [ 327017.378172504715621, 3386793.348261320963502 ], [ 327046.483986511128023, 3386793.348261320963502 ], [ 327046.483986511128023, 3386764.242447314318269 ], [ 327017.378172504715621, 3386764.242447314318269 ] ] ], [ [ [ 327017.378172504715621, 3387113.512215391732752 ], [ 327017.378172504715621, 3386880.665703339967877 ], [ 327046.483986511128023, 3386880.665703339967877 ], [ 327046.483986511128023, 3386851.559889333788306 ], [ 327017.378172504715621, 3386851.559889333788306 ], [ 327017.378172504715621, 3386793.348261320963502 ], [ 326988.272358498245012, 3386793.348261320963502 ], [ 326988.272358498245012, 3387113.512215391732752 ], [ 327017.378172504715621, 3387113.512215391732752 ] ] ] ] } },
{ "type": "Feature", "properties": { "zone_id": "RZ-084", "zone_label": "Candidate Hazard-Based Red Zone", "candidate_priority_rank": 84, "candidate_priority_basis": "Mean multi-hazard score, then maximum score, then area", "source_indicator": "Higher Multi-Hazard Indicator", "source_class": 3, "mean_multihazard_score": 0.70045, "max_multihazard_score": 0.734112, "min_multihazard_score": 0.670396, "terrain_contribution_mean": 0.353579, "flood_contribution_mean": 0.346871, "area_m2": 8471.48, "area_hectares": 0.8471, "pixel_count": 10, "methodology": "Deterministic terrain and hydrology screening", "disclaimer": "Decision Support — Requires Official Verification & Geotechnical Assessment" }, "geometry": { "type": "MultiPolygon", "coordinates": [ [ [ [ 332896.752601803687867, 3396543.795953474938869 ], [ 332867.646787797275465, 3396543.795953474938869 ], [ 332867.646787797275465, 3396660.219209501054138 ], [ 332896.752601803687867, 3396660.219209501054138 ], [ 332896.752601803687867, 3396543.795953474938869 ] ] ], [ [ [ 332838.540973790804856, 3396718.430837513878942 ], [ 332867.646787797275465, 3396718.430837513878942 ], [ 332867.646787797275465, 3396660.219209501054138 ], [ 332838.540973790804856, 3396660.219209501054138 ], [ 332838.540973790804856, 3396718.430837513878942 ] ] ], [ [ [ 332838.540973790804856, 3396718.430837513878942 ], [ 332809.435159784392454, 3396718.430837513878942 ], [ 332809.435159784392454, 3396805.748279532883316 ], [ 332838.540973790804856, 3396805.748279532883316 ], [ 332838.540973790804856, 3396718.430837513878942 ] ] ], [ [ [ 332780.329345777980052, 3396834.854093539528549 ], [ 332809.435159784392454, 3396834.854093539528549 ], [ 332809.435159784392454, 3396805.748279532883316 ], [ 332780.329345777980052, 3396805.748279532883316 ], [ 332780.329345777980052, 3396834.854093539528549 ] ] ] ] } },
{ "type": "Feature", "properties": { "zone_id": "RZ-085", "zone_label": "Candidate Hazard-Based Red Zone", "candidate_priority_rank": 85, "candidate_priority_basis": "Mean multi-hazard score, then maximum score, then area", "source_indicator": "Higher Multi-Hazard Indicator", "source_class": 3, "mean_multihazard_score": 0.700012, "max_multihazard_score": 0.74443, "min_multihazard_score": 0.65545, "terrain_contribution_mean": 0.457242, "flood_contribution_mean": 0.242769, "area_m2": 6777.19, "area_hectares": 0.6777, "pixel_count": 8, "methodology": "Deterministic terrain and hydrology screening", "disclaimer": "Decision Support — Requires Official Verification & Geotechnical Assessment" }, "geometry": { "type": "Polygon", "coordinates": [ [ [ 319624.501414871308953, 3406818.148297745268792 ], [ 319624.501414871308953, 3406759.936669732443988 ], [ 319740.924670897016767, 3406759.936669732443988 ], [ 319740.924670897016767, 3406818.148297745268792 ], [ 319624.501414871308953, 3406818.148297745268792 ] ] ] } },
{ "type": "Feature", "properties": { "zone_id": "RZ-086", "zone_label": "Candidate Hazard-Based Red Zone", "candidate_priority_rank": 86, "candidate_priority_basis": "Mean multi-hazard score, then maximum score, then area", "source_indicator": "Higher Multi-Hazard Indicator", "source_class": 3, "mean_multihazard_score": 0.699717, "max_multihazard_score": 0.739536, "min_multihazard_score": 0.662204, "terrain_contribution_mean": 0.211513, "flood_contribution_mean": 0.488203, "area_m2": 5082.89, "area_hectares": 0.5083, "pixel_count": 6, "methodology": "Deterministic terrain and hydrology screening", "disclaimer": "Decision Support — Requires Official Verification & Geotechnical Assessment" }, "geometry": { "type": "MultiPolygon", "coordinates": [ [ [ [ 323728.421189778018743, 3386967.983145359437913 ], [ 323728.421189778018743, 3386909.771517346613109 ], [ 323699.315375771606341, 3386909.771517346613109 ], [ 323699.315375771606341, 3386967.983145359437913 ], [ 323728.421189778018743, 3386967.983145359437913 ] ] ], [ [ [ 323699.315375771606341, 3386967.983145359437913 ], [ 323670.209561765193939, 3386967.983145359437913 ], [ 323670.209561765193939, 3386997.088959366083145 ], [ 323699.315375771606341, 3386997.088959366083145 ], [ 323699.315375771606341, 3386967.983145359437913 ] ] ], [ [ [ 323582.892119745898526, 3387026.194773372262716 ], [ 323670.209561765193939, 3387026.194773372262716 ], [ 323670.209561765193939, 3386997.088959366083145 ], [ 323582.892119745898526, 3386997.088959366083145 ], [ 323582.892119745898526, 3387026.194773372262716 ] ] ] ] } },
{ "type": "Feature", "properties": { "zone_id": "RZ-087", "zone_label": "Candidate Hazard-Based Red Zone", "candidate_priority_rank": 87, "candidate_priority_basis": "Mean multi-hazard score, then maximum score, then area", "source_indicator": "Higher Multi-Hazard Indicator", "source_class": 3, "mean_multihazard_score": 0.699202, "max_multihazard_score": 0.746119, "min_multihazard_score": 0.66328, "terrain_contribution_mean": 0.254387, "flood_contribution_mean": 0.444815, "area_m2": 7624.34, "area_hectares": 0.7624, "pixel_count": 9, "methodology": "Deterministic terrain and hydrology screening", "disclaimer": "Decision Support — Requires Official Verification & Geotechnical Assessment" }, "geometry": { "type": "MultiPolygon", "coordinates": [ [ [ [ 297562.294397996854968, 3404315.048293191939592 ], [ 297533.188583990442567, 3404315.048293191939592 ], [ 297533.188583990442567, 3404344.154107198584825 ], [ 297562.294397996854968, 3404344.154107198584825 ], [ 297562.294397996854968, 3404315.048293191939592 ] ] ], [ [ [ 297504.082769984030165, 3404344.154107198584825 ], [ 297504.082769984030165, 3404373.259921205230057 ], [ 297533.188583990442567, 3404373.259921205230057 ], [ 297533.188583990442567, 3404344.154107198584825 ], [ 297504.082769984030165, 3404344.154107198584825 ] ] ], [ [ [ 297504.082769984030165, 3404402.365735211409628 ], [ 297504.082769984030165, 3404373.259921205230057 ], [ 297445.871141971147154, 3404373.259921205230057 ], [ 297445.871141971147154, 3404402.365735211409628 ], [ 297504.082769984030165, 3404402.365735211409628 ] ] ], [ [ [ 297445.871141971147154, 3404402.365735211409628 ], [ 297387.659513958264142, 3404402.365735211409628 ], [ 297387.659513958264142, 3404431.471549218054861 ], [ 297445.871141971147154, 3404431.471549218054861 ], [ 297445.871141971147154, 3404402.365735211409628 ] ] ], [ [ [ 297358.55369995185174, 3404431.471549218054861 ], [ 297358.55369995185174, 3404460.577363224234432 ], [ 297387.659513958264142, 3404460.577363224234432 ], [ 297387.659513958264142, 3404431.471549218054861 ], [ 297358.55369995185174, 3404431.471549218054861 ] ] ], [ [ [ 297358.55369995185174, 3404489.683177230879664 ], [ 297358.55369995185174, 3404460.577363224234432 ], [ 297300.342071938968729, 3404460.577363224234432 ], [ 297300.342071938968729, 3404489.683177230879664 ], [ 297358.55369995185174, 3404489.683177230879664 ] ] ] ] } },
{ "type": "Feature", "properties": { "zone_id": "RZ-088", "zone_label": "Candidate Hazard-Based Red Zone", "candidate_priority_rank": 88, "candidate_priority_basis": "Mean multi-hazard score, then maximum score, then area", "source_indicator": "Higher Multi-Hazard Indicator", "source_class": 3, "mean_multihazard_score": 0.699154, "max_multihazard_score": 0.730284, "min_multihazard_score": 0.654191, "terrain_contribution_mean": 0.331985, "flood_contribution_mean": 0.367168, "area_m2": 5082.89, "area_hectares": 0.5083, "pixel_count": 6, "methodology": "Deterministic terrain and hydrology screening", "disclaimer": "Decision Support — Requires Official Verification & Geotechnical Assessment" }, "geometry": { "type": "MultiPolygon", "coordinates": [ [ [ [ 320555.887463077087887, 3390489.786640137434006 ], [ 320526.781649070675485, 3390489.786640137434006 ], [ 320526.781649070675485, 3390518.892454144079238 ], [ 320555.887463077087887, 3390518.892454144079238 ], [ 320555.887463077087887, 3390489.786640137434006 ] ] ], [ [ [ 320555.887463077087887, 3390664.421524176374078 ], [ 320584.993277083500288, 3390664.421524176374078 ], [ 320584.993277083500288, 3390518.892454144079238 ], [ 320555.887463077087887, 3390518.892454144079238 ], [ 320555.887463077087887, 3390664.421524176374078 ] ] ] ] } },
{ "type": "Feature", "properties": { "zone_id": "RZ-089", "zone_label": "Candidate Hazard-Based Red Zone", "candidate_priority_rank": 89, "candidate_priority_basis": "Mean multi-hazard score, then maximum score, then area", "source_indicator": "Higher Multi-Hazard Indicator", "source_class": 3, "mean_multihazard_score": 0.699133, "max_multihazard_score": 0.748768, "min_multihazard_score": 0.659079, "terrain_contribution_mean": 0.441094, "flood_contribution_mean": 0.258039, "area_m2": 6777.19, "area_hectares": 0.6777, "pixel_count": 8, "methodology": "Deterministic terrain and hydrology screening", "disclaimer": "Decision Support — Requires Official Verification & Geotechnical Assessment" }, "geometry": { "type": "MultiPolygon", "coordinates": [ [ [ [ 314880.253731823118869, 3407633.111089925281703 ], [ 314851.14791781664826, 3407633.111089925281703 ], [ 314851.14791781664826, 3407662.216903931461275 ], [ 314822.042103810235858, 3407662.216903931461275 ], [ 314822.042103810235858, 3407720.42853194475174 ], [ 314851.14791781664826, 3407720.42853194475174 ], [ 314851.14791781664826, 3407749.534345950931311 ], [ 314880.253731823118869, 3407749.534345950931311 ], [ 314880.253731823118869, 3407633.111089925281703 ] ] ], [ [ [ 314880.253731823118869, 3407807.745973963756114 ], [ 314909.359545829531271, 3407807.745973963756114 ], [ 314909.359545829531271, 3407749.534345950931311 ], [ 314880.253731823118869, 3407749.534345950931311 ], [ 314880.253731823118869, 3407807.745973963756114 ] ] ] ] } },
{ "type": "Feature", "properties": { "zone_id": "RZ-090", "zone_label": "Candidate Hazard-Based Red Zone", "candidate_priority_rank": 90, "candidate_priority_basis": "Mean multi-hazard score, then maximum score, then area", "source_indicator": "Higher Multi-Hazard Indicator", "source_class": 3, "mean_multihazard_score": 0.699112, "max_multihazard_score": 0.753162, "min_multihazard_score": 0.654445, "terrain_contribution_mean": 0.390923, "flood_contribution_mean": 0.30819, "area_m2": 9318.63, "area_hectares": 0.9319, "pixel_count": 11, "methodology": "Deterministic terrain and hydrology screening", "disclaimer": "Decision Support — Requires Official Verification & Geotechnical Assessment" }, "geometry": { "type": "Polygon", "coordinates": [ [ [ 334963.265396260248963, 3397620.711071712896228 ], [ 334963.265396260248963, 3397387.864559661597013 ], [ 334992.371210266719572, 3397387.864559661597013 ], [ 334992.371210266719572, 3397504.287815687246621 ], [ 335021.477024273131974, 3397504.287815687246621 ], [ 335021.477024273131974, 3397533.393629693891853 ], [ 335050.582838279544376, 3397533.393629693891853 ], [ 335050.582838279544376, 3397562.499443700071424 ], [ 334992.371210266719572, 3397562.499443700071424 ], [ 334992.371210266719572, 3397620.711071712896228 ], [ 334963.265396260248963, 3397620.711071712896228 ] ] ] } },
{ "type": "Feature", "properties": { "zone_id": "RZ-091", "zone_label": "Candidate Hazard-Based Red Zone", "candidate_priority_rank": 91, "candidate_priority_basis": "Mean multi-hazard score, then maximum score, then area", "source_indicator": "Higher Multi-Hazard Indicator", "source_class": 3, "mean_multihazard_score": 0.698716, "max_multihazard_score": 0.721193, "min_multihazard_score": 0.659268, "terrain_contribution_mean": 0.410613, "flood_contribution_mean": 0.288104, "area_m2": 5082.89, "area_hectares": 0.5083, "pixel_count": 6, "methodology": "Deterministic terrain and hydrology screening", "disclaimer": "Decision Support — Requires Official Verification & Geotechnical Assessment" }, "geometry": { "type": "MultiPolygon", "coordinates": [ [ [ [ 322360.447931475820951, 3381525.195926156826317 ], [ 322331.342117469350342, 3381525.195926156826317 ], [ 322331.342117469350342, 3381612.513368176296353 ], [ 322360.447931475820951, 3381612.513368176296353 ], [ 322360.447931475820951, 3381525.195926156826317 ] ] ], [ [ [ 322360.447931475820951, 3381699.830810195300728 ], [ 322389.553745482233353, 3381699.830810195300728 ], [ 322389.553745482233353, 3381612.513368176296353 ], [ 322360.447931475820951, 3381612.513368176296353 ], [ 322360.447931475820951, 3381699.830810195300728 ] ] ] ] } },
{ "type": "Feature", "properties": { "zone_id": "RZ-092", "zone_label": "Candidate Hazard-Based Red Zone", "candidate_priority_rank": 92, "candidate_priority_basis": "Mean multi-hazard score, then maximum score, then area", "source_indicator": "Higher Multi-Hazard Indicator", "source_class": 3, "mean_multihazard_score": 0.698426, "max_multihazard_score": 0.726121, "min_multihazard_score": 0.660646, "terrain_contribution_mean": 0.235058, "flood_contribution_mean": 0.463368, "area_m2": 5930.04, "area_hectares": 0.593, "pixel_count": 7, "methodology": "Deterministic terrain and hydrology screening", "disclaimer": "Decision Support — Requires Official Verification & Geotechnical Assessment" }, "geometry": { "type": "MultiPolygon", "coordinates": [ [ [ [ 329287.631665006279945, 3397620.711071712896228 ], [ 329258.525850999867544, 3397620.711071712896228 ], [ 329258.525850999867544, 3397737.134327739011496 ], [ 329229.420036993455142, 3397737.134327739011496 ], [ 329229.420036993455142, 3397766.240141745191067 ], [ 329287.631665006279945, 3397766.240141745191067 ], [ 329287.631665006279945, 3397620.711071712896228 ] ] ], [ [ [ 329287.631665006279945, 3397795.3459557518363 ], [ 329316.737479012692347, 3397795.3459557518363 ], [ 329316.737479012692347, 3397766.240141745191067 ], [ 329287.631665006279945, 3397766.240141745191067 ], [ 329287.631665006279945, 3397795.3459557518363 ] ] ] ] } },
{ "type": "Feature", "properties": { "zone_id": "RZ-093", "zone_label": "Candidate Hazard-Based Red Zone", "candidate_priority_rank": 93, "candidate_priority_basis": "Mean multi-hazard score, then maximum score, then area", "source_indicator": "Higher Multi-Hazard Indicator", "source_class": 3, "mean_multihazard_score": 0.698351, "max_multihazard_score": 0.721806, "min_multihazard_score": 0.665335, "terrain_contribution_mean": 0.442224, "flood_contribution_mean": 0.256127, "area_m2": 5082.89, "area_hectares": 0.5083, "pixel_count": 6, "methodology": "Deterministic terrain and hydrology screening", "disclaimer": "Decision Support — Requires Official Verification & Geotechnical Assessment" }, "geometry": { "type": "MultiPolygon", "coordinates": [ [ [ [ 336098.392142511089332, 3370290.351719674654305 ], [ 336156.603770523914136, 3370290.351719674654305 ], [ 336156.603770523914136, 3370261.245905668474734 ], [ 336040.180514498206321, 3370261.245905668474734 ], [ 336040.180514498206321, 3370290.351719674654305 ], [ 336069.286328504618723, 3370290.351719674654305 ], [ 336069.286328504618723, 3370319.457533681299537 ], [ 336098.392142511089332, 3370319.457533681299537 ], [ 336098.392142511089332, 3370290.351719674654305 ] ] ], [ [ [ 336098.392142511089332, 3370348.563347687479109 ], [ 336127.497956517501734, 3370348.563347687479109 ], [ 336127.497956517501734, 3370319.457533681299537 ], [ 336098.392142511089332, 3370319.457533681299537 ], [ 336098.392142511089332, 3370348.563347687479109 ] ] ] ] } },
{ "type": "Feature", "properties": { "zone_id": "RZ-094", "zone_label": "Candidate Hazard-Based Red Zone", "candidate_priority_rank": 94, "candidate_priority_basis": "Mean multi-hazard score, then maximum score, then area", "source_indicator": "Higher Multi-Hazard Indicator", "source_class": 3, "mean_multihazard_score": 0.698347, "max_multihazard_score": 0.734074, "min_multihazard_score": 0.655847, "terrain_contribution_mean": 0.267013, "flood_contribution_mean": 0.431334, "area_m2": 5930.04, "area_hectares": 0.593, "pixel_count": 7, "methodology": "Deterministic terrain and hydrology screening", "disclaimer": "Decision Support — Requires Official Verification & Geotechnical Assessment" }, "geometry": { "type": "MultiPolygon", "coordinates": [ [ [ [ 305362.652551720268093, 3408302.544812072999775 ], [ 305333.546737713855691, 3408302.544812072999775 ], [ 305333.546737713855691, 3408331.650626079645008 ], [ 305362.652551720268093, 3408331.650626079645008 ], [ 305362.652551720268093, 3408302.544812072999775 ] ] ], [ [ [ 305304.440923707443289, 3408331.650626079645008 ], [ 305304.440923707443289, 3408360.756440085824579 ], [ 305333.546737713855691, 3408360.756440085824579 ], [ 305333.546737713855691, 3408331.650626079645008 ], [ 305304.440923707443289, 3408331.650626079645008 ] ] ], [ [ [ 305304.440923707443289, 3408389.862254092469811 ], [ 305304.440923707443289, 3408360.756440085824579 ], [ 305275.33510970097268, 3408360.756440085824579 ], [ 305275.33510970097268, 3408389.862254092469811 ], [ 305304.440923707443289, 3408389.862254092469811 ] ] ], [ [ [ 305246.229295694560278, 3408389.862254092469811 ], [ 305246.229295694560278, 3408418.968068098649383 ], [ 305275.33510970097268, 3408418.968068098649383 ], [ 305275.33510970097268, 3408389.862254092469811 ], [ 305246.229295694560278, 3408389.862254092469811 ] ] ], [ [ [ 305246.229295694560278, 3408448.073882105294615 ], [ 305246.229295694560278, 3408418.968068098649383 ], [ 305217.123481688147876, 3408418.968068098649383 ], [ 305217.123481688147876, 3408448.073882105294615 ], [ 305246.229295694560278, 3408448.073882105294615 ] ] ], [ [ [ 305188.017667681677267, 3408448.073882105294615 ], [ 305188.017667681677267, 3408477.179696111939847 ], [ 305217.123481688147876, 3408477.179696111939847 ], [ 305217.123481688147876, 3408448.073882105294615 ], [ 305188.017667681677267, 3408448.073882105294615 ] ] ], [ [ [ 305188.017667681677267, 3408506.285510118119419 ], [ 305188.017667681677267, 3408477.179696111939847 ], [ 305158.911853675264865, 3408477.179696111939847 ], [ 305158.911853675264865, 3408506.285510118119419 ], [ 305188.017667681677267, 3408506.285510118119419 ] ] ] ] } },
{ "type": "Feature", "properties": { "zone_id": "RZ-095", "zone_label": "Candidate Hazard-Based Red Zone", "candidate_priority_rank": 95, "candidate_priority_basis": "Mean multi-hazard score, then maximum score, then area", "source_indicator": "Higher Multi-Hazard Indicator", "source_class": 3, "mean_multihazard_score": 0.698218, "max_multihazard_score": 0.728639, "min_multihazard_score": 0.667438, "terrain_contribution_mean": 0.345292, "flood_contribution_mean": 0.352926, "area_m2": 5082.89, "area_hectares": 0.5083, "pixel_count": 6, "methodology": "Deterministic terrain and hydrology screening", "disclaimer": "Decision Support — Requires Official Verification & Geotechnical Assessment" }, "geometry": { "type": "MultiPolygon", "coordinates": [ [ [ [ 317528.882806408277247, 3386793.348261320963502 ], [ 317528.882806408277247, 3386764.242447314318269 ], [ 317441.565364388981834, 3386764.242447314318269 ], [ 317441.565364388981834, 3386793.348261320963502 ], [ 317528.882806408277247, 3386793.348261320963502 ] ] ], [ [ [ 317441.565364388981834, 3386793.348261320963502 ], [ 317412.459550382569432, 3386793.348261320963502 ], [ 317412.459550382569432, 3386822.454075327143073 ], [ 317441.565364388981834, 3386822.454075327143073 ], [ 317441.565364388981834, 3386793.348261320963502 ] ] ], [ [ [ 317354.247922369744629, 3386851.559889333788306 ], [ 317412.459550382569432, 3386851.559889333788306 ], [ 317412.459550382569432, 3386822.454075327143073 ], [ 317354.247922369744629, 3386822.454075327143073 ], [ 317354.247922369744629, 3386851.559889333788306 ] ] ] ] } },
{ "type": "Feature", "properties": { "zone_id": "RZ-096", "zone_label": "Candidate Hazard-Based Red Zone", "candidate_priority_rank": 96, "candidate_priority_basis": "Mean multi-hazard score, then maximum score, then area", "source_indicator": "Higher Multi-Hazard Indicator", "source_class": 3, "mean_multihazard_score": 0.697926, "max_multihazard_score": 0.746839, "min_multihazard_score": 0.655054, "terrain_contribution_mean": 0.408561, "flood_contribution_mean": 0.289365, "area_m2": 8471.48, "area_hectares": 0.8471, "pixel_count": 10, "methodology": "Deterministic terrain and hydrology screening", "disclaimer": "Decision Support — Requires Official Verification & Geotechnical Assessment" }, "geometry": { "type": "MultiPolygon", "coordinates": [ [ [ [ 321749.22583734075306, 3406061.397133578080684 ], [ 321749.22583734075306, 3406119.608761590905488 ], [ 321778.331651347165462, 3406119.608761590905488 ], [ 321778.331651347165462, 3406061.397133578080684 ], [ 321749.22583734075306, 3406061.397133578080684 ] ] ], [ [ [ 321691.014209327870049, 3406090.502947584260255 ], [ 321691.014209327870049, 3406119.608761590905488 ], [ 321720.120023334340658, 3406119.608761590905488 ], [ 321720.120023334340658, 3406090.502947584260255 ], [ 321691.014209327870049, 3406090.502947584260255 ] ] ], [ [ [ 321661.908395321457647, 3406119.608761590905488 ], [ 321661.908395321457647, 3406148.714575597085059 ], [ 321691.014209327870049, 3406148.714575597085059 ], [ 321691.014209327870049, 3406119.608761590905488 ], [ 321661.908395321457647, 3406119.608761590905488 ] ] ], [ [ [ 321720.120023334340658, 3406119.608761590905488 ], [ 321720.120023334340658, 3406148.714575597085059 ], [ 321749.22583734075306, 3406148.714575597085059 ], [ 321749.22583734075306, 3406119.608761590905488 ], [ 321720.120023334340658, 3406119.608761590905488 ] ] ], [ [ [ 321632.802581315045245, 3406148.714575597085059 ], [ 321632.802581315045245, 3406177.820389603730291 ], [ 321661.908395321457647, 3406177.820389603730291 ], [ 321661.908395321457647, 3406148.714575597085059 ], [ 321632.802581315045245, 3406148.714575597085059 ] ] ], [ [ [ 321691.014209327870049, 3406148.714575597085059 ], [ 321691.014209327870049, 3406177.820389603730291 ], [ 321720.120023334340658, 3406177.820389603730291 ], [ 321720.120023334340658, 3406148.714575597085059 ], [ 321691.014209327870049, 3406148.714575597085059 ] ] ], [ [ [ 321749.22583734075306, 3406148.714575597085059 ], [ 321749.22583734075306, 3406177.820389603730291 ], [ 321778.331651347165462, 3406177.820389603730291 ], [ 321778.331651347165462, 3406148.714575597085059 ], [ 321749.22583734075306, 3406148.714575597085059 ] ] ], [ [ [ 321661.908395321457647, 3406206.926203609909862 ], [ 321691.014209327870049, 3406206.926203609909862 ], [ 321691.014209327870049, 3406177.820389603730291 ], [ 321661.908395321457647, 3406177.820389603730291 ], [ 321661.908395321457647, 3406206.926203609909862 ] ] ], [ [ [ 321720.120023334340658, 3406206.926203609909862 ], [ 321749.22583734075306, 3406206.926203609909862 ], [ 321749.22583734075306, 3406177.820389603730291 ], [ 321720.120023334340658, 3406177.820389603730291 ], [ 321720.120023334340658, 3406206.926203609909862 ] ] ] ] } },
{ "type": "Feature", "properties": { "zone_id": "RZ-097", "zone_label": "Candidate Hazard-Based Red Zone", "candidate_priority_rank": 97, "candidate_priority_basis": "Mean multi-hazard score, then maximum score, then area", "source_indicator": "Higher Multi-Hazard Indicator", "source_class": 3, "mean_multihazard_score": 0.697868, "max_multihazard_score": 0.789413, "min_multihazard_score": 0.652023, "terrain_contribution_mean": 0.276916, "flood_contribution_mean": 0.420952, "area_m2": 14401.52, "area_hectares": 1.4402, "pixel_count": 17, "methodology": "Deterministic terrain and hydrology screening", "disclaimer": "Decision Support — Requires Official Verification & Geotechnical Assessment" }, "geometry": { "type": "MultiPolygon", "coordinates": [ [ [ [ 303441.668827295885421, 3409612.306442362722009 ], [ 303296.139757263706997, 3409612.306442362722009 ], [ 303296.139757263706997, 3409641.412256368901581 ], [ 303441.668827295885421, 3409641.412256368901581 ], [ 303441.668827295885421, 3409612.306442362722009 ] ] ], [ [ [ 303441.668827295885421, 3409670.518070375546813 ], [ 303790.938595373008866, 3409670.518070375546813 ], [ 303790.938595373008866, 3409641.412256368901581 ], [ 303441.668827295885421, 3409641.412256368901581 ], [ 303441.668827295885421, 3409670.518070375546813 ] ] ] ] } },
{ "type": "Feature", "properties": { "zone_id": "RZ-098", "zone_label": "Candidate Hazard-Based Red Zone", "candidate_priority_rank": 98, "candidate_priority_basis": "Mean multi-hazard score, then maximum score, then area", "source_indicator": "Higher Multi-Hazard Indicator", "source_class": 3, "mean_multihazard_score": 0.697765, "max_multihazard_score": 0.749394, "min_multihazard_score": 0.654302, "terrain_contribution_mean": 0.234319, "flood_contribution_mean": 0.463446, "area_m2": 6777.19, "area_hectares": 0.6777, "pixel_count": 8, "methodology": "Deterministic terrain and hydrology screening", "disclaimer": "Decision Support — Requires Official Verification & Geotechnical Assessment" }, "geometry": { "type": "MultiPolygon", "coordinates": [ [ [ [ 334846.842140234541148, 3390402.469198118429631 ], [ 334817.736326228128746, 3390402.469198118429631 ], [ 334817.736326228128746, 3390577.104082156904042 ], [ 334846.842140234541148, 3390577.104082156904042 ], [ 334846.842140234541148, 3390402.469198118429631 ] ] ], [ [ [ 334846.842140234541148, 3390635.315710169728845 ], [ 334875.94795424095355, 3390635.315710169728845 ], [ 334875.94795424095355, 3390577.104082156904042 ], [ 334846.842140234541148, 3390577.104082156904042 ], [ 334846.842140234541148, 3390635.315710169728845 ] ] ] ] } },
{ "type": "Feature", "properties": { "zone_id": "RZ-099", "zone_label": "Candidate Hazard-Based Red Zone", "candidate_priority_rank": 99, "candidate_priority_basis": "Mean multi-hazard score, then maximum score, then area", "source_indicator": "Higher Multi-Hazard Indicator", "source_class": 3, "mean_multihazard_score": 0.697563, "max_multihazard_score": 0.723211, "min_multihazard_score": 0.661793, "terrain_contribution_mean": 0.350503, "flood_contribution_mean": 0.34706, "area_m2": 5082.89, "area_hectares": 0.5083, "pixel_count": 6, "methodology": "Deterministic terrain and hydrology screening", "disclaimer": "Decision Support — Requires Official Verification & Geotechnical Assessment" }, "geometry": { "type": "MultiPolygon", "coordinates": [ [ [ [ 292119.507178794301581, 3398493.885491906199604 ], [ 292119.507178794301581, 3398406.568049886729568 ], [ 292090.401364787889179, 3398406.568049886729568 ], [ 292090.401364787889179, 3398493.885491906199604 ], [ 292119.507178794301581, 3398493.885491906199604 ] ] ], [ [ [ 292061.295550781476777, 3398493.885491906199604 ], [ 292061.295550781476777, 3398581.202933925203979 ], [ 292090.401364787889179, 3398581.202933925203979 ], [ 292090.401364787889179, 3398493.885491906199604 ], [ 292061.295550781476777, 3398493.885491906199604 ] ] ] ] } },
{ "type": "Feature", "properties": { "zone_id": "RZ-100", "zone_label": "Candidate Hazard-Based Red Zone", "candidate_priority_rank": 100, "candidate_priority_basis": "Mean multi-hazard score, then maximum score, then area", "source_indicator": "Higher Multi-Hazard Indicator", "source_class": 3, "mean_multihazard_score": 0.697149, "max_multihazard_score": 0.746279, "min_multihazard_score": 0.675065, "terrain_contribution_mean": 0.362217, "flood_contribution_mean": 0.334932, "area_m2": 6777.19, "area_hectares": 0.6777, "pixel_count": 8, "methodology": "Deterministic terrain and hydrology screening", "disclaimer": "Decision Support — Requires Official Verification & Geotechnical Assessment" }, "geometry": { "type": "MultiPolygon", "coordinates": [ [ [ [ 312726.42349534726236, 3394855.658741102088243 ], [ 312697.317681340791751, 3394855.658741102088243 ], [ 312697.317681340791751, 3394884.764555108733475 ], [ 312726.42349534726236, 3394884.764555108733475 ], [ 312726.42349534726236, 3394855.658741102088243 ] ] ], [ [ [ 312639.106053327966947, 3394884.764555108733475 ], [ 312639.106053327966947, 3394913.870369114913046 ], [ 312697.317681340791751, 3394913.870369114913046 ], [ 312697.317681340791751, 3394884.764555108733475 ], [ 312639.106053327966947, 3394884.764555108733475 ] ] ], [ [ [ 312639.106053327966947, 3394942.976183121558279 ], [ 312639.106053327966947, 3394913.870369114913046 ], [ 312580.894425315083936, 3394913.870369114913046 ], [ 312580.894425315083936, 3394942.976183121558279 ], [ 312639.106053327966947, 3394942.976183121558279 ] ] ], [ [ [ 312580.894425315083936, 3394942.976183121558279 ], [ 312551.788611308671534, 3394942.976183121558279 ], [ 312551.788611308671534, 3394972.08199712773785 ], [ 312580.894425315083936, 3394972.08199712773785 ], [ 312580.894425315083936, 3394942.976183121558279 ] ] ], [ [ [ 312522.682797302200925, 3394972.08199712773785 ], [ 312522.682797302200925, 3395001.187811134383082 ], [ 312551.788611308671534, 3395001.187811134383082 ], [ 312551.788611308671534, 3394972.08199712773785 ], [ 312522.682797302200925, 3394972.08199712773785 ] ] ], [ [ [ 312522.682797302200925, 3395030.293625140562654 ], [ 312522.682797302200925, 3395001.187811134383082 ], [ 312493.576983295788523, 3395001.187811134383082 ], [ 312493.576983295788523, 3395030.293625140562654 ], [ 312522.682797302200925, 3395030.293625140562654 ] ] ] ] } },
{ "type": "Feature", "properties": { "zone_id": "RZ-101", "zone_label": "Candidate Hazard-Based Red Zone", "candidate_priority_rank": 101, "candidate_priority_basis": "Mean multi-hazard score, then maximum score, then area", "source_indicator": "Higher Multi-Hazard Indicator", "source_class": 3, "mean_multihazard_score": 0.696853, "max_multihazard_score": 0.732418, "min_multihazard_score": 0.65797, "terrain_contribution_mean": 0.261591, "flood_contribution_mean": 0.435262, "area_m2": 5930.04, "area_hectares": 0.593, "pixel_count": 7, "methodology": "Deterministic terrain and hydrology screening", "disclaimer": "Decision Support — Requires Official Verification & Geotechnical Assessment" }, "geometry": { "type": "MultiPolygon", "coordinates": [ [ [ [ 329869.747945134877227, 3384348.459884780924767 ], [ 329869.747945134877227, 3384319.354070774279535 ], [ 329811.536317122052424, 3384319.354070774279535 ], [ 329811.536317122052424, 3384348.459884780924767 ], [ 329869.747945134877227, 3384348.459884780924767 ] ] ], [ [ [ 329811.536317122052424, 3384348.459884780924767 ], [ 329724.218875102757011, 3384348.459884780924767 ], [ 329724.218875102757011, 3384377.565698787104338 ], [ 329811.536317122052424, 3384377.565698787104338 ], [ 329811.536317122052424, 3384348.459884780924767 ] ] ], [ [ [ 329666.007247089873999, 3384406.671512793749571 ], [ 329724.218875102757011, 3384406.671512793749571 ], [ 329724.218875102757011, 3384377.565698787104338 ], [ 329666.007247089873999, 3384377.565698787104338 ], [ 329666.007247089873999, 3384406.671512793749571 ] ] ] ] } },
{ "type": "Feature", "properties": { "zone_id": "RZ-102", "zone_label": "Candidate Hazard-Based Red Zone", "candidate_priority_rank": 102, "candidate_priority_basis": "Mean multi-hazard score, then maximum score, then area", "source_indicator": "Higher Multi-Hazard Indicator", "source_class": 3, "mean_multihazard_score": 0.696836, "max_multihazard_score": 0.728802, "min_multihazard_score": 0.663143, "terrain_contribution_mean": 0.255186, "flood_contribution_mean": 0.44165, "area_m2": 5930.04, "area_hectares": 0.593, "pixel_count": 7, "methodology": "Deterministic terrain and hydrology screening", "disclaimer": "Decision Support — Requires Official Verification & Geotechnical Assessment" }, "geometry": { "type": "Polygon", "coordinates": [ [ [ 330713.816551321418956, 3395787.044789307750762 ], [ 330713.816551321418956, 3395583.30409126309678 ], [ 330742.922365327831358, 3395583.30409126309678 ], [ 330742.922365327831358, 3395787.044789307750762 ], [ 330713.816551321418956, 3395787.044789307750762 ] ] ] } },
{ "type": "Feature", "properties": { "zone_id": "RZ-103", "zone_label": "Candidate Hazard-Based Red Zone", "candidate_priority_rank": 103, "candidate_priority_basis": "Mean multi-hazard score, then maximum score, then area", "source_indicator": "Higher Multi-Hazard Indicator", "source_class": 3, "mean_multihazard_score": 0.69659, "max_multihazard_score": 0.730794, "min_multihazard_score": 0.664583, "terrain_contribution_mean": 0.365688, "flood_contribution_mean": 0.330903, "area_m2": 6777.19, "area_hectares": 0.6777, "pixel_count": 8, "methodology": "Deterministic terrain and hydrology screening", "disclaimer": "Decision Support — Requires Official Verification & Geotechnical Assessment" }, "geometry": { "type": "MultiPolygon", "coordinates": [ [ [ [ 337524.577028826170135, 3401549.995962581131607 ], [ 337495.471214819757733, 3401549.995962581131607 ], [ 337495.471214819757733, 3401579.10177658777684 ], [ 337524.577028826170135, 3401579.10177658777684 ], [ 337524.577028826170135, 3401549.995962581131607 ] ] ], [ [ [ 337466.365400813287124, 3401579.10177658777684 ], [ 337466.365400813287124, 3401608.207590593956411 ], [ 337495.471214819757733, 3401608.207590593956411 ], [ 337495.471214819757733, 3401579.10177658777684 ], [ 337466.365400813287124, 3401579.10177658777684 ] ] ], [ [ [ 337466.365400813287124, 3401637.313404600601643 ], [ 337466.365400813287124, 3401608.207590593956411 ], [ 337437.259586806874722, 3401608.207590593956411 ], [ 337437.259586806874722, 3401637.313404600601643 ], [ 337466.365400813287124, 3401637.313404600601643 ] ] ], [ [ [ 337408.15377280046232, 3401637.313404600601643 ], [ 337408.15377280046232, 3401666.419218606781214 ], [ 337437.259586806874722, 3401666.419218606781214 ], [ 337437.259586806874722, 3401637.313404600601643 ], [ 337408.15377280046232, 3401637.313404600601643 ] ] ], [ [ [ 337408.15377280046232, 3401695.525032613426447 ], [ 337408.15377280046232, 3401666.419218606781214 ], [ 337379.047958793991711, 3401666.419218606781214 ], [ 337379.047958793991711, 3401695.525032613426447 ], [ 337408.15377280046232, 3401695.525032613426447 ] ] ], [ [ [ 337320.836330781166907, 3401695.525032613426447 ], [ 337320.836330781166907, 3401724.630846619606018 ], [ 337379.047958793991711, 3401724.630846619606018 ], [ 337379.047958793991711, 3401695.525032613426447 ], [ 337320.836330781166907, 3401695.525032613426447 ] ] ], [ [ [ 337320.836330781166907, 3401753.736660626251251 ], [ 337320.836330781166907, 3401724.630846619606018 ], [ 337291.730516774696298, 3401724.630846619606018 ], [ 337291.730516774696298, 3401753.736660626251251 ], [ 337320.836330781166907, 3401753.736660626251251 ] ] ] ] } },
{ "type": "Feature", "properties": { "zone_id": "RZ-104", "zone_label": "Candidate Hazard-Based Red Zone", "candidate_priority_rank": 104, "candidate_priority_basis": "Mean multi-hazard score, then maximum score, then area", "source_indicator": "Higher Multi-Hazard Indicator", "source_class": 3, "mean_multihazard_score": 0.696222, "max_multihazard_score": 0.724162, "min_multihazard_score": 0.674886, "terrain_contribution_mean": 0.332024, "flood_contribution_mean": 0.364198, "area_m2": 5930.04, "area_hectares": 0.593, "pixel_count": 7, "methodology": "Deterministic terrain and hydrology screening", "disclaimer": "Decision Support — Requires Official Verification & Geotechnical Assessment" }, "geometry": { "type": "Polygon", "coordinates": [ [ [ 335720.016560427495278, 3391246.537804304622114 ], [ 335720.016560427495278, 3391217.431990298442543 ], [ 335923.757258472498506, 3391217.431990298442543 ], [ 335923.757258472498506, 3391246.537804304622114 ], [ 335720.016560427495278, 3391246.537804304622114 ] ] ] } },
{ "type": "Feature", "properties": { "zone_id": "RZ-105", "zone_label": "Candidate Hazard-Based Red Zone", "candidate_priority_rank": 105, "candidate_priority_basis": "Mean multi-hazard score, then maximum score, then area", "source_indicator": "Higher Multi-Hazard Indicator", "source_class": 3, "mean_multihazard_score": 0.69607, "max_multihazard_score": 0.717242, "min_multihazard_score": 0.66454, "terrain_contribution_mean": 0.338677, "flood_contribution_mean": 0.357394, "area_m2": 6777.19, "area_hectares": 0.6777, "pixel_count": 8, "methodology": "Deterministic terrain and hydrology screening", "disclaimer": "Decision Support — Requires Official Verification & Geotechnical Assessment" }, "geometry": { "type": "MultiPolygon", "coordinates": [ [ [ [ 335545.381676388904452, 3380186.328481860924512 ], [ 335661.804932414612267, 3380186.328481860924512 ], [ 335661.804932414612267, 3380157.222667854744941 ], [ 335516.275862382433843, 3380157.222667854744941 ], [ 335516.275862382433843, 3380215.434295867569745 ], [ 335545.381676388904452, 3380215.434295867569745 ], [ 335545.381676388904452, 3380186.328481860924512 ] ] ], [ [ [ 335545.381676388904452, 3380215.434295867569745 ], [ 335545.381676388904452, 3380244.540109874214977 ], [ 335574.487490395316854, 3380244.540109874214977 ], [ 335574.487490395316854, 3380215.434295867569745 ], [ 335545.381676388904452, 3380215.434295867569745 ] ] ], [ [ [ 335603.593304401729256, 3380273.645923880394548 ], [ 335603.593304401729256, 3380244.540109874214977 ], [ 335574.487490395316854, 3380244.540109874214977 ], [ 335574.487490395316854, 3380273.645923880394548 ], [ 335603.593304401729256, 3380273.645923880394548 ] ] ] ] } },
{ "type": "Feature", "properties": { "zone_id": "RZ-106", "zone_label": "Candidate Hazard-Based Red Zone", "candidate_priority_rank": 106, "candidate_priority_basis": "Mean multi-hazard score, then maximum score, then area", "source_indicator": "Higher Multi-Hazard Indicator", "source_class": 3, "mean_multihazard_score": 0.696043, "max_multihazard_score": 0.750194, "min_multihazard_score": 0.656875, "terrain_contribution_mean": 0.304015, "flood_contribution_mean": 0.392027, "area_m2": 7624.34, "area_hectares": 0.7624, "pixel_count": 9, "methodology": "Deterministic terrain and hydrology screening", "disclaimer": "Decision Support — Requires Official Verification & Geotechnical Assessment" }, "geometry": { "type": "MultiPolygon", "coordinates": [ [ [ [ 334934.159582253836561, 3397038.594791584648192 ], [ 334905.053768247424159, 3397038.594791584648192 ], [ 334905.053768247424159, 3397125.912233603652567 ], [ 334934.159582253836561, 3397125.912233603652567 ], [ 334934.159582253836561, 3397038.594791584648192 ] ] ], [ [ [ 334934.159582253836561, 3397125.912233603652567 ], [ 334934.159582253836561, 3397155.018047610297799 ], [ 334963.265396260248963, 3397155.018047610297799 ], [ 334963.265396260248963, 3397125.912233603652567 ], [ 334934.159582253836561, 3397125.912233603652567 ] ] ], [ [ [ 334992.371210266719572, 3397271.441303635947406 ], [ 334992.371210266719572, 3397242.335489629302174 ], [ 335021.477024273131974, 3397242.335489629302174 ], [ 335021.477024273131974, 3397213.229675623122603 ], [ 334992.371210266719572, 3397213.229675623122603 ], [ 334992.371210266719572, 3397155.018047610297799 ], [ 334963.265396260248963, 3397155.018047610297799 ], [ 334963.265396260248963, 3397271.441303635947406 ], [ 334992.371210266719572, 3397271.441303635947406 ] ] ] ] } },
{ "type": "Feature", "properties": { "zone_id": "RZ-107", "zone_label": "Candidate Hazard-Based Red Zone", "candidate_priority_rank": 107, "candidate_priority_basis": "Mean multi-hazard score, then maximum score, then area", "source_indicator": "Higher Multi-Hazard Indicator", "source_class": 3, "mean_multihazard_score": 0.695974, "max_multihazard_score": 0.730042, "min_multihazard_score": 0.651329, "terrain_contribution_mean": 0.416626, "flood_contribution_mean": 0.279348, "area_m2": 7624.34, "area_hectares": 0.7624, "pixel_count": 9, "methodology": "Deterministic terrain and hydrology screening", "disclaimer": "Decision Support — Requires Official Verification & Geotechnical Assessment" }, "geometry": { "type": "Polygon", "coordinates": [ [ [ 329578.689805070578586, 3397737.134327739011496 ], [ 329578.689805070578586, 3397708.028513732366264 ], [ 329840.642131128464825, 3397708.028513732366264 ], [ 329840.642131128464825, 3397737.134327739011496 ], [ 329578.689805070578586, 3397737.134327739011496 ] ] ] } },
{ "type": "Feature", "properties": { "zone_id": "RZ-108", "zone_label": "Candidate Hazard-Based Red Zone", "candidate_priority_rank": 108, "candidate_priority_basis": "Mean multi-hazard score, then maximum score, then area", "source_indicator": "Higher Multi-Hazard Indicator", "source_class": 3, "mean_multihazard_score": 0.695885, "max_multihazard_score": 0.715441, "min_multihazard_score": 0.659168, "terrain_contribution_mean": 0.474666, "flood_contribution_mean": 0.221219, "area_m2": 5082.89, "area_hectares": 0.5083, "pixel_count": 6, "methodology": "Deterministic terrain and hydrology screening", "disclaimer": "Decision Support — Requires Official Verification & Geotechnical Assessment" }, "geometry": { "type": "Polygon", "coordinates": [ [ [ 333216.91655587439891, 3404780.741317295003682 ], [ 333216.91655587439891, 3404751.635503288824111 ], [ 333391.551439912989736, 3404751.635503288824111 ], [ 333391.551439912989736, 3404780.741317295003682 ], [ 333216.91655587439891, 3404780.741317295003682 ] ] ] } },
{ "type": "Feature", "properties": { "zone_id": "RZ-109", "zone_label": "Candidate Hazard-Based Red Zone", "candidate_priority_rank": 109, "candidate_priority_basis": "Mean multi-hazard score, then maximum score, then area", "source_indicator": "Higher Multi-Hazard Indicator", "source_class": 3, "mean_multihazard_score": 0.695498, "max_multihazard_score": 0.736624, "min_multihazard_score": 0.654383, "terrain_contribution_mean": 0.379342, "flood_contribution_mean": 0.316156, "area_m2": 5082.89, "area_hectares": 0.5083, "pixel_count": 6, "methodology": "Deterministic terrain and hydrology screening", "disclaimer": "Decision Support — Requires Official Verification & Geotechnical Assessment" }, "geometry": { "type": "MultiPolygon", "coordinates": [ [ [ [ 315928.063036054605618, 3405595.704109475016594 ], [ 315928.063036054605618, 3405624.809923481661826 ], [ 315957.16885006101802, 3405624.809923481661826 ], [ 315957.16885006101802, 3405595.704109475016594 ], [ 315928.063036054605618, 3405595.704109475016594 ] ] ], [ [ [ 315986.274664067488629, 3405595.704109475016594 ], [ 315986.274664067488629, 3405624.809923481661826 ], [ 316015.380478073901031, 3405624.809923481661826 ], [ 316015.380478073901031, 3405595.704109475016594 ], [ 315986.274664067488629, 3405595.704109475016594 ] ] ], [ [ [ 315986.274664067488629, 3405653.915737487841398 ], [ 315986.274664067488629, 3405624.809923481661826 ], [ 315957.16885006101802, 3405624.809923481661826 ], [ 315957.16885006101802, 3405653.915737487841398 ], [ 315986.274664067488629, 3405653.915737487841398 ] ] ], [ [ [ 316044.486292080313433, 3405624.809923481661826 ], [ 316015.380478073901031, 3405624.809923481661826 ], [ 316015.380478073901031, 3405653.915737487841398 ], [ 316044.486292080313433, 3405653.915737487841398 ], [ 316044.486292080313433, 3405624.809923481661826 ] ] ], [ [ [ 315986.274664067488629, 3405683.02155149448663 ], [ 316015.380478073901031, 3405683.02155149448663 ], [ 316015.380478073901031, 3405653.915737487841398 ], [ 315986.274664067488629, 3405653.915737487841398 ], [ 315986.274664067488629, 3405683.02155149448663 ] ] ], [ [ [ 316044.486292080313433, 3405683.02155149448663 ], [ 316015.380478073901031, 3405683.02155149448663 ], [ 316015.380478073901031, 3405712.127365500666201 ], [ 316044.486292080313433, 3405712.127365500666201 ], [ 316044.486292080313433, 3405683.02155149448663 ] ] ] ] } },
{ "type": "Feature", "properties": { "zone_id": "RZ-110", "zone_label": "Candidate Hazard-Based Red Zone", "candidate_priority_rank": 110, "candidate_priority_basis": "Mean multi-hazard score, then maximum score, then area", "source_indicator": "Higher Multi-Hazard Indicator", "source_class": 3, "mean_multihazard_score": 0.695371, "max_multihazard_score": 0.760219, "min_multihazard_score": 0.650236, "terrain_contribution_mean": 0.367112, "flood_contribution_mean": 0.32826, "area_m2": 11860.08, "area_hectares": 1.186, "pixel_count": 14, "methodology": "Deterministic terrain and hydrology screening", "disclaimer": "Decision Support — Requires Official Verification & Geotechnical Assessment" }, "geometry": { "type": "Polygon", "coordinates": [ [ [ 325503.875844170281198, 3400909.668054439593107 ], [ 325503.875844170281198, 3400880.562240433413535 ], [ 325911.357240260345861, 3400880.562240433413535 ], [ 325911.357240260345861, 3400909.668054439593107 ], [ 325503.875844170281198, 3400909.668054439593107 ] ] ] } },
{ "type": "Feature", "properties": { "zone_id": "RZ-111", "zone_label": "Candidate Hazard-Based Red Zone", "candidate_priority_rank": 111, "candidate_priority_basis": "Mean multi-hazard score, then maximum score, then area", "source_indicator": "Higher Multi-Hazard Indicator", "source_class": 3, "mean_multihazard_score": 0.695262, "max_multihazard_score": 0.723361, "min_multihazard_score": 0.650148, "terrain_contribution_mean": 0.386551, "flood_contribution_mean": 0.308711, "area_m2": 10165.78, "area_hectares": 1.0166, "pixel_count": 12, "methodology": "Deterministic terrain and hydrology screening", "disclaimer": "Decision Support — Requires Official Verification & Geotechnical Assessment" }, "geometry": { "type": "MultiPolygon", "coordinates": [ [ [ [ 330801.133993340656161, 3372211.335444099269807 ], [ 330772.02817933424376, 3372211.335444099269807 ], [ 330772.02817933424376, 3372240.441258105449378 ], [ 330801.133993340656161, 3372240.441258105449378 ], [ 330801.133993340656161, 3372211.335444099269807 ] ] ], [ [ [ 330742.922365327831358, 3372240.441258105449378 ], [ 330742.922365327831358, 3372269.547072112094611 ], [ 330772.02817933424376, 3372269.547072112094611 ], [ 330772.02817933424376, 3372240.441258105449378 ], [ 330742.922365327831358, 3372240.441258105449378 ] ] ], [ [ [ 330742.922365327831358, 3372385.970328137744218 ], [ 330742.922365327831358, 3372269.547072112094611 ], [ 330713.816551321418956, 3372269.547072112094611 ], [ 330713.816551321418956, 3372385.970328137744218 ], [ 330742.922365327831358, 3372385.970328137744218 ] ] ], [ [ [ 330684.710737314948346, 3372385.970328137744218 ], [ 330684.710737314948346, 3372415.076142143923789 ], [ 330713.816551321418956, 3372415.076142143923789 ], [ 330713.816551321418956, 3372385.970328137744218 ], [ 330684.710737314948346, 3372385.970328137744218 ] ] ], [ [ [ 330626.499109302065335, 3372444.181956150569022 ], [ 330626.499109302065335, 3372473.287770157214254 ], [ 330684.710737314948346, 3372473.287770157214254 ], [ 330684.710737314948346, 3372415.076142143923789 ], [ 330655.604923308535945, 3372415.076142143923789 ], [ 330655.604923308535945, 3372444.181956150569022 ], [ 330626.499109302065335, 3372444.181956150569022 ] ] ], [ [ [ 330597.393295295652933, 3372473.287770157214254 ], [ 330597.393295295652933, 3372502.393584163393825 ], [ 330626.499109302065335, 3372502.393584163393825 ], [ 330626.499109302065335, 3372473.287770157214254 ], [ 330597.393295295652933, 3372473.287770157214254 ] ] ], [ [ [ 330597.393295295652933, 3372531.499398170039058 ], [ 330597.393295295652933, 3372502.393584163393825 ], [ 330568.287481289240532, 3372502.393584163393825 ], [ 330568.287481289240532, 3372531.499398170039058 ], [ 330597.393295295652933, 3372531.499398170039058 ] ] ] ] } },
{ "type": "Feature", "properties": { "zone_id": "RZ-112", "zone_label": "Candidate Hazard-Based Red Zone", "candidate_priority_rank": 112, "candidate_priority_basis": "Mean multi-hazard score, then maximum score, then area", "source_indicator": "Higher Multi-Hazard Indicator", "source_class": 3, "mean_multihazard_score": 0.694464, "max_multihazard_score": 0.722946, "min_multihazard_score": 0.665277, "terrain_contribution_mean": 0.244337, "flood_contribution_mean": 0.450127, "area_m2": 8471.48, "area_hectares": 0.8471, "pixel_count": 10, "methodology": "Deterministic terrain and hydrology screening", "disclaimer": "Decision Support — Requires Official Verification & Geotechnical Assessment" }, "geometry": { "type": "MultiPolygon", "coordinates": [ [ [ [ 325096.394448080274742, 3386007.491283147130162 ], [ 325096.394448080274742, 3385949.279655134305358 ], [ 325067.28863407386234, 3385949.279655134305358 ], [ 325067.28863407386234, 3386007.491283147130162 ], [ 325096.394448080274742, 3386007.491283147130162 ] ] ], [ [ [ 325038.182820067391731, 3386007.491283147130162 ], [ 325038.182820067391731, 3386240.337795198895037 ], [ 325067.28863407386234, 3386240.337795198895037 ], [ 325067.28863407386234, 3386007.491283147130162 ], [ 325038.182820067391731, 3386007.491283147130162 ] ] ] ] } },
{ "type": "Feature", "properties": { "zone_id": "RZ-113", "zone_label": "Candidate Hazard-Based Red Zone", "candidate_priority_rank": 113, "candidate_priority_basis": "Mean multi-hazard score, then maximum score, then area", "source_indicator": "Higher Multi-Hazard Indicator", "source_class": 3, "mean_multihazard_score": 0.694441, "max_multihazard_score": 0.731979, "min_multihazard_score": 0.65826, "terrain_contribution_mean": 0.472681, "flood_contribution_mean": 0.22176, "area_m2": 10165.78, "area_hectares": 1.0166, "pixel_count": 12, "methodology": "Deterministic terrain and hydrology screening", "disclaimer": "Decision Support — Requires Official Verification & Geotechnical Assessment" }, "geometry": { "type": "MultiPolygon", "coordinates": [ [ [ [ 333886.350278022349812, 3364934.881942491512746 ], [ 333886.350278022349812, 3364963.987756497692317 ], [ 333915.456092028762214, 3364963.987756497692317 ], [ 333915.456092028762214, 3364934.881942491512746 ], [ 333886.350278022349812, 3364934.881942491512746 ] ] ], [ [ [ 333915.456092028762214, 3364963.987756497692317 ], [ 333915.456092028762214, 3364993.093570504337549 ], [ 333944.561906035174616, 3364993.093570504337549 ], [ 333944.561906035174616, 3364963.987756497692317 ], [ 333915.456092028762214, 3364963.987756497692317 ] ] ], [ [ [ 333857.244464015879203, 3364993.093570504337549 ], [ 333857.244464015879203, 3365022.19938451051712 ], [ 333886.350278022349812, 3365022.19938451051712 ], [ 333886.350278022349812, 3364993.093570504337549 ], [ 333857.244464015879203, 3364993.093570504337549 ] ] ], [ [ [ 333944.561906035174616, 3364993.093570504337549 ], [ 333944.561906035174616, 3365022.19938451051712 ], [ 333973.667720041645225, 3365022.19938451051712 ], [ 333973.667720041645225, 3364993.093570504337549 ], [ 333944.561906035174616, 3364993.093570504337549 ] ] ], [ [ [ 333886.350278022349812, 3365022.19938451051712 ], [ 333886.350278022349812, 3365051.305198517162353 ], [ 333915.456092028762214, 3365051.305198517162353 ], [ 333915.456092028762214, 3365022.19938451051712 ], [ 333886.350278022349812, 3365022.19938451051712 ] ] ], [ [ [ 333915.456092028762214, 3365080.411012523807585 ], [ 333944.561906035174616, 3365080.411012523807585 ], [ 333944.561906035174616, 3365051.305198517162353 ], [ 333915.456092028762214, 3365051.305198517162353 ], [ 333915.456092028762214, 3365080.411012523807585 ] ] ], [ [ [ 334002.773534048057627, 3365022.19938451051712 ], [ 333973.667720041645225, 3365022.19938451051712 ], [ 333973.667720041645225, 3365080.411012523807585 ], [ 333944.561906035174616, 3365080.411012523807585 ], [ 333944.561906035174616, 3365138.622640536632389 ], [ 334002.773534048057627, 3365138.622640536632389 ], [ 334002.773534048057627, 3365022.19938451051712 ] ] ] ] } },
{ "type": "Feature", "properties": { "zone_id": "RZ-114", "zone_label": "Candidate Hazard-Based Red Zone", "candidate_priority_rank": 114, "candidate_priority_basis": "Mean multi-hazard score, then maximum score, then area", "source_indicator": "Higher Multi-Hazard Indicator", "source_class": 3, "mean_multihazard_score": 0.694373, "max_multihazard_score": 0.767423, "min_multihazard_score": 0.651669, "terrain_contribution_mean": 0.215477, "flood_contribution_mean": 0.478896, "area_m2": 12707.23, "area_hectares": 1.2707, "pixel_count": 15, "methodology": "Deterministic terrain and hydrology screening", "disclaimer": "Decision Support — Requires Official Verification & Geotechnical Assessment" }, "geometry": { "type": "MultiPolygon", "coordinates": [ [ [ [ 323437.363049713720102, 3387113.512215391732752 ], [ 323408.2572357073077, 3387113.512215391732752 ], [ 323408.2572357073077, 3387142.618029397912323 ], [ 323437.363049713720102, 3387142.618029397912323 ], [ 323437.363049713720102, 3387113.512215391732752 ] ] ], [ [ [ 323204.516537662246265, 3387142.618029397912323 ], [ 323204.516537662246265, 3387171.723843404557556 ], [ 323408.2572357073077, 3387171.723843404557556 ], [ 323408.2572357073077, 3387142.618029397912323 ], [ 323204.516537662246265, 3387142.618029397912323 ] ] ], [ [ [ 323204.516537662246265, 3387200.829657410737127 ], [ 323204.516537662246265, 3387171.723843404557556 ], [ 323175.410723655833863, 3387171.723843404557556 ], [ 323175.410723655833863, 3387200.829657410737127 ], [ 323204.516537662246265, 3387200.829657410737127 ] ] ], [ [ [ 323175.410723655833863, 3387200.829657410737127 ], [ 323146.304909649421461, 3387200.829657410737127 ], [ 323146.304909649421461, 3387229.93547141738236 ], [ 323175.410723655833863, 3387229.93547141738236 ], [ 323175.410723655833863, 3387200.829657410737127 ] ] ], [ [ [ 323117.199095643009059, 3387229.93547141738236 ], [ 323117.199095643009059, 3387259.041285423561931 ], [ 323146.304909649421461, 3387259.041285423561931 ], [ 323146.304909649421461, 3387229.93547141738236 ], [ 323117.199095643009059, 3387229.93547141738236 ] ] ], [ [ [ 323117.199095643009059, 3387375.464541449677199 ], [ 323117.199095643009059, 3387259.041285423561931 ], [ 323088.09328163653845, 3387259.041285423561931 ], [ 323088.09328163653845, 3387375.464541449677199 ], [ 323117.199095643009059, 3387375.464541449677199 ] ] ] ] } },
{ "type": "Feature", "properties": { "zone_id": "RZ-115", "zone_label": "Candidate Hazard-Based Red Zone", "candidate_priority_rank": 115, "candidate_priority_basis": "Mean multi-hazard score, then maximum score, then area", "source_indicator": "Higher Multi-Hazard Indicator", "source_class": 3, "mean_multihazard_score": 0.694295, "max_multihazard_score": 0.729743, "min_multihazard_score": 0.66446, "terrain_contribution_mean": 0.353094, "flood_contribution_mean": 0.341201, "area_m2": 15248.67, "area_hectares": 1.5249, "pixel_count": 18, "methodology": "Deterministic terrain and hydrology screening", "disclaimer": "Decision Support — Requires Official Verification & Geotechnical Assessment" }, "geometry": { "type": "MultiPolygon", "coordinates": [ [ [ [ 330568.287481289240532, 3400007.38782024057582 ], [ 330626.499109302065335, 3400007.38782024057582 ], [ 330626.499109302065335, 3399978.282006233930588 ], [ 330568.287481289240532, 3399978.282006233930588 ], [ 330568.287481289240532, 3400007.38782024057582 ] ] ], [ [ [ 330655.604923308535945, 3400036.493634246755391 ], [ 330655.604923308535945, 3400007.38782024057582 ], [ 330626.499109302065335, 3400007.38782024057582 ], [ 330626.499109302065335, 3400036.493634246755391 ], [ 330655.604923308535945, 3400036.493634246755391 ] ] ], [ [ [ 330655.604923308535945, 3400036.493634246755391 ], [ 330655.604923308535945, 3400065.599448253400624 ], [ 330684.710737314948346, 3400065.599448253400624 ], [ 330684.710737314948346, 3400036.493634246755391 ], [ 330655.604923308535945, 3400036.493634246755391 ] ] ], [ [ [ 330713.816551321418956, 3400094.705262259580195 ], [ 330713.816551321418956, 3400065.599448253400624 ], [ 330684.710737314948346, 3400065.599448253400624 ], [ 330684.710737314948346, 3400094.705262259580195 ], [ 330713.816551321418956, 3400094.705262259580195 ] ] ], [ [ [ 330713.816551321418956, 3400094.705262259580195 ], [ 330713.816551321418956, 3400123.811076266225427 ], [ 330742.922365327831358, 3400123.811076266225427 ], [ 330742.922365327831358, 3400094.705262259580195 ], [ 330713.816551321418956, 3400094.705262259580195 ] ] ], [ [ [ 330742.922365327831358, 3400152.916890272404999 ], [ 330772.02817933424376, 3400152.916890272404999 ], [ 330772.02817933424376, 3400123.811076266225427 ], [ 330742.922365327831358, 3400123.811076266225427 ], [ 330742.922365327831358, 3400152.916890272404999 ] ] ], [ [ [ 330684.710737314948346, 3400211.128518285229802 ], [ 330772.02817933424376, 3400211.128518285229802 ], [ 330772.02817933424376, 3400182.022704279050231 ], [ 330684.710737314948346, 3400182.022704279050231 ], [ 330684.710737314948346, 3400211.128518285229802 ] ] ], [ [ [ 330772.02817933424376, 3400182.022704279050231 ], [ 330801.133993340656161, 3400182.022704279050231 ], [ 330801.133993340656161, 3400152.916890272404999 ], [ 330772.02817933424376, 3400152.916890272404999 ], [ 330772.02817933424376, 3400182.022704279050231 ] ] ], [ [ [ 330801.133993340656161, 3400211.128518285229802 ], [ 330830.239807347126771, 3400211.128518285229802 ], [ 330830.239807347126771, 3400182.022704279050231 ], [ 330801.133993340656161, 3400182.022704279050231 ], [ 330801.133993340656161, 3400211.128518285229802 ] ] ], [ [ [ 330801.133993340656161, 3400211.128518285229802 ], [ 330772.02817933424376, 3400211.128518285229802 ], [ 330772.02817933424376, 3400240.234332291875035 ], [ 330801.133993340656161, 3400240.234332291875035 ], [ 330801.133993340656161, 3400211.128518285229802 ] ] ], [ [ [ 330888.451435359951574, 3400240.234332291875035 ], [ 330888.451435359951574, 3400211.128518285229802 ], [ 330830.239807347126771, 3400211.128518285229802 ], [ 330830.239807347126771, 3400240.234332291875035 ], [ 330888.451435359951574, 3400240.234332291875035 ] ] ], [ [ [ 330888.451435359951574, 3400240.234332291875035 ], [ 330888.451435359951574, 3400269.340146298054606 ], [ 330917.557249366422184, 3400269.340146298054606 ], [ 330917.557249366422184, 3400240.234332291875035 ], [ 330888.451435359951574, 3400240.234332291875035 ] ] ], [ [ [ 330946.663063372834586, 3400298.445960304699838 ], [ 330946.663063372834586, 3400269.340146298054606 ], [ 330917.557249366422184, 3400269.340146298054606 ], [ 330917.557249366422184, 3400298.445960304699838 ], [ 330946.663063372834586, 3400298.445960304699838 ] ] ], [ [ [ 330946.663063372834586, 3400298.445960304699838 ], [ 330946.663063372834586, 3400327.551774311345071 ], [ 330975.768877379246987, 3400327.551774311345071 ], [ 330975.768877379246987, 3400298.445960304699838 ], [ 330946.663063372834586, 3400298.445960304699838 ] ] ] ] } },
{ "type": "Feature", "properties": { "zone_id": "RZ-116", "zone_label": "Candidate Hazard-Based Red Zone", "candidate_priority_rank": 116, "candidate_priority_basis": "Mean multi-hazard score, then maximum score, then area", "source_indicator": "Higher Multi-Hazard Indicator", "source_class": 3, "mean_multihazard_score": 0.694091, "max_multihazard_score": 0.71672, "min_multihazard_score": 0.675445, "terrain_contribution_mean": 0.381805, "flood_contribution_mean": 0.312286, "area_m2": 5082.89, "area_hectares": 0.5083, "pixel_count": 6, "methodology": "Deterministic terrain and hydrology screening", "disclaimer": "Decision Support — Requires Official Verification & Geotechnical Assessment" }, "geometry": { "type": "Polygon", "coordinates": [ [ [ 315258.629313906712923, 3406148.714575597085059 ], [ 315258.629313906712923, 3406032.291319571435452 ], [ 315287.735127913125325, 3406032.291319571435452 ], [ 315287.735127913125325, 3406090.502947584260255 ], [ 315316.840941919595934, 3406090.502947584260255 ], [ 315316.840941919595934, 3406148.714575597085059 ], [ 315258.629313906712923, 3406148.714575597085059 ] ] ] } },
{ "type": "Feature", "properties": { "zone_id": "RZ-117", "zone_label": "Candidate Hazard-Based Red Zone", "candidate_priority_rank": 117, "candidate_priority_basis": "Mean multi-hazard score, then maximum score, then area", "source_indicator": "Higher Multi-Hazard Indicator", "source_class": 3, "mean_multihazard_score": 0.693992, "max_multihazard_score": 0.729411, "min_multihazard_score": 0.667313, "terrain_contribution_mean": 0.356967, "flood_contribution_mean": 0.337025, "area_m2": 6777.19, "area_hectares": 0.6777, "pixel_count": 8, "methodology": "Deterministic terrain and hydrology screening", "disclaimer": "Decision Support — Requires Official Verification & Geotechnical Assessment" }, "geometry": { "type": "Polygon", "coordinates": [ [ [ 333828.138650009466801, 3398581.202933925203979 ], [ 333828.138650009466801, 3398348.356421873904765 ], [ 333857.244464015879203, 3398348.356421873904765 ], [ 333857.244464015879203, 3398581.202933925203979 ], [ 333828.138650009466801, 3398581.202933925203979 ] ] ] } },
{ "type": "Feature", "properties": { "zone_id": "RZ-118", "zone_label": "Candidate Hazard-Based Red Zone", "candidate_priority_rank": 118, "candidate_priority_basis": "Mean multi-hazard score, then maximum score, then area", "source_indicator": "Higher Multi-Hazard Indicator", "source_class": 3, "mean_multihazard_score": 0.693852, "max_multihazard_score": 0.732576, "min_multihazard_score": 0.673212, "terrain_contribution_mean": 0.424955, "flood_contribution_mean": 0.268897, "area_m2": 6777.19, "area_hectares": 0.6777, "pixel_count": 8, "methodology": "Deterministic terrain and hydrology screening", "disclaimer": "Decision Support — Requires Official Verification & Geotechnical Assessment" }, "geometry": { "type": "MultiPolygon", "coordinates": [ [ [ [ 330801.133993340656161, 3394710.129671069793403 ], [ 330772.02817933424376, 3394710.129671069793403 ], [ 330772.02817933424376, 3394739.235485076438636 ], [ 330801.133993340656161, 3394739.235485076438636 ], [ 330801.133993340656161, 3394710.129671069793403 ] ] ], [ [ [ 330742.922365327831358, 3394768.341299083083868 ], [ 330772.02817933424376, 3394768.341299083083868 ], [ 330772.02817933424376, 3394739.235485076438636 ], [ 330742.922365327831358, 3394739.235485076438636 ], [ 330742.922365327831358, 3394768.341299083083868 ] ] ], [ [ [ 330742.922365327831358, 3394768.341299083083868 ], [ 330713.816551321418956, 3394768.341299083083868 ], [ 330713.816551321418956, 3394797.447113089263439 ], [ 330742.922365327831358, 3394797.447113089263439 ], [ 330742.922365327831358, 3394768.341299083083868 ] ] ], [ [ [ 330684.710737314948346, 3394797.447113089263439 ], [ 330684.710737314948346, 3394826.552927095908672 ], [ 330713.816551321418956, 3394826.552927095908672 ], [ 330713.816551321418956, 3394797.447113089263439 ], [ 330684.710737314948346, 3394797.447113089263439 ] ] ], [ [ [ 330684.710737314948346, 3394942.976183121558279 ], [ 330684.710737314948346, 3394826.552927095908672 ], [ 330655.604923308535945, 3394826.552927095908672 ], [ 330655.604923308535945, 3394942.976183121558279 ], [ 330684.710737314948346, 3394942.976183121558279 ] ] ] ] } },
{ "type": "Feature", "properties": { "zone_id": "RZ-119", "zone_label": "Candidate Hazard-Based Red Zone", "candidate_priority_rank": 119, "candidate_priority_basis": "Mean multi-hazard score, then maximum score, then area", "source_indicator": "Higher Multi-Hazard Indicator", "source_class": 3, "mean_multihazard_score": 0.693716, "max_multihazard_score": 0.71358, "min_multihazard_score": 0.660257, "terrain_contribution_mean": 0.346776, "flood_contribution_mean": 0.34694, "area_m2": 5082.89, "area_hectares": 0.5083, "pixel_count": 6, "methodology": "Deterministic terrain and hydrology screening", "disclaimer": "Decision Support — Requires Official Verification & Geotechnical Assessment" }, "geometry": { "type": "MultiPolygon", "coordinates": [ [ [ [ 302830.44673316081753, 3407254.735507841687649 ], [ 302801.340919154405128, 3407254.735507841687649 ], [ 302801.340919154405128, 3407283.841321847867221 ], [ 302830.44673316081753, 3407283.841321847867221 ], [ 302830.44673316081753, 3407254.735507841687649 ] ] ], [ [ [ 302772.235105147934519, 3407283.841321847867221 ], [ 302772.235105147934519, 3407312.947135854512453 ], [ 302801.340919154405128, 3407312.947135854512453 ], [ 302801.340919154405128, 3407283.841321847867221 ], [ 302772.235105147934519, 3407283.841321847867221 ] ] ], [ [ [ 302772.235105147934519, 3407342.052949861157686 ], [ 302772.235105147934519, 3407312.947135854512453 ], [ 302743.129291141522117, 3407312.947135854512453 ], [ 302743.129291141522117, 3407342.052949861157686 ], [ 302772.235105147934519, 3407342.052949861157686 ] ] ], [ [ [ 302743.129291141522117, 3407342.052949861157686 ], [ 302714.023477135109715, 3407342.052949861157686 ], [ 302714.023477135109715, 3407371.158763867337257 ], [ 302743.129291141522117, 3407371.158763867337257 ], [ 302743.129291141522117, 3407342.052949861157686 ] ] ], [ [ [ 302684.917663128639106, 3407371.158763867337257 ], [ 302684.917663128639106, 3407400.264577873982489 ], [ 302714.023477135109715, 3407400.264577873982489 ], [ 302714.023477135109715, 3407371.158763867337257 ], [ 302684.917663128639106, 3407371.158763867337257 ] ] ], [ [ [ 302684.917663128639106, 3407429.37039188016206 ], [ 302684.917663128639106, 3407400.264577873982489 ], [ 302655.811849122226704, 3407400.264577873982489 ], [ 302655.811849122226704, 3407429.37039188016206 ], [ 302684.917663128639106, 3407429.37039188016206 ] ] ] ] } },
{ "type": "Feature", "properties": { "zone_id": "RZ-120", "zone_label": "Candidate Hazard-Based Red Zone", "candidate_priority_rank": 120, "candidate_priority_basis": "Mean multi-hazard score, then maximum score, then area", "source_indicator": "Higher Multi-Hazard Indicator", "source_class": 3, "mean_multihazard_score": 0.693439, "max_multihazard_score": 0.734302, "min_multihazard_score": 0.660596, "terrain_contribution_mean": 0.367033, "flood_contribution_mean": 0.326407, "area_m2": 5930.04, "area_hectares": 0.593, "pixel_count": 7, "methodology": "Deterministic terrain and hydrology screening", "disclaimer": "Decision Support — Requires Official Verification & Geotechnical Assessment" }, "geometry": { "type": "MultiPolygon", "coordinates": [ [ [ [ 328559.986314845504239, 3399890.964564214460552 ], [ 328559.986314845504239, 3399861.858750208280981 ], [ 328530.880500839091837, 3399861.858750208280981 ], [ 328530.880500839091837, 3399890.964564214460552 ], [ 328559.986314845504239, 3399890.964564214460552 ] ] ], [ [ [ 328530.880500839091837, 3399890.964564214460552 ], [ 328501.774686832679436, 3399890.964564214460552 ], [ 328501.774686832679436, 3399920.070378221105784 ], [ 328530.880500839091837, 3399920.070378221105784 ], [ 328530.880500839091837, 3399890.964564214460552 ] ] ], [ [ [ 328472.668872826208826, 3399978.282006233930588 ], [ 328443.563058819796424, 3399978.282006233930588 ], [ 328443.563058819796424, 3400007.38782024057582 ], [ 328472.668872826208826, 3400007.38782024057582 ], [ 328472.668872826208826, 3400036.493634246755391 ], [ 328501.774686832679436, 3400036.493634246755391 ], [ 328501.774686832679436, 3399920.070378221105784 ], [ 328472.668872826208826, 3399920.070378221105784 ], [ 328472.668872826208826, 3399978.282006233930588 ] ] ] ] } },
{ "type": "Feature", "properties": { "zone_id": "RZ-121", "zone_label": "Candidate Hazard-Based Red Zone", "candidate_priority_rank": 121, "candidate_priority_basis": "Mean multi-hazard score, then maximum score, then area", "source_indicator": "Higher Multi-Hazard Indicator", "source_class": 3, "mean_multihazard_score": 0.693293, "max_multihazard_score": 0.745417, "min_multihazard_score": 0.651273, "terrain_contribution_mean": 0.364551, "flood_contribution_mean": 0.328742, "area_m2": 22873.01, "area_hectares": 2.2873, "pixel_count": 27, "methodology": "Deterministic terrain and hydrology screening", "disclaimer": "Decision Support — Requires Official Verification & Geotechnical Assessment" }, "geometry": { "type": "MultiPolygon", "coordinates": [ [ [ [ 326900.954916478949599, 3380011.693597822450101 ], [ 326871.849102472537197, 3380011.693597822450101 ], [ 326871.849102472537197, 3379982.58778381627053 ], [ 326813.637474459712394, 3379982.58778381627053 ], [ 326813.637474459712394, 3380011.693597822450101 ], [ 326842.743288466124795, 3380011.693597822450101 ], [ 326842.743288466124795, 3380069.905225835274905 ], [ 326871.849102472537197, 3380069.905225835274905 ], [ 326871.849102472537197, 3380040.799411829095334 ], [ 326900.954916478949599, 3380040.799411829095334 ], [ 326900.954916478949599, 3380011.693597822450101 ] ] ], [ [ [ 326871.849102472537197, 3380099.011039841920137 ], [ 326900.954916478949599, 3380099.011039841920137 ], [ 326900.954916478949599, 3380069.905225835274905 ], [ 326871.849102472537197, 3380069.905225835274905 ], [ 326871.849102472537197, 3380099.011039841920137 ] ] ], [ [ [ 326930.060730485420208, 3380099.011039841920137 ], [ 326959.16654449183261, 3380099.011039841920137 ], [ 326959.16654449183261, 3380069.905225835274905 ], [ 326930.060730485420208, 3380069.905225835274905 ], [ 326930.060730485420208, 3380099.011039841920137 ] ] ], [ [ [ 326900.954916478949599, 3380128.116853848099709 ], [ 326930.060730485420208, 3380128.116853848099709 ], [ 326930.060730485420208, 3380099.011039841920137 ], [ 326900.954916478949599, 3380099.011039841920137 ], [ 326900.954916478949599, 3380128.116853848099709 ] ] ], [ [ [ 326959.16654449183261, 3380128.116853848099709 ], [ 326988.272358498245012, 3380128.116853848099709 ], [ 326988.272358498245012, 3380099.011039841920137 ], [ 326959.16654449183261, 3380099.011039841920137 ], [ 326959.16654449183261, 3380128.116853848099709 ] ] ], [ [ [ 326959.16654449183261, 3380128.116853848099709 ], [ 326930.060730485420208, 3380128.116853848099709 ], [ 326930.060730485420208, 3380157.222667854744941 ], [ 326959.16654449183261, 3380157.222667854744941 ], [ 326959.16654449183261, 3380128.116853848099709 ] ] ], [ [ [ 326988.272358498245012, 3380360.963365899864584 ], [ 326988.272358498245012, 3380331.857551893219352 ], [ 327017.378172504715621, 3380331.857551893219352 ], [ 327017.378172504715621, 3380215.434295867569745 ], [ 326988.272358498245012, 3380215.434295867569745 ], [ 326988.272358498245012, 3380157.222667854744941 ], [ 326959.16654449183261, 3380157.222667854744941 ], [ 326959.16654449183261, 3380360.963365899864584 ], [ 326988.272358498245012, 3380360.963365899864584 ] ] ], [ [ [ 327017.378172504715621, 3380157.222667854744941 ], [ 327017.378172504715621, 3380128.116853848099709 ], [ 326988.272358498245012, 3380128.116853848099709 ], [ 326988.272358498245012, 3380157.222667854744941 ], [ 327017.378172504715621, 3380157.222667854744941 ] ] ], [ [ [ 327017.378172504715621, 3380157.222667854744941 ], [ 327017.378172504715621, 3380186.328481860924512 ], [ 327046.483986511128023, 3380186.328481860924512 ], [ 327046.483986511128023, 3380157.222667854744941 ], [ 327017.378172504715621, 3380157.222667854744941 ] ] ], [ [ [ 327075.589800517540425, 3380215.434295867569745 ], [ 327075.589800517540425, 3380186.328481860924512 ], [ 327046.483986511128023, 3380186.328481860924512 ], [ 327046.483986511128023, 3380215.434295867569745 ], [ 327075.589800517540425, 3380215.434295867569745 ] ] ], [ [ [ 327075.589800517540425, 3380215.434295867569745 ], [ 327075.589800517540425, 3380244.540109874214977 ], [ 327104.695614524011035, 3380244.540109874214977 ], [ 327104.695614524011035, 3380215.434295867569745 ], [ 327075.589800517540425, 3380215.434295867569745 ] ] ], [ [ [ 327133.801428530423436, 3380273.645923880394548 ], [ 327133.801428530423436, 3380244.540109874214977 ], [ 327104.695614524011035, 3380244.540109874214977 ], [ 327104.695614524011035, 3380273.645923880394548 ], [ 327133.801428530423436, 3380273.645923880394548 ] ] ], [ [ [ 327133.801428530423436, 3380273.645923880394548 ], [ 327133.801428530423436, 3380302.751737887039781 ], [ 327162.907242536835838, 3380302.751737887039781 ], [ 327162.907242536835838, 3380273.645923880394548 ], [ 327133.801428530423436, 3380273.645923880394548 ] ] ] ] } },
{ "type": "Feature", "properties": { "zone_id": "RZ-122", "zone_label": "Candidate Hazard-Based Red Zone", "candidate_priority_rank": 122, "candidate_priority_basis": "Mean multi-hazard score, then maximum score, then area", "source_indicator": "Higher Multi-Hazard Indicator", "source_class": 3, "mean_multihazard_score": 0.693286, "max_multihazard_score": 0.736318, "min_multihazard_score": 0.652031, "terrain_contribution_mean": 0.313901, "flood_contribution_mean": 0.379384, "area_m2": 9318.63, "area_hectares": 0.9319, "pixel_count": 11, "methodology": "Deterministic terrain and hydrology screening", "disclaimer": "Decision Support — Requires Official Verification & Geotechnical Assessment" }, "geometry": { "type": "MultiPolygon", "coordinates": [ [ [ [ 335050.582838279544376, 3380884.868018015287817 ], [ 335050.582838279544376, 3380913.973832021933049 ], [ 335079.688652285956778, 3380913.973832021933049 ], [ 335079.688652285956778, 3380884.868018015287817 ], [ 335050.582838279544376, 3380884.868018015287817 ] ] ], [ [ [ 335079.688652285956778, 3380943.07964602811262 ], [ 335108.794466292427387, 3380943.07964602811262 ], [ 335108.794466292427387, 3380913.973832021933049 ], [ 335079.688652285956778, 3380913.973832021933049 ], [ 335079.688652285956778, 3380943.07964602811262 ] ] ], [ [ [ 335137.900280298839789, 3380943.07964602811262 ], [ 335108.794466292427387, 3380943.07964602811262 ], [ 335108.794466292427387, 3380972.185460034757853 ], [ 335137.900280298839789, 3380972.185460034757853 ], [ 335137.900280298839789, 3380943.07964602811262 ] ] ], [ [ [ 335137.900280298839789, 3381001.291274041403085 ], [ 335167.006094305310398, 3381001.291274041403085 ], [ 335167.006094305310398, 3380972.185460034757853 ], [ 335137.900280298839789, 3380972.185460034757853 ], [ 335137.900280298839789, 3381001.291274041403085 ] ] ], [ [ [ 335196.1119083117228, 3381001.291274041403085 ], [ 335167.006094305310398, 3381001.291274041403085 ], [ 335167.006094305310398, 3381030.397088047582656 ], [ 335196.1119083117228, 3381030.397088047582656 ], [ 335196.1119083117228, 3381001.291274041403085 ] ] ], [ [ [ 335196.1119083117228, 3381117.714530067052692 ], [ 335225.217722318135202, 3381117.714530067052692 ], [ 335225.217722318135202, 3381059.502902054227889 ], [ 335283.429350331018213, 3381059.502902054227889 ], [ 335283.429350331018213, 3381030.397088047582656 ], [ 335196.1119083117228, 3381030.397088047582656 ], [ 335196.1119083117228, 3381117.714530067052692 ] ] ], [ [ [ 335312.535164337430615, 3381059.502902054227889 ], [ 335283.429350331018213, 3381059.502902054227889 ], [ 335283.429350331018213, 3381088.60871606040746 ], [ 335312.535164337430615, 3381088.60871606040746 ], [ 335312.535164337430615, 3381059.502902054227889 ] ] ] ] } },
{ "type": "Feature", "properties": { "zone_id": "RZ-123", "zone_label": "Candidate Hazard-Based Red Zone", "candidate_priority_rank": 123, "candidate_priority_basis": "Mean multi-hazard score, then maximum score, then area", "source_indicator": "Higher Multi-Hazard Indicator", "source_class": 3, "mean_multihazard_score": 0.693239, "max_multihazard_score": 0.730787, "min_multihazard_score": 0.652446, "terrain_contribution_mean": 0.40417, "flood_contribution_mean": 0.289069, "area_m2": 5930.04, "area_hectares": 0.593, "pixel_count": 7, "methodology": "Deterministic terrain and hydrology screening", "disclaimer": "Decision Support — Requires Official Verification & Geotechnical Assessment" }, "geometry": { "type": "MultiPolygon", "coordinates": [ [ [ [ 325096.394448080274742, 3381379.666856124997139 ], [ 325067.28863407386234, 3381379.666856124997139 ], [ 325067.28863407386234, 3381408.77267013117671 ], [ 325096.394448080274742, 3381408.77267013117671 ], [ 325096.394448080274742, 3381379.666856124997139 ] ] ], [ [ [ 325096.394448080274742, 3381466.984298144001514 ], [ 325183.711890099570155, 3381466.984298144001514 ], [ 325183.711890099570155, 3381408.77267013117671 ], [ 325096.394448080274742, 3381408.77267013117671 ], [ 325096.394448080274742, 3381466.984298144001514 ] ] ] ] } },
{ "type": "Feature", "properties": { "zone_id": "RZ-124", "zone_label": "Candidate Hazard-Based Red Zone", "candidate_priority_rank": 124, "candidate_priority_basis": "Mean multi-hazard score, then maximum score, then area", "source_indicator": "Higher Multi-Hazard Indicator", "source_class": 3, "mean_multihazard_score": 0.692574, "max_multihazard_score": 0.747376, "min_multihazard_score": 0.650867, "terrain_contribution_mean": 0.425982, "flood_contribution_mean": 0.266592, "area_m2": 7624.34, "area_hectares": 0.7624, "pixel_count": 9, "methodology": "Deterministic terrain and hydrology screening", "disclaimer": "Decision Support — Requires Official Verification & Geotechnical Assessment" }, "geometry": { "type": "MultiPolygon", "coordinates": [ [ [ [ 339008.973543154133949, 3406643.513413706794381 ], [ 338979.867729147721548, 3406643.513413706794381 ], [ 338979.867729147721548, 3406701.725041719619185 ], [ 339008.973543154133949, 3406701.725041719619185 ], [ 339008.973543154133949, 3406643.513413706794381 ] ] ], [ [ [ 339008.973543154133949, 3406701.725041719619185 ], [ 339008.973543154133949, 3406789.042483738623559 ], [ 339038.079357160546351, 3406789.042483738623559 ], [ 339038.079357160546351, 3406701.725041719619185 ], [ 339008.973543154133949, 3406701.725041719619185 ] ] ], [ [ [ 339067.185171167016961, 3406905.465739764273167 ], [ 339067.185171167016961, 3406789.042483738623559 ], [ 339038.079357160546351, 3406789.042483738623559 ], [ 339038.079357160546351, 3406905.465739764273167 ], [ 339067.185171167016961, 3406905.465739764273167 ] ] ] ] } },
{ "type": "Feature", "properties": { "zone_id": "RZ-125", "zone_label": "Candidate Hazard-Based Red Zone", "candidate_priority_rank": 125, "candidate_priority_basis": "Mean multi-hazard score, then maximum score, then area", "source_indicator": "Higher Multi-Hazard Indicator", "source_class": 3, "mean_multihazard_score": 0.692499, "max_multihazard_score": 0.738607, "min_multihazard_score": 0.662373, "terrain_contribution_mean": 0.261739, "flood_contribution_mean": 0.43076, "area_m2": 16942.97, "area_hectares": 1.6943, "pixel_count": 20, "methodology": "Deterministic terrain and hydrology screening", "disclaimer": "Decision Support — Requires Official Verification & Geotechnical Assessment" }, "geometry": { "type": "MultiPolygon", "coordinates": [ [ [ [ 298988.479284311993979, 3407691.322717938106507 ], [ 298959.373470305523369, 3407691.322717938106507 ], [ 298959.373470305523369, 3407982.380858002230525 ], [ 298988.479284311993979, 3407982.380858002230525 ], [ 298988.479284311993979, 3407691.322717938106507 ] ] ], [ [ [ 298930.267656299110968, 3408215.227370053995401 ], [ 298959.373470305523369, 3408215.227370053995401 ], [ 298959.373470305523369, 3407982.380858002230525 ], [ 298930.267656299110968, 3407982.380858002230525 ], [ 298930.267656299110968, 3408215.227370053995401 ] ] ], [ [ [ 298930.267656299110968, 3408215.227370053995401 ], [ 298901.161842292698566, 3408215.227370053995401 ], [ 298901.161842292698566, 3408244.333184060174972 ], [ 298930.267656299110968, 3408244.333184060174972 ], [ 298930.267656299110968, 3408215.227370053995401 ] ] ], [ [ [ 298872.056028286227956, 3408273.438998066820204 ], [ 298901.161842292698566, 3408273.438998066820204 ], [ 298901.161842292698566, 3408244.333184060174972 ], [ 298872.056028286227956, 3408244.333184060174972 ], [ 298872.056028286227956, 3408273.438998066820204 ] ] ] ] } },
{ "type": "Feature", "properties": { "zone_id": "RZ-126", "zone_label": "Candidate Hazard-Based Red Zone", "candidate_priority_rank": 126, "candidate_priority_basis": "Mean multi-hazard score, then maximum score, then area", "source_indicator": "Higher Multi-Hazard Indicator", "source_class": 3, "mean_multihazard_score": 0.692479, "max_multihazard_score": 0.728155, "min_multihazard_score": 0.659596, "terrain_contribution_mean": 0.416408, "flood_contribution_mean": 0.276072, "area_m2": 5082.89, "area_hectares": 0.5083, "pixel_count": 6, "methodology": "Deterministic terrain and hydrology screening", "disclaimer": "Decision Support — Requires Official Verification & Geotechnical Assessment" }, "geometry": { "type": "Polygon", "coordinates": [ [ [ 310339.746746819932014, 3409583.200628356076777 ], [ 310339.746746819932014, 3409524.989000343251973 ], [ 310456.170002845639829, 3409524.989000343251973 ], [ 310456.170002845639829, 3409554.094814349897206 ], [ 310397.958374832756817, 3409554.094814349897206 ], [ 310397.958374832756817, 3409583.200628356076777 ], [ 310339.746746819932014, 3409583.200628356076777 ] ] ] } },
{ "type": "Feature", "properties": { "zone_id": "RZ-127", "zone_label": "Candidate Hazard-Based Red Zone", "candidate_priority_rank": 127, "candidate_priority_basis": "Mean multi-hazard score, then maximum score, then area", "source_indicator": "Higher Multi-Hazard Indicator", "source_class": 3, "mean_multihazard_score": 0.691718, "max_multihazard_score": 0.717838, "min_multihazard_score": 0.667843, "terrain_contribution_mean": 0.238897, "flood_contribution_mean": 0.452821, "area_m2": 7624.34, "area_hectares": 0.7624, "pixel_count": 9, "methodology": "Deterministic terrain and hydrology screening", "disclaimer": "Decision Support — Requires Official Verification & Geotechnical Assessment" }, "geometry": { "type": "MultiPolygon", "coordinates": [ [ [ [ 309932.265350729925558, 3397591.605257706716657 ], [ 309932.265350729925558, 3397562.499443700071424 ], [ 309874.053722717042547, 3397562.499443700071424 ], [ 309874.053722717042547, 3397591.605257706716657 ], [ 309932.265350729925558, 3397591.605257706716657 ] ] ], [ [ [ 309874.053722717042547, 3397591.605257706716657 ], [ 309844.947908710630145, 3397591.605257706716657 ], [ 309844.947908710630145, 3397678.922699726186693 ], [ 309874.053722717042547, 3397678.922699726186693 ], [ 309874.053722717042547, 3397591.605257706716657 ] ] ], [ [ [ 309815.842094704159535, 3397795.3459557518363 ], [ 309844.947908710630145, 3397795.3459557518363 ], [ 309844.947908710630145, 3397678.922699726186693 ], [ 309815.842094704159535, 3397678.922699726186693 ], [ 309815.842094704159535, 3397795.3459557518363 ] ] ] ] } },
{ "type": "Feature", "properties": { "zone_id": "RZ-128", "zone_label": "Candidate Hazard-Based Red Zone", "candidate_priority_rank": 128, "candidate_priority_basis": "Mean multi-hazard score, then maximum score, then area", "source_indicator": "Higher Multi-Hazard Indicator", "source_class": 3, "mean_multihazard_score": 0.691294, "max_multihazard_score": 0.720036, "min_multihazard_score": 0.659241, "terrain_contribution_mean": 0.479776, "flood_contribution_mean": 0.211518, "area_m2": 6777.19, "area_hectares": 0.6777, "pixel_count": 8, "methodology": "Deterministic terrain and hydrology screening", "disclaimer": "Decision Support — Requires Official Verification & Geotechnical Assessment" }, "geometry": { "type": "MultiPolygon", "coordinates": [ [ [ [ 332780.329345777980052, 3398901.366887995973229 ], [ 332751.22353177156765, 3398901.366887995973229 ], [ 332751.22353177156765, 3398930.472702002618462 ], [ 332722.117717765097041, 3398930.472702002618462 ], [ 332722.117717765097041, 3399017.790144021622837 ], [ 332780.329345777980052, 3399017.790144021622837 ], [ 332780.329345777980052, 3398901.366887995973229 ] ] ], [ [ [ 332780.329345777980052, 3399046.895958028268069 ], [ 332809.435159784392454, 3399046.895958028268069 ], [ 332809.435159784392454, 3399017.790144021622837 ], [ 332780.329345777980052, 3399017.790144021622837 ], [ 332780.329345777980052, 3399046.895958028268069 ] ] ] ] } },
{ "type": "Feature", "properties": { "zone_id": "RZ-129", "zone_label": "Candidate Hazard-Based Red Zone", "candidate_priority_rank": 129, "candidate_priority_basis": "Mean multi-hazard score, then maximum score, then area", "source_indicator": "Higher Multi-Hazard Indicator", "source_class": 3, "mean_multihazard_score": 0.691204, "max_multihazard_score": 0.743283, "min_multihazard_score": 0.652601, "terrain_contribution_mean": 0.42993, "flood_contribution_mean": 0.261273, "area_m2": 5082.89, "area_hectares": 0.5083, "pixel_count": 6, "methodology": "Deterministic terrain and hydrology screening", "disclaimer": "Decision Support — Requires Official Verification & Geotechnical Assessment" }, "geometry": { "type": "Polygon", "coordinates": [ [ [ 329258.525850999867544, 3385134.316862954292446 ], [ 329258.525850999867544, 3385105.211048948112875 ], [ 329229.420036993455142, 3385105.211048948112875 ], [ 329229.420036993455142, 3385076.105234941467643 ], [ 329345.843293019162957, 3385076.105234941467643 ], [ 329345.843293019162957, 3385105.211048948112875 ], [ 329316.737479012692347, 3385105.211048948112875 ], [ 329316.737479012692347, 3385134.316862954292446 ], [ 329258.525850999867544, 3385134.316862954292446 ] ] ] } },
{ "type": "Feature", "properties": { "zone_id": "RZ-130", "zone_label": "Candidate Hazard-Based Red Zone", "candidate_priority_rank": 130, "candidate_priority_basis": "Mean multi-hazard score, then maximum score, then area", "source_indicator": "Higher Multi-Hazard Indicator", "source_class": 3, "mean_multihazard_score": 0.691081, "max_multihazard_score": 0.745251, "min_multihazard_score": 0.650914, "terrain_contribution_mean": 0.245181, "flood_contribution_mean": 0.4459, "area_m2": 5930.04, "area_hectares": 0.593, "pixel_count": 7, "methodology": "Deterministic terrain and hydrology screening", "disclaimer": "Decision Support — Requires Official Verification & Geotechnical Assessment" }, "geometry": { "type": "Polygon", "coordinates": [ [ [ 304693.218829572375398, 3398901.366887995973229 ], [ 304693.218829572375398, 3398697.626189950853586 ], [ 304722.3246435787878, 3398697.626189950853586 ], [ 304722.3246435787878, 3398901.366887995973229 ], [ 304693.218829572375398, 3398901.366887995973229 ] ] ] } },
{ "type": "Feature", "properties": { "zone_id": "RZ-131", "zone_label": "Candidate Hazard-Based Red Zone", "candidate_priority_rank": 131, "candidate_priority_basis": "Mean multi-hazard score, then maximum score, then area", "source_indicator": "Higher Multi-Hazard Indicator", "source_class": 3, "mean_multihazard_score": 0.690679, "max_multihazard_score": 0.708606, "min_multihazard_score": 0.659661, "terrain_contribution_mean": 0.29214, "flood_contribution_mean": 0.398539, "area_m2": 5930.04, "area_hectares": 0.593, "pixel_count": 7, "methodology": "Deterministic terrain and hydrology screening", "disclaimer": "Decision Support — Requires Official Verification & Geotechnical Assessment" }, "geometry": { "type": "MultiPolygon", "coordinates": [ [ [ [ 312580.894425315083936, 3389616.612219944596291 ], [ 312551.788611308671534, 3389616.612219944596291 ], [ 312551.788611308671534, 3389645.718033951241523 ], [ 312580.894425315083936, 3389645.718033951241523 ], [ 312580.894425315083936, 3389616.612219944596291 ] ] ], [ [ [ 312580.894425315083936, 3389645.718033951241523 ], [ 312580.894425315083936, 3389762.14128997689113 ], [ 312610.000239321496338, 3389762.14128997689113 ], [ 312610.000239321496338, 3389645.718033951241523 ], [ 312580.894425315083936, 3389645.718033951241523 ] ] ], [ [ [ 312639.106053327966947, 3389820.352917989715934 ], [ 312639.106053327966947, 3389762.14128997689113 ], [ 312610.000239321496338, 3389762.14128997689113 ], [ 312610.000239321496338, 3389820.352917989715934 ], [ 312639.106053327966947, 3389820.352917989715934 ] ] ] ] } },
{ "type": "Feature", "properties": { "zone_id": "RZ-132", "zone_label": "Candidate Hazard-Based Red Zone", "candidate_priority_rank": 132, "candidate_priority_basis": "Mean multi-hazard score, then maximum score, then area", "source_indicator": "Higher Multi-Hazard Indicator", "source_class": 3, "mean_multihazard_score": 0.690614, "max_multihazard_score": 0.756451, "min_multihazard_score": 0.655744, "terrain_contribution_mean": 0.313957, "flood_contribution_mean": 0.376657, "area_m2": 7624.34, "area_hectares": 0.7624, "pixel_count": 9, "methodology": "Deterministic terrain and hydrology screening", "disclaimer": "Decision Support — Requires Official Verification & Geotechnical Assessment" }, "geometry": { "type": "MultiPolygon", "coordinates": [ [ [ [ 313628.703729546570685, 3406032.291319571435452 ], [ 313657.809543553041294, 3406032.291319571435452 ], [ 313657.809543553041294, 3406003.18550556525588 ], [ 313628.703729546570685, 3406003.18550556525588 ], [ 313628.703729546570685, 3406032.291319571435452 ] ] ], [ [ [ 313686.915357559453696, 3406032.291319571435452 ], [ 313657.809543553041294, 3406032.291319571435452 ], [ 313657.809543553041294, 3406061.397133578080684 ], [ 313686.915357559453696, 3406061.397133578080684 ], [ 313686.915357559453696, 3406032.291319571435452 ] ] ], [ [ [ 313686.915357559453696, 3406090.502947584260255 ], [ 313716.021171565866098, 3406090.502947584260255 ], [ 313716.021171565866098, 3406061.397133578080684 ], [ 313686.915357559453696, 3406061.397133578080684 ], [ 313686.915357559453696, 3406090.502947584260255 ] ] ], [ [ [ 313745.126985572336707, 3406090.502947584260255 ], [ 313716.021171565866098, 3406090.502947584260255 ], [ 313716.021171565866098, 3406119.608761590905488 ], [ 313745.126985572336707, 3406119.608761590905488 ], [ 313745.126985572336707, 3406090.502947584260255 ] ] ], [ [ [ 313745.126985572336707, 3406148.714575597085059 ], [ 313774.232799578749109, 3406148.714575597085059 ], [ 313774.232799578749109, 3406119.608761590905488 ], [ 313745.126985572336707, 3406119.608761590905488 ], [ 313745.126985572336707, 3406148.714575597085059 ] ] ], [ [ [ 313803.338613585161511, 3406148.714575597085059 ], [ 313774.232799578749109, 3406148.714575597085059 ], [ 313774.232799578749109, 3406177.820389603730291 ], [ 313803.338613585161511, 3406177.820389603730291 ], [ 313803.338613585161511, 3406148.714575597085059 ] ] ], [ [ [ 313803.338613585161511, 3406206.926203609909862 ], [ 313832.44442759163212, 3406206.926203609909862 ], [ 313832.44442759163212, 3406177.820389603730291 ], [ 313803.338613585161511, 3406177.820389603730291 ], [ 313803.338613585161511, 3406206.926203609909862 ] ] ], [ [ [ 313861.550241598044522, 3406236.032017616555095 ], [ 313861.550241598044522, 3406206.926203609909862 ], [ 313832.44442759163212, 3406206.926203609909862 ], [ 313832.44442759163212, 3406236.032017616555095 ], [ 313861.550241598044522, 3406236.032017616555095 ] ] ], [ [ [ 313861.550241598044522, 3406236.032017616555095 ], [ 313861.550241598044522, 3406265.137831623200327 ], [ 313890.656055604456924, 3406265.137831623200327 ], [ 313890.656055604456924, 3406236.032017616555095 ], [ 313861.550241598044522, 3406236.032017616555095 ] ] ] ] } },
{ "type": "Feature", "properties": { "zone_id": "RZ-133", "zone_label": "Candidate Hazard-Based Red Zone", "candidate_priority_rank": 133, "candidate_priority_basis": "Mean multi-hazard score, then maximum score, then area", "source_indicator": "Higher Multi-Hazard Indicator", "source_class": 3, "mean_multihazard_score": 0.690585, "max_multihazard_score": 0.730202, "min_multihazard_score": 0.656479, "terrain_contribution_mean": 0.294668, "flood_contribution_mean": 0.395917, "area_m2": 5930.04, "area_hectares": 0.593, "pixel_count": 7, "methodology": "Deterministic terrain and hydrology screening", "disclaimer": "Decision Support — Requires Official Verification & Geotechnical Assessment" }, "geometry": { "type": "MultiPolygon", "coordinates": [ [ [ [ 302626.706035115814302, 3398522.991305912379175 ], [ 302626.706035115814302, 3398493.885491906199604 ], [ 302452.071151077223476, 3398493.885491906199604 ], [ 302452.071151077223476, 3398522.991305912379175 ], [ 302626.706035115814302, 3398522.991305912379175 ] ] ], [ [ [ 302422.965337070811074, 3398522.991305912379175 ], [ 302422.965337070811074, 3398552.097119919024408 ], [ 302452.071151077223476, 3398552.097119919024408 ], [ 302452.071151077223476, 3398522.991305912379175 ], [ 302422.965337070811074, 3398522.991305912379175 ] ] ] ] } },
{ "type": "Feature", "properties": { "zone_id": "RZ-134", "zone_label": "Candidate Hazard-Based Red Zone", "candidate_priority_rank": 134, "candidate_priority_basis": "Mean multi-hazard score, then maximum score, then area", "source_indicator": "Higher Multi-Hazard Indicator", "source_class": 3, "mean_multihazard_score": 0.690395, "max_multihazard_score": 0.720825, "min_multihazard_score": 0.657485, "terrain_contribution_mean": 0.327575, "flood_contribution_mean": 0.36282, "area_m2": 6777.19, "area_hectares": 0.6777, "pixel_count": 8, "methodology": "Deterministic terrain and hydrology screening", "disclaimer": "Decision Support — Requires Official Verification & Geotechnical Assessment" }, "geometry": { "type": "MultiPolygon", "coordinates": [ [ [ [ 329374.949107025575358, 3399105.107586041092873 ], [ 329345.843293019162957, 3399105.107586041092873 ], [ 329345.843293019162957, 3399134.213400047272444 ], [ 329374.949107025575358, 3399134.213400047272444 ], [ 329374.949107025575358, 3399105.107586041092873 ] ] ], [ [ [ 329316.737479012692347, 3399134.213400047272444 ], [ 329316.737479012692347, 3399163.319214053917676 ], [ 329345.843293019162957, 3399163.319214053917676 ], [ 329345.843293019162957, 3399134.213400047272444 ], [ 329316.737479012692347, 3399134.213400047272444 ] ] ], [ [ [ 329316.737479012692347, 3399192.425028060562909 ], [ 329316.737479012692347, 3399163.319214053917676 ], [ 329287.631665006279945, 3399163.319214053917676 ], [ 329287.631665006279945, 3399192.425028060562909 ], [ 329316.737479012692347, 3399192.425028060562909 ] ] ], [ [ [ 329258.525850999867544, 3399192.425028060562909 ], [ 329258.525850999867544, 3399221.53084206674248 ], [ 329287.631665006279945, 3399221.53084206674248 ], [ 329287.631665006279945, 3399192.425028060562909 ], [ 329258.525850999867544, 3399192.425028060562909 ] ] ], [ [ [ 329258.525850999867544, 3399250.636656073387712 ], [ 329258.525850999867544, 3399221.53084206674248 ], [ 329229.420036993455142, 3399221.53084206674248 ], [ 329229.420036993455142, 3399250.636656073387712 ], [ 329258.525850999867544, 3399250.636656073387712 ] ] ], [ [ [ 329200.314222986984532, 3399250.636656073387712 ], [ 329200.314222986984532, 3399279.742470079567283 ], [ 329229.420036993455142, 3399279.742470079567283 ], [ 329229.420036993455142, 3399250.636656073387712 ], [ 329200.314222986984532, 3399250.636656073387712 ] ] ], [ [ [ 329200.314222986984532, 3399308.848284086212516 ], [ 329200.314222986984532, 3399279.742470079567283 ], [ 329142.102594974101521, 3399279.742470079567283 ], [ 329142.102594974101521, 3399308.848284086212516 ], [ 329200.314222986984532, 3399308.848284086212516 ] ] ] ] } },
{ "type": "Feature", "properties": { "zone_id": "RZ-135", "zone_label": "Candidate Hazard-Based Red Zone", "candidate_priority_rank": 135, "candidate_priority_basis": "Mean multi-hazard score, then maximum score, then area", "source_indicator": "Higher Multi-Hazard Indicator", "source_class": 3, "mean_multihazard_score": 0.690136, "max_multihazard_score": 0.7448, "min_multihazard_score": 0.651516, "terrain_contribution_mean": 0.310982, "flood_contribution_mean": 0.379154, "area_m2": 11012.93, "area_hectares": 1.1013, "pixel_count": 13, "methodology": "Deterministic terrain and hydrology screening", "disclaimer": "Decision Support — Requires Official Verification & Geotechnical Assessment" }, "geometry": { "type": "MultiPolygon", "coordinates": [ [ [ [ 335749.12237443390768, 3380128.116853848099709 ], [ 335749.12237443390768, 3380157.222667854744941 ], [ 335923.757258472498506, 3380157.222667854744941 ], [ 335923.757258472498506, 3380128.116853848099709 ], [ 335749.12237443390768, 3380128.116853848099709 ] ] ], [ [ [ 335720.016560427495278, 3380157.222667854744941 ], [ 335720.016560427495278, 3380186.328481860924512 ], [ 335749.12237443390768, 3380186.328481860924512 ], [ 335749.12237443390768, 3380157.222667854744941 ], [ 335720.016560427495278, 3380157.222667854744941 ] ] ], [ [ [ 335923.757258472498506, 3380157.222667854744941 ], [ 335923.757258472498506, 3380186.328481860924512 ], [ 336011.074700491793919, 3380186.328481860924512 ], [ 336011.074700491793919, 3380157.222667854744941 ], [ 335923.757258472498506, 3380157.222667854744941 ] ] ], [ [ [ 336011.074700491793919, 3380186.328481860924512 ], [ 336011.074700491793919, 3380215.434295867569745 ], [ 336040.180514498206321, 3380215.434295867569745 ], [ 336040.180514498206321, 3380186.328481860924512 ], [ 336011.074700491793919, 3380186.328481860924512 ] ] ], [ [ [ 336040.180514498206321, 3380244.540109874214977 ], [ 336069.286328504618723, 3380244.540109874214977 ], [ 336069.286328504618723, 3380215.434295867569745 ], [ 336040.180514498206321, 3380215.434295867569745 ], [ 336040.180514498206321, 3380244.540109874214977 ] ] ], [ [ [ 336098.392142511089332, 3380244.540109874214977 ], [ 336069.286328504618723, 3380244.540109874214977 ], [ 336069.286328504618723, 3380273.645923880394548 ], [ 336098.392142511089332, 3380273.645923880394548 ], [ 336098.392142511089332, 3380244.540109874214977 ] ] ] ] } },
{ "type": "Feature", "properties": { "zone_id": "RZ-136", "zone_label": "Candidate Hazard-Based Red Zone", "candidate_priority_rank": 136, "candidate_priority_basis": "Mean multi-hazard score, then maximum score, then area", "source_indicator": "Higher Multi-Hazard Indicator", "source_class": 3, "mean_multihazard_score": 0.690031, "max_multihazard_score": 0.71202, "min_multihazard_score": 0.664784, "terrain_contribution_mean": 0.446921, "flood_contribution_mean": 0.24311, "area_m2": 5082.89, "area_hectares": 0.5083, "pixel_count": 6, "methodology": "Deterministic terrain and hydrology screening", "disclaimer": "Decision Support — Requires Official Verification & Geotechnical Assessment" }, "geometry": { "type": "MultiPolygon", "coordinates": [ [ [ [ 310980.074654961412307, 3409670.518070375546813 ], [ 310863.651398935704492, 3409670.518070375546813 ], [ 310863.651398935704492, 3409699.623884381726384 ], [ 310980.074654961412307, 3409699.623884381726384 ], [ 310980.074654961412307, 3409670.518070375546813 ] ] ], [ [ [ 310980.074654961412307, 3409699.623884381726384 ], [ 310980.074654961412307, 3409728.729698388371617 ], [ 311009.180468967824709, 3409728.729698388371617 ], [ 311009.180468967824709, 3409699.623884381726384 ], [ 310980.074654961412307, 3409699.623884381726384 ] ] ], [ [ [ 311038.28628297423711, 3409757.835512394551188 ], [ 311038.28628297423711, 3409728.729698388371617 ], [ 311009.180468967824709, 3409728.729698388371617 ], [ 311009.180468967824709, 3409757.835512394551188 ], [ 311038.28628297423711, 3409757.835512394551188 ] ] ] ] } },
{ "type": "Feature", "properties": { "zone_id": "RZ-137", "zone_label": "Candidate Hazard-Based Red Zone", "candidate_priority_rank": 137, "candidate_priority_basis": "Mean multi-hazard score, then maximum score, then area", "source_indicator": "Higher Multi-Hazard Indicator", "source_class": 3, "mean_multihazard_score": 0.689888, "max_multihazard_score": 0.712258, "min_multihazard_score": 0.668335, "terrain_contribution_mean": 0.419297, "flood_contribution_mean": 0.270591, "area_m2": 5082.89, "area_hectares": 0.5083, "pixel_count": 6, "methodology": "Deterministic terrain and hydrology screening", "disclaimer": "Decision Support — Requires Official Verification & Geotechnical Assessment" }, "geometry": { "type": "MultiPolygon", "coordinates": [ [ [ [ 340085.8886613920331, 3342465.193529527168721 ], [ 340085.8886613920331, 3342436.087715520523489 ], [ 340056.782847385620698, 3342436.087715520523489 ], [ 340056.782847385620698, 3342465.193529527168721 ], [ 340085.8886613920331, 3342465.193529527168721 ] ] ], [ [ [ 340027.677033379208297, 3342465.193529527168721 ], [ 340027.677033379208297, 3342610.722599558997899 ], [ 340056.782847385620698, 3342610.722599558997899 ], [ 340056.782847385620698, 3342465.193529527168721 ], [ 340027.677033379208297, 3342465.193529527168721 ] ] ] ] } },
{ "type": "Feature", "properties": { "zone_id": "RZ-138", "zone_label": "Candidate Hazard-Based Red Zone", "candidate_priority_rank": 138, "candidate_priority_basis": "Mean multi-hazard score, then maximum score, then area", "source_indicator": "Higher Multi-Hazard Indicator", "source_class": 3, "mean_multihazard_score": 0.689865, "max_multihazard_score": 0.712907, "min_multihazard_score": 0.651053, "terrain_contribution_mean": 0.262497, "flood_contribution_mean": 0.427368, "area_m2": 6777.19, "area_hectares": 0.6777, "pixel_count": 8, "methodology": "Deterministic terrain and hydrology screening", "disclaimer": "Decision Support — Requires Official Verification & Geotechnical Assessment" }, "geometry": { "type": "Polygon", "coordinates": [ [ [ 326144.203752311761491, 3394069.801762928720564 ], [ 326144.203752311761491, 3393836.955250876955688 ], [ 326173.309566318173893, 3393836.955250876955688 ], [ 326173.309566318173893, 3394069.801762928720564 ], [ 326144.203752311761491, 3394069.801762928720564 ] ] ] } },
{ "type": "Feature", "properties": { "zone_id": "RZ-139", "zone_label": "Candidate Hazard-Based Red Zone", "candidate_priority_rank": 139, "candidate_priority_basis": "Mean multi-hazard score, then maximum score, then area", "source_indicator": "Higher Multi-Hazard Indicator", "source_class": 3, "mean_multihazard_score": 0.689012, "max_multihazard_score": 0.732301, "min_multihazard_score": 0.654198, "terrain_contribution_mean": 0.256342, "flood_contribution_mean": 0.43267, "area_m2": 7624.34, "area_hectares": 0.7624, "pixel_count": 9, "methodology": "Deterministic terrain and hydrology screening", "disclaimer": "Decision Support — Requires Official Verification & Geotechnical Assessment" }, "geometry": { "type": "MultiPolygon", "coordinates": [ [ [ [ 335079.688652285956778, 3380040.799411829095334 ], [ 334905.053768247424159, 3380040.799411829095334 ], [ 334905.053768247424159, 3380069.905225835274905 ], [ 335079.688652285956778, 3380069.905225835274905 ], [ 335079.688652285956778, 3380040.799411829095334 ] ] ], [ [ [ 335079.688652285956778, 3380069.905225835274905 ], [ 335079.688652285956778, 3380099.011039841920137 ], [ 335137.900280298839789, 3380099.011039841920137 ], [ 335137.900280298839789, 3380069.905225835274905 ], [ 335079.688652285956778, 3380069.905225835274905 ] ] ], [ [ [ 335167.006094305310398, 3380128.116853848099709 ], [ 335167.006094305310398, 3380099.011039841920137 ], [ 335137.900280298839789, 3380099.011039841920137 ], [ 335137.900280298839789, 3380128.116853848099709 ], [ 335167.006094305310398, 3380128.116853848099709 ] ] ] ] } },
{ "type": "Feature", "properties": { "zone_id": "RZ-140", "zone_label": "Candidate Hazard-Based Red Zone", "candidate_priority_rank": 140, "candidate_priority_basis": "Mean multi-hazard score, then maximum score, then area", "source_indicator": "Higher Multi-Hazard Indicator", "source_class": 3, "mean_multihazard_score": 0.688877, "max_multihazard_score": 0.727622, "min_multihazard_score": 0.656124, "terrain_contribution_mean": 0.267175, "flood_contribution_mean": 0.421702, "area_m2": 7624.34, "area_hectares": 0.7624, "pixel_count": 9, "methodology": "Deterministic terrain and hydrology screening", "disclaimer": "Decision Support — Requires Official Verification & Geotechnical Assessment" }, "geometry": { "type": "MultiPolygon", "coordinates": [ [ [ [ 332110.895623630029149, 3385570.904073050711304 ], [ 332110.895623630029149, 3385600.009887057356536 ], [ 332140.001437636499759, 3385600.009887057356536 ], [ 332140.001437636499759, 3385570.904073050711304 ], [ 332110.895623630029149, 3385570.904073050711304 ] ] ], [ [ [ 332110.895623630029149, 3385629.115701063536108 ], [ 332110.895623630029149, 3385600.009887057356536 ], [ 332081.789809623616748, 3385600.009887057356536 ], [ 332081.789809623616748, 3385629.115701063536108 ], [ 332110.895623630029149, 3385629.115701063536108 ] ] ], [ [ [ 332052.683995617204346, 3385629.115701063536108 ], [ 332052.683995617204346, 3385658.22151507018134 ], [ 332081.789809623616748, 3385658.22151507018134 ], [ 332081.789809623616748, 3385629.115701063536108 ], [ 332052.683995617204346, 3385629.115701063536108 ] ] ], [ [ [ 332052.683995617204346, 3385687.327329076360911 ], [ 332052.683995617204346, 3385658.22151507018134 ], [ 332023.578181610791944, 3385658.22151507018134 ], [ 332023.578181610791944, 3385687.327329076360911 ], [ 332052.683995617204346, 3385687.327329076360911 ] ] ], [ [ [ 331994.472367604321335, 3385687.327329076360911 ], [ 331994.472367604321335, 3385716.433143083006144 ], [ 332023.578181610791944, 3385716.433143083006144 ], [ 332023.578181610791944, 3385687.327329076360911 ], [ 331994.472367604321335, 3385687.327329076360911 ] ] ], [ [ [ 331994.472367604321335, 3385745.538957089185715 ], [ 331994.472367604321335, 3385716.433143083006144 ], [ 331965.366553597908933, 3385716.433143083006144 ], [ 331965.366553597908933, 3385745.538957089185715 ], [ 331994.472367604321335, 3385745.538957089185715 ] ] ], [ [ [ 331936.260739591496531, 3385745.538957089185715 ], [ 331936.260739591496531, 3385774.644771095830947 ], [ 331965.366553597908933, 3385774.644771095830947 ], [ 331965.366553597908933, 3385745.538957089185715 ], [ 331936.260739591496531, 3385745.538957089185715 ] ] ], [ [ [ 331907.154925585025921, 3385803.75058510247618 ], [ 331936.260739591496531, 3385803.75058510247618 ], [ 331936.260739591496531, 3385774.644771095830947 ], [ 331907.154925585025921, 3385774.644771095830947 ], [ 331907.154925585025921, 3385803.75058510247618 ] ] ], [ [ [ 331907.154925585025921, 3385803.75058510247618 ], [ 331878.04911157861352, 3385803.75058510247618 ], [ 331878.04911157861352, 3385832.856399108655751 ], [ 331907.154925585025921, 3385832.856399108655751 ], [ 331907.154925585025921, 3385803.75058510247618 ] ] ] ] } },
{ "type": "Feature", "properties": { "zone_id": "RZ-141", "zone_label": "Candidate Hazard-Based Red Zone", "candidate_priority_rank": 141, "candidate_priority_basis": "Mean multi-hazard score, then maximum score, then area", "source_indicator": "Higher Multi-Hazard Indicator", "source_class": 3, "mean_multihazard_score": 0.688775, "max_multihazard_score": 0.719542, "min_multihazard_score": 0.658199, "terrain_contribution_mean": 0.408279, "flood_contribution_mean": 0.280496, "area_m2": 11012.93, "area_hectares": 1.1013, "pixel_count": 13, "methodology": "Deterministic terrain and hydrology screening", "disclaimer": "Decision Support — Requires Official Verification & Geotechnical Assessment" }, "geometry": { "type": "MultiPolygon", "coordinates": [ [ [ [ 316219.121176118904259, 3406003.18550556525588 ], [ 316190.015362112491857, 3406003.18550556525588 ], [ 316190.015362112491857, 3406119.608761590905488 ], [ 316219.121176118904259, 3406119.608761590905488 ], [ 316219.121176118904259, 3406003.18550556525588 ] ] ], [ [ [ 316160.909548106079455, 3406177.820389603730291 ], [ 316190.015362112491857, 3406177.820389603730291 ], [ 316190.015362112491857, 3406119.608761590905488 ], [ 316160.909548106079455, 3406119.608761590905488 ], [ 316160.909548106079455, 3406177.820389603730291 ] ] ], [ [ [ 316219.121176118904259, 3406119.608761590905488 ], [ 316219.121176118904259, 3406265.137831623200327 ], [ 316248.226990125374869, 3406265.137831623200327 ], [ 316248.226990125374869, 3406119.608761590905488 ], [ 316219.121176118904259, 3406119.608761590905488 ] ] ], [ [ [ 316277.33280413178727, 3406323.349459636025131 ], [ 316277.33280413178727, 3406265.137831623200327 ], [ 316248.226990125374869, 3406265.137831623200327 ], [ 316248.226990125374869, 3406323.349459636025131 ], [ 316277.33280413178727, 3406323.349459636025131 ] ] ] ] } },
{ "type": "Feature", "properties": { "zone_id": "RZ-142", "zone_label": "Candidate Hazard-Based Red Zone", "candidate_priority_rank": 142, "candidate_priority_basis": "Mean multi-hazard score, then maximum score, then area", "source_indicator": "Higher Multi-Hazard Indicator", "source_class": 3, "mean_multihazard_score": 0.688634, "max_multihazard_score": 0.720206, "min_multihazard_score": 0.665063, "terrain_contribution_mean": 0.315688, "flood_contribution_mean": 0.372946, "area_m2": 5082.89, "area_hectares": 0.5083, "pixel_count": 6, "methodology": "Deterministic terrain and hydrology screening", "disclaimer": "Decision Support — Requires Official Verification & Geotechnical Assessment" }, "geometry": { "type": "MultiPolygon", "coordinates": [ [ [ [ 315025.782801855239086, 3405886.762249539606273 ], [ 315025.782801855239086, 3405799.444807520136237 ], [ 314996.676987848826684, 3405799.444807520136237 ], [ 314996.676987848826684, 3405886.762249539606273 ], [ 315025.782801855239086, 3405886.762249539606273 ] ] ], [ [ [ 314996.676987848826684, 3405886.762249539606273 ], [ 314967.571173842414282, 3405886.762249539606273 ], [ 314967.571173842414282, 3405944.973877552431077 ], [ 314996.676987848826684, 3405944.973877552431077 ], [ 314996.676987848826684, 3405886.762249539606273 ] ] ], [ [ [ 314938.465359835943673, 3405974.079691558610648 ], [ 314967.571173842414282, 3405974.079691558610648 ], [ 314967.571173842414282, 3405944.973877552431077 ], [ 314938.465359835943673, 3405944.973877552431077 ], [ 314938.465359835943673, 3405974.079691558610648 ] ] ] ] } },
{ "type": "Feature", "properties": { "zone_id": "RZ-143", "zone_label": "Candidate Hazard-Based Red Zone", "candidate_priority_rank": 143, "candidate_priority_basis": "Mean multi-hazard score, then maximum score, then area", "source_indicator": "Higher Multi-Hazard Indicator", "source_class": 3, "mean_multihazard_score": 0.688619, "max_multihazard_score": 0.727043, "min_multihazard_score": 0.65707, "terrain_contribution_mean": 0.30696, "flood_contribution_mean": 0.381659, "area_m2": 13554.37, "area_hectares": 1.3554, "pixel_count": 16, "methodology": "Deterministic terrain and hydrology screening", "disclaimer": "Decision Support — Requires Official Verification & Geotechnical Assessment" }, "geometry": { "type": "MultiPolygon", "coordinates": [ [ [ [ 329578.689805070578586, 3393778.743622864130884 ], [ 329578.689805070578586, 3393749.637808857951313 ], [ 329258.525850999867544, 3393749.637808857951313 ], [ 329258.525850999867544, 3393778.743622864130884 ], [ 329578.689805070578586, 3393778.743622864130884 ] ] ], [ [ [ 329112.996780967689119, 3393778.743622864130884 ], [ 329112.996780967689119, 3393807.849436870776117 ], [ 329258.525850999867544, 3393807.849436870776117 ], [ 329258.525850999867544, 3393778.743622864130884 ], [ 329112.996780967689119, 3393778.743622864130884 ] ] ] ] } },
{ "type": "Feature", "properties": { "zone_id": "RZ-144", "zone_label": "Candidate Hazard-Based Red Zone", "candidate_priority_rank": 144, "candidate_priority_basis": "Mean multi-hazard score, then maximum score, then area", "source_indicator": "Higher Multi-Hazard Indicator", "source_class": 3, "mean_multihazard_score": 0.688554, "max_multihazard_score": 0.730438, "min_multihazard_score": 0.658652, "terrain_contribution_mean": 0.365831, "flood_contribution_mean": 0.322723, "area_m2": 5930.04, "area_hectares": 0.593, "pixel_count": 7, "methodology": "Deterministic terrain and hydrology screening", "disclaimer": "Decision Support — Requires Official Verification & Geotechnical Assessment" }, "geometry": { "type": "MultiPolygon", "coordinates": [ [ [ [ 326377.050264363235328, 3400880.562240433413535 ], [ 326202.415380324644502, 3400880.562240433413535 ], [ 326202.415380324644502, 3400909.668054439593107 ], [ 326377.050264363235328, 3400909.668054439593107 ], [ 326377.050264363235328, 3400880.562240433413535 ] ] ], [ [ [ 326377.050264363235328, 3400938.773868446238339 ], [ 326406.15607836964773, 3400938.773868446238339 ], [ 326406.15607836964773, 3400909.668054439593107 ], [ 326377.050264363235328, 3400909.668054439593107 ], [ 326377.050264363235328, 3400938.773868446238339 ] ] ] ] } },
{ "type": "Feature", "properties": { "zone_id": "RZ-145", "zone_label": "Candidate Hazard-Based Red Zone", "candidate_priority_rank": 145, "candidate_priority_basis": "Mean multi-hazard score, then maximum score, then area", "source_indicator": "Higher Multi-Hazard Indicator", "source_class": 3, "mean_multihazard_score": 0.688474, "max_multihazard_score": 0.736206, "min_multihazard_score": 0.651304, "terrain_contribution_mean": 0.316184, "flood_contribution_mean": 0.37229, "area_m2": 7624.34, "area_hectares": 0.7624, "pixel_count": 9, "methodology": "Deterministic terrain and hydrology screening", "disclaimer": "Decision Support — Requires Official Verification & Geotechnical Assessment" }, "geometry": { "type": "MultiPolygon", "coordinates": [ [ [ [ 324863.547936028800905, 3387288.147099430207163 ], [ 324863.547936028800905, 3387346.358727443031967 ], [ 324892.653750035271514, 3387346.358727443031967 ], [ 324892.653750035271514, 3387288.147099430207163 ], [ 324863.547936028800905, 3387288.147099430207163 ] ] ], [ [ [ 324921.759564041683916, 3387433.676169462502003 ], [ 324921.759564041683916, 3387346.358727443031967 ], [ 324892.653750035271514, 3387346.358727443031967 ], [ 324892.653750035271514, 3387433.676169462502003 ], [ 324921.759564041683916, 3387433.676169462502003 ] ] ], [ [ [ 324921.759564041683916, 3387433.676169462502003 ], [ 324921.759564041683916, 3387462.781983468681574 ], [ 324950.865378048096318, 3387462.781983468681574 ], [ 324950.865378048096318, 3387433.676169462502003 ], [ 324921.759564041683916, 3387433.676169462502003 ] ] ], [ [ [ 324950.865378048096318, 3387520.993611481506377 ], [ 324979.971192054566927, 3387520.993611481506377 ], [ 324979.971192054566927, 3387462.781983468681574 ], [ 324950.865378048096318, 3387462.781983468681574 ], [ 324950.865378048096318, 3387520.993611481506377 ] ] ], [ [ [ 325009.077006060979329, 3387520.993611481506377 ], [ 324979.971192054566927, 3387520.993611481506377 ], [ 324979.971192054566927, 3387550.09942548815161 ], [ 325009.077006060979329, 3387550.09942548815161 ], [ 325009.077006060979329, 3387520.993611481506377 ] ] ] ] } },
{ "type": "Feature", "properties": { "zone_id": "RZ-146", "zone_label": "Candidate Hazard-Based Red Zone", "candidate_priority_rank": 146, "candidate_priority_basis": "Mean multi-hazard score, then maximum score, then area", "source_indicator": "Higher Multi-Hazard Indicator", "source_class": 3, "mean_multihazard_score": 0.688388, "max_multihazard_score": 0.715403, "min_multihazard_score": 0.662662, "terrain_contribution_mean": 0.262285, "flood_contribution_mean": 0.426103, "area_m2": 5930.04, "area_hectares": 0.593, "pixel_count": 7, "methodology": "Deterministic terrain and hydrology screening", "disclaimer": "Decision Support — Requires Official Verification & Geotechnical Assessment" }, "geometry": { "type": "MultiPolygon", "coordinates": [ [ [ [ 309670.313024672039319, 3399017.790144021622837 ], [ 309641.207210665568709, 3399017.790144021622837 ], [ 309641.207210665568709, 3399046.895958028268069 ], [ 309670.313024672039319, 3399046.895958028268069 ], [ 309670.313024672039319, 3399017.790144021622837 ] ] ], [ [ [ 309612.101396659156308, 3399105.107586041092873 ], [ 309641.207210665568709, 3399105.107586041092873 ], [ 309641.207210665568709, 3399046.895958028268069 ], [ 309612.101396659156308, 3399046.895958028268069 ], [ 309612.101396659156308, 3399105.107586041092873 ] ] ], [ [ [ 309612.101396659156308, 3399105.107586041092873 ], [ 309582.995582652743906, 3399105.107586041092873 ], [ 309582.995582652743906, 3399163.319214053917676 ], [ 309612.101396659156308, 3399163.319214053917676 ], [ 309612.101396659156308, 3399105.107586041092873 ] ] ], [ [ [ 309553.889768646273296, 3399221.53084206674248 ], [ 309582.995582652743906, 3399221.53084206674248 ], [ 309582.995582652743906, 3399163.319214053917676 ], [ 309553.889768646273296, 3399163.319214053917676 ], [ 309553.889768646273296, 3399221.53084206674248 ] ] ] ] } },
{ "type": "Feature", "properties": { "zone_id": "RZ-147", "zone_label": "Candidate Hazard-Based Red Zone", "candidate_priority_rank": 147, "candidate_priority_basis": "Mean multi-hazard score, then maximum score, then area", "source_indicator": "Higher Multi-Hazard Indicator", "source_class": 3, "mean_multihazard_score": 0.687983, "max_multihazard_score": 0.699634, "min_multihazard_score": 0.658471, "terrain_contribution_mean": 0.300558, "flood_contribution_mean": 0.387425, "area_m2": 6777.19, "area_hectares": 0.6777, "pixel_count": 8, "methodology": "Deterministic terrain and hydrology screening", "disclaimer": "Decision Support — Requires Official Verification & Geotechnical Assessment" }, "geometry": { "type": "Polygon", "coordinates": [ [ [ 329607.795619077049196, 3400211.128518285229802 ], [ 329607.795619077049196, 3399978.282006233930588 ], [ 329636.901433083461598, 3399978.282006233930588 ], [ 329636.901433083461598, 3400211.128518285229802 ], [ 329607.795619077049196, 3400211.128518285229802 ] ] ] } },
{ "type": "Feature", "properties": { "zone_id": "RZ-148", "zone_label": "Candidate Hazard-Based Red Zone", "candidate_priority_rank": 148, "candidate_priority_basis": "Mean multi-hazard score, then maximum score, then area", "source_indicator": "Higher Multi-Hazard Indicator", "source_class": 3, "mean_multihazard_score": 0.687953, "max_multihazard_score": 0.715247, "min_multihazard_score": 0.667652, "terrain_contribution_mean": 0.456863, "flood_contribution_mean": 0.23109, "area_m2": 6777.19, "area_hectares": 0.6777, "pixel_count": 8, "methodology": "Deterministic terrain and hydrology screening", "disclaimer": "Decision Support — Requires Official Verification & Geotechnical Assessment" }, "geometry": { "type": "Polygon", "coordinates": [ [ [ 337233.518888761871494, 3406119.608761590905488 ], [ 337233.518888761871494, 3406032.291319571435452 ], [ 337262.624702768283896, 3406032.291319571435452 ], [ 337262.624702768283896, 3405944.973877552431077 ], [ 337291.730516774696298, 3405944.973877552431077 ], [ 337291.730516774696298, 3406090.502947584260255 ], [ 337262.624702768283896, 3406090.502947584260255 ], [ 337262.624702768283896, 3406119.608761590905488 ], [ 337233.518888761871494, 3406119.608761590905488 ] ] ] } },
{ "type": "Feature", "properties": { "zone_id": "RZ-149", "zone_label": "Candidate Hazard-Based Red Zone", "candidate_priority_rank": 149, "candidate_priority_basis": "Mean multi-hazard score, then maximum score, then area", "source_indicator": "Higher Multi-Hazard Indicator", "source_class": 3, "mean_multihazard_score": 0.687476, "max_multihazard_score": 0.721513, "min_multihazard_score": 0.661564, "terrain_contribution_mean": 0.387296, "flood_contribution_mean": 0.30018, "area_m2": 7624.34, "area_hectares": 0.7624, "pixel_count": 9, "methodology": "Deterministic terrain and hydrology screening", "disclaimer": "Decision Support — Requires Official Verification & Geotechnical Assessment" }, "geometry": { "type": "Polygon", "coordinates": [ [ [ 327395.753754588309675, 3379400.471503687556833 ], [ 327395.753754588309675, 3379371.365689680911601 ], [ 327366.647940581839066, 3379371.365689680911601 ], [ 327366.647940581839066, 3379313.154061668086797 ], [ 327395.753754588309675, 3379313.154061668086797 ], [ 327395.753754588309675, 3379284.048247661907226 ], [ 327424.859568594722077, 3379284.048247661907226 ], [ 327424.859568594722077, 3379225.836619649082422 ], [ 327453.965382601134479, 3379225.836619649082422 ], [ 327453.965382601134479, 3379313.154061668086797 ], [ 327424.859568594722077, 3379313.154061668086797 ], [ 327424.859568594722077, 3379400.471503687556833 ], [ 327395.753754588309675, 3379400.471503687556833 ] ] ] } },
{ "type": "Feature", "properties": { "zone_id": "RZ-150", "zone_label": "Candidate Hazard-Based Red Zone", "candidate_priority_rank": 150, "candidate_priority_basis": "Mean multi-hazard score, then maximum score, then area", "source_indicator": "Higher Multi-Hazard Indicator", "source_class": 3, "mean_multihazard_score": 0.68728, "max_multihazard_score": 0.757277, "min_multihazard_score": 0.651657, "terrain_contribution_mean": 0.291975, "flood_contribution_mean": 0.395305, "area_m2": 22025.86, "area_hectares": 2.2026, "pixel_count": 26, "methodology": "Deterministic terrain and hydrology screening", "disclaimer": "Decision Support — Requires Official Verification & Geotechnical Assessment" }, "geometry": { "type": "Polygon", "coordinates": [ [ [ 312318.942099257197697, 3408127.909928034525365 ], [ 312318.942099257197697, 3407371.158763867337257 ], [ 312348.047913263668306, 3407371.158763867337257 ], [ 312348.047913263668306, 3408127.909928034525365 ], [ 312318.942099257197697, 3408127.909928034525365 ] ] ] } },
{ "type": "Feature", "properties": { "zone_id": "RZ-151", "zone_label": "Candidate Hazard-Based Red Zone", "candidate_priority_rank": 151, "candidate_priority_basis": "Mean multi-hazard score, then maximum score, then area", "source_indicator": "Higher Multi-Hazard Indicator", "source_class": 3, "mean_multihazard_score": 0.687167, "max_multihazard_score": 0.716477, "min_multihazard_score": 0.654539, "terrain_contribution_mean": 0.227176, "flood_contribution_mean": 0.459991, "area_m2": 7624.34, "area_hectares": 0.7624, "pixel_count": 9, "methodology": "Deterministic terrain and hydrology screening", "disclaimer": "Decision Support — Requires Official Verification & Geotechnical Assessment" }, "geometry": { "type": "Polygon", "coordinates": [ [ [ 337262.624702768283896, 3406556.195971687324345 ], [ 337262.624702768283896, 3406294.243645629379898 ], [ 337291.730516774696298, 3406294.243645629379898 ], [ 337291.730516774696298, 3406556.195971687324345 ], [ 337262.624702768283896, 3406556.195971687324345 ] ] ] } },
{ "type": "Feature", "properties": { "zone_id": "RZ-152", "zone_label": "Candidate Hazard-Based Red Zone", "candidate_priority_rank": 152, "candidate_priority_basis": "Mean multi-hazard score, then maximum score, then area", "source_indicator": "Higher Multi-Hazard Indicator", "source_class": 3, "mean_multihazard_score": 0.686468, "max_multihazard_score": 0.749346, "min_multihazard_score": 0.65107, "terrain_contribution_mean": 0.391965, "flood_contribution_mean": 0.294503, "area_m2": 5082.89, "area_hectares": 0.5083, "pixel_count": 6, "methodology": "Deterministic terrain and hydrology screening", "disclaimer": "Decision Support — Requires Official Verification & Geotechnical Assessment" }, "geometry": { "type": "Polygon", "coordinates": [ [ [ 323844.844445803784765, 3380593.809877951163799 ], [ 323844.844445803784765, 3380564.704063944518566 ], [ 323815.738631797314156, 3380564.704063944518566 ], [ 323815.738631797314156, 3380477.386621925514191 ], [ 323844.844445803784765, 3380477.386621925514191 ], [ 323844.844445803784765, 3380506.492435931693763 ], [ 323873.950259810197167, 3380506.492435931693763 ], [ 323873.950259810197167, 3380593.809877951163799 ], [ 323844.844445803784765, 3380593.809877951163799 ] ] ] } },
{ "type": "Feature", "properties": { "zone_id": "RZ-153", "zone_label": "Candidate Hazard-Based Red Zone", "candidate_priority_rank": 153, "candidate_priority_basis": "Mean multi-hazard score, then maximum score, then area", "source_indicator": "Higher Multi-Hazard Indicator", "source_class": 3, "mean_multihazard_score": 0.686387, "max_multihazard_score": 0.723284, "min_multihazard_score": 0.660023, "terrain_contribution_mean": 0.389165, "flood_contribution_mean": 0.297222, "area_m2": 6777.19, "area_hectares": 0.6777, "pixel_count": 8, "methodology": "Deterministic terrain and hydrology screening", "disclaimer": "Decision Support — Requires Official Verification & Geotechnical Assessment" }, "geometry": { "type": "MultiPolygon", "coordinates": [ [ [ [ 319042.385134742711671, 3369679.129625539761037 ], [ 319042.385134742711671, 3369708.235439545940608 ], [ 319158.808390768419486, 3369708.235439545940608 ], [ 319158.808390768419486, 3369679.129625539761037 ], [ 319042.385134742711671, 3369679.129625539761037 ] ] ], [ [ [ 319187.914204774831887, 3369737.34125355258584 ], [ 319187.914204774831887, 3369708.235439545940608 ], [ 319158.808390768419486, 3369708.235439545940608 ], [ 319158.808390768419486, 3369737.34125355258584 ], [ 319187.914204774831887, 3369737.34125355258584 ] ] ], [ [ [ 319187.914204774831887, 3369737.34125355258584 ], [ 319187.914204774831887, 3369766.447067558765411 ], [ 319217.020018781302497, 3369766.447067558765411 ], [ 319217.020018781302497, 3369737.34125355258584 ], [ 319187.914204774831887, 3369737.34125355258584 ] ] ], [ [ [ 319217.020018781302497, 3369795.552881565410644 ], [ 319246.125832787714899, 3369795.552881565410644 ], [ 319246.125832787714899, 3369766.447067558765411 ], [ 319217.020018781302497, 3369766.447067558765411 ], [ 319217.020018781302497, 3369795.552881565410644 ] ] ], [ [ [ 319275.2316467941273, 3369795.552881565410644 ], [ 319246.125832787714899, 3369795.552881565410644 ], [ 319246.125832787714899, 3369824.658695571590215 ], [ 319275.2316467941273, 3369824.658695571590215 ], [ 319275.2316467941273, 3369795.552881565410644 ] ] ] ] } },
{ "type": "Feature", "properties": { "zone_id": "RZ-154", "zone_label": "Candidate Hazard-Based Red Zone", "candidate_priority_rank": 154, "candidate_priority_basis": "Mean multi-hazard score, then maximum score, then area", "source_indicator": "Higher Multi-Hazard Indicator", "source_class": 3, "mean_multihazard_score": 0.686359, "max_multihazard_score": 0.717478, "min_multihazard_score": 0.666727, "terrain_contribution_mean": 0.464443, "flood_contribution_mean": 0.221916, "area_m2": 5930.04, "area_hectares": 0.593, "pixel_count": 7, "methodology": "Deterministic terrain and hydrology screening", "disclaimer": "Decision Support — Requires Official Verification & Geotechnical Assessment" }, "geometry": { "type": "MultiPolygon", "coordinates": [ [ [ [ 330073.488643179938663, 3372211.335444099269807 ], [ 330044.382829173468053, 3372211.335444099269807 ], [ 330044.382829173468053, 3372240.441258105449378 ], [ 330073.488643179938663, 3372240.441258105449378 ], [ 330073.488643179938663, 3372211.335444099269807 ] ] ], [ [ [ 330102.594457186351065, 3372240.441258105449378 ], [ 330073.488643179938663, 3372240.441258105449378 ], [ 330073.488643179938663, 3372298.652886118274182 ], [ 330102.594457186351065, 3372298.652886118274182 ], [ 330102.594457186351065, 3372240.441258105449378 ] ] ], [ [ [ 330044.382829173468053, 3372240.441258105449378 ], [ 330015.277015167055652, 3372240.441258105449378 ], [ 330015.277015167055652, 3372356.864514131098986 ], [ 330044.382829173468053, 3372356.864514131098986 ], [ 330044.382829173468053, 3372240.441258105449378 ] ] ] ] } },
{ "type": "Feature", "properties": { "zone_id": "RZ-155", "zone_label": "Candidate Hazard-Based Red Zone", "candidate_priority_rank": 155, "candidate_priority_basis": "Mean multi-hazard score, then maximum score, then area", "source_indicator": "Higher Multi-Hazard Indicator", "source_class": 3, "mean_multihazard_score": 0.686069, "max_multihazard_score": 0.716512, "min_multihazard_score": 0.652024, "terrain_contribution_mean": 0.256845, "flood_contribution_mean": 0.429223, "area_m2": 5082.89, "area_hectares": 0.5083, "pixel_count": 6, "methodology": "Deterministic terrain and hydrology screening", "disclaimer": "Decision Support — Requires Official Verification & Geotechnical Assessment" }, "geometry": { "type": "MultiPolygon", "coordinates": [ [ [ [ 325300.13514612527797, 3385076.105234941467643 ], [ 325300.13514612527797, 3384988.787792921997607 ], [ 325271.029332118865568, 3384988.787792921997607 ], [ 325271.029332118865568, 3385076.105234941467643 ], [ 325300.13514612527797, 3385076.105234941467643 ] ] ], [ [ [ 325241.923518112394959, 3385076.105234941467643 ], [ 325241.923518112394959, 3385163.422676960937679 ], [ 325271.029332118865568, 3385163.422676960937679 ], [ 325271.029332118865568, 3385076.105234941467643 ], [ 325241.923518112394959, 3385076.105234941467643 ] ] ] ] } },
{ "type": "Feature", "properties": { "zone_id": "RZ-156", "zone_label": "Candidate Hazard-Based Red Zone", "candidate_priority_rank": 156, "candidate_priority_basis": "Mean multi-hazard score, then maximum score, then area", "source_indicator": "Higher Multi-Hazard Indicator", "source_class": 3, "mean_multihazard_score": 0.68596, "max_multihazard_score": 0.710786, "min_multihazard_score": 0.668942, "terrain_contribution_mean": 0.18596, "flood_contribution_mean": 0.5, "area_m2": 5082.89, "area_hectares": 0.5083, "pixel_count": 6, "methodology": "Deterministic terrain and hydrology screening", "disclaimer": "Decision Support — Requires Official Verification & Geotechnical Assessment" }, "geometry": { "type": "MultiPolygon", "coordinates": [ [ [ [ 329607.795619077049196, 3394913.870369114913046 ], [ 329578.689805070578586, 3394913.870369114913046 ], [ 329578.689805070578586, 3394942.976183121558279 ], [ 329607.795619077049196, 3394942.976183121558279 ], [ 329607.795619077049196, 3394913.870369114913046 ] ] ], [ [ [ 329607.795619077049196, 3394972.08199712773785 ], [ 329753.324689109169412, 3394972.08199712773785 ], [ 329753.324689109169412, 3394942.976183121558279 ], [ 329607.795619077049196, 3394942.976183121558279 ], [ 329607.795619077049196, 3394972.08199712773785 ] ] ] ] } },
{ "type": "Feature", "properties": { "zone_id": "RZ-157", "zone_label": "Candidate Hazard-Based Red Zone", "candidate_priority_rank": 157, "candidate_priority_basis": "Mean multi-hazard score, then maximum score, then area", "source_indicator": "Higher Multi-Hazard Indicator", "source_class": 3, "mean_multihazard_score": 0.685884, "max_multihazard_score": 0.71218, "min_multihazard_score": 0.658321, "terrain_contribution_mean": 0.190357, "flood_contribution_mean": 0.495527, "area_m2": 6777.19, "area_hectares": 0.6777, "pixel_count": 8, "methodology": "Deterministic terrain and hydrology screening", "disclaimer": "Decision Support — Requires Official Verification & Geotechnical Assessment" }, "geometry": { "type": "MultiPolygon", "coordinates": [ [ [ [ 323932.161887823021971, 3386589.607563275843859 ], [ 323903.056073816609569, 3386589.607563275843859 ], [ 323903.056073816609569, 3386618.713377282489091 ], [ 323932.161887823021971, 3386618.713377282489091 ], [ 323932.161887823021971, 3386589.607563275843859 ] ] ], [ [ [ 323873.950259810197167, 3386735.136633308138698 ], [ 323903.056073816609569, 3386735.136633308138698 ], [ 323903.056073816609569, 3386618.713377282489091 ], [ 323873.950259810197167, 3386618.713377282489091 ], [ 323873.950259810197167, 3386735.136633308138698 ] ] ], [ [ [ 323873.950259810197167, 3386735.136633308138698 ], [ 323844.844445803784765, 3386735.136633308138698 ], [ 323844.844445803784765, 3386793.348261320963502 ], [ 323873.950259810197167, 3386793.348261320963502 ], [ 323873.950259810197167, 3386735.136633308138698 ] ] ], [ [ [ 323815.738631797314156, 3386822.454075327143073 ], [ 323844.844445803784765, 3386822.454075327143073 ], [ 323844.844445803784765, 3386793.348261320963502 ], [ 323815.738631797314156, 3386793.348261320963502 ], [ 323815.738631797314156, 3386822.454075327143073 ] ] ] ] } },
{ "type": "Feature", "properties": { "zone_id": "RZ-158", "zone_label": "Candidate Hazard-Based Red Zone", "candidate_priority_rank": 158, "candidate_priority_basis": "Mean multi-hazard score, then maximum score, then area", "source_indicator": "Higher Multi-Hazard Indicator", "source_class": 3, "mean_multihazard_score": 0.685852, "max_multihazard_score": 0.745174, "min_multihazard_score": 0.656419, "terrain_contribution_mean": 0.322921, "flood_contribution_mean": 0.362931, "area_m2": 7624.34, "area_hectares": 0.7624, "pixel_count": 9, "methodology": "Deterministic terrain and hydrology screening", "disclaimer": "Decision Support — Requires Official Verification & Geotechnical Assessment" }, "geometry": { "type": "MultiPolygon", "coordinates": [ [ [ [ 313017.481635411561001, 3396281.843627417460084 ], [ 312988.375821405090392, 3396281.843627417460084 ], [ 312988.375821405090392, 3396310.949441423639655 ], [ 313017.481635411561001, 3396310.949441423639655 ], [ 313017.481635411561001, 3396281.843627417460084 ] ] ], [ [ [ 312959.27000739867799, 3396310.949441423639655 ], [ 312959.27000739867799, 3396340.055255430284888 ], [ 312988.375821405090392, 3396340.055255430284888 ], [ 312988.375821405090392, 3396310.949441423639655 ], [ 312959.27000739867799, 3396310.949441423639655 ] ] ], [ [ [ 312959.27000739867799, 3396369.161069436464459 ], [ 312959.27000739867799, 3396340.055255430284888 ], [ 312930.164193392265588, 3396340.055255430284888 ], [ 312930.164193392265588, 3396369.161069436464459 ], [ 312959.27000739867799, 3396369.161069436464459 ] ] ], [ [ [ 312930.164193392265588, 3396369.161069436464459 ], [ 312901.058379385853186, 3396369.161069436464459 ], [ 312901.058379385853186, 3396398.266883443109691 ], [ 312930.164193392265588, 3396398.266883443109691 ], [ 312930.164193392265588, 3396369.161069436464459 ] ] ], [ [ [ 312871.952565379382577, 3396398.266883443109691 ], [ 312871.952565379382577, 3396427.372697449289262 ], [ 312901.058379385853186, 3396427.372697449289262 ], [ 312901.058379385853186, 3396398.266883443109691 ], [ 312871.952565379382577, 3396398.266883443109691 ] ] ], [ [ [ 312871.952565379382577, 3396456.478511455934495 ], [ 312871.952565379382577, 3396427.372697449289262 ], [ 312755.529309353674762, 3396427.372697449289262 ], [ 312755.529309353674762, 3396456.478511455934495 ], [ 312871.952565379382577, 3396456.478511455934495 ] ] ] ] } },
{ "type": "Feature", "properties": { "zone_id": "RZ-159", "zone_label": "Candidate Hazard-Based Red Zone", "candidate_priority_rank": 159, "candidate_priority_basis": "Mean multi-hazard score, then maximum score, then area", "source_indicator": "Higher Multi-Hazard Indicator", "source_class": 3, "mean_multihazard_score": 0.685408, "max_multihazard_score": 0.727134, "min_multihazard_score": 0.6508, "terrain_contribution_mean": 0.397168, "flood_contribution_mean": 0.28824, "area_m2": 9318.63, "area_hectares": 0.9319, "pixel_count": 11, "methodology": "Deterministic terrain and hydrology screening", "disclaimer": "Decision Support — Requires Official Verification & Geotechnical Assessment" }, "geometry": { "type": "MultiPolygon", "coordinates": [ [ [ [ 331848.943297572201118, 3400356.657588317524642 ], [ 331848.943297572201118, 3400327.551774311345071 ], [ 331819.837483565730508, 3400327.551774311345071 ], [ 331819.837483565730508, 3400356.657588317524642 ], [ 331848.943297572201118, 3400356.657588317524642 ] ] ], [ [ [ 331528.779343501431867, 3400356.657588317524642 ], [ 331528.779343501431867, 3400385.763402324169874 ], [ 331819.837483565730508, 3400385.763402324169874 ], [ 331819.837483565730508, 3400356.657588317524642 ], [ 331528.779343501431867, 3400356.657588317524642 ] ] ] ] } },
{ "type": "Feature", "properties": { "zone_id": "RZ-160", "zone_label": "Candidate Hazard-Based Red Zone", "candidate_priority_rank": 160, "candidate_priority_basis": "Mean multi-hazard score, then maximum score, then area", "source_indicator": "Higher Multi-Hazard Indicator", "source_class": 3, "mean_multihazard_score": 0.685319, "max_multihazard_score": 0.709961, "min_multihazard_score": 0.650892, "terrain_contribution_mean": 0.285025, "flood_contribution_mean": 0.400293, "area_m2": 5082.89, "area_hectares": 0.5083, "pixel_count": 6, "methodology": "Deterministic terrain and hydrology screening", "disclaimer": "Decision Support — Requires Official Verification & Geotechnical Assessment" }, "geometry": { "type": "Polygon", "coordinates": [ [ [ 330597.393295295652933, 3388103.109891610220075 ], [ 330597.393295295652933, 3387928.475007571745664 ], [ 330626.499109302065335, 3387928.475007571745664 ], [ 330626.499109302065335, 3388103.109891610220075 ], [ 330597.393295295652933, 3388103.109891610220075 ] ] ] } },
{ "type": "Feature", "properties": { "zone_id": "RZ-161", "zone_label": "Candidate Hazard-Based Red Zone", "candidate_priority_rank": 161, "candidate_priority_basis": "Mean multi-hazard score, then maximum score, then area", "source_indicator": "Higher Multi-Hazard Indicator", "source_class": 3, "mean_multihazard_score": 0.685292, "max_multihazard_score": 0.704755, "min_multihazard_score": 0.65433, "terrain_contribution_mean": 0.486807, "flood_contribution_mean": 0.198486, "area_m2": 5082.89, "area_hectares": 0.5083, "pixel_count": 6, "methodology": "Deterministic terrain and hydrology screening", "disclaimer": "Decision Support — Requires Official Verification & Geotechnical Assessment" }, "geometry": { "type": "MultiPolygon", "coordinates": [ [ [ [ 320119.300252980610821, 3405217.32852739142254 ], [ 320148.406066987081431, 3405217.32852739142254 ], [ 320148.406066987081431, 3405188.222713385242969 ], [ 320119.300252980610821, 3405188.222713385242969 ], [ 320119.300252980610821, 3405159.116899378597736 ], [ 320090.19443897419842, 3405159.116899378597736 ], [ 320090.19443897419842, 3405275.540155404247344 ], [ 320119.300252980610821, 3405275.540155404247344 ], [ 320119.300252980610821, 3405217.32852739142254 ] ] ], [ [ [ 320119.300252980610821, 3405304.645969410892576 ], [ 320148.406066987081431, 3405304.645969410892576 ], [ 320148.406066987081431, 3405275.540155404247344 ], [ 320119.300252980610821, 3405275.540155404247344 ], [ 320119.300252980610821, 3405304.645969410892576 ] ] ] ] } },
{ "type": "Feature", "properties": { "zone_id": "RZ-162", "zone_label": "Candidate Hazard-Based Red Zone", "candidate_priority_rank": 162, "candidate_priority_basis": "Mean multi-hazard score, then maximum score, then area", "source_indicator": "Higher Multi-Hazard Indicator", "source_class": 3, "mean_multihazard_score": 0.685269, "max_multihazard_score": 0.714437, "min_multihazard_score": 0.657005, "terrain_contribution_mean": 0.255503, "flood_contribution_mean": 0.429766, "area_m2": 17790.12, "area_hectares": 1.779, "pixel_count": 21, "methodology": "Deterministic terrain and hydrology screening", "disclaimer": "Decision Support — Requires Official Verification & Geotechnical Assessment" }, "geometry": { "type": "MultiPolygon", "coordinates": [ [ [ [ 314414.560707720229402, 3401520.890148574952036 ], [ 313977.973497623752337, 3401520.890148574952036 ], [ 313977.973497623752337, 3401549.995962581131607 ], [ 314414.560707720229402, 3401549.995962581131607 ], [ 314414.560707720229402, 3401520.890148574952036 ] ] ], [ [ [ 314414.560707720229402, 3401579.10177658777684 ], [ 314589.195591758820228, 3401579.10177658777684 ], [ 314589.195591758820228, 3401549.995962581131607 ], [ 314414.560707720229402, 3401549.995962581131607 ], [ 314414.560707720229402, 3401579.10177658777684 ] ] ] ] } },
{ "type": "Feature", "properties": { "zone_id": "RZ-163", "zone_label": "Candidate Hazard-Based Red Zone", "candidate_priority_rank": 163, "candidate_priority_basis": "Mean multi-hazard score, then maximum score, then area", "source_indicator": "Higher Multi-Hazard Indicator", "source_class": 3, "mean_multihazard_score": 0.685139, "max_multihazard_score": 0.729864, "min_multihazard_score": 0.662696, "terrain_contribution_mean": 0.279795, "flood_contribution_mean": 0.405345, "area_m2": 6777.19, "area_hectares": 0.6777, "pixel_count": 8, "methodology": "Deterministic terrain and hydrology screening", "disclaimer": "Decision Support — Requires Official Verification & Geotechnical Assessment" }, "geometry": { "type": "MultiPolygon", "coordinates": [ [ [ [ 298580.997888221929315, 3401695.525032613426447 ], [ 298551.892074215516914, 3401695.525032613426447 ], [ 298551.892074215516914, 3401724.630846619606018 ], [ 298580.997888221929315, 3401724.630846619606018 ], [ 298580.997888221929315, 3401695.525032613426447 ] ] ], [ [ [ 298522.786260209046304, 3401724.630846619606018 ], [ 298522.786260209046304, 3401753.736660626251251 ], [ 298551.892074215516914, 3401753.736660626251251 ], [ 298551.892074215516914, 3401724.630846619606018 ], [ 298522.786260209046304, 3401724.630846619606018 ] ] ], [ [ [ 298522.786260209046304, 3401782.842474632896483 ], [ 298522.786260209046304, 3401753.736660626251251 ], [ 298493.680446202633902, 3401753.736660626251251 ], [ 298493.680446202633902, 3401782.842474632896483 ], [ 298522.786260209046304, 3401782.842474632896483 ] ] ], [ [ [ 298493.680446202633902, 3401782.842474632896483 ], [ 298464.574632196221501, 3401782.842474632896483 ], [ 298464.574632196221501, 3401811.948288639076054 ], [ 298493.680446202633902, 3401811.948288639076054 ], [ 298493.680446202633902, 3401782.842474632896483 ] ] ], [ [ [ 298435.468818189809099, 3401811.948288639076054 ], [ 298435.468818189809099, 3401841.054102645721287 ], [ 298464.574632196221501, 3401841.054102645721287 ], [ 298464.574632196221501, 3401811.948288639076054 ], [ 298435.468818189809099, 3401811.948288639076054 ] ] ], [ [ [ 298435.468818189809099, 3401870.159916651900858 ], [ 298435.468818189809099, 3401841.054102645721287 ], [ 298348.151376170513686, 3401841.054102645721287 ], [ 298348.151376170513686, 3401870.159916651900858 ], [ 298435.468818189809099, 3401870.159916651900858 ] ] ] ] } },
{ "type": "Feature", "properties": { "zone_id": "RZ-164", "zone_label": "Candidate Hazard-Based Red Zone", "candidate_priority_rank": 164, "candidate_priority_basis": "Mean multi-hazard score, then maximum score, then area", "source_indicator": "Higher Multi-Hazard Indicator", "source_class": 3, "mean_multihazard_score": 0.685071, "max_multihazard_score": 0.723749, "min_multihazard_score": 0.660709, "terrain_contribution_mean": 0.2041, "flood_contribution_mean": 0.480971, "area_m2": 7624.34, "area_hectares": 0.7624, "pixel_count": 9, "methodology": "Deterministic terrain and hydrology screening", "disclaimer": "Decision Support — Requires Official Verification & Geotechnical Assessment" }, "geometry": { "type": "MultiPolygon", "coordinates": [ [ [ [ 328909.256082922685891, 3379604.212201732676476 ], [ 328676.409570871270262, 3379604.212201732676476 ], [ 328676.409570871270262, 3379633.318015738856047 ], [ 328909.256082922685891, 3379633.318015738856047 ], [ 328909.256082922685891, 3379604.212201732676476 ] ] ], [ [ [ 328909.256082922685891, 3379662.42382974550128 ], [ 328938.361896929098293, 3379662.42382974550128 ], [ 328938.361896929098293, 3379633.318015738856047 ], [ 328909.256082922685891, 3379633.318015738856047 ], [ 328909.256082922685891, 3379662.42382974550128 ] ] ] ] } },
{ "type": "Feature", "properties": { "zone_id": "RZ-165", "zone_label": "Candidate Hazard-Based Red Zone", "candidate_priority_rank": 165, "candidate_priority_basis": "Mean multi-hazard score, then maximum score, then area", "source_indicator": "Higher Multi-Hazard Indicator", "source_class": 3, "mean_multihazard_score": 0.684975, "max_multihazard_score": 0.721471, "min_multihazard_score": 0.651318, "terrain_contribution_mean": 0.450503, "flood_contribution_mean": 0.234473, "area_m2": 5082.89, "area_hectares": 0.5083, "pixel_count": 6, "methodology": "Deterministic terrain and hydrology screening", "disclaimer": "Decision Support — Requires Official Verification & Geotechnical Assessment" }, "geometry": { "type": "MultiPolygon", "coordinates": [ [ [ [ 333129.599113855161704, 3365487.89240861358121 ], [ 333129.599113855161704, 3365516.998222620226443 ], [ 333158.704927861574106, 3365516.998222620226443 ], [ 333158.704927861574106, 3365487.89240861358121 ], [ 333129.599113855161704, 3365487.89240861358121 ] ] ], [ [ [ 333187.810741867986508, 3365546.104036626406014 ], [ 333187.810741867986508, 3365516.998222620226443 ], [ 333158.704927861574106, 3365516.998222620226443 ], [ 333158.704927861574106, 3365546.104036626406014 ], [ 333187.810741867986508, 3365546.104036626406014 ] ] ], [ [ [ 333187.810741867986508, 3365546.104036626406014 ], [ 333187.810741867986508, 3365575.209850633051246 ], [ 333216.91655587439891, 3365575.209850633051246 ], [ 333216.91655587439891, 3365546.104036626406014 ], [ 333187.810741867986508, 3365546.104036626406014 ] ] ], [ [ [ 333216.91655587439891, 3365604.315664639230818 ], [ 333246.022369880869519, 3365604.315664639230818 ], [ 333246.022369880869519, 3365575.209850633051246 ], [ 333216.91655587439891, 3365575.209850633051246 ], [ 333216.91655587439891, 3365604.315664639230818 ] ] ], [ [ [ 333304.233997893694323, 3365604.315664639230818 ], [ 333246.022369880869519, 3365604.315664639230818 ], [ 333246.022369880869519, 3365633.42147864587605 ], [ 333304.233997893694323, 3365633.42147864587605 ], [ 333304.233997893694323, 3365604.315664639230818 ] ] ] ] } },
{ "type": "Feature", "properties": { "zone_id": "RZ-166", "zone_label": "Candidate Hazard-Based Red Zone", "candidate_priority_rank": 166, "candidate_priority_basis": "Mean multi-hazard score, then maximum score, then area", "source_indicator": "Higher Multi-Hazard Indicator", "source_class": 3, "mean_multihazard_score": 0.684936, "max_multihazard_score": 0.725169, "min_multihazard_score": 0.654377, "terrain_contribution_mean": 0.333431, "flood_contribution_mean": 0.351505, "area_m2": 11860.08, "area_hectares": 1.186, "pixel_count": 14, "methodology": "Deterministic terrain and hydrology screening", "disclaimer": "Decision Support — Requires Official Verification & Geotechnical Assessment" }, "geometry": { "type": "MultiPolygon", "coordinates": [ [ [ [ 335225.217722318135202, 3397475.18200168106705 ], [ 335225.217722318135202, 3397533.393629693891853 ], [ 335254.323536324547604, 3397533.393629693891853 ], [ 335254.323536324547604, 3397475.18200168106705 ], [ 335225.217722318135202, 3397475.18200168106705 ] ] ], [ [ [ 335283.429350331018213, 3397649.81688571954146 ], [ 335283.429350331018213, 3397533.393629693891853 ], [ 335254.323536324547604, 3397533.393629693891853 ], [ 335254.323536324547604, 3397649.81688571954146 ], [ 335283.429350331018213, 3397649.81688571954146 ] ] ], [ [ [ 335283.429350331018213, 3397649.81688571954146 ], [ 335283.429350331018213, 3397678.922699726186693 ], [ 335312.535164337430615, 3397678.922699726186693 ], [ 335312.535164337430615, 3397649.81688571954146 ], [ 335283.429350331018213, 3397649.81688571954146 ] ] ], [ [ [ 335312.535164337430615, 3397824.451769758015871 ], [ 335341.640978343843017, 3397824.451769758015871 ], [ 335341.640978343843017, 3397678.922699726186693 ], [ 335312.535164337430615, 3397678.922699726186693 ], [ 335312.535164337430615, 3397824.451769758015871 ] ] ], [ [ [ 335370.746792350313626, 3397824.451769758015871 ], [ 335341.640978343843017, 3397824.451769758015871 ], [ 335341.640978343843017, 3397882.663397770840675 ], [ 335370.746792350313626, 3397882.663397770840675 ], [ 335370.746792350313626, 3397824.451769758015871 ] ] ] ] } },
{ "type": "Feature", "properties": { "zone_id": "RZ-167", "zone_label": "Candidate Hazard-Based Red Zone", "candidate_priority_rank": 167, "candidate_priority_basis": "Mean multi-hazard score, then maximum score, then area", "source_indicator": "Higher Multi-Hazard Indicator", "source_class": 3, "mean_multihazard_score": 0.684877, "max_multihazard_score": 0.715352, "min_multihazard_score": 0.658909, "terrain_contribution_mean": 0.364315, "flood_contribution_mean": 0.320563, "area_m2": 5930.04, "area_hectares": 0.593, "pixel_count": 7, "methodology": "Deterministic terrain and hydrology screening", "disclaimer": "Decision Support — Requires Official Verification & Geotechnical Assessment" }, "geometry": { "type": "Polygon", "coordinates": [ [ [ 332169.107251642912161, 3396194.526185397990048 ], [ 332169.107251642912161, 3395990.785487352870405 ], [ 332198.21306564938277, 3395990.785487352870405 ], [ 332198.21306564938277, 3396194.526185397990048 ], [ 332169.107251642912161, 3396194.526185397990048 ] ] ] } },
{ "type": "Feature", "properties": { "zone_id": "RZ-168", "zone_label": "Candidate Hazard-Based Red Zone", "candidate_priority_rank": 168, "candidate_priority_basis": "Mean multi-hazard score, then maximum score, then area", "source_indicator": "Higher Multi-Hazard Indicator", "source_class": 3, "mean_multihazard_score": 0.684774, "max_multihazard_score": 0.708882, "min_multihazard_score": 0.657918, "terrain_contribution_mean": 0.262208, "flood_contribution_mean": 0.422567, "area_m2": 6777.19, "area_hectares": 0.6777, "pixel_count": 8, "methodology": "Deterministic terrain and hydrology screening", "disclaimer": "Decision Support — Requires Official Verification & Geotechnical Assessment" }, "geometry": { "type": "MultiPolygon", "coordinates": [ [ [ [ 326173.309566318173893, 3394419.071531005669385 ], [ 326173.309566318173893, 3394302.648274980019778 ], [ 326144.203752311761491, 3394302.648274980019778 ], [ 326144.203752311761491, 3394419.071531005669385 ], [ 326173.309566318173893, 3394419.071531005669385 ] ] ], [ [ [ 326115.097938305349089, 3394419.071531005669385 ], [ 326115.097938305349089, 3394535.494787031318992 ], [ 326144.203752311761491, 3394535.494787031318992 ], [ 326144.203752311761491, 3394419.071531005669385 ], [ 326115.097938305349089, 3394419.071531005669385 ] ] ] ] } },
{ "type": "Feature", "properties": { "zone_id": "RZ-169", "zone_label": "Candidate Hazard-Based Red Zone", "candidate_priority_rank": 169, "candidate_priority_basis": "Mean multi-hazard score, then maximum score, then area", "source_indicator": "Higher Multi-Hazard Indicator", "source_class": 3, "mean_multihazard_score": 0.684547, "max_multihazard_score": 0.744366, "min_multihazard_score": 0.650576, "terrain_contribution_mean": 0.254587, "flood_contribution_mean": 0.42996, "area_m2": 7624.34, "area_hectares": 0.7624, "pixel_count": 9, "methodology": "Deterministic terrain and hydrology screening", "disclaimer": "Decision Support — Requires Official Verification & Geotechnical Assessment" }, "geometry": { "type": "MultiPolygon", "coordinates": [ [ [ [ 333158.704927861574106, 3387404.57035545585677 ], [ 333129.599113855161704, 3387404.57035545585677 ], [ 333129.599113855161704, 3387491.887797475326806 ], [ 333158.704927861574106, 3387491.887797475326806 ], [ 333158.704927861574106, 3387404.57035545585677 ] ] ], [ [ [ 333100.493299848691095, 3387520.993611481506377 ], [ 333129.599113855161704, 3387520.993611481506377 ], [ 333129.599113855161704, 3387491.887797475326806 ], [ 333100.493299848691095, 3387491.887797475326806 ], [ 333100.493299848691095, 3387520.993611481506377 ] ] ], [ [ [ 333246.022369880869519, 3387491.887797475326806 ], [ 333158.704927861574106, 3387491.887797475326806 ], [ 333158.704927861574106, 3387520.993611481506377 ], [ 333246.022369880869519, 3387520.993611481506377 ], [ 333246.022369880869519, 3387491.887797475326806 ] ] ], [ [ [ 333071.387485842278693, 3387520.993611481506377 ], [ 333071.387485842278693, 3387550.09942548815161 ], [ 333100.493299848691095, 3387550.09942548815161 ], [ 333100.493299848691095, 3387520.993611481506377 ], [ 333071.387485842278693, 3387520.993611481506377 ] ] ], [ [ [ 333071.387485842278693, 3387579.205239494331181 ], [ 333071.387485842278693, 3387550.09942548815161 ], [ 333042.281671835866291, 3387550.09942548815161 ], [ 333042.281671835866291, 3387579.205239494331181 ], [ 333071.387485842278693, 3387579.205239494331181 ] ] ] ] } },
{ "type": "Feature", "properties": { "zone_id": "RZ-170", "zone_label": "Candidate Hazard-Based Red Zone", "candidate_priority_rank": 170, "candidate_priority_basis": "Mean multi-hazard score, then maximum score, then area", "source_indicator": "Higher Multi-Hazard Indicator", "source_class": 3, "mean_multihazard_score": 0.684287, "max_multihazard_score": 0.708292, "min_multihazard_score": 0.655216, "terrain_contribution_mean": 0.265649, "flood_contribution_mean": 0.418638, "area_m2": 5082.89, "area_hectares": 0.5083, "pixel_count": 6, "methodology": "Deterministic terrain and hydrology screening", "disclaimer": "Decision Support — Requires Official Verification & Geotechnical Assessment" }, "geometry": { "type": "MultiPolygon", "coordinates": [ [ [ [ 334381.149116131651681, 3386676.925005295313895 ], [ 334381.149116131651681, 3386647.819191288668662 ], [ 334264.725860105943866, 3386647.819191288668662 ], [ 334264.725860105943866, 3386676.925005295313895 ], [ 334381.149116131651681, 3386676.925005295313895 ] ] ], [ [ [ 334206.514232093060855, 3386676.925005295313895 ], [ 334206.514232093060855, 3386706.030819301493466 ], [ 334264.725860105943866, 3386706.030819301493466 ], [ 334264.725860105943866, 3386676.925005295313895 ], [ 334206.514232093060855, 3386676.925005295313895 ] ] ] ] } },
{ "type": "Feature", "properties": { "zone_id": "RZ-171", "zone_label": "Candidate Hazard-Based Red Zone", "candidate_priority_rank": 171, "candidate_priority_basis": "Mean multi-hazard score, then maximum score, then area", "source_indicator": "Higher Multi-Hazard Indicator", "source_class": 3, "mean_multihazard_score": 0.683893, "max_multihazard_score": 0.711826, "min_multihazard_score": 0.661973, "terrain_contribution_mean": 0.338904, "flood_contribution_mean": 0.344989, "area_m2": 5082.89, "area_hectares": 0.5083, "pixel_count": 6, "methodology": "Deterministic terrain and hydrology screening", "disclaimer": "Decision Support — Requires Official Verification & Geotechnical Assessment" }, "geometry": { "type": "MultiPolygon", "coordinates": [ [ [ [ 315607.899081983894575, 3403500.085501011926681 ], [ 315607.899081983894575, 3403529.191315018571913 ], [ 315637.004895990306977, 3403529.191315018571913 ], [ 315637.004895990306977, 3403500.085501011926681 ], [ 315607.899081983894575, 3403500.085501011926681 ] ] ], [ [ [ 315637.004895990306977, 3403558.297129024751484 ], [ 315666.110709996719379, 3403558.297129024751484 ], [ 315666.110709996719379, 3403529.191315018571913 ], [ 315637.004895990306977, 3403529.191315018571913 ], [ 315637.004895990306977, 3403558.297129024751484 ] ] ], [ [ [ 315695.216524003189988, 3403558.297129024751484 ], [ 315666.110709996719379, 3403558.297129024751484 ], [ 315666.110709996719379, 3403587.402943031396717 ], [ 315695.216524003189988, 3403587.402943031396717 ], [ 315695.216524003189988, 3403558.297129024751484 ] ] ], [ [ [ 315695.216524003189988, 3403587.402943031396717 ], [ 315695.216524003189988, 3403616.508757038041949 ], [ 315724.32233800960239, 3403616.508757038041949 ], [ 315724.32233800960239, 3403587.402943031396717 ], [ 315695.216524003189988, 3403587.402943031396717 ] ] ], [ [ [ 315724.32233800960239, 3403645.61457104422152 ], [ 315753.428152016014792, 3403645.61457104422152 ], [ 315753.428152016014792, 3403616.508757038041949 ], [ 315724.32233800960239, 3403616.508757038041949 ], [ 315724.32233800960239, 3403645.61457104422152 ] ] ], [ [ [ 315782.533966022485401, 3403645.61457104422152 ], [ 315753.428152016014792, 3403645.61457104422152 ], [ 315753.428152016014792, 3403674.720385050866753 ], [ 315782.533966022485401, 3403674.720385050866753 ], [ 315782.533966022485401, 3403645.61457104422152 ] ] ] ] } },
{ "type": "Feature", "properties": { "zone_id": "RZ-172", "zone_label": "Candidate Hazard-Based Red Zone", "candidate_priority_rank": 172, "candidate_priority_basis": "Mean multi-hazard score, then maximum score, then area", "source_indicator": "Higher Multi-Hazard Indicator", "source_class": 3, "mean_multihazard_score": 0.683499, "max_multihazard_score": 0.692308, "min_multihazard_score": 0.676629, "terrain_contribution_mean": 0.491452, "flood_contribution_mean": 0.192048, "area_m2": 6777.19, "area_hectares": 0.6777, "pixel_count": 8, "methodology": "Deterministic terrain and hydrology screening", "disclaimer": "Decision Support — Requires Official Verification & Geotechnical Assessment" }, "geometry": { "type": "Polygon", "coordinates": [ [ [ 315549.687453971011564, 3408564.497138130944222 ], [ 315549.687453971011564, 3408535.391324124764651 ], [ 315782.533966022485401, 3408535.391324124764651 ], [ 315782.533966022485401, 3408564.497138130944222 ], [ 315549.687453971011564, 3408564.497138130944222 ] ] ] } },
{ "type": "Feature", "properties": { "zone_id": "RZ-173", "zone_label": "Candidate Hazard-Based Red Zone", "candidate_priority_rank": 173, "candidate_priority_basis": "Mean multi-hazard score, then maximum score, then area", "source_indicator": "Higher Multi-Hazard Indicator", "source_class": 3, "mean_multihazard_score": 0.683325, "max_multihazard_score": 0.703572, "min_multihazard_score": 0.660421, "terrain_contribution_mean": 0.305044, "flood_contribution_mean": 0.378281, "area_m2": 10165.78, "area_hectares": 1.0166, "pixel_count": 12, "methodology": "Deterministic terrain and hydrology screening", "disclaimer": "Decision Support — Requires Official Verification & Geotechnical Assessment" }, "geometry": { "type": "MultiPolygon", "coordinates": [ [ [ [ 313628.703729546570685, 3406672.619227712973952 ], [ 313628.703729546570685, 3406759.936669732443988 ], [ 313657.809543553041294, 3406759.936669732443988 ], [ 313657.809543553041294, 3406672.619227712973952 ], [ 313628.703729546570685, 3406672.619227712973952 ] ] ], [ [ [ 313686.915357559453696, 3406847.254111751448363 ], [ 313686.915357559453696, 3406759.936669732443988 ], [ 313657.809543553041294, 3406759.936669732443988 ], [ 313657.809543553041294, 3406847.254111751448363 ], [ 313686.915357559453696, 3406847.254111751448363 ] ] ], [ [ [ 313686.915357559453696, 3406847.254111751448363 ], [ 313686.915357559453696, 3406963.677367777563632 ], [ 313716.021171565866098, 3406963.677367777563632 ], [ 313716.021171565866098, 3406847.254111751448363 ], [ 313686.915357559453696, 3406847.254111751448363 ] ] ], [ [ [ 313745.126985572336707, 3407021.888995790388435 ], [ 313745.126985572336707, 3406963.677367777563632 ], [ 313716.021171565866098, 3406963.677367777563632 ], [ 313716.021171565866098, 3407021.888995790388435 ], [ 313745.126985572336707, 3407021.888995790388435 ] ] ] ] } },
{ "type": "Feature", "properties": { "zone_id": "RZ-174", "zone_label": "Candidate Hazard-Based Red Zone", "candidate_priority_rank": 174, "candidate_priority_basis": "Mean multi-hazard score, then maximum score, then area", "source_indicator": "Higher Multi-Hazard Indicator", "source_class": 3, "mean_multihazard_score": 0.683278, "max_multihazard_score": 0.73422, "min_multihazard_score": 0.65088, "terrain_contribution_mean": 0.405894, "flood_contribution_mean": 0.277384, "area_m2": 5930.04, "area_hectares": 0.593, "pixel_count": 7, "methodology": "Deterministic terrain and hydrology screening", "disclaimer": "Decision Support — Requires Official Verification & Geotechnical Assessment" }, "geometry": { "type": "MultiPolygon", "coordinates": [ [ [ [ 322971.670025610830635, 3381379.666856124997139 ], [ 322942.564211604418233, 3381379.666856124997139 ], [ 322942.564211604418233, 3381408.77267013117671 ], [ 322971.670025610830635, 3381408.77267013117671 ], [ 322971.670025610830635, 3381379.666856124997139 ] ] ], [ [ [ 322971.670025610830635, 3381408.77267013117671 ], [ 322971.670025610830635, 3381437.878484137821943 ], [ 323000.775839617243037, 3381437.878484137821943 ], [ 323000.775839617243037, 3381466.984298144001514 ], [ 323029.881653623713646, 3381466.984298144001514 ], [ 323029.881653623713646, 3381408.77267013117671 ], [ 322971.670025610830635, 3381408.77267013117671 ] ] ], [ [ [ 323058.987467630126048, 3381496.090112150646746 ], [ 323058.987467630126048, 3381525.195926156826317 ], [ 323088.09328163653845, 3381525.195926156826317 ], [ 323088.09328163653845, 3381466.984298144001514 ], [ 323029.881653623713646, 3381466.984298144001514 ], [ 323029.881653623713646, 3381496.090112150646746 ], [ 323058.987467630126048, 3381496.090112150646746 ] ] ] ] } },
{ "type": "Feature", "properties": { "zone_id": "RZ-175", "zone_label": "Candidate Hazard-Based Red Zone", "candidate_priority_rank": 175, "candidate_priority_basis": "Mean multi-hazard score, then maximum score, then area", "source_indicator": "Higher Multi-Hazard Indicator", "source_class": 3, "mean_multihazard_score": 0.683251, "max_multihazard_score": 0.708849, "min_multihazard_score": 0.650615, "terrain_contribution_mean": 0.248671, "flood_contribution_mean": 0.43458, "area_m2": 5082.89, "area_hectares": 0.5083, "pixel_count": 6, "methodology": "Deterministic terrain and hydrology screening", "disclaimer": "Decision Support — Requires Official Verification & Geotechnical Assessment" }, "geometry": { "type": "MultiPolygon", "coordinates": [ [ [ [ 330015.277015167055652, 3388597.908729719463736 ], [ 329986.17120116064325, 3388597.908729719463736 ], [ 329986.17120116064325, 3388743.437799751758575 ], [ 330015.277015167055652, 3388743.437799751758575 ], [ 330015.277015167055652, 3388597.908729719463736 ] ] ], [ [ [ 330015.277015167055652, 3388772.543613757938147 ], [ 330044.382829173468053, 3388772.543613757938147 ], [ 330044.382829173468053, 3388743.437799751758575 ], [ 330015.277015167055652, 3388743.437799751758575 ], [ 330015.277015167055652, 3388772.543613757938147 ] ] ] ] } },
{ "type": "Feature", "properties": { "zone_id": "RZ-176", "zone_label": "Candidate Hazard-Based Red Zone", "candidate_priority_rank": 176, "candidate_priority_basis": "Mean multi-hazard score, then maximum score, then area", "source_indicator": "Higher Multi-Hazard Indicator", "source_class": 3, "mean_multihazard_score": 0.683226, "max_multihazard_score": 0.705402, "min_multihazard_score": 0.659256, "terrain_contribution_mean": 0.497901, "flood_contribution_mean": 0.185325, "area_m2": 6777.19, "area_hectares": 0.6777, "pixel_count": 8, "methodology": "Deterministic terrain and hydrology screening", "disclaimer": "Decision Support — Requires Official Verification & Geotechnical Assessment" }, "geometry": { "type": "MultiPolygon", "coordinates": [ [ [ [ 331325.03864545642864, 3400793.244798413943499 ], [ 331295.932831450016238, 3400793.244798413943499 ], [ 331295.932831450016238, 3400938.773868446238339 ], [ 331325.03864545642864, 3400938.773868446238339 ], [ 331325.03864545642864, 3400793.244798413943499 ] ] ], [ [ [ 331325.03864545642864, 3401026.091310465708375 ], [ 331354.144459462841041, 3401026.091310465708375 ], [ 331354.144459462841041, 3400938.773868446238339 ], [ 331325.03864545642864, 3400938.773868446238339 ], [ 331325.03864545642864, 3401026.091310465708375 ] ] ] ] } },
{ "type": "Feature", "properties": { "zone_id": "RZ-177", "zone_label": "Candidate Hazard-Based Red Zone", "candidate_priority_rank": 177, "candidate_priority_basis": "Mean multi-hazard score, then maximum score, then area", "source_indicator": "Higher Multi-Hazard Indicator", "source_class": 3, "mean_multihazard_score": 0.682945, "max_multihazard_score": 0.710223, "min_multihazard_score": 0.663767, "terrain_contribution_mean": 0.270977, "flood_contribution_mean": 0.411968, "area_m2": 7624.34, "area_hectares": 0.7624, "pixel_count": 9, "methodology": "Deterministic terrain and hydrology screening", "disclaimer": "Decision Support — Requires Official Verification & Geotechnical Assessment" }, "geometry": { "type": "Polygon", "coordinates": [ [ [ 315258.629313906712923, 3387753.840123533271253 ], [ 315258.629313906712923, 3387724.734309526626021 ], [ 315520.581639964599162, 3387724.734309526626021 ], [ 315520.581639964599162, 3387753.840123533271253 ], [ 315258.629313906712923, 3387753.840123533271253 ] ] ] } },
{ "type": "Feature", "properties": { "zone_id": "RZ-178", "zone_label": "Candidate Hazard-Based Red Zone", "candidate_priority_rank": 178, "candidate_priority_basis": "Mean multi-hazard score, then maximum score, then area", "source_indicator": "Higher Multi-Hazard Indicator", "source_class": 3, "mean_multihazard_score": 0.682934, "max_multihazard_score": 0.695625, "min_multihazard_score": 0.672331, "terrain_contribution_mean": 0.374475, "flood_contribution_mean": 0.308459, "area_m2": 5082.89, "area_hectares": 0.5083, "pixel_count": 6, "methodology": "Deterministic terrain and hydrology screening", "disclaimer": "Decision Support — Requires Official Verification & Geotechnical Assessment" }, "geometry": { "type": "MultiPolygon", "coordinates": [ [ [ [ 333857.244464015879203, 3403354.556430980097502 ], [ 333799.032836003054399, 3403354.556430980097502 ], [ 333799.032836003054399, 3403383.662244986277074 ], [ 333857.244464015879203, 3403383.662244986277074 ], [ 333857.244464015879203, 3403354.556430980097502 ] ] ], [ [ [ 333857.244464015879203, 3403412.768058992922306 ], [ 333973.667720041645225, 3403412.768058992922306 ], [ 333973.667720041645225, 3403383.662244986277074 ], [ 333857.244464015879203, 3403383.662244986277074 ], [ 333857.244464015879203, 3403412.768058992922306 ] ] ] ] } },
{ "type": "Feature", "properties": { "zone_id": "RZ-179", "zone_label": "Candidate Hazard-Based Red Zone", "candidate_priority_rank": 179, "candidate_priority_basis": "Mean multi-hazard score, then maximum score, then area", "source_indicator": "Higher Multi-Hazard Indicator", "source_class": 3, "mean_multihazard_score": 0.682837, "max_multihazard_score": 0.705341, "min_multihazard_score": 0.669774, "terrain_contribution_mean": 0.186642, "flood_contribution_mean": 0.496196, "area_m2": 5082.89, "area_hectares": 0.5083, "pixel_count": 6, "methodology": "Deterministic terrain and hydrology screening", "disclaimer": "Decision Support — Requires Official Verification & Geotechnical Assessment" }, "geometry": { "type": "MultiPolygon", "coordinates": [ [ [ [ 326522.579334395355545, 3393487.685482800006866 ], [ 326522.579334395355545, 3393458.579668793361634 ], [ 326377.050264363235328, 3393458.579668793361634 ], [ 326377.050264363235328, 3393487.685482800006866 ], [ 326522.579334395355545, 3393487.685482800006866 ] ] ], [ [ [ 326347.944450356764719, 3393487.685482800006866 ], [ 326347.944450356764719, 3393516.791296806186438 ], [ 326377.050264363235328, 3393516.791296806186438 ], [ 326377.050264363235328, 3393487.685482800006866 ], [ 326347.944450356764719, 3393487.685482800006866 ] ] ] ] } },
{ "type": "Feature", "properties": { "zone_id": "RZ-180", "zone_label": "Candidate Hazard-Based Red Zone", "candidate_priority_rank": 180, "candidate_priority_basis": "Mean multi-hazard score, then maximum score, then area", "source_indicator": "Higher Multi-Hazard Indicator", "source_class": 3, "mean_multihazard_score": 0.682809, "max_multihazard_score": 0.69461, "min_multihazard_score": 0.658051, "terrain_contribution_mean": 0.405333, "flood_contribution_mean": 0.277476, "area_m2": 5082.89, "area_hectares": 0.5083, "pixel_count": 6, "methodology": "Deterministic terrain and hydrology screening", "disclaimer": "Decision Support — Requires Official Verification & Geotechnical Assessment" }, "geometry": { "type": "MultiPolygon", "coordinates": [ [ [ [ 333566.186323951580562, 3388772.543613757938147 ], [ 333566.186323951580562, 3388743.437799751758575 ], [ 333449.763067925872747, 3388743.437799751758575 ], [ 333449.763067925872747, 3388772.543613757938147 ], [ 333566.186323951580562, 3388772.543613757938147 ] ] ], [ [ [ 333391.551439912989736, 3388772.543613757938147 ], [ 333391.551439912989736, 3388801.649427764583379 ], [ 333449.763067925872747, 3388801.649427764583379 ], [ 333449.763067925872747, 3388772.543613757938147 ], [ 333391.551439912989736, 3388772.543613757938147 ] ] ] ] } },
{ "type": "Feature", "properties": { "zone_id": "RZ-181", "zone_label": "Candidate Hazard-Based Red Zone", "candidate_priority_rank": 181, "candidate_priority_basis": "Mean multi-hazard score, then maximum score, then area", "source_indicator": "Higher Multi-Hazard Indicator", "source_class": 3, "mean_multihazard_score": 0.682761, "max_multihazard_score": 0.707923, "min_multihazard_score": 0.651501, "terrain_contribution_mean": 0.269924, "flood_contribution_mean": 0.412838, "area_m2": 9318.63, "area_hectares": 0.9319, "pixel_count": 11, "methodology": "Deterministic terrain and hydrology screening", "disclaimer": "Decision Support — Requires Official Verification & Geotechnical Assessment" }, "geometry": { "type": "MultiPolygon", "coordinates": [ [ [ [ 292730.729272929369472, 3399541.69479613751173 ], [ 292730.729272929369472, 3399512.588982130866498 ], [ 292701.62345892295707, 3399512.588982130866498 ], [ 292701.62345892295707, 3399541.69479613751173 ], [ 292730.729272929369472, 3399541.69479613751173 ] ] ], [ [ [ 292701.62345892295707, 3399541.69479613751173 ], [ 292643.411830910074059, 3399541.69479613751173 ], [ 292643.411830910074059, 3399570.800610144156963 ], [ 292701.62345892295707, 3399570.800610144156963 ], [ 292701.62345892295707, 3399541.69479613751173 ] ] ], [ [ [ 292410.565318858658429, 3399599.906424150336534 ], [ 292643.411830910074059, 3399599.906424150336534 ], [ 292643.411830910074059, 3399570.800610144156963 ], [ 292410.565318858658429, 3399570.800610144156963 ], [ 292410.565318858658429, 3399599.906424150336534 ] ] ] ] } },
{ "type": "Feature", "properties": { "zone_id": "RZ-182", "zone_label": "Candidate Hazard-Based Red Zone", "candidate_priority_rank": 182, "candidate_priority_basis": "Mean multi-hazard score, then maximum score, then area", "source_indicator": "Higher Multi-Hazard Indicator", "source_class": 3, "mean_multihazard_score": 0.682737, "max_multihazard_score": 0.722762, "min_multihazard_score": 0.654492, "terrain_contribution_mean": 0.324682, "flood_contribution_mean": 0.358055, "area_m2": 5930.04, "area_hectares": 0.593, "pixel_count": 7, "methodology": "Deterministic terrain and hydrology screening", "disclaimer": "Decision Support — Requires Official Verification & Geotechnical Assessment" }, "geometry": { "type": "MultiPolygon", "coordinates": [ [ [ [ 315113.100243874534499, 3405770.338993513491005 ], [ 315113.100243874534499, 3405799.444807520136237 ], [ 315142.206057881005108, 3405799.444807520136237 ], [ 315142.206057881005108, 3405770.338993513491005 ], [ 315113.100243874534499, 3405770.338993513491005 ] ] ], [ [ [ 315142.206057881005108, 3405828.550621526315808 ], [ 315171.31187188741751, 3405828.550621526315808 ], [ 315171.31187188741751, 3405799.444807520136237 ], [ 315142.206057881005108, 3405799.444807520136237 ], [ 315142.206057881005108, 3405828.550621526315808 ] ] ], [ [ [ 315200.417685893829912, 3405828.550621526315808 ], [ 315171.31187188741751, 3405828.550621526315808 ], [ 315171.31187188741751, 3405857.656435532961041 ], [ 315200.417685893829912, 3405857.656435532961041 ], [ 315200.417685893829912, 3405828.550621526315808 ] ] ], [ [ [ 315200.417685893829912, 3405857.656435532961041 ], [ 315200.417685893829912, 3405886.762249539606273 ], [ 315229.523499900300521, 3405886.762249539606273 ], [ 315229.523499900300521, 3405857.656435532961041 ], [ 315200.417685893829912, 3405857.656435532961041 ] ] ], [ [ [ 315229.523499900300521, 3405915.868063545785844 ], [ 315258.629313906712923, 3405915.868063545785844 ], [ 315258.629313906712923, 3405886.762249539606273 ], [ 315229.523499900300521, 3405886.762249539606273 ], [ 315229.523499900300521, 3405915.868063545785844 ] ] ], [ [ [ 315287.735127913125325, 3405915.868063545785844 ], [ 315258.629313906712923, 3405915.868063545785844 ], [ 315258.629313906712923, 3405974.079691558610648 ], [ 315287.735127913125325, 3405974.079691558610648 ], [ 315287.735127913125325, 3405915.868063545785844 ] ] ] ] } },
{ "type": "Feature", "properties": { "zone_id": "RZ-183", "zone_label": "Candidate Hazard-Based Red Zone", "candidate_priority_rank": 183, "candidate_priority_basis": "Mean multi-hazard score, then maximum score, then area", "source_indicator": "Higher Multi-Hazard Indicator", "source_class": 3, "mean_multihazard_score": 0.682081, "max_multihazard_score": 0.701988, "min_multihazard_score": 0.661201, "terrain_contribution_mean": 0.353477, "flood_contribution_mean": 0.328604, "area_m2": 5082.89, "area_hectares": 0.5083, "pixel_count": 6, "methodology": "Deterministic terrain and hydrology screening", "disclaimer": "Decision Support — Requires Official Verification & Geotechnical Assessment" }, "geometry": { "type": "Polygon", "coordinates": [ [ [ 334963.265396260248963, 3378992.990107597317547 ], [ 334963.265396260248963, 3378963.884293591137975 ], [ 335137.900280298839789, 3378963.884293591137975 ], [ 335137.900280298839789, 3378992.990107597317547 ], [ 334963.265396260248963, 3378992.990107597317547 ] ] ] } },
{ "type": "Feature", "properties": { "zone_id": "RZ-184", "zone_label": "Candidate Hazard-Based Red Zone", "candidate_priority_rank": 184, "candidate_priority_basis": "Mean multi-hazard score, then maximum score, then area", "source_indicator": "Higher Multi-Hazard Indicator", "source_class": 3, "mean_multihazard_score": 0.681904, "max_multihazard_score": 0.720018, "min_multihazard_score": 0.653257, "terrain_contribution_mean": 0.31174, "flood_contribution_mean": 0.370164, "area_m2": 8471.48, "area_hectares": 0.8471, "pixel_count": 10, "methodology": "Deterministic terrain and hydrology screening", "disclaimer": "Decision Support — Requires Official Verification & Geotechnical Assessment" }, "geometry": { "type": "MultiPolygon", "coordinates": [ [ [ [ 323553.786305739427917, 3346307.160978375934064 ], [ 323524.680491733015515, 3346307.160978375934064 ], [ 323524.680491733015515, 3346336.266792382113636 ], [ 323553.786305739427917, 3346336.266792382113636 ], [ 323553.786305739427917, 3346307.160978375934064 ] ] ], [ [ [ 323466.468863720132504, 3346336.266792382113636 ], [ 323466.468863720132504, 3346365.372606388758868 ], [ 323524.680491733015515, 3346365.372606388758868 ], [ 323524.680491733015515, 3346336.266792382113636 ], [ 323466.468863720132504, 3346336.266792382113636 ] ] ], [ [ [ 323466.468863720132504, 3346394.478420394938439 ], [ 323466.468863720132504, 3346365.372606388758868 ], [ 323379.151421700837091, 3346365.372606388758868 ], [ 323379.151421700837091, 3346394.478420394938439 ], [ 323466.468863720132504, 3346394.478420394938439 ] ] ], [ [ [ 323379.151421700837091, 3346394.478420394938439 ], [ 323350.045607694424689, 3346394.478420394938439 ], [ 323350.045607694424689, 3346423.584234401583672 ], [ 323379.151421700837091, 3346423.584234401583672 ], [ 323379.151421700837091, 3346394.478420394938439 ] ] ], [ [ [ 323291.833979681599885, 3346423.584234401583672 ], [ 323291.833979681599885, 3346452.690048407763243 ], [ 323350.045607694424689, 3346452.690048407763243 ], [ 323350.045607694424689, 3346423.584234401583672 ], [ 323291.833979681599885, 3346423.584234401583672 ] ] ], [ [ [ 323291.833979681599885, 3346481.795862414408475 ], [ 323291.833979681599885, 3346452.690048407763243 ], [ 323262.728165675129276, 3346452.690048407763243 ], [ 323262.728165675129276, 3346481.795862414408475 ], [ 323291.833979681599885, 3346481.795862414408475 ] ] ] ] } },
{ "type": "Feature", "properties": { "zone_id": "RZ-185", "zone_label": "Candidate Hazard-Based Red Zone", "candidate_priority_rank": 185, "candidate_priority_basis": "Mean multi-hazard score, then maximum score, then area", "source_indicator": "Higher Multi-Hazard Indicator", "source_class": 3, "mean_multihazard_score": 0.68184, "max_multihazard_score": 0.746032, "min_multihazard_score": 0.653328, "terrain_contribution_mean": 0.481727, "flood_contribution_mean": 0.200114, "area_m2": 26261.6, "area_hectares": 2.6262, "pixel_count": 31, "methodology": "Deterministic terrain and hydrology screening", "disclaimer": "Decision Support — Requires Official Verification & Geotechnical Assessment" }, "geometry": { "type": "MultiPolygon", "coordinates": [ [ [ [ 336098.392142511089332, 3401171.620380497537553 ], [ 336098.392142511089332, 3401142.514566491357982 ], [ 336011.074700491793919, 3401142.514566491357982 ], [ 336011.074700491793919, 3401171.620380497537553 ], [ 336098.392142511089332, 3401171.620380497537553 ] ] ], [ [ [ 336011.074700491793919, 3401171.620380497537553 ], [ 335981.96888648532331, 3401171.620380497537553 ], [ 335981.96888648532331, 3401200.726194504182786 ], [ 336011.074700491793919, 3401200.726194504182786 ], [ 336011.074700491793919, 3401171.620380497537553 ] ] ], [ [ [ 335865.545630459615495, 3401229.832008510362357 ], [ 335690.910746421024669, 3401229.832008510362357 ], [ 335690.910746421024669, 3401288.04363652318716 ], [ 335661.804932414612267, 3401288.04363652318716 ], [ 335661.804932414612267, 3401317.149450529832393 ], [ 335894.651444466027897, 3401317.149450529832393 ], [ 335894.651444466027897, 3401288.04363652318716 ], [ 335923.757258472498506, 3401288.04363652318716 ], [ 335923.757258472498506, 3401258.937822517007589 ], [ 335952.863072478910908, 3401258.937822517007589 ], [ 335952.863072478910908, 3401229.832008510362357 ], [ 335981.96888648532331, 3401229.832008510362357 ], [ 335981.96888648532331, 3401200.726194504182786 ], [ 335865.545630459615495, 3401200.726194504182786 ], [ 335865.545630459615495, 3401229.832008510362357 ] ], [ [ 335894.651444466027897, 3401258.937822517007589 ], [ 335894.651444466027897, 3401229.832008510362357 ], [ 335923.757258472498506, 3401229.832008510362357 ], [ 335923.757258472498506, 3401258.937822517007589 ], [ 335894.651444466027897, 3401258.937822517007589 ] ], [ [ 335749.12237443390768, 3401258.937822517007589 ], [ 335749.12237443390768, 3401288.04363652318716 ], [ 335720.016560427495278, 3401288.04363652318716 ], [ 335720.016560427495278, 3401258.937822517007589 ], [ 335749.12237443390768, 3401258.937822517007589 ] ] ] ] } },
{ "type": "Feature", "properties": { "zone_id": "RZ-186", "zone_label": "Candidate Hazard-Based Red Zone", "candidate_priority_rank": 186, "candidate_priority_basis": "Mean multi-hazard score, then maximum score, then area", "source_indicator": "Higher Multi-Hazard Indicator", "source_class": 3, "mean_multihazard_score": 0.681832, "max_multihazard_score": 0.71641, "min_multihazard_score": 0.657785, "terrain_contribution_mean": 0.328572, "flood_contribution_mean": 0.35326, "area_m2": 19484.41, "area_hectares": 1.9484, "pixel_count": 23, "methodology": "Deterministic terrain and hydrology screening", "disclaimer": "Decision Support — Requires Official Verification & Geotechnical Assessment" }, "geometry": { "type": "MultiPolygon", "coordinates": [ [ [ [ 329607.795619077049196, 3400240.234332291875035 ], [ 329607.795619077049196, 3400414.869216330349445 ], [ 329636.901433083461598, 3400414.869216330349445 ], [ 329636.901433083461598, 3400240.234332291875035 ], [ 329607.795619077049196, 3400240.234332291875035 ] ] ], [ [ [ 329607.795619077049196, 3400502.186658349819481 ], [ 329607.795619077049196, 3400414.869216330349445 ], [ 329578.689805070578586, 3400414.869216330349445 ], [ 329578.689805070578586, 3400502.186658349819481 ], [ 329607.795619077049196, 3400502.186658349819481 ] ] ], [ [ [ 329549.583991064166185, 3400502.186658349819481 ], [ 329549.583991064166185, 3400560.398286362644285 ], [ 329578.689805070578586, 3400560.398286362644285 ], [ 329578.689805070578586, 3400502.186658349819481 ], [ 329549.583991064166185, 3400502.186658349819481 ] ] ], [ [ [ 329549.583991064166185, 3400618.609914375469089 ], [ 329549.583991064166185, 3400560.398286362644285 ], [ 329520.478177057753783, 3400560.398286362644285 ], [ 329520.478177057753783, 3400618.609914375469089 ], [ 329549.583991064166185, 3400618.609914375469089 ] ] ], [ [ [ 329520.478177057753783, 3400676.821542388293892 ], [ 329520.478177057753783, 3400618.609914375469089 ], [ 329462.266549044870771, 3400618.609914375469089 ], [ 329462.266549044870771, 3400647.71572838164866 ], [ 329491.372363051283173, 3400647.71572838164866 ], [ 329491.372363051283173, 3400676.821542388293892 ], [ 329520.478177057753783, 3400676.821542388293892 ] ] ], [ [ [ 329462.266549044870771, 3400676.821542388293892 ], [ 329462.266549044870771, 3400647.71572838164866 ], [ 329433.16073503845837, 3400647.71572838164866 ], [ 329433.16073503845837, 3400676.821542388293892 ], [ 329462.266549044870771, 3400676.821542388293892 ] ] ], [ [ [ 329404.05492103198776, 3400705.927356394939125 ], [ 329433.16073503845837, 3400705.927356394939125 ], [ 329433.16073503845837, 3400676.821542388293892 ], [ 329404.05492103198776, 3400676.821542388293892 ], [ 329404.05492103198776, 3400705.927356394939125 ] ] ], [ [ [ 329491.372363051283173, 3400676.821542388293892 ], [ 329462.266549044870771, 3400676.821542388293892 ], [ 329462.266549044870771, 3400705.927356394939125 ], [ 329433.16073503845837, 3400705.927356394939125 ], [ 329433.16073503845837, 3400764.138984407763928 ], [ 329491.372363051283173, 3400764.138984407763928 ], [ 329491.372363051283173, 3400676.821542388293892 ] ] ] ] } },
{ "type": "Feature", "properties": { "zone_id": "RZ-187", "zone_label": "Candidate Hazard-Based Red Zone", "candidate_priority_rank": 187, "candidate_priority_basis": "Mean multi-hazard score, then maximum score, then area", "source_indicator": "Higher Multi-Hazard Indicator", "source_class": 3, "mean_multihazard_score": 0.681691, "max_multihazard_score": 0.732238, "min_multihazard_score": 0.651373, "terrain_contribution_mean": 0.323471, "flood_contribution_mean": 0.35822, "area_m2": 6777.19, "area_hectares": 0.6777, "pixel_count": 8, "methodology": "Deterministic terrain and hydrology screening", "disclaimer": "Decision Support — Requires Official Verification & Geotechnical Assessment" }, "geometry": { "type": "MultiPolygon", "coordinates": [ [ [ [ 333478.868881932285149, 3408157.015742041170597 ], [ 333478.868881932285149, 3408127.909928034525365 ], [ 333275.128183887281921, 3408127.909928034525365 ], [ 333275.128183887281921, 3408157.015742041170597 ], [ 333478.868881932285149, 3408157.015742041170597 ] ] ], [ [ [ 333246.022369880869519, 3408157.015742041170597 ], [ 333246.022369880869519, 3408186.121556047350168 ], [ 333275.128183887281921, 3408186.121556047350168 ], [ 333275.128183887281921, 3408157.015742041170597 ], [ 333246.022369880869519, 3408157.015742041170597 ] ] ] ] } },
{ "type": "Feature", "properties": { "zone_id": "RZ-188", "zone_label": "Candidate Hazard-Based Red Zone", "candidate_priority_rank": 188, "candidate_priority_basis": "Mean multi-hazard score, then maximum score, then area", "source_indicator": "Higher Multi-Hazard Indicator", "source_class": 3, "mean_multihazard_score": 0.681605, "max_multihazard_score": 0.714425, "min_multihazard_score": 0.661439, "terrain_contribution_mean": 0.295116, "flood_contribution_mean": 0.386489, "area_m2": 5930.04, "area_hectares": 0.593, "pixel_count": 7, "methodology": "Deterministic terrain and hydrology screening", "disclaimer": "Decision Support — Requires Official Verification & Geotechnical Assessment" }, "geometry": { "type": "MultiPolygon", "coordinates": [ [ [ [ 328734.621198884095065, 3396980.383163571823388 ], [ 328734.621198884095065, 3396951.277349565178156 ], [ 328705.515384877682664, 3396951.277349565178156 ], [ 328705.515384877682664, 3396980.383163571823388 ], [ 328734.621198884095065, 3396980.383163571823388 ] ] ], [ [ [ 328530.880500839091837, 3396980.383163571823388 ], [ 328530.880500839091837, 3397009.488977578002959 ], [ 328705.515384877682664, 3397009.488977578002959 ], [ 328705.515384877682664, 3396980.383163571823388 ], [ 328530.880500839091837, 3396980.383163571823388 ] ] ] ] } },
{ "type": "Feature", "properties": { "zone_id": "RZ-189", "zone_label": "Candidate Hazard-Based Red Zone", "candidate_priority_rank": 189, "candidate_priority_basis": "Mean multi-hazard score, then maximum score, then area", "source_indicator": "Higher Multi-Hazard Indicator", "source_class": 3, "mean_multihazard_score": 0.681573, "max_multihazard_score": 0.721959, "min_multihazard_score": 0.653201, "terrain_contribution_mean": 0.308772, "flood_contribution_mean": 0.372802, "area_m2": 7624.34, "area_hectares": 0.7624, "pixel_count": 9, "methodology": "Deterministic terrain and hydrology screening", "disclaimer": "Decision Support — Requires Official Verification & Geotechnical Assessment" }, "geometry": { "type": "Polygon", "coordinates": [ [ [ 333362.445625906577334, 3381728.936624201945961 ], [ 333362.445625906577334, 3381466.984298144001514 ], [ 333391.551439912989736, 3381466.984298144001514 ], [ 333391.551439912989736, 3381728.936624201945961 ], [ 333362.445625906577334, 3381728.936624201945961 ] ] ] } },
{ "type": "Feature", "properties": { "zone_id": "RZ-190", "zone_label": "Candidate Hazard-Based Red Zone", "candidate_priority_rank": 190, "candidate_priority_basis": "Mean multi-hazard score, then maximum score, then area", "source_indicator": "Higher Multi-Hazard Indicator", "source_class": 3, "mean_multihazard_score": 0.681565, "max_multihazard_score": 0.747749, "min_multihazard_score": 0.650243, "terrain_contribution_mean": 0.279981, "flood_contribution_mean": 0.401584, "area_m2": 14401.52, "area_hectares": 1.4402, "pixel_count": 17, "methodology": "Deterministic terrain and hydrology screening", "disclaimer": "Decision Support — Requires Official Verification & Geotechnical Assessment" }, "geometry": { "type": "MultiPolygon", "coordinates": [ [ [ [ 328938.361896929098293, 3393836.955250876955688 ], [ 328938.361896929098293, 3393866.06106488360092 ], [ 329054.785152954864316, 3393866.06106488360092 ], [ 329054.785152954864316, 3393836.955250876955688 ], [ 328938.361896929098293, 3393836.955250876955688 ] ] ], [ [ [ 328938.361896929098293, 3393895.166878889780492 ], [ 328938.361896929098293, 3393866.06106488360092 ], [ 328880.15026891627349, 3393866.06106488360092 ], [ 328880.15026891627349, 3393895.166878889780492 ], [ 328938.361896929098293, 3393895.166878889780492 ] ] ], [ [ [ 328851.04445490980288, 3393895.166878889780492 ], [ 328851.04445490980288, 3393924.272692896425724 ], [ 328880.15026891627349, 3393924.272692896425724 ], [ 328880.15026891627349, 3393895.166878889780492 ], [ 328851.04445490980288, 3393895.166878889780492 ] ] ], [ [ [ 328851.04445490980288, 3393953.378506902605295 ], [ 328851.04445490980288, 3393924.272692896425724 ], [ 328821.938640903390478, 3393924.272692896425724 ], [ 328821.938640903390478, 3393953.378506902605295 ], [ 328851.04445490980288, 3393953.378506902605295 ] ] ], [ [ [ 328734.621198884095065, 3393953.378506902605295 ], [ 328734.621198884095065, 3393982.484320909250528 ], [ 328821.938640903390478, 3393982.484320909250528 ], [ 328821.938640903390478, 3393953.378506902605295 ], [ 328734.621198884095065, 3393953.378506902605295 ] ] ], [ [ [ 328734.621198884095065, 3394011.59013491589576 ], [ 328734.621198884095065, 3393982.484320909250528 ], [ 328705.515384877682664, 3393982.484320909250528 ], [ 328705.515384877682664, 3394011.59013491589576 ], [ 328734.621198884095065, 3394011.59013491589576 ] ] ], [ [ [ 328647.303756864799652, 3394011.59013491589576 ], [ 328647.303756864799652, 3394040.695948922075331 ], [ 328705.515384877682664, 3394040.695948922075331 ], [ 328705.515384877682664, 3394011.59013491589576 ], [ 328647.303756864799652, 3394011.59013491589576 ] ] ], [ [ [ 328647.303756864799652, 3394069.801762928720564 ], [ 328647.303756864799652, 3394040.695948922075331 ], [ 328559.986314845504239, 3394040.695948922075331 ], [ 328559.986314845504239, 3394069.801762928720564 ], [ 328647.303756864799652, 3394069.801762928720564 ] ] ] ] } },
{ "type": "Feature", "properties": { "zone_id": "RZ-191", "zone_label": "Candidate Hazard-Based Red Zone", "candidate_priority_rank": 191, "candidate_priority_basis": "Mean multi-hazard score, then maximum score, then area", "source_indicator": "Higher Multi-Hazard Indicator", "source_class": 3, "mean_multihazard_score": 0.681537, "max_multihazard_score": 0.719519, "min_multihazard_score": 0.655186, "terrain_contribution_mean": 0.368853, "flood_contribution_mean": 0.312684, "area_m2": 5082.89, "area_hectares": 0.5083, "pixel_count": 6, "methodology": "Deterministic terrain and hydrology screening", "disclaimer": "Decision Support — Requires Official Verification & Geotechnical Assessment" }, "geometry": { "type": "Polygon", "coordinates": [ [ [ 328239.822360774793196, 3388947.178497796878219 ], [ 328239.822360774793196, 3388772.543613757938147 ], [ 328268.928174781205598, 3388772.543613757938147 ], [ 328268.928174781205598, 3388947.178497796878219 ], [ 328239.822360774793196, 3388947.178497796878219 ] ] ] } },
{ "type": "Feature", "properties": { "zone_id": "RZ-192", "zone_label": "Candidate Hazard-Based Red Zone", "candidate_priority_rank": 192, "candidate_priority_basis": "Mean multi-hazard score, then maximum score, then area", "source_indicator": "Higher Multi-Hazard Indicator", "source_class": 3, "mean_multihazard_score": 0.68149, "max_multihazard_score": 0.730865, "min_multihazard_score": 0.65247, "terrain_contribution_mean": 0.314343, "flood_contribution_mean": 0.367147, "area_m2": 6777.19, "area_hectares": 0.6777, "pixel_count": 8, "methodology": "Deterministic terrain and hydrology screening", "disclaimer": "Decision Support — Requires Official Verification & Geotechnical Assessment" }, "geometry": { "type": "Polygon", "coordinates": [ [ [ 342559.88285193865886, 3407080.100623803213239 ], [ 342559.88285193865886, 3406847.254111751448363 ], [ 342588.988665945129469, 3406847.254111751448363 ], [ 342588.988665945129469, 3407080.100623803213239 ], [ 342559.88285193865886, 3407080.100623803213239 ] ] ] } },
{ "type": "Feature", "properties": { "zone_id": "RZ-193", "zone_label": "Candidate Hazard-Based Red Zone", "candidate_priority_rank": 193, "candidate_priority_basis": "Mean multi-hazard score, then maximum score, then area", "source_indicator": "Higher Multi-Hazard Indicator", "source_class": 3, "mean_multihazard_score": 0.680589, "max_multihazard_score": 0.712173, "min_multihazard_score": 0.660278, "terrain_contribution_mean": 0.306588, "flood_contribution_mean": 0.374001, "area_m2": 6777.19, "area_hectares": 0.6777, "pixel_count": 8, "methodology": "Deterministic terrain and hydrology screening", "disclaimer": "Decision Support — Requires Official Verification & Geotechnical Assessment" }, "geometry": { "type": "MultiPolygon", "coordinates": [ [ [ [ 341512.073547707172111, 3365196.834268549457192 ], [ 341482.967733700759709, 3365196.834268549457192 ], [ 341482.967733700759709, 3365225.940082555636764 ], [ 341512.073547707172111, 3365225.940082555636764 ], [ 341512.073547707172111, 3365196.834268549457192 ] ] ], [ [ [ 341512.073547707172111, 3365429.680780600756407 ], [ 341541.179361713584512, 3365429.680780600756407 ], [ 341541.179361713584512, 3365225.940082555636764 ], [ 341512.073547707172111, 3365225.940082555636764 ], [ 341512.073547707172111, 3365429.680780600756407 ] ] ] ] } },
{ "type": "Feature", "properties": { "zone_id": "RZ-194", "zone_label": "Candidate Hazard-Based Red Zone", "candidate_priority_rank": 194, "candidate_priority_basis": "Mean multi-hazard score, then maximum score, then area", "source_indicator": "Higher Multi-Hazard Indicator", "source_class": 3, "mean_multihazard_score": 0.680145, "max_multihazard_score": 0.697694, "min_multihazard_score": 0.659038, "terrain_contribution_mean": 0.317773, "flood_contribution_mean": 0.362371, "area_m2": 5082.89, "area_hectares": 0.5083, "pixel_count": 6, "methodology": "Deterministic terrain and hydrology screening", "disclaimer": "Decision Support — Requires Official Verification & Geotechnical Assessment" }, "geometry": { "type": "MultiPolygon", "coordinates": [ [ [ [ 319537.18397285201354, 3396572.901767481584102 ], [ 319537.18397285201354, 3396602.007581488229334 ], [ 319566.289786858425941, 3396602.007581488229334 ], [ 319566.289786858425941, 3396572.901767481584102 ], [ 319537.18397285201354, 3396572.901767481584102 ] ] ], [ [ [ 319595.395600864896551, 3396631.113395494408906 ], [ 319595.395600864896551, 3396602.007581488229334 ], [ 319566.289786858425941, 3396602.007581488229334 ], [ 319566.289786858425941, 3396631.113395494408906 ], [ 319595.395600864896551, 3396631.113395494408906 ] ] ], [ [ [ 319595.395600864896551, 3396631.113395494408906 ], [ 319595.395600864896551, 3396660.219209501054138 ], [ 319653.607228877721354, 3396660.219209501054138 ], [ 319653.607228877721354, 3396631.113395494408906 ], [ 319595.395600864896551, 3396631.113395494408906 ] ] ], [ [ [ 319653.607228877721354, 3396689.325023507233709 ], [ 319682.713042884191964, 3396689.325023507233709 ], [ 319682.713042884191964, 3396660.219209501054138 ], [ 319653.607228877721354, 3396660.219209501054138 ], [ 319653.607228877721354, 3396689.325023507233709 ] ] ], [ [ [ 319711.818856890604366, 3396689.325023507233709 ], [ 319682.713042884191964, 3396689.325023507233709 ], [ 319682.713042884191964, 3396718.430837513878942 ], [ 319711.818856890604366, 3396718.430837513878942 ], [ 319711.818856890604366, 3396689.325023507233709 ] ] ] ] } },
{ "type": "Feature", "properties": { "zone_id": "RZ-195", "zone_label": "Candidate Hazard-Based Red Zone", "candidate_priority_rank": 195, "candidate_priority_basis": "Mean multi-hazard score, then maximum score, then area", "source_indicator": "Higher Multi-Hazard Indicator", "source_class": 3, "mean_multihazard_score": 0.679845, "max_multihazard_score": 0.699083, "min_multihazard_score": 0.66325, "terrain_contribution_mean": 0.438675, "flood_contribution_mean": 0.24117, "area_m2": 5082.89, "area_hectares": 0.5083, "pixel_count": 6, "methodology": "Deterministic terrain and hydrology screening", "disclaimer": "Decision Support — Requires Official Verification & Geotechnical Assessment" }, "geometry": { "type": "MultiPolygon", "coordinates": [ [ [ [ 334905.053768247424159, 3399425.271540111862123 ], [ 334875.94795424095355, 3399425.271540111862123 ], [ 334875.94795424095355, 3399483.483168124686927 ], [ 334905.053768247424159, 3399483.483168124686927 ], [ 334905.053768247424159, 3399425.271540111862123 ] ] ], [ [ [ 334846.842140234541148, 3399541.69479613751173 ], [ 334875.94795424095355, 3399541.69479613751173 ], [ 334875.94795424095355, 3399483.483168124686927 ], [ 334846.842140234541148, 3399483.483168124686927 ], [ 334846.842140234541148, 3399541.69479613751173 ] ] ], [ [ [ 334846.842140234541148, 3399541.69479613751173 ], [ 334817.736326228128746, 3399541.69479613751173 ], [ 334817.736326228128746, 3399570.800610144156963 ], [ 334846.842140234541148, 3399570.800610144156963 ], [ 334846.842140234541148, 3399541.69479613751173 ] ] ], [ [ [ 334788.630512221658137, 3399599.906424150336534 ], [ 334817.736326228128746, 3399599.906424150336534 ], [ 334817.736326228128746, 3399570.800610144156963 ], [ 334788.630512221658137, 3399570.800610144156963 ], [ 334788.630512221658137, 3399599.906424150336534 ] ] ] ] } },
{ "type": "Feature", "properties": { "zone_id": "RZ-196", "zone_label": "Candidate Hazard-Based Red Zone", "candidate_priority_rank": 196, "candidate_priority_basis": "Mean multi-hazard score, then maximum score, then area", "source_indicator": "Higher Multi-Hazard Indicator", "source_class": 3, "mean_multihazard_score": 0.679628, "max_multihazard_score": 0.718513, "min_multihazard_score": 0.65478, "terrain_contribution_mean": 0.248332, "flood_contribution_mean": 0.431296, "area_m2": 15248.67, "area_hectares": 1.5249, "pixel_count": 18, "methodology": "Deterministic terrain and hydrology screening", "disclaimer": "Decision Support — Requires Official Verification & Geotechnical Assessment" }, "geometry": { "type": "MultiPolygon", "coordinates": [ [ [ [ 309728.524652684864122, 3397446.076187674421817 ], [ 309757.630466691334732, 3397446.076187674421817 ], [ 309757.630466691334732, 3397416.970373668242246 ], [ 309728.524652684864122, 3397416.970373668242246 ], [ 309728.524652684864122, 3397446.076187674421817 ] ] ], [ [ [ 309815.842094704159535, 3397504.287815687246621 ], [ 309786.736280697747134, 3397504.287815687246621 ], [ 309786.736280697747134, 3397446.076187674421817 ], [ 309757.630466691334732, 3397446.076187674421817 ], [ 309757.630466691334732, 3397533.393629693891853 ], [ 309815.842094704159535, 3397533.393629693891853 ], [ 309815.842094704159535, 3397504.287815687246621 ] ] ], [ [ [ 309728.524652684864122, 3397533.393629693891853 ], [ 309728.524652684864122, 3397562.499443700071424 ], [ 309757.630466691334732, 3397562.499443700071424 ], [ 309757.630466691334732, 3397533.393629693891853 ], [ 309728.524652684864122, 3397533.393629693891853 ] ] ], [ [ [ 309699.418838678451721, 3397708.028513732366264 ], [ 309728.524652684864122, 3397708.028513732366264 ], [ 309728.524652684864122, 3397562.499443700071424 ], [ 309699.418838678451721, 3397562.499443700071424 ], [ 309699.418838678451721, 3397708.028513732366264 ] ] ], [ [ [ 309699.418838678451721, 3397708.028513732366264 ], [ 309670.313024672039319, 3397708.028513732366264 ], [ 309670.313024672039319, 3397737.134327739011496 ], [ 309699.418838678451721, 3397737.134327739011496 ], [ 309699.418838678451721, 3397708.028513732366264 ] ] ], [ [ [ 309641.207210665568709, 3397737.134327739011496 ], [ 309641.207210665568709, 3397766.240141745191067 ], [ 309670.313024672039319, 3397766.240141745191067 ], [ 309670.313024672039319, 3397737.134327739011496 ], [ 309641.207210665568709, 3397737.134327739011496 ] ] ], [ [ [ 309641.207210665568709, 3397795.3459557518363 ], [ 309641.207210665568709, 3397766.240141745191067 ], [ 309612.101396659156308, 3397766.240141745191067 ], [ 309612.101396659156308, 3397795.3459557518363 ], [ 309641.207210665568709, 3397795.3459557518363 ] ] ], [ [ [ 309582.995582652743906, 3397795.3459557518363 ], [ 309582.995582652743906, 3397824.451769758015871 ], [ 309612.101396659156308, 3397824.451769758015871 ], [ 309612.101396659156308, 3397795.3459557518363 ], [ 309582.995582652743906, 3397795.3459557518363 ] ] ], [ [ [ 309553.889768646273296, 3397853.557583764661103 ], [ 309582.995582652743906, 3397853.557583764661103 ], [ 309582.995582652743906, 3397824.451769758015871 ], [ 309553.889768646273296, 3397824.451769758015871 ], [ 309553.889768646273296, 3397853.557583764661103 ] ] ], [ [ [ 309553.889768646273296, 3397853.557583764661103 ], [ 309495.678140633448493, 3397853.557583764661103 ], [ 309495.678140633448493, 3397882.663397770840675 ], [ 309553.889768646273296, 3397882.663397770840675 ], [ 309553.889768646273296, 3397853.557583764661103 ] ] ] ] } },
{ "type": "Feature", "properties": { "zone_id": "RZ-197", "zone_label": "Candidate Hazard-Based Red Zone", "candidate_priority_rank": 197, "candidate_priority_basis": "Mean multi-hazard score, then maximum score, then area", "source_indicator": "Higher Multi-Hazard Indicator", "source_class": 3, "mean_multihazard_score": 0.679471, "max_multihazard_score": 0.699451, "min_multihazard_score": 0.661707, "terrain_contribution_mean": 0.265443, "flood_contribution_mean": 0.414029, "area_m2": 5930.04, "area_hectares": 0.593, "pixel_count": 7, "methodology": "Deterministic terrain and hydrology screening", "disclaimer": "Decision Support — Requires Official Verification & Geotechnical Assessment" }, "geometry": { "type": "MultiPolygon", "coordinates": [ [ [ [ 293894.961833186622243, 3399978.282006233930588 ], [ 293865.856019180151634, 3399978.282006233930588 ], [ 293865.856019180151634, 3400007.38782024057582 ], [ 293894.961833186622243, 3400007.38782024057582 ], [ 293894.961833186622243, 3399978.282006233930588 ] ] ], [ [ [ 293836.750205173739232, 3400036.493634246755391 ], [ 293865.856019180151634, 3400036.493634246755391 ], [ 293865.856019180151634, 3400007.38782024057582 ], [ 293836.750205173739232, 3400007.38782024057582 ], [ 293836.750205173739232, 3400036.493634246755391 ] ] ], [ [ [ 293836.750205173739232, 3400036.493634246755391 ], [ 293807.64439116732683, 3400036.493634246755391 ], [ 293807.64439116732683, 3400065.599448253400624 ], [ 293836.750205173739232, 3400065.599448253400624 ], [ 293836.750205173739232, 3400036.493634246755391 ] ] ], [ [ [ 293778.538577160856221, 3400065.599448253400624 ], [ 293778.538577160856221, 3400123.811076266225427 ], [ 293807.64439116732683, 3400123.811076266225427 ], [ 293807.64439116732683, 3400065.599448253400624 ], [ 293778.538577160856221, 3400065.599448253400624 ] ] ], [ [ [ 293778.538577160856221, 3400182.022704279050231 ], [ 293778.538577160856221, 3400123.811076266225427 ], [ 293749.432763154443819, 3400123.811076266225427 ], [ 293749.432763154443819, 3400182.022704279050231 ], [ 293778.538577160856221, 3400182.022704279050231 ] ] ] ] } },
{ "type": "Feature", "properties": { "zone_id": "RZ-198", "zone_label": "Candidate Hazard-Based Red Zone", "candidate_priority_rank": 198, "candidate_priority_basis": "Mean multi-hazard score, then maximum score, then area", "source_indicator": "Higher Multi-Hazard Indicator", "source_class": 3, "mean_multihazard_score": 0.679016, "max_multihazard_score": 0.717608, "min_multihazard_score": 0.652828, "terrain_contribution_mean": 0.231424, "flood_contribution_mean": 0.447593, "area_m2": 9318.63, "area_hectares": 0.9319, "pixel_count": 11, "methodology": "Deterministic terrain and hydrology screening", "disclaimer": "Decision Support — Requires Official Verification & Geotechnical Assessment" }, "geometry": { "type": "MultiPolygon", "coordinates": [ [ [ [ 297271.236257932556327, 3406381.561087648849934 ], [ 297271.236257932556327, 3406410.666901655029505 ], [ 297300.342071938968729, 3406410.666901655029505 ], [ 297300.342071938968729, 3406381.561087648849934 ], [ 297271.236257932556327, 3406381.561087648849934 ] ] ], [ [ [ 297271.236257932556327, 3406439.772715661674738 ], [ 297271.236257932556327, 3406410.666901655029505 ], [ 297242.130443926143926, 3406410.666901655029505 ], [ 297242.130443926143926, 3406439.772715661674738 ], [ 297271.236257932556327, 3406439.772715661674738 ] ] ], [ [ [ 297213.024629919673316, 3406439.772715661674738 ], [ 297213.024629919673316, 3406468.878529667854309 ], [ 297242.130443926143926, 3406468.878529667854309 ], [ 297242.130443926143926, 3406439.772715661674738 ], [ 297213.024629919673316, 3406439.772715661674738 ] ] ], [ [ [ 297183.918815913260914, 3406497.984343674499542 ], [ 297213.024629919673316, 3406497.984343674499542 ], [ 297213.024629919673316, 3406468.878529667854309 ], [ 297183.918815913260914, 3406468.878529667854309 ], [ 297183.918815913260914, 3406497.984343674499542 ] ] ], [ [ [ 297183.918815913260914, 3406497.984343674499542 ], [ 297154.813001906848513, 3406497.984343674499542 ], [ 297154.813001906848513, 3406527.090157680679113 ], [ 297183.918815913260914, 3406527.090157680679113 ], [ 297183.918815913260914, 3406497.984343674499542 ] ] ], [ [ [ 297125.707187900377903, 3406527.090157680679113 ], [ 297125.707187900377903, 3406556.195971687324345 ], [ 297154.813001906848513, 3406556.195971687324345 ], [ 297154.813001906848513, 3406527.090157680679113 ], [ 297125.707187900377903, 3406527.090157680679113 ] ] ], [ [ [ 297125.707187900377903, 3406585.301785693503916 ], [ 297125.707187900377903, 3406556.195971687324345 ], [ 297096.601373893965501, 3406556.195971687324345 ], [ 297096.601373893965501, 3406585.301785693503916 ], [ 297125.707187900377903, 3406585.301785693503916 ] ] ], [ [ [ 297067.4955598875531, 3406585.301785693503916 ], [ 297067.4955598875531, 3406614.407599700149149 ], [ 297096.601373893965501, 3406614.407599700149149 ], [ 297096.601373893965501, 3406585.301785693503916 ], [ 297067.4955598875531, 3406585.301785693503916 ] ] ], [ [ [ 297038.389745881140698, 3406643.513413706794381 ], [ 297067.4955598875531, 3406643.513413706794381 ], [ 297067.4955598875531, 3406614.407599700149149 ], [ 297038.389745881140698, 3406614.407599700149149 ], [ 297038.389745881140698, 3406643.513413706794381 ] ] ], [ [ [ 297038.389745881140698, 3406643.513413706794381 ], [ 296980.178117868257686, 3406643.513413706794381 ], [ 296980.178117868257686, 3406672.619227712973952 ], [ 297038.389745881140698, 3406672.619227712973952 ], [ 297038.389745881140698, 3406643.513413706794381 ] ] ] ] } },
{ "type": "Feature", "properties": { "zone_id": "RZ-199", "zone_label": "Candidate Hazard-Based Red Zone", "candidate_priority_rank": 199, "candidate_priority_basis": "Mean multi-hazard score, then maximum score, then area", "source_indicator": "Higher Multi-Hazard Indicator", "source_class": 3, "mean_multihazard_score": 0.678996, "max_multihazard_score": 0.711519, "min_multihazard_score": 0.651414, "terrain_contribution_mean": 0.49306, "flood_contribution_mean": 0.185936, "area_m2": 10165.78, "area_hectares": 1.0166, "pixel_count": 12, "methodology": "Deterministic terrain and hydrology screening", "disclaimer": "Decision Support — Requires Official Verification & Geotechnical Assessment" }, "geometry": { "type": "Polygon", "coordinates": [ [ [ 335894.651444466027897, 3401870.159916651900858 ], [ 335894.651444466027897, 3401811.948288639076054 ], [ 335923.757258472498506, 3401811.948288639076054 ], [ 335923.757258472498506, 3401841.054102645721287 ], [ 336040.180514498206321, 3401841.054102645721287 ], [ 336040.180514498206321, 3401811.948288639076054 ], [ 336069.286328504618723, 3401811.948288639076054 ], [ 336069.286328504618723, 3401782.842474632896483 ], [ 336098.392142511089332, 3401782.842474632896483 ], [ 336098.392142511089332, 3401811.948288639076054 ], [ 336127.497956517501734, 3401811.948288639076054 ], [ 336127.497956517501734, 3401841.054102645721287 ], [ 336098.392142511089332, 3401841.054102645721287 ], [ 336098.392142511089332, 3401870.159916651900858 ], [ 335894.651444466027897, 3401870.159916651900858 ] ] ] } },
{ "type": "Feature", "properties": { "zone_id": "RZ-200", "zone_label": "Candidate Hazard-Based Red Zone", "candidate_priority_rank": 200, "candidate_priority_basis": "Mean multi-hazard score, then maximum score, then area", "source_indicator": "Higher Multi-Hazard Indicator", "source_class": 3, "mean_multihazard_score": 0.678741, "max_multihazard_score": 0.714416, "min_multihazard_score": 0.652151, "terrain_contribution_mean": 0.365712, "flood_contribution_mean": 0.313029, "area_m2": 5082.89, "area_hectares": 0.5083, "pixel_count": 6, "methodology": "Deterministic terrain and hydrology screening", "disclaimer": "Decision Support — Requires Official Verification & Geotechnical Assessment" }, "geometry": { "type": "MultiPolygon", "coordinates": [ [ [ [ 312871.952565379382577, 3397096.806419597472996 ], [ 312842.846751372970175, 3397096.806419597472996 ], [ 312842.846751372970175, 3397125.912233603652567 ], [ 312871.952565379382577, 3397125.912233603652567 ], [ 312871.952565379382577, 3397096.806419597472996 ] ] ], [ [ [ 312813.740937366557773, 3397125.912233603652567 ], [ 312813.740937366557773, 3397155.018047610297799 ], [ 312842.846751372970175, 3397155.018047610297799 ], [ 312842.846751372970175, 3397125.912233603652567 ], [ 312813.740937366557773, 3397125.912233603652567 ] ] ], [ [ [ 312813.740937366557773, 3397184.12386161647737 ], [ 312813.740937366557773, 3397155.018047610297799 ], [ 312784.635123360087164, 3397155.018047610297799 ], [ 312784.635123360087164, 3397184.12386161647737 ], [ 312813.740937366557773, 3397184.12386161647737 ] ] ], [ [ [ 312784.635123360087164, 3397184.12386161647737 ], [ 312755.529309353674762, 3397184.12386161647737 ], [ 312755.529309353674762, 3397213.229675623122603 ], [ 312784.635123360087164, 3397213.229675623122603 ], [ 312784.635123360087164, 3397184.12386161647737 ] ] ], [ [ [ 312726.42349534726236, 3397213.229675623122603 ], [ 312726.42349534726236, 3397242.335489629302174 ], [ 312755.529309353674762, 3397242.335489629302174 ], [ 312755.529309353674762, 3397213.229675623122603 ], [ 312726.42349534726236, 3397213.229675623122603 ] ] ], [ [ [ 312726.42349534726236, 3397271.441303635947406 ], [ 312726.42349534726236, 3397242.335489629302174 ], [ 312697.317681340791751, 3397242.335489629302174 ], [ 312697.317681340791751, 3397271.441303635947406 ], [ 312726.42349534726236, 3397271.441303635947406 ] ] ] ] } },
{ "type": "Feature", "properties": { "zone_id": "RZ-201", "zone_label": "Candidate Hazard-Based Red Zone", "candidate_priority_rank": 201, "candidate_priority_basis": "Mean multi-hazard score, then maximum score, then area", "source_indicator": "Higher Multi-Hazard Indicator", "source_class": 3, "mean_multihazard_score": 0.678556, "max_multihazard_score": 0.703691, "min_multihazard_score": 0.663503, "terrain_contribution_mean": 0.396361, "flood_contribution_mean": 0.282195, "area_m2": 5082.89, "area_hectares": 0.5083, "pixel_count": 6, "methodology": "Deterministic terrain and hydrology screening", "disclaimer": "Decision Support — Requires Official Verification & Geotechnical Assessment" }, "geometry": { "type": "MultiPolygon", "coordinates": [ [ [ [ 328530.880500839091837, 3386182.126167186070234 ], [ 328530.880500839091837, 3386211.231981192249805 ], [ 328589.092128851974849, 3386211.231981192249805 ], [ 328589.092128851974849, 3386182.126167186070234 ], [ 328530.880500839091837, 3386182.126167186070234 ] ] ], [ [ [ 328618.19794285838725, 3386240.337795198895037 ], [ 328618.19794285838725, 3386211.231981192249805 ], [ 328589.092128851974849, 3386211.231981192249805 ], [ 328589.092128851974849, 3386240.337795198895037 ], [ 328618.19794285838725, 3386240.337795198895037 ] ] ], [ [ [ 328618.19794285838725, 3386240.337795198895037 ], [ 328618.19794285838725, 3386269.443609205074608 ], [ 328676.409570871270262, 3386269.443609205074608 ], [ 328676.409570871270262, 3386240.337795198895037 ], [ 328618.19794285838725, 3386240.337795198895037 ] ] ], [ [ [ 328705.515384877682664, 3386298.549423211719841 ], [ 328705.515384877682664, 3386269.443609205074608 ], [ 328676.409570871270262, 3386269.443609205074608 ], [ 328676.409570871270262, 3386298.549423211719841 ], [ 328705.515384877682664, 3386298.549423211719841 ] ] ] ] } },
{ "type": "Feature", "properties": { "zone_id": "RZ-202", "zone_label": "Candidate Hazard-Based Red Zone", "candidate_priority_rank": 202, "candidate_priority_basis": "Mean multi-hazard score, then maximum score, then area", "source_indicator": "Higher Multi-Hazard Indicator", "source_class": 3, "mean_multihazard_score": 0.678383, "max_multihazard_score": 0.698689, "min_multihazard_score": 0.666139, "terrain_contribution_mean": 0.220798, "flood_contribution_mean": 0.457584, "area_m2": 5082.89, "area_hectares": 0.5083, "pixel_count": 6, "methodology": "Deterministic terrain and hydrology screening", "disclaimer": "Decision Support — Requires Official Verification & Geotechnical Assessment" }, "geometry": { "type": "MultiPolygon", "coordinates": [ [ [ [ 310805.439770922821481, 3398377.462235880084336 ], [ 310805.439770922821481, 3398406.568049886729568 ], [ 310834.545584929233883, 3398406.568049886729568 ], [ 310834.545584929233883, 3398377.462235880084336 ], [ 310805.439770922821481, 3398377.462235880084336 ] ] ], [ [ [ 310834.545584929233883, 3398435.673863893374801 ], [ 310863.651398935704492, 3398435.673863893374801 ], [ 310863.651398935704492, 3398406.568049886729568 ], [ 310834.545584929233883, 3398406.568049886729568 ], [ 310834.545584929233883, 3398435.673863893374801 ] ] ], [ [ [ 310892.757212942116894, 3398435.673863893374801 ], [ 310863.651398935704492, 3398435.673863893374801 ], [ 310863.651398935704492, 3398464.779677899554372 ], [ 310892.757212942116894, 3398464.779677899554372 ], [ 310892.757212942116894, 3398435.673863893374801 ] ] ], [ [ [ 310892.757212942116894, 3398464.779677899554372 ], [ 310892.757212942116894, 3398493.885491906199604 ], [ 310921.863026948529296, 3398493.885491906199604 ], [ 310921.863026948529296, 3398464.779677899554372 ], [ 310892.757212942116894, 3398464.779677899554372 ] ] ], [ [ [ 310921.863026948529296, 3398522.991305912379175 ], [ 310950.968840954941697, 3398522.991305912379175 ], [ 310950.968840954941697, 3398493.885491906199604 ], [ 310921.863026948529296, 3398493.885491906199604 ], [ 310921.863026948529296, 3398522.991305912379175 ] ] ], [ [ [ 310980.074654961412307, 3398522.991305912379175 ], [ 310950.968840954941697, 3398522.991305912379175 ], [ 310950.968840954941697, 3398552.097119919024408 ], [ 310980.074654961412307, 3398552.097119919024408 ], [ 310980.074654961412307, 3398522.991305912379175 ] ] ] ] } },
{ "type": "Feature", "properties": { "zone_id": "RZ-203", "zone_label": "Candidate Hazard-Based Red Zone", "candidate_priority_rank": 203, "candidate_priority_basis": "Mean multi-hazard score, then maximum score, then area", "source_indicator": "Higher Multi-Hazard Indicator", "source_class": 3, "mean_multihazard_score": 0.678311, "max_multihazard_score": 0.705226, "min_multihazard_score": 0.663953, "terrain_contribution_mean": 0.294734, "flood_contribution_mean": 0.383576, "area_m2": 5930.04, "area_hectares": 0.593, "pixel_count": 7, "methodology": "Deterministic terrain and hydrology screening", "disclaimer": "Decision Support — Requires Official Verification & Geotechnical Assessment" }, "geometry": { "type": "MultiPolygon", "coordinates": [ [ [ [ 292235.930434820067603, 3397737.134327739011496 ], [ 292235.930434820067603, 3397708.028513732366264 ], [ 292206.824620813596994, 3397708.028513732366264 ], [ 292206.824620813596994, 3397737.134327739011496 ], [ 292235.930434820067603, 3397737.134327739011496 ] ] ], [ [ [ 292177.718806807184592, 3397737.134327739011496 ], [ 292177.718806807184592, 3397911.769211777485907 ], [ 292206.824620813596994, 3397911.769211777485907 ], [ 292206.824620813596994, 3397737.134327739011496 ], [ 292177.718806807184592, 3397737.134327739011496 ] ] ] ] } },
{ "type": "Feature", "properties": { "zone_id": "RZ-204", "zone_label": "Candidate Hazard-Based Red Zone", "candidate_priority_rank": 204, "candidate_priority_basis": "Mean multi-hazard score, then maximum score, then area", "source_indicator": "Higher Multi-Hazard Indicator", "source_class": 3, "mean_multihazard_score": 0.67817, "max_multihazard_score": 0.746421, "min_multihazard_score": 0.65777, "terrain_contribution_mean": 0.259016, "flood_contribution_mean": 0.419154, "area_m2": 9318.63, "area_hectares": 0.9319, "pixel_count": 11, "methodology": "Deterministic terrain and hydrology screening", "disclaimer": "Decision Support — Requires Official Verification & Geotechnical Assessment" }, "geometry": { "type": "MultiPolygon", "coordinates": [ [ [ [ 330131.700271192763466, 3399832.752936201635748 ], [ 330131.700271192763466, 3399861.858750208280981 ], [ 330160.806085199234076, 3399861.858750208280981 ], [ 330160.806085199234076, 3399832.752936201635748 ], [ 330131.700271192763466, 3399832.752936201635748 ] ] ], [ [ [ 330189.911899205646478, 3399890.964564214460552 ], [ 330189.911899205646478, 3399861.858750208280981 ], [ 330160.806085199234076, 3399861.858750208280981 ], [ 330160.806085199234076, 3399890.964564214460552 ], [ 330189.911899205646478, 3399890.964564214460552 ] ] ], [ [ [ 330189.911899205646478, 3399890.964564214460552 ], [ 330189.911899205646478, 3399920.070378221105784 ], [ 330306.335155231354292, 3399920.070378221105784 ], [ 330306.335155231354292, 3399890.964564214460552 ], [ 330189.911899205646478, 3399890.964564214460552 ] ] ], [ [ [ 330451.864225263532717, 3399949.176192227751017 ], [ 330451.864225263532717, 3399920.070378221105784 ], [ 330306.335155231354292, 3399920.070378221105784 ], [ 330306.335155231354292, 3399949.176192227751017 ], [ 330451.864225263532717, 3399949.176192227751017 ] ] ] ] } },
{ "type": "Feature", "properties": { "zone_id": "RZ-205", "zone_label": "Candidate Hazard-Based Red Zone", "candidate_priority_rank": 205, "candidate_priority_basis": "Mean multi-hazard score, then maximum score, then area", "source_indicator": "Higher Multi-Hazard Indicator", "source_class": 3, "mean_multihazard_score": 0.678147, "max_multihazard_score": 0.69884, "min_multihazard_score": 0.657253, "terrain_contribution_mean": 0.281655, "flood_contribution_mean": 0.396492, "area_m2": 5082.89, "area_hectares": 0.5083, "pixel_count": 6, "methodology": "Deterministic terrain and hydrology screening", "disclaimer": "Decision Support — Requires Official Verification & Geotechnical Assessment" }, "geometry": { "type": "Polygon", "coordinates": [ [ [ 318023.681644517637324, 3408186.121556047350168 ], [ 318023.681644517637324, 3408157.015742041170597 ], [ 318198.31652855622815, 3408157.015742041170597 ], [ 318198.31652855622815, 3408186.121556047350168 ], [ 318023.681644517637324, 3408186.121556047350168 ] ] ] } },
{ "type": "Feature", "properties": { "zone_id": "RZ-206", "zone_label": "Candidate Hazard-Based Red Zone", "candidate_priority_rank": 206, "candidate_priority_basis": "Mean multi-hazard score, then maximum score, then area", "source_indicator": "Higher Multi-Hazard Indicator", "source_class": 3, "mean_multihazard_score": 0.678072, "max_multihazard_score": 0.692682, "min_multihazard_score": 0.656852, "terrain_contribution_mean": 0.255956, "flood_contribution_mean": 0.422117, "area_m2": 5082.89, "area_hectares": 0.5083, "pixel_count": 6, "methodology": "Deterministic terrain and hydrology screening", "disclaimer": "Decision Support — Requires Official Verification & Geotechnical Assessment" }, "geometry": { "type": "MultiPolygon", "coordinates": [ [ [ [ 336767.825864658982027, 3376344.361033012159169 ], [ 336767.825864658982027, 3376373.466847018804401 ], [ 336855.14330667827744, 3376373.466847018804401 ], [ 336855.14330667827744, 3376344.361033012159169 ], [ 336767.825864658982027, 3376344.361033012159169 ] ] ], [ [ [ 336884.249120684689842, 3376402.572661024983972 ], [ 336884.249120684689842, 3376373.466847018804401 ], [ 336855.14330667827744, 3376373.466847018804401 ], [ 336855.14330667827744, 3376402.572661024983972 ], [ 336884.249120684689842, 3376402.572661024983972 ] ] ], [ [ [ 336884.249120684689842, 3376402.572661024983972 ], [ 336884.249120684689842, 3376431.678475031629205 ], [ 336913.354934691102244, 3376431.678475031629205 ], [ 336913.354934691102244, 3376402.572661024983972 ], [ 336884.249120684689842, 3376402.572661024983972 ] ] ], [ [ [ 336942.460748697572853, 3376460.784289037808776 ], [ 336942.460748697572853, 3376431.678475031629205 ], [ 336913.354934691102244, 3376431.678475031629205 ], [ 336913.354934691102244, 3376460.784289037808776 ], [ 336942.460748697572853, 3376460.784289037808776 ] ] ] ] } },
{ "type": "Feature", "properties": { "zone_id": "RZ-207", "zone_label": "Candidate Hazard-Based Red Zone", "candidate_priority_rank": 207, "candidate_priority_basis": "Mean multi-hazard score, then maximum score, then area", "source_indicator": "Higher Multi-Hazard Indicator", "source_class": 3, "mean_multihazard_score": 0.678028, "max_multihazard_score": 0.717402, "min_multihazard_score": 0.650237, "terrain_contribution_mean": 0.287291, "flood_contribution_mean": 0.390737, "area_m2": 12707.23, "area_hectares": 1.2707, "pixel_count": 15, "methodology": "Deterministic terrain and hydrology screening", "disclaimer": "Decision Support — Requires Official Verification & Geotechnical Assessment" }, "geometry": { "type": "MultiPolygon", "coordinates": [ [ [ [ 309582.995582652743906, 3399250.636656073387712 ], [ 309553.889768646273296, 3399250.636656073387712 ], [ 309553.889768646273296, 3399279.742470079567283 ], [ 309582.995582652743906, 3399279.742470079567283 ], [ 309582.995582652743906, 3399250.636656073387712 ] ] ], [ [ [ 309524.783954639860895, 3399308.848284086212516 ], [ 309553.889768646273296, 3399308.848284086212516 ], [ 309553.889768646273296, 3399279.742470079567283 ], [ 309524.783954639860895, 3399279.742470079567283 ], [ 309524.783954639860895, 3399308.848284086212516 ] ] ], [ [ [ 309582.995582652743906, 3399279.742470079567283 ], [ 309582.995582652743906, 3399308.848284086212516 ], [ 309612.101396659156308, 3399308.848284086212516 ], [ 309612.101396659156308, 3399279.742470079567283 ], [ 309582.995582652743906, 3399279.742470079567283 ] ] ], [ [ [ 309641.207210665568709, 3399658.118052163161337 ], [ 309641.207210665568709, 3399308.848284086212516 ], [ 309612.101396659156308, 3399308.848284086212516 ], [ 309612.101396659156308, 3399658.118052163161337 ], [ 309641.207210665568709, 3399658.118052163161337 ] ] ] ] } },
{ "type": "Feature", "properties": { "zone_id": "RZ-208", "zone_label": "Candidate Hazard-Based Red Zone", "candidate_priority_rank": 208, "candidate_priority_basis": "Mean multi-hazard score, then maximum score, then area", "source_indicator": "Higher Multi-Hazard Indicator", "source_class": 3, "mean_multihazard_score": 0.677723, "max_multihazard_score": 0.687443, "min_multihazard_score": 0.655464, "terrain_contribution_mean": 0.419157, "flood_contribution_mean": 0.258566, "area_m2": 5082.89, "area_hectares": 0.5083, "pixel_count": 6, "methodology": "Deterministic terrain and hydrology screening", "disclaimer": "Decision Support — Requires Official Verification & Geotechnical Assessment" }, "geometry": { "type": "Polygon", "coordinates": [ [ [ 312289.836285250785295, 3389907.67036000918597 ], [ 312289.836285250785295, 3389733.035475970245898 ], [ 312318.942099257197697, 3389733.035475970245898 ], [ 312318.942099257197697, 3389907.67036000918597 ], [ 312289.836285250785295, 3389907.67036000918597 ] ] ] } },
{ "type": "Feature", "properties": { "zone_id": "RZ-209", "zone_label": "Candidate Hazard-Based Red Zone", "candidate_priority_rank": 209, "candidate_priority_basis": "Mean multi-hazard score, then maximum score, then area", "source_indicator": "Higher Multi-Hazard Indicator", "source_class": 3, "mean_multihazard_score": 0.677679, "max_multihazard_score": 0.690955, "min_multihazard_score": 0.66077, "terrain_contribution_mean": 0.371415, "flood_contribution_mean": 0.306264, "area_m2": 5082.89, "area_hectares": 0.5083, "pixel_count": 6, "methodology": "Deterministic terrain and hydrology screening", "disclaimer": "Decision Support — Requires Official Verification & Geotechnical Assessment" }, "geometry": { "type": "Polygon", "coordinates": [ [ [ 327279.330498562543653, 3390431.575012124609202 ], [ 327279.330498562543653, 3390402.469198118429631 ], [ 327453.965382601134479, 3390402.469198118429631 ], [ 327453.965382601134479, 3390431.575012124609202 ], [ 327279.330498562543653, 3390431.575012124609202 ] ] ] } },
{ "type": "Feature", "properties": { "zone_id": "RZ-210", "zone_label": "Candidate Hazard-Based Red Zone", "candidate_priority_rank": 210, "candidate_priority_basis": "Mean multi-hazard score, then maximum score, then area", "source_indicator": "Higher Multi-Hazard Indicator", "source_class": 3, "mean_multihazard_score": 0.677195, "max_multihazard_score": 0.714304, "min_multihazard_score": 0.650026, "terrain_contribution_mean": 0.373261, "flood_contribution_mean": 0.303934, "area_m2": 5930.04, "area_hectares": 0.593, "pixel_count": 7, "methodology": "Deterministic terrain and hydrology screening", "disclaimer": "Decision Support — Requires Official Verification & Geotechnical Assessment" }, "geometry": { "type": "MultiPolygon", "coordinates": [ [ [ [ 324514.27816795167746, 3387753.840123533271253 ], [ 324485.172353945206851, 3387753.840123533271253 ], [ 324485.172353945206851, 3387841.157565552275628 ], [ 324514.27816795167746, 3387841.157565552275628 ], [ 324514.27816795167746, 3387753.840123533271253 ] ] ], [ [ [ 324456.066539938794449, 3387899.369193565100431 ], [ 324485.172353945206851, 3387899.369193565100431 ], [ 324485.172353945206851, 3387841.157565552275628 ], [ 324456.066539938794449, 3387841.157565552275628 ], [ 324456.066539938794449, 3387899.369193565100431 ] ] ], [ [ [ 324456.066539938794449, 3387899.369193565100431 ], [ 324426.960725932382047, 3387899.369193565100431 ], [ 324426.960725932382047, 3387928.475007571745664 ], [ 324456.066539938794449, 3387928.475007571745664 ], [ 324456.066539938794449, 3387899.369193565100431 ] ] ], [ [ [ 324397.854911925911438, 3387957.580821577925235 ], [ 324426.960725932382047, 3387957.580821577925235 ], [ 324426.960725932382047, 3387928.475007571745664 ], [ 324397.854911925911438, 3387928.475007571745664 ], [ 324397.854911925911438, 3387957.580821577925235 ] ] ] ] } },
{ "type": "Feature", "properties": { "zone_id": "RZ-211", "zone_label": "Candidate Hazard-Based Red Zone", "candidate_priority_rank": 211, "candidate_priority_basis": "Mean multi-hazard score, then maximum score, then area", "source_indicator": "Higher Multi-Hazard Indicator", "source_class": 3, "mean_multihazard_score": 0.677184, "max_multihazard_score": 0.710445, "min_multihazard_score": 0.653368, "terrain_contribution_mean": 0.49944, "flood_contribution_mean": 0.177744, "area_m2": 8471.48, "area_hectares": 0.8471, "pixel_count": 10, "methodology": "Deterministic terrain and hydrology screening", "disclaimer": "Decision Support — Requires Official Verification & Geotechnical Assessment" }, "geometry": { "type": "MultiPolygon", "coordinates": [ [ [ [ 316568.390944196085911, 3410019.787838452495635 ], [ 316568.390944196085911, 3409961.576210439670831 ], [ 316597.496758202498313, 3409961.576210439670831 ], [ 316597.496758202498313, 3409903.364582426846027 ], [ 316539.285130189673509, 3409903.364582426846027 ], [ 316539.285130189673509, 3410019.787838452495635 ], [ 316568.390944196085911, 3410019.787838452495635 ] ] ], [ [ [ 316539.285130189673509, 3410019.787838452495635 ], [ 316510.1793161832029, 3410019.787838452495635 ], [ 316510.1793161832029, 3410048.893652459140867 ], [ 316539.285130189673509, 3410048.893652459140867 ], [ 316539.285130189673509, 3410019.787838452495635 ] ] ], [ [ [ 316481.073502176790498, 3410136.211094478145242 ], [ 316510.1793161832029, 3410136.211094478145242 ], [ 316510.1793161832029, 3410048.893652459140867 ], [ 316481.073502176790498, 3410048.893652459140867 ], [ 316481.073502176790498, 3410136.211094478145242 ] ] ] ] } },
{ "type": "Feature", "properties": { "zone_id": "RZ-212", "zone_label": "Candidate Hazard-Based Red Zone", "candidate_priority_rank": 212, "candidate_priority_basis": "Mean multi-hazard score, then maximum score, then area", "source_indicator": "Higher Multi-Hazard Indicator", "source_class": 3, "mean_multihazard_score": 0.677142, "max_multihazard_score": 0.69676, "min_multihazard_score": 0.656735, "terrain_contribution_mean": 0.483562, "flood_contribution_mean": 0.19358, "area_m2": 5082.89, "area_hectares": 0.5083, "pixel_count": 6, "methodology": "Deterministic terrain and hydrology screening", "disclaimer": "Decision Support — Requires Official Verification & Geotechnical Assessment" }, "geometry": { "type": "Polygon", "coordinates": [ [ [ 315491.475825958128553, 3405741.233179507311434 ], [ 315491.475825958128553, 3405653.915737487841398 ], [ 315549.687453971011564, 3405653.915737487841398 ], [ 315549.687453971011564, 3405683.02155149448663 ], [ 315578.793267977423966, 3405683.02155149448663 ], [ 315578.793267977423966, 3405712.127365500666201 ], [ 315520.581639964599162, 3405712.127365500666201 ], [ 315520.581639964599162, 3405741.233179507311434 ], [ 315491.475825958128553, 3405741.233179507311434 ] ] ] } },
{ "type": "Feature", "properties": { "zone_id": "RZ-213", "zone_label": "Candidate Hazard-Based Red Zone", "candidate_priority_rank": 213, "candidate_priority_basis": "Mean multi-hazard score, then maximum score, then area", "source_indicator": "Higher Multi-Hazard Indicator", "source_class": 3, "mean_multihazard_score": 0.677081, "max_multihazard_score": 0.695472, "min_multihazard_score": 0.666571, "terrain_contribution_mean": 0.489208, "flood_contribution_mean": 0.187872, "area_m2": 5930.04, "area_hectares": 0.593, "pixel_count": 7, "methodology": "Deterministic terrain and hydrology screening", "disclaimer": "Decision Support — Requires Official Verification & Geotechnical Assessment" }, "geometry": { "type": "MultiPolygon", "coordinates": [ [ [ [ 321661.908395321457647, 3402423.170382773969322 ], [ 321661.908395321457647, 3402452.276196780614555 ], [ 321691.014209327870049, 3402452.276196780614555 ], [ 321691.014209327870049, 3402423.170382773969322 ], [ 321661.908395321457647, 3402423.170382773969322 ] ] ], [ [ [ 321632.802581315045245, 3402452.276196780614555 ], [ 321632.802581315045245, 3402481.382010786794126 ], [ 321661.908395321457647, 3402481.382010786794126 ], [ 321661.908395321457647, 3402452.276196780614555 ], [ 321632.802581315045245, 3402452.276196780614555 ] ] ], [ [ [ 321691.014209327870049, 3402452.276196780614555 ], [ 321691.014209327870049, 3402481.382010786794126 ], [ 321720.120023334340658, 3402481.382010786794126 ], [ 321720.120023334340658, 3402452.276196780614555 ], [ 321691.014209327870049, 3402452.276196780614555 ] ] ], [ [ [ 321661.908395321457647, 3402481.382010786794126 ], [ 321661.908395321457647, 3402510.487824793439358 ], [ 321691.014209327870049, 3402510.487824793439358 ], [ 321691.014209327870049, 3402481.382010786794126 ], [ 321661.908395321457647, 3402481.382010786794126 ] ] ], [ [ [ 321720.120023334340658, 3402481.382010786794126 ], [ 321720.120023334340658, 3402510.487824793439358 ], [ 321749.22583734075306, 3402510.487824793439358 ], [ 321749.22583734075306, 3402481.382010786794126 ], [ 321720.120023334340658, 3402481.382010786794126 ] ] ], [ [ [ 321691.014209327870049, 3402539.593638800084591 ], [ 321720.120023334340658, 3402539.593638800084591 ], [ 321720.120023334340658, 3402510.487824793439358 ], [ 321691.014209327870049, 3402510.487824793439358 ], [ 321691.014209327870049, 3402539.593638800084591 ] ] ], [ [ [ 321749.22583734075306, 3402539.593638800084591 ], [ 321720.120023334340658, 3402539.593638800084591 ], [ 321720.120023334340658, 3402568.699452806264162 ], [ 321749.22583734075306, 3402568.699452806264162 ], [ 321749.22583734075306, 3402539.593638800084591 ] ] ] ] } },
{ "type": "Feature", "properties": { "zone_id": "RZ-214", "zone_label": "Candidate Hazard-Based Red Zone", "candidate_priority_rank": 214, "candidate_priority_basis": "Mean multi-hazard score, then maximum score, then area", "source_indicator": "Higher Multi-Hazard Indicator", "source_class": 3, "mean_multihazard_score": 0.676958, "max_multihazard_score": 0.708453, "min_multihazard_score": 0.655867, "terrain_contribution_mean": 0.240819, "flood_contribution_mean": 0.436139, "area_m2": 9318.63, "area_hectares": 0.9319, "pixel_count": 11, "methodology": "Deterministic terrain and hydrology screening", "disclaimer": "Decision Support — Requires Official Verification & Geotechnical Assessment" }, "geometry": { "type": "MultiPolygon", "coordinates": [ [ [ [ 296834.649047836079262, 3403674.720385050866753 ], [ 296630.908349791076034, 3403674.720385050866753 ], [ 296630.908349791076034, 3403703.826199057046324 ], [ 296834.649047836079262, 3403703.826199057046324 ], [ 296834.649047836079262, 3403674.720385050866753 ] ] ], [ [ [ 296834.649047836079262, 3403732.932013063691556 ], [ 296951.072303861845285, 3403732.932013063691556 ], [ 296951.072303861845285, 3403703.826199057046324 ], [ 296834.649047836079262, 3403703.826199057046324 ], [ 296834.649047836079262, 3403732.932013063691556 ] ] ] ] } },
{ "type": "Feature", "properties": { "zone_id": "RZ-215", "zone_label": "Candidate Hazard-Based Red Zone", "candidate_priority_rank": 215, "candidate_priority_basis": "Mean multi-hazard score, then maximum score, then area", "source_indicator": "Higher Multi-Hazard Indicator", "source_class": 3, "mean_multihazard_score": 0.676931, "max_multihazard_score": 0.698195, "min_multihazard_score": 0.658863, "terrain_contribution_mean": 0.470335, "flood_contribution_mean": 0.206596, "area_m2": 10165.78, "area_hectares": 1.0166, "pixel_count": 12, "methodology": "Deterministic terrain and hydrology screening", "disclaimer": "Decision Support — Requires Official Verification & Geotechnical Assessment" }, "geometry": { "type": "MultiPolygon", "coordinates": [ [ [ [ 336360.344468568917364, 3401841.054102645721287 ], [ 336360.344468568917364, 3401753.736660626251251 ], [ 336331.238654562504962, 3401753.736660626251251 ], [ 336331.238654562504962, 3401841.054102645721287 ], [ 336360.344468568917364, 3401841.054102645721287 ] ] ], [ [ [ 336331.238654562504962, 3401841.054102645721287 ], [ 336302.13284055609256, 3401841.054102645721287 ], [ 336302.13284055609256, 3401870.159916651900858 ], [ 336331.238654562504962, 3401870.159916651900858 ], [ 336331.238654562504962, 3401841.054102645721287 ] ] ], [ [ [ 336273.027026549621951, 3401899.26573065854609 ], [ 336243.921212543209549, 3401899.26573065854609 ], [ 336243.921212543209549, 3401957.477358671370894 ], [ 336273.027026549621951, 3401957.477358671370894 ], [ 336273.027026549621951, 3402044.794800690375268 ], [ 336302.13284055609256, 3402044.794800690375268 ], [ 336302.13284055609256, 3401870.159916651900858 ], [ 336273.027026549621951, 3401870.159916651900858 ], [ 336273.027026549621951, 3401899.26573065854609 ] ] ] ] } },
{ "type": "Feature", "properties": { "zone_id": "RZ-216", "zone_label": "Candidate Hazard-Based Red Zone", "candidate_priority_rank": 216, "candidate_priority_basis": "Mean multi-hazard score, then maximum score, then area", "source_indicator": "Higher Multi-Hazard Indicator", "source_class": 3, "mean_multihazard_score": 0.676771, "max_multihazard_score": 0.703784, "min_multihazard_score": 0.650392, "terrain_contribution_mean": 0.349007, "flood_contribution_mean": 0.327764, "area_m2": 5082.89, "area_hectares": 0.5083, "pixel_count": 6, "methodology": "Deterministic terrain and hydrology screening", "disclaimer": "Decision Support — Requires Official Verification & Geotechnical Assessment" }, "geometry": { "type": "MultiPolygon", "coordinates": [ [ [ [ 305158.911853675264865, 3406206.926203609909862 ], [ 305129.806039668852463, 3406206.926203609909862 ], [ 305129.806039668852463, 3406236.032017616555095 ], [ 305158.911853675264865, 3406236.032017616555095 ], [ 305158.911853675264865, 3406206.926203609909862 ] ] ], [ [ [ 305071.594411655969452, 3406265.137831623200327 ], [ 305129.806039668852463, 3406265.137831623200327 ], [ 305129.806039668852463, 3406236.032017616555095 ], [ 305071.594411655969452, 3406236.032017616555095 ], [ 305071.594411655969452, 3406265.137831623200327 ] ] ], [ [ [ 305071.594411655969452, 3406265.137831623200327 ], [ 305042.48859764955705, 3406265.137831623200327 ], [ 305042.48859764955705, 3406294.243645629379898 ], [ 305071.594411655969452, 3406294.243645629379898 ], [ 305071.594411655969452, 3406265.137831623200327 ] ] ], [ [ [ 305013.382783643086441, 3406294.243645629379898 ], [ 305013.382783643086441, 3406323.349459636025131 ], [ 305042.48859764955705, 3406323.349459636025131 ], [ 305042.48859764955705, 3406294.243645629379898 ], [ 305013.382783643086441, 3406294.243645629379898 ] ] ], [ [ [ 305013.382783643086441, 3406352.455273642204702 ], [ 305013.382783643086441, 3406323.349459636025131 ], [ 304984.276969636674039, 3406323.349459636025131 ], [ 304984.276969636674039, 3406352.455273642204702 ], [ 305013.382783643086441, 3406352.455273642204702 ] ] ] ] } },
{ "type": "Feature", "properties": { "zone_id": "RZ-217", "zone_label": "Candidate Hazard-Based Red Zone", "candidate_priority_rank": 217, "candidate_priority_basis": "Mean multi-hazard score, then maximum score, then area", "source_indicator": "Higher Multi-Hazard Indicator", "source_class": 3, "mean_multihazard_score": 0.676513, "max_multihazard_score": 0.711196, "min_multihazard_score": 0.65078, "terrain_contribution_mean": 0.431042, "flood_contribution_mean": 0.245471, "area_m2": 5082.89, "area_hectares": 0.5083, "pixel_count": 6, "methodology": "Deterministic terrain and hydrology screening", "disclaimer": "Decision Support — Requires Official Verification & Geotechnical Assessment" }, "geometry": { "type": "MultiPolygon", "coordinates": [ [ [ [ 328385.351430806913413, 3386589.607563275843859 ], [ 328239.822360774793196, 3386589.607563275843859 ], [ 328239.822360774793196, 3386618.713377282489091 ], [ 328385.351430806913413, 3386618.713377282489091 ], [ 328385.351430806913413, 3386589.607563275843859 ] ] ], [ [ [ 328385.351430806913413, 3386647.819191288668662 ], [ 328414.457244813384023, 3386647.819191288668662 ], [ 328414.457244813384023, 3386618.713377282489091 ], [ 328385.351430806913413, 3386618.713377282489091 ], [ 328385.351430806913413, 3386647.819191288668662 ] ] ] ] } },
{ "type": "Feature", "properties": { "zone_id": "RZ-218", "zone_label": "Candidate Hazard-Based Red Zone", "candidate_priority_rank": 218, "candidate_priority_basis": "Mean multi-hazard score, then maximum score, then area", "source_indicator": "Higher Multi-Hazard Indicator", "source_class": 3, "mean_multihazard_score": 0.676327, "max_multihazard_score": 0.695187, "min_multihazard_score": 0.655651, "terrain_contribution_mean": 0.395945, "flood_contribution_mean": 0.280382, "area_m2": 6777.19, "area_hectares": 0.6777, "pixel_count": 8, "methodology": "Deterministic terrain and hydrology screening", "disclaimer": "Decision Support — Requires Official Verification & Geotechnical Assessment" }, "geometry": { "type": "Polygon", "coordinates": [ [ [ 336243.921212543209549, 3401782.842474632896483 ], [ 336243.921212543209549, 3401753.736660626251251 ], [ 336214.815398536797147, 3401753.736660626251251 ], [ 336214.815398536797147, 3401724.630846619606018 ], [ 336273.027026549621951, 3401724.630846619606018 ], [ 336273.027026549621951, 3401695.525032613426447 ], [ 336302.13284055609256, 3401695.525032613426447 ], [ 336302.13284055609256, 3401666.419218606781214 ], [ 336360.344468568917364, 3401666.419218606781214 ], [ 336360.344468568917364, 3401695.525032613426447 ], [ 336331.238654562504962, 3401695.525032613426447 ], [ 336331.238654562504962, 3401724.630846619606018 ], [ 336302.13284055609256, 3401724.630846619606018 ], [ 336302.13284055609256, 3401753.736660626251251 ], [ 336273.027026549621951, 3401753.736660626251251 ], [ 336273.027026549621951, 3401782.842474632896483 ], [ 336243.921212543209549, 3401782.842474632896483 ] ] ] } },
{ "type": "Feature", "properties": { "zone_id": "RZ-219", "zone_label": "Candidate Hazard-Based Red Zone", "candidate_priority_rank": 219, "candidate_priority_basis": "Mean multi-hazard score, then maximum score, then area", "source_indicator": "Higher Multi-Hazard Indicator", "source_class": 3, "mean_multihazard_score": 0.676298, "max_multihazard_score": 0.701971, "min_multihazard_score": 0.651473, "terrain_contribution_mean": 0.366458, "flood_contribution_mean": 0.30984, "area_m2": 8471.48, "area_hectares": 0.8471, "pixel_count": 10, "methodology": "Deterministic terrain and hydrology screening", "disclaimer": "Decision Support — Requires Official Verification & Geotechnical Assessment" }, "geometry": { "type": "MultiPolygon", "coordinates": [ [ [ [ 341657.602617739350535, 3403674.720385050866753 ], [ 341628.496803732879926, 3403674.720385050866753 ], [ 341628.496803732879926, 3403703.826199057046324 ], [ 341657.602617739350535, 3403703.826199057046324 ], [ 341657.602617739350535, 3403674.720385050866753 ] ] ], [ [ [ 341599.390989726467524, 3403820.249455082695931 ], [ 341628.496803732879926, 3403820.249455082695931 ], [ 341628.496803732879926, 3403703.826199057046324 ], [ 341599.390989726467524, 3403703.826199057046324 ], [ 341599.390989726467524, 3403820.249455082695931 ] ] ], [ [ [ 341599.390989726467524, 3403820.249455082695931 ], [ 341570.285175719996914, 3403820.249455082695931 ], [ 341570.285175719996914, 3403849.355269089341164 ], [ 341599.390989726467524, 3403849.355269089341164 ], [ 341599.390989726467524, 3403820.249455082695931 ] ] ], [ [ [ 341541.179361713584512, 3403849.355269089341164 ], [ 341541.179361713584512, 3403878.461083095520735 ], [ 341570.285175719996914, 3403878.461083095520735 ], [ 341570.285175719996914, 3403849.355269089341164 ], [ 341541.179361713584512, 3403849.355269089341164 ] ] ], [ [ [ 341541.179361713584512, 3403965.778525114990771 ], [ 341541.179361713584512, 3403878.461083095520735 ], [ 341512.073547707172111, 3403878.461083095520735 ], [ 341512.073547707172111, 3403965.778525114990771 ], [ 341541.179361713584512, 3403965.778525114990771 ] ] ] ] } },
{ "type": "Feature", "properties": { "zone_id": "RZ-220", "zone_label": "Candidate Hazard-Based Red Zone", "candidate_priority_rank": 220, "candidate_priority_basis": "Mean multi-hazard score, then maximum score, then area", "source_indicator": "Higher Multi-Hazard Indicator", "source_class": 3, "mean_multihazard_score": 0.676126, "max_multihazard_score": 0.697415, "min_multihazard_score": 0.656962, "terrain_contribution_mean": 0.242233, "flood_contribution_mean": 0.433893, "area_m2": 5930.04, "area_hectares": 0.593, "pixel_count": 7, "methodology": "Deterministic terrain and hydrology screening", "disclaimer": "Decision Support — Requires Official Verification & Geotechnical Assessment" }, "geometry": { "type": "MultiPolygon", "coordinates": [ [ [ [ 319071.490948749124072, 3352215.641221681144089 ], [ 319071.490948749124072, 3352244.747035687789321 ], [ 319100.596762755536474, 3352244.747035687789321 ], [ 319100.596762755536474, 3352215.641221681144089 ], [ 319071.490948749124072, 3352215.641221681144089 ] ] ], [ [ [ 319100.596762755536474, 3352273.852849693968892 ], [ 319129.702576762007084, 3352273.852849693968892 ], [ 319129.702576762007084, 3352244.747035687789321 ], [ 319100.596762755536474, 3352244.747035687789321 ], [ 319100.596762755536474, 3352273.852849693968892 ] ] ], [ [ [ 319187.914204774831887, 3352273.852849693968892 ], [ 319129.702576762007084, 3352273.852849693968892 ], [ 319129.702576762007084, 3352302.958663700614125 ], [ 319187.914204774831887, 3352302.958663700614125 ], [ 319187.914204774831887, 3352273.852849693968892 ] ] ], [ [ [ 319187.914204774831887, 3352302.958663700614125 ], [ 319187.914204774831887, 3352332.064477706793696 ], [ 319217.020018781302497, 3352332.064477706793696 ], [ 319217.020018781302497, 3352302.958663700614125 ], [ 319187.914204774831887, 3352302.958663700614125 ] ] ], [ [ [ 319217.020018781302497, 3352361.170291713438928 ], [ 319246.125832787714899, 3352361.170291713438928 ], [ 319246.125832787714899, 3352332.064477706793696 ], [ 319217.020018781302497, 3352332.064477706793696 ], [ 319217.020018781302497, 3352361.170291713438928 ] ] ], [ [ [ 319275.2316467941273, 3352361.170291713438928 ], [ 319246.125832787714899, 3352361.170291713438928 ], [ 319246.125832787714899, 3352390.276105719618499 ], [ 319275.2316467941273, 3352390.276105719618499 ], [ 319275.2316467941273, 3352361.170291713438928 ] ] ] ] } },
{ "type": "Feature", "properties": { "zone_id": "RZ-221", "zone_label": "Candidate Hazard-Based Red Zone", "candidate_priority_rank": 221, "candidate_priority_basis": "Mean multi-hazard score, then maximum score, then area", "source_indicator": "Higher Multi-Hazard Indicator", "source_class": 3, "mean_multihazard_score": 0.67584, "max_multihazard_score": 0.691451, "min_multihazard_score": 0.655328, "terrain_contribution_mean": 0.220632, "flood_contribution_mean": 0.455208, "area_m2": 5082.89, "area_hectares": 0.5083, "pixel_count": 6, "methodology": "Deterministic terrain and hydrology screening", "disclaimer": "Decision Support — Requires Official Verification & Geotechnical Assessment" }, "geometry": { "type": "MultiPolygon", "coordinates": [ [ [ [ 335225.217722318135202, 3391042.797106259968132 ], [ 335225.217722318135202, 3391101.008734272792935 ], [ 335254.323536324547604, 3391101.008734272792935 ], [ 335254.323536324547604, 3391042.797106259968132 ], [ 335225.217722318135202, 3391042.797106259968132 ] ] ], [ [ [ 335283.429350331018213, 3391130.114548278972507 ], [ 335283.429350331018213, 3391101.008734272792935 ], [ 335254.323536324547604, 3391101.008734272792935 ], [ 335254.323536324547604, 3391130.114548278972507 ], [ 335283.429350331018213, 3391130.114548278972507 ] ] ], [ [ [ 335283.429350331018213, 3391130.114548278972507 ], [ 335283.429350331018213, 3391159.220362285617739 ], [ 335341.640978343843017, 3391159.220362285617739 ], [ 335341.640978343843017, 3391130.114548278972507 ], [ 335283.429350331018213, 3391130.114548278972507 ] ] ], [ [ [ 335370.746792350313626, 3391188.32617629179731 ], [ 335370.746792350313626, 3391159.220362285617739 ], [ 335341.640978343843017, 3391159.220362285617739 ], [ 335341.640978343843017, 3391188.32617629179731 ], [ 335370.746792350313626, 3391188.32617629179731 ] ] ] ] } },
{ "type": "Feature", "properties": { "zone_id": "RZ-222", "zone_label": "Candidate Hazard-Based Red Zone", "candidate_priority_rank": 222, "candidate_priority_basis": "Mean multi-hazard score, then maximum score, then area", "source_indicator": "Higher Multi-Hazard Indicator", "source_class": 3, "mean_multihazard_score": 0.675771, "max_multihazard_score": 0.689363, "min_multihazard_score": 0.651698, "terrain_contribution_mean": 0.478602, "flood_contribution_mean": 0.197169, "area_m2": 5930.04, "area_hectares": 0.593, "pixel_count": 7, "methodology": "Deterministic terrain and hydrology screening", "disclaimer": "Decision Support — Requires Official Verification & Geotechnical Assessment" }, "geometry": { "type": "MultiPolygon", "coordinates": [ [ [ [ 336767.825864658982027, 3402364.958754761144519 ], [ 336738.720050652511418, 3402364.958754761144519 ], [ 336738.720050652511418, 3402394.064568767789751 ], [ 336767.825864658982027, 3402394.064568767789751 ], [ 336767.825864658982027, 3402364.958754761144519 ] ] ], [ [ [ 336709.614236646099016, 3402394.064568767789751 ], [ 336709.614236646099016, 3402423.170382773969322 ], [ 336738.720050652511418, 3402423.170382773969322 ], [ 336738.720050652511418, 3402394.064568767789751 ], [ 336709.614236646099016, 3402394.064568767789751 ] ] ], [ [ [ 336709.614236646099016, 3402452.276196780614555 ], [ 336709.614236646099016, 3402423.170382773969322 ], [ 336680.508422639686614, 3402423.170382773969322 ], [ 336680.508422639686614, 3402452.276196780614555 ], [ 336709.614236646099016, 3402452.276196780614555 ] ] ], [ [ [ 336651.402608633274212, 3402452.276196780614555 ], [ 336651.402608633274212, 3402481.382010786794126 ], [ 336680.508422639686614, 3402481.382010786794126 ], [ 336680.508422639686614, 3402452.276196780614555 ], [ 336651.402608633274212, 3402452.276196780614555 ] ] ], [ [ [ 336651.402608633274212, 3402510.487824793439358 ], [ 336651.402608633274212, 3402481.382010786794126 ], [ 336622.296794626803603, 3402481.382010786794126 ], [ 336622.296794626803603, 3402510.487824793439358 ], [ 336651.402608633274212, 3402510.487824793439358 ] ] ], [ [ [ 336593.190980620391201, 3402510.487824793439358 ], [ 336593.190980620391201, 3402539.593638800084591 ], [ 336622.296794626803603, 3402539.593638800084591 ], [ 336622.296794626803603, 3402510.487824793439358 ], [ 336593.190980620391201, 3402510.487824793439358 ] ] ], [ [ [ 336593.190980620391201, 3402568.699452806264162 ], [ 336593.190980620391201, 3402539.593638800084591 ], [ 336564.085166613920592, 3402539.593638800084591 ], [ 336564.085166613920592, 3402568.699452806264162 ], [ 336593.190980620391201, 3402568.699452806264162 ] ] ] ] } },
{ "type": "Feature", "properties": { "zone_id": "RZ-223", "zone_label": "Candidate Hazard-Based Red Zone", "candidate_priority_rank": 223, "candidate_priority_basis": "Mean multi-hazard score, then maximum score, then area", "source_indicator": "Higher Multi-Hazard Indicator", "source_class": 3, "mean_multihazard_score": 0.675686, "max_multihazard_score": 0.71175, "min_multihazard_score": 0.655964, "terrain_contribution_mean": 0.388526, "flood_contribution_mean": 0.287159, "area_m2": 5082.89, "area_hectares": 0.5083, "pixel_count": 6, "methodology": "Deterministic terrain and hydrology screening", "disclaimer": "Decision Support — Requires Official Verification & Geotechnical Assessment" }, "geometry": { "type": "MultiPolygon", "coordinates": [ [ [ [ 337349.942144787579309, 3379109.413363622967154 ], [ 337349.942144787579309, 3379138.519177629612386 ], [ 337408.15377280046232, 3379138.519177629612386 ], [ 337408.15377280046232, 3379109.413363622967154 ], [ 337349.942144787579309, 3379109.413363622967154 ] ] ], [ [ [ 337437.259586806874722, 3379167.624991636257619 ], [ 337437.259586806874722, 3379138.519177629612386 ], [ 337408.15377280046232, 3379138.519177629612386 ], [ 337408.15377280046232, 3379167.624991636257619 ], [ 337437.259586806874722, 3379167.624991636257619 ] ] ], [ [ [ 337437.259586806874722, 3379167.624991636257619 ], [ 337437.259586806874722, 3379196.73080564243719 ], [ 337466.365400813287124, 3379196.73080564243719 ], [ 337466.365400813287124, 3379167.624991636257619 ], [ 337437.259586806874722, 3379167.624991636257619 ] ] ], [ [ [ 337466.365400813287124, 3379225.836619649082422 ], [ 337495.471214819757733, 3379225.836619649082422 ], [ 337495.471214819757733, 3379196.73080564243719 ], [ 337466.365400813287124, 3379196.73080564243719 ], [ 337466.365400813287124, 3379225.836619649082422 ] ] ], [ [ [ 337524.577028826170135, 3379225.836619649082422 ], [ 337495.471214819757733, 3379225.836619649082422 ], [ 337495.471214819757733, 3379254.942433655261993 ], [ 337524.577028826170135, 3379254.942433655261993 ], [ 337524.577028826170135, 3379225.836619649082422 ] ] ] ] } },
{ "type": "Feature", "properties": { "zone_id": "RZ-224", "zone_label": "Candidate Hazard-Based Red Zone", "candidate_priority_rank": 224, "candidate_priority_basis": "Mean multi-hazard score, then maximum score, then area", "source_indicator": "Higher Multi-Hazard Indicator", "source_class": 3, "mean_multihazard_score": 0.675606, "max_multihazard_score": 0.708324, "min_multihazard_score": 0.65422, "terrain_contribution_mean": 0.377501, "flood_contribution_mean": 0.298106, "area_m2": 6777.19, "area_hectares": 0.6777, "pixel_count": 8, "methodology": "Deterministic terrain and hydrology screening", "disclaimer": "Decision Support — Requires Official Verification & Geotechnical Assessment" }, "geometry": { "type": "MultiPolygon", "coordinates": [ [ [ [ 316131.803734099608846, 3405770.338993513491005 ], [ 316102.697920093196444, 3405770.338993513491005 ], [ 316102.697920093196444, 3405799.444807520136237 ], [ 316131.803734099608846, 3405799.444807520136237 ], [ 316131.803734099608846, 3405770.338993513491005 ] ] ], [ [ [ 316131.803734099608846, 3405799.444807520136237 ], [ 316131.803734099608846, 3405828.550621526315808 ], [ 316160.909548106079455, 3405828.550621526315808 ], [ 316160.909548106079455, 3405799.444807520136237 ], [ 316131.803734099608846, 3405799.444807520136237 ] ] ], [ [ [ 316190.015362112491857, 3405915.868063545785844 ], [ 316190.015362112491857, 3405944.973877552431077 ], [ 316219.121176118904259, 3405944.973877552431077 ], [ 316219.121176118904259, 3405857.656435532961041 ], [ 316190.015362112491857, 3405857.656435532961041 ], [ 316190.015362112491857, 3405828.550621526315808 ], [ 316160.909548106079455, 3405828.550621526315808 ], [ 316160.909548106079455, 3405915.868063545785844 ], [ 316190.015362112491857, 3405915.868063545785844 ] ] ] ] } },
{ "type": "Feature", "properties": { "zone_id": "RZ-225", "zone_label": "Candidate Hazard-Based Red Zone", "candidate_priority_rank": 225, "candidate_priority_basis": "Mean multi-hazard score, then maximum score, then area", "source_indicator": "Higher Multi-Hazard Indicator", "source_class": 3, "mean_multihazard_score": 0.675549, "max_multihazard_score": 0.70542, "min_multihazard_score": 0.658011, "terrain_contribution_mean": 0.377307, "flood_contribution_mean": 0.298242, "area_m2": 6777.19, "area_hectares": 0.6777, "pixel_count": 8, "methodology": "Deterministic terrain and hydrology screening", "disclaimer": "Decision Support — Requires Official Verification & Geotechnical Assessment" }, "geometry": { "type": "MultiPolygon", "coordinates": [ [ [ [ 315375.052569932420738, 3406236.032017616555095 ], [ 315404.15838393883314, 3406236.032017616555095 ], [ 315404.15838393883314, 3406206.926203609909862 ], [ 315375.052569932420738, 3406206.926203609909862 ], [ 315375.052569932420738, 3406236.032017616555095 ] ] ], [ [ [ 315433.264197945303749, 3406236.032017616555095 ], [ 315404.15838393883314, 3406236.032017616555095 ], [ 315404.15838393883314, 3406265.137831623200327 ], [ 315433.264197945303749, 3406265.137831623200327 ], [ 315433.264197945303749, 3406236.032017616555095 ] ] ], [ [ [ 315433.264197945303749, 3406294.243645629379898 ], [ 315462.370011951716151, 3406294.243645629379898 ], [ 315462.370011951716151, 3406265.137831623200327 ], [ 315433.264197945303749, 3406265.137831623200327 ], [ 315433.264197945303749, 3406294.243645629379898 ] ] ], [ [ [ 315491.475825958128553, 3406294.243645629379898 ], [ 315462.370011951716151, 3406294.243645629379898 ], [ 315462.370011951716151, 3406323.349459636025131 ], [ 315491.475825958128553, 3406323.349459636025131 ], [ 315491.475825958128553, 3406294.243645629379898 ] ] ], [ [ [ 315491.475825958128553, 3406352.455273642204702 ], [ 315520.581639964599162, 3406352.455273642204702 ], [ 315520.581639964599162, 3406323.349459636025131 ], [ 315491.475825958128553, 3406323.349459636025131 ], [ 315491.475825958128553, 3406352.455273642204702 ] ] ], [ [ [ 315549.687453971011564, 3406352.455273642204702 ], [ 315520.581639964599162, 3406352.455273642204702 ], [ 315520.581639964599162, 3406381.561087648849934 ], [ 315549.687453971011564, 3406381.561087648849934 ], [ 315549.687453971011564, 3406352.455273642204702 ] ] ], [ [ [ 315549.687453971011564, 3406410.666901655029505 ], [ 315578.793267977423966, 3406410.666901655029505 ], [ 315578.793267977423966, 3406381.561087648849934 ], [ 315549.687453971011564, 3406381.561087648849934 ], [ 315549.687453971011564, 3406410.666901655029505 ] ] ], [ [ [ 315607.899081983894575, 3406410.666901655029505 ], [ 315578.793267977423966, 3406410.666901655029505 ], [ 315578.793267977423966, 3406439.772715661674738 ], [ 315607.899081983894575, 3406439.772715661674738 ], [ 315607.899081983894575, 3406410.666901655029505 ] ] ] ] } },
{ "type": "Feature", "properties": { "zone_id": "RZ-226", "zone_label": "Candidate Hazard-Based Red Zone", "candidate_priority_rank": 226, "candidate_priority_basis": "Mean multi-hazard score, then maximum score, then area", "source_indicator": "Higher Multi-Hazard Indicator", "source_class": 3, "mean_multihazard_score": 0.67551, "max_multihazard_score": 0.689993, "min_multihazard_score": 0.657268, "terrain_contribution_mean": 0.394206, "flood_contribution_mean": 0.281304, "area_m2": 6777.19, "area_hectares": 0.6777, "pixel_count": 8, "methodology": "Deterministic terrain and hydrology screening", "disclaimer": "Decision Support — Requires Official Verification & Geotechnical Assessment" }, "geometry": { "type": "MultiPolygon", "coordinates": [ [ [ [ 310194.217676787753589, 3397009.488977578002959 ], [ 310165.111862781341188, 3397009.488977578002959 ], [ 310165.111862781341188, 3397038.594791584648192 ], [ 310194.217676787753589, 3397038.594791584648192 ], [ 310194.217676787753589, 3397009.488977578002959 ] ] ], [ [ [ 310194.217676787753589, 3397038.594791584648192 ], [ 310194.217676787753589, 3397067.700605590827763 ], [ 310252.429304800636601, 3397067.700605590827763 ], [ 310252.429304800636601, 3397038.594791584648192 ], [ 310194.217676787753589, 3397038.594791584648192 ] ] ], [ [ [ 310397.958374832756817, 3397096.806419597472996 ], [ 310397.958374832756817, 3397067.700605590827763 ], [ 310252.429304800636601, 3397067.700605590827763 ], [ 310252.429304800636601, 3397096.806419597472996 ], [ 310397.958374832756817, 3397096.806419597472996 ] ] ] ] } },
{ "type": "Feature", "properties": { "zone_id": "RZ-227", "zone_label": "Candidate Hazard-Based Red Zone", "candidate_priority_rank": 227, "candidate_priority_basis": "Mean multi-hazard score, then maximum score, then area", "source_indicator": "Higher Multi-Hazard Indicator", "source_class": 3, "mean_multihazard_score": 0.675457, "max_multihazard_score": 0.692867, "min_multihazard_score": 0.65004, "terrain_contribution_mean": 0.194111, "flood_contribution_mean": 0.481345, "area_m2": 8471.48, "area_hectares": 0.8471, "pixel_count": 10, "methodology": "Deterministic terrain and hydrology screening", "disclaimer": "Decision Support — Requires Official Verification & Geotechnical Assessment" }, "geometry": { "type": "MultiPolygon", "coordinates": [ [ [ [ 324077.690957855200395, 3400182.022704279050231 ], [ 324077.690957855200395, 3400269.340146298054606 ], [ 324106.796771861612797, 3400269.340146298054606 ], [ 324106.796771861612797, 3400182.022704279050231 ], [ 324077.690957855200395, 3400182.022704279050231 ] ] ], [ [ [ 324106.796771861612797, 3400356.657588317524642 ], [ 324135.902585868083406, 3400356.657588317524642 ], [ 324135.902585868083406, 3400269.340146298054606 ], [ 324106.796771861612797, 3400269.340146298054606 ], [ 324106.796771861612797, 3400356.657588317524642 ] ] ], [ [ [ 324165.008399874495808, 3400356.657588317524642 ], [ 324135.902585868083406, 3400356.657588317524642 ], [ 324135.902585868083406, 3400385.763402324169874 ], [ 324165.008399874495808, 3400385.763402324169874 ], [ 324165.008399874495808, 3400356.657588317524642 ] ] ], [ [ [ 324165.008399874495808, 3400385.763402324169874 ], [ 324165.008399874495808, 3400414.869216330349445 ], [ 324194.11421388090821, 3400414.869216330349445 ], [ 324194.11421388090821, 3400385.763402324169874 ], [ 324165.008399874495808, 3400385.763402324169874 ] ] ], [ [ [ 324194.11421388090821, 3400443.975030336994678 ], [ 324223.220027887378819, 3400443.975030336994678 ], [ 324223.220027887378819, 3400414.869216330349445 ], [ 324194.11421388090821, 3400414.869216330349445 ], [ 324194.11421388090821, 3400443.975030336994678 ] ] ], [ [ [ 324252.325841893791221, 3400443.975030336994678 ], [ 324223.220027887378819, 3400443.975030336994678 ], [ 324223.220027887378819, 3400473.080844343174249 ], [ 324252.325841893791221, 3400473.080844343174249 ], [ 324252.325841893791221, 3400443.975030336994678 ] ] ] ] } },
{ "type": "Feature", "properties": { "zone_id": "RZ-228", "zone_label": "Candidate Hazard-Based Red Zone", "candidate_priority_rank": 228, "candidate_priority_basis": "Mean multi-hazard score, then maximum score, then area", "source_indicator": "Higher Multi-Hazard Indicator", "source_class": 3, "mean_multihazard_score": 0.675453, "max_multihazard_score": 0.69784, "min_multihazard_score": 0.650953, "terrain_contribution_mean": 0.321887, "flood_contribution_mean": 0.353566, "area_m2": 5082.89, "area_hectares": 0.5083, "pixel_count": 6, "methodology": "Deterministic terrain and hydrology screening", "disclaimer": "Decision Support — Requires Official Verification & Geotechnical Assessment" }, "geometry": { "type": "MultiPolygon", "coordinates": [ [ [ [ 325620.29910019604722, 3393953.378506902605295 ], [ 325620.29910019604722, 3393924.272692896425724 ], [ 325591.193286189576611, 3393924.272692896425724 ], [ 325591.193286189576611, 3393953.378506902605295 ], [ 325620.29910019604722, 3393953.378506902605295 ] ] ], [ [ [ 325532.981658176751807, 3393953.378506902605295 ], [ 325532.981658176751807, 3393982.484320909250528 ], [ 325591.193286189576611, 3393982.484320909250528 ], [ 325591.193286189576611, 3393953.378506902605295 ], [ 325532.981658176751807, 3393953.378506902605295 ] ] ], [ [ [ 325620.29910019604722, 3394069.801762928720564 ], [ 325620.29910019604722, 3393982.484320909250528 ], [ 325591.193286189576611, 3393982.484320909250528 ], [ 325591.193286189576611, 3394069.801762928720564 ], [ 325620.29910019604722, 3394069.801762928720564 ] ] ] ] } },
{ "type": "Feature", "properties": { "zone_id": "RZ-229", "zone_label": "Candidate Hazard-Based Red Zone", "candidate_priority_rank": 229, "candidate_priority_basis": "Mean multi-hazard score, then maximum score, then area", "source_indicator": "Higher Multi-Hazard Indicator", "source_class": 3, "mean_multihazard_score": 0.675424, "max_multihazard_score": 0.695247, "min_multihazard_score": 0.660604, "terrain_contribution_mean": 0.345334, "flood_contribution_mean": 0.33009, "area_m2": 5082.89, "area_hectares": 0.5083, "pixel_count": 6, "methodology": "Deterministic terrain and hydrology screening", "disclaimer": "Decision Support — Requires Official Verification & Geotechnical Assessment" }, "geometry": { "type": "Polygon", "coordinates": [ [ [ 332489.271205713681411, 3388365.062217668164521 ], [ 332489.271205713681411, 3388190.427333629690111 ], [ 332518.377019720093813, 3388190.427333629690111 ], [ 332518.377019720093813, 3388365.062217668164521 ], [ 332489.271205713681411, 3388365.062217668164521 ] ] ] } },
{ "type": "Feature", "properties": { "zone_id": "RZ-230", "zone_label": "Candidate Hazard-Based Red Zone", "candidate_priority_rank": 230, "candidate_priority_basis": "Mean multi-hazard score, then maximum score, then area", "source_indicator": "Higher Multi-Hazard Indicator", "source_class": 3, "mean_multihazard_score": 0.675323, "max_multihazard_score": 0.692111, "min_multihazard_score": 0.661947, "terrain_contribution_mean": 0.38837, "flood_contribution_mean": 0.286952, "area_m2": 5930.04, "area_hectares": 0.593, "pixel_count": 7, "methodology": "Deterministic terrain and hydrology screening", "disclaimer": "Decision Support — Requires Official Verification & Geotechnical Assessment" }, "geometry": { "type": "Polygon", "coordinates": [ [ [ 336505.873538601095788, 3401055.197124471887946 ], [ 336505.873538601095788, 3401026.091310465708375 ], [ 336709.614236646099016, 3401026.091310465708375 ], [ 336709.614236646099016, 3401055.197124471887946 ], [ 336505.873538601095788, 3401055.197124471887946 ] ] ] } },
{ "type": "Feature", "properties": { "zone_id": "RZ-231", "zone_label": "Candidate Hazard-Based Red Zone", "candidate_priority_rank": 231, "candidate_priority_basis": "Mean multi-hazard score, then maximum score, then area", "source_indicator": "Higher Multi-Hazard Indicator", "source_class": 3, "mean_multihazard_score": 0.675311, "max_multihazard_score": 0.691198, "min_multihazard_score": 0.653397, "terrain_contribution_mean": 0.487369, "flood_contribution_mean": 0.187942, "area_m2": 5930.04, "area_hectares": 0.593, "pixel_count": 7, "methodology": "Deterministic terrain and hydrology screening", "disclaimer": "Decision Support — Requires Official Verification & Geotechnical Assessment" }, "geometry": { "type": "Polygon", "coordinates": [ [ [ 335952.863072478910908, 3401549.995962581131607 ], [ 335952.863072478910908, 3401520.890148574952036 ], [ 336156.603770523914136, 3401520.890148574952036 ], [ 336156.603770523914136, 3401549.995962581131607 ], [ 335952.863072478910908, 3401549.995962581131607 ] ] ] } },
{ "type": "Feature", "properties": { "zone_id": "RZ-232", "zone_label": "Candidate Hazard-Based Red Zone", "candidate_priority_rank": 232, "candidate_priority_basis": "Mean multi-hazard score, then maximum score, then area", "source_indicator": "Higher Multi-Hazard Indicator", "source_class": 3, "mean_multihazard_score": 0.674634, "max_multihazard_score": 0.713412, "min_multihazard_score": 0.653451, "terrain_contribution_mean": 0.303747, "flood_contribution_mean": 0.370887, "area_m2": 13554.37, "area_hectares": 1.3554, "pixel_count": 16, "methodology": "Deterministic terrain and hydrology screening", "disclaimer": "Decision Support — Requires Official Verification & Geotechnical Assessment" }, "geometry": { "type": "MultiPolygon", "coordinates": [ [ [ [ 313890.656055604456924, 3406323.349459636025131 ], [ 313919.761869610869326, 3406323.349459636025131 ], [ 313919.761869610869326, 3406294.243645629379898 ], [ 313890.656055604456924, 3406294.243645629379898 ], [ 313890.656055604456924, 3406323.349459636025131 ] ] ], [ [ [ 313948.867683617339935, 3406323.349459636025131 ], [ 313919.761869610869326, 3406323.349459636025131 ], [ 313919.761869610869326, 3406352.455273642204702 ], [ 313948.867683617339935, 3406352.455273642204702 ], [ 313948.867683617339935, 3406323.349459636025131 ] ] ], [ [ [ 313948.867683617339935, 3406439.772715661674738 ], [ 313977.973497623752337, 3406439.772715661674738 ], [ 313977.973497623752337, 3406352.455273642204702 ], [ 313948.867683617339935, 3406352.455273642204702 ], [ 313948.867683617339935, 3406439.772715661674738 ] ] ], [ [ [ 314007.079311630164739, 3406468.878529667854309 ], [ 314007.079311630164739, 3406439.772715661674738 ], [ 313977.973497623752337, 3406439.772715661674738 ], [ 313977.973497623752337, 3406468.878529667854309 ], [ 314007.079311630164739, 3406468.878529667854309 ] ] ], [ [ [ 314007.079311630164739, 3406468.878529667854309 ], [ 314007.079311630164739, 3406556.195971687324345 ], [ 314036.185125636635348, 3406556.195971687324345 ], [ 314036.185125636635348, 3406468.878529667854309 ], [ 314007.079311630164739, 3406468.878529667854309 ] ] ], [ [ [ 314036.185125636635348, 3406614.407599700149149 ], [ 314065.29093964304775, 3406614.407599700149149 ], [ 314065.29093964304775, 3406556.195971687324345 ], [ 314036.185125636635348, 3406556.195971687324345 ], [ 314036.185125636635348, 3406614.407599700149149 ] ] ], [ [ [ 314094.396753649460152, 3406643.513413706794381 ], [ 314094.396753649460152, 3406614.407599700149149 ], [ 314065.29093964304775, 3406614.407599700149149 ], [ 314065.29093964304775, 3406643.513413706794381 ], [ 314094.396753649460152, 3406643.513413706794381 ] ] ], [ [ [ 314094.396753649460152, 3406643.513413706794381 ], [ 314094.396753649460152, 3406672.619227712973952 ], [ 314123.502567655930761, 3406672.619227712973952 ], [ 314123.502567655930761, 3406643.513413706794381 ], [ 314094.396753649460152, 3406643.513413706794381 ] ] ], [ [ [ 314123.502567655930761, 3406701.725041719619185 ], [ 314152.608381662343163, 3406701.725041719619185 ], [ 314152.608381662343163, 3406672.619227712973952 ], [ 314123.502567655930761, 3406672.619227712973952 ], [ 314123.502567655930761, 3406701.725041719619185 ] ] ], [ [ [ 314181.714195668755565, 3406730.830855725798756 ], [ 314181.714195668755565, 3406701.725041719619185 ], [ 314152.608381662343163, 3406701.725041719619185 ], [ 314152.608381662343163, 3406730.830855725798756 ], [ 314181.714195668755565, 3406730.830855725798756 ] ] ], [ [ [ 314181.714195668755565, 3406730.830855725798756 ], [ 314181.714195668755565, 3406759.936669732443988 ], [ 314210.820009675226174, 3406759.936669732443988 ], [ 314210.820009675226174, 3406730.830855725798756 ], [ 314181.714195668755565, 3406730.830855725798756 ] ] ] ] } },
{ "type": "Feature", "properties": { "zone_id": "RZ-233", "zone_label": "Candidate Hazard-Based Red Zone", "candidate_priority_rank": 233, "candidate_priority_basis": "Mean multi-hazard score, then maximum score, then area", "source_indicator": "Higher Multi-Hazard Indicator", "source_class": 3, "mean_multihazard_score": 0.674322, "max_multihazard_score": 0.709311, "min_multihazard_score": 0.653721, "terrain_contribution_mean": 0.405821, "flood_contribution_mean": 0.268502, "area_m2": 5082.89, "area_hectares": 0.5083, "pixel_count": 6, "methodology": "Deterministic terrain and hydrology screening", "disclaimer": "Decision Support — Requires Official Verification & Geotechnical Assessment" }, "geometry": { "type": "MultiPolygon", "coordinates": [ [ [ [ 328821.938640903390478, 3385920.173841128125787 ], [ 328821.938640903390478, 3385949.279655134305358 ], [ 328851.04445490980288, 3385949.279655134305358 ], [ 328851.04445490980288, 3385920.173841128125787 ], [ 328821.938640903390478, 3385920.173841128125787 ] ] ], [ [ [ 328851.04445490980288, 3385978.38546914095059 ], [ 328880.15026891627349, 3385978.38546914095059 ], [ 328880.15026891627349, 3385949.279655134305358 ], [ 328851.04445490980288, 3385949.279655134305358 ], [ 328851.04445490980288, 3385978.38546914095059 ] ] ], [ [ [ 328909.256082922685891, 3385978.38546914095059 ], [ 328880.15026891627349, 3385978.38546914095059 ], [ 328880.15026891627349, 3386007.491283147130162 ], [ 328909.256082922685891, 3386007.491283147130162 ], [ 328909.256082922685891, 3385978.38546914095059 ] ] ], [ [ [ 328909.256082922685891, 3386007.491283147130162 ], [ 328909.256082922685891, 3386036.597097153775394 ], [ 328938.361896929098293, 3386036.597097153775394 ], [ 328938.361896929098293, 3386007.491283147130162 ], [ 328909.256082922685891, 3386007.491283147130162 ] ] ], [ [ [ 328938.361896929098293, 3386065.702911159954965 ], [ 328967.467710935568903, 3386065.702911159954965 ], [ 328967.467710935568903, 3386036.597097153775394 ], [ 328938.361896929098293, 3386036.597097153775394 ], [ 328938.361896929098293, 3386065.702911159954965 ] ] ], [ [ [ 328996.573524941981304, 3386065.702911159954965 ], [ 328967.467710935568903, 3386065.702911159954965 ], [ 328967.467710935568903, 3386094.808725166600198 ], [ 328996.573524941981304, 3386094.808725166600198 ], [ 328996.573524941981304, 3386065.702911159954965 ] ] ] ] } },
{ "type": "Feature", "properties": { "zone_id": "RZ-234", "zone_label": "Candidate Hazard-Based Red Zone", "candidate_priority_rank": 234, "candidate_priority_basis": "Mean multi-hazard score, then maximum score, then area", "source_indicator": "Higher Multi-Hazard Indicator", "source_class": 3, "mean_multihazard_score": 0.674076, "max_multihazard_score": 0.695319, "min_multihazard_score": 0.651321, "terrain_contribution_mean": 0.386797, "flood_contribution_mean": 0.287279, "area_m2": 5930.04, "area_hectares": 0.593, "pixel_count": 7, "methodology": "Deterministic terrain and hydrology screening", "disclaimer": "Decision Support — Requires Official Verification & Geotechnical Assessment" }, "geometry": { "type": "Polygon", "coordinates": [ [ [ 304896.959527617378626, 3407924.169229989405721 ], [ 304896.959527617378626, 3407895.06341598322615 ], [ 305100.700225662381854, 3407895.06341598322615 ], [ 305100.700225662381854, 3407924.169229989405721 ], [ 304896.959527617378626, 3407924.169229989405721 ] ] ] } },
{ "type": "Feature", "properties": { "zone_id": "RZ-235", "zone_label": "Candidate Hazard-Based Red Zone", "candidate_priority_rank": 235, "candidate_priority_basis": "Mean multi-hazard score, then maximum score, then area", "source_indicator": "Higher Multi-Hazard Indicator", "source_class": 3, "mean_multihazard_score": 0.673924, "max_multihazard_score": 0.716534, "min_multihazard_score": 0.650115, "terrain_contribution_mean": 0.435594, "flood_contribution_mean": 0.23833, "area_m2": 13554.37, "area_hectares": 1.3554, "pixel_count": 16, "methodology": "Deterministic terrain and hydrology screening", "disclaimer": "Decision Support — Requires Official Verification & Geotechnical Assessment" }, "geometry": { "type": "MultiPolygon", "coordinates": [ [ [ [ 332256.424693662207574, 3400182.022704279050231 ], [ 332227.318879655795172, 3400182.022704279050231 ], [ 332227.318879655795172, 3400211.128518285229802 ], [ 332256.424693662207574, 3400211.128518285229802 ], [ 332256.424693662207574, 3400182.022704279050231 ] ] ], [ [ [ 332110.895623630029149, 3400240.234332291875035 ], [ 332198.21306564938277, 3400240.234332291875035 ], [ 332198.21306564938277, 3400269.340146298054606 ], [ 332285.530507668619975, 3400269.340146298054606 ], [ 332285.530507668619975, 3400240.234332291875035 ], [ 332227.318879655795172, 3400240.234332291875035 ], [ 332227.318879655795172, 3400211.128518285229802 ], [ 332110.895623630029149, 3400211.128518285229802 ], [ 332110.895623630029149, 3400240.234332291875035 ] ] ], [ [ [ 332110.895623630029149, 3400240.234332291875035 ], [ 332052.683995617204346, 3400240.234332291875035 ], [ 332052.683995617204346, 3400269.340146298054606 ], [ 332110.895623630029149, 3400269.340146298054606 ], [ 332110.895623630029149, 3400240.234332291875035 ] ] ], [ [ [ 331994.472367604321335, 3400269.340146298054606 ], [ 331994.472367604321335, 3400298.445960304699838 ], [ 332052.683995617204346, 3400298.445960304699838 ], [ 332052.683995617204346, 3400269.340146298054606 ], [ 331994.472367604321335, 3400269.340146298054606 ] ] ], [ [ [ 331994.472367604321335, 3400327.551774311345071 ], [ 331994.472367604321335, 3400298.445960304699838 ], [ 331878.04911157861352, 3400298.445960304699838 ], [ 331878.04911157861352, 3400327.551774311345071 ], [ 331994.472367604321335, 3400327.551774311345071 ] ] ] ] } },
{ "type": "Feature", "properties": { "zone_id": "RZ-236", "zone_label": "Candidate Hazard-Based Red Zone", "candidate_priority_rank": 236, "candidate_priority_basis": "Mean multi-hazard score, then maximum score, then area", "source_indicator": "Higher Multi-Hazard Indicator", "source_class": 3, "mean_multihazard_score": 0.673796, "max_multihazard_score": 0.719597, "min_multihazard_score": 0.650631, "terrain_contribution_mean": 0.448135, "flood_contribution_mean": 0.22566, "area_m2": 7624.34, "area_hectares": 0.7624, "pixel_count": 9, "methodology": "Deterministic terrain and hydrology screening", "disclaimer": "Decision Support — Requires Official Verification & Geotechnical Assessment" }, "geometry": { "type": "MultiPolygon", "coordinates": [ [ [ [ 342588.988665945129469, 3370406.774975700303912 ], [ 342588.988665945129469, 3370319.457533681299537 ], [ 342559.88285193865886, 3370319.457533681299537 ], [ 342559.88285193865886, 3370406.774975700303912 ], [ 342588.988665945129469, 3370406.774975700303912 ] ] ], [ [ [ 342559.88285193865886, 3370406.774975700303912 ], [ 342530.777037932246458, 3370406.774975700303912 ], [ 342530.777037932246458, 3370523.198231725953519 ], [ 342559.88285193865886, 3370523.198231725953519 ], [ 342559.88285193865886, 3370406.774975700303912 ] ] ], [ [ [ 342501.671223925775848, 3370581.409859738778323 ], [ 342530.777037932246458, 3370581.409859738778323 ], [ 342530.777037932246458, 3370523.198231725953519 ], [ 342501.671223925775848, 3370523.198231725953519 ], [ 342501.671223925775848, 3370581.409859738778323 ] ] ] ] } },
{ "type": "Feature", "properties": { "zone_id": "RZ-237", "zone_label": "Candidate Hazard-Based Red Zone", "candidate_priority_rank": 237, "candidate_priority_basis": "Mean multi-hazard score, then maximum score, then area", "source_indicator": "Higher Multi-Hazard Indicator", "source_class": 3, "mean_multihazard_score": 0.673795, "max_multihazard_score": 0.700069, "min_multihazard_score": 0.656235, "terrain_contribution_mean": 0.456114, "flood_contribution_mean": 0.217681, "area_m2": 9318.63, "area_hectares": 0.9319, "pixel_count": 11, "methodology": "Deterministic terrain and hydrology screening", "disclaimer": "Decision Support — Requires Official Verification & Geotechnical Assessment" }, "geometry": { "type": "Polygon", "coordinates": [ [ [ 333799.032836003054399, 3401258.937822517007589 ], [ 333799.032836003054399, 3400938.773868446238339 ], [ 333828.138650009466801, 3400938.773868446238339 ], [ 333828.138650009466801, 3401258.937822517007589 ], [ 333799.032836003054399, 3401258.937822517007589 ] ] ] } },
{ "type": "Feature", "properties": { "zone_id": "RZ-238", "zone_label": "Candidate Hazard-Based Red Zone", "candidate_priority_rank": 238, "candidate_priority_basis": "Mean multi-hazard score, then maximum score, then area", "source_indicator": "Higher Multi-Hazard Indicator", "source_class": 3, "mean_multihazard_score": 0.673402, "max_multihazard_score": 0.684878, "min_multihazard_score": 0.665093, "terrain_contribution_mean": 0.342817, "flood_contribution_mean": 0.330584, "area_m2": 5930.04, "area_hectares": 0.593, "pixel_count": 7, "methodology": "Deterministic terrain and hydrology screening", "disclaimer": "Decision Support — Requires Official Verification & Geotechnical Assessment" }, "geometry": { "type": "MultiPolygon", "coordinates": [ [ [ [ 326115.097938305349089, 3401695.525032613426447 ], [ 326085.992124298936687, 3401695.525032613426447 ], [ 326085.992124298936687, 3401724.630846619606018 ], [ 326115.097938305349089, 3401724.630846619606018 ], [ 326115.097938305349089, 3401695.525032613426447 ] ] ], [ [ [ 326115.097938305349089, 3401724.630846619606018 ], [ 326115.097938305349089, 3401753.736660626251251 ], [ 326144.203752311761491, 3401753.736660626251251 ], [ 326144.203752311761491, 3401724.630846619606018 ], [ 326115.097938305349089, 3401724.630846619606018 ] ] ], [ [ [ 326289.732822343939915, 3401782.842474632896483 ], [ 326289.732822343939915, 3401753.736660626251251 ], [ 326144.203752311761491, 3401753.736660626251251 ], [ 326144.203752311761491, 3401782.842474632896483 ], [ 326289.732822343939915, 3401782.842474632896483 ] ] ] ] } },
{ "type": "Feature", "properties": { "zone_id": "RZ-239", "zone_label": "Candidate Hazard-Based Red Zone", "candidate_priority_rank": 239, "candidate_priority_basis": "Mean multi-hazard score, then maximum score, then area", "source_indicator": "Higher Multi-Hazard Indicator", "source_class": 3, "mean_multihazard_score": 0.673187, "max_multihazard_score": 0.697436, "min_multihazard_score": 0.653565, "terrain_contribution_mean": 0.298507, "flood_contribution_mean": 0.37468, "area_m2": 12707.23, "area_hectares": 1.2707, "pixel_count": 15, "methodology": "Deterministic terrain and hydrology screening", "disclaimer": "Decision Support — Requires Official Verification & Geotechnical Assessment" }, "geometry": { "type": "MultiPolygon", "coordinates": [ [ [ [ 323029.881653623713646, 3388888.966869784053415 ], [ 323000.775839617243037, 3388888.966869784053415 ], [ 323000.775839617243037, 3389092.707567828707397 ], [ 323029.881653623713646, 3389092.707567828707397 ], [ 323029.881653623713646, 3388888.966869784053415 ] ] ], [ [ [ 323029.881653623713646, 3389092.707567828707397 ], [ 323029.881653623713646, 3389209.130823854822665 ], [ 323058.987467630126048, 3389209.130823854822665 ], [ 323058.987467630126048, 3389092.707567828707397 ], [ 323029.881653623713646, 3389092.707567828707397 ] ] ], [ [ [ 323088.09328163653845, 3389325.554079880472273 ], [ 323088.09328163653845, 3389209.130823854822665 ], [ 323058.987467630126048, 3389209.130823854822665 ], [ 323058.987467630126048, 3389325.554079880472273 ], [ 323088.09328163653845, 3389325.554079880472273 ] ] ] ] } },
{ "type": "Feature", "properties": { "zone_id": "RZ-240", "zone_label": "Candidate Hazard-Based Red Zone", "candidate_priority_rank": 240, "candidate_priority_basis": "Mean multi-hazard score, then maximum score, then area", "source_indicator": "Higher Multi-Hazard Indicator", "source_class": 3, "mean_multihazard_score": 0.673104, "max_multihazard_score": 0.698127, "min_multihazard_score": 0.651274, "terrain_contribution_mean": 0.292303, "flood_contribution_mean": 0.380801, "area_m2": 5930.04, "area_hectares": 0.593, "pixel_count": 7, "methodology": "Deterministic terrain and hydrology screening", "disclaimer": "Decision Support — Requires Official Verification & Geotechnical Assessment" }, "geometry": { "type": "MultiPolygon", "coordinates": [ [ [ [ 336767.825864658982027, 3373491.991260381881148 ], [ 336738.720050652511418, 3373491.991260381881148 ], [ 336738.720050652511418, 3373550.202888394705951 ], [ 336767.825864658982027, 3373550.202888394705951 ], [ 336767.825864658982027, 3373491.991260381881148 ] ] ], [ [ [ 336767.825864658982027, 3373550.202888394705951 ], [ 336767.825864658982027, 3373579.308702401351184 ], [ 336884.249120684689842, 3373579.308702401351184 ], [ 336884.249120684689842, 3373550.202888394705951 ], [ 336767.825864658982027, 3373550.202888394705951 ] ] ], [ [ [ 336913.354934691102244, 3373608.414516407996416 ], [ 336913.354934691102244, 3373579.308702401351184 ], [ 336884.249120684689842, 3373579.308702401351184 ], [ 336884.249120684689842, 3373608.414516407996416 ], [ 336913.354934691102244, 3373608.414516407996416 ] ] ] ] } },
{ "type": "Feature", "properties": { "zone_id": "RZ-241", "zone_label": "Candidate Hazard-Based Red Zone", "candidate_priority_rank": 241, "candidate_priority_basis": "Mean multi-hazard score, then maximum score, then area", "source_indicator": "Higher Multi-Hazard Indicator", "source_class": 3, "mean_multihazard_score": 0.672884, "max_multihazard_score": 0.702767, "min_multihazard_score": 0.657294, "terrain_contribution_mean": 0.336912, "flood_contribution_mean": 0.335972, "area_m2": 5082.89, "area_hectares": 0.5083, "pixel_count": 6, "methodology": "Deterministic terrain and hydrology screening", "disclaimer": "Decision Support — Requires Official Verification & Geotechnical Assessment" }, "geometry": { "type": "Polygon", "coordinates": [ [ [ 334031.879348054470029, 3396951.277349565178156 ], [ 334031.879348054470029, 3396776.642465526703745 ], [ 334060.985162060940638, 3396776.642465526703745 ], [ 334060.985162060940638, 3396951.277349565178156 ], [ 334031.879348054470029, 3396951.277349565178156 ] ] ] } },
{ "type": "Feature", "properties": { "zone_id": "RZ-242", "zone_label": "Candidate Hazard-Based Red Zone", "candidate_priority_rank": 242, "candidate_priority_basis": "Mean multi-hazard score, then maximum score, then area", "source_indicator": "Higher Multi-Hazard Indicator", "source_class": 3, "mean_multihazard_score": 0.672481, "max_multihazard_score": 0.697586, "min_multihazard_score": 0.650726, "terrain_contribution_mean": 0.466966, "flood_contribution_mean": 0.205514, "area_m2": 11012.93, "area_hectares": 1.1013, "pixel_count": 13, "methodology": "Deterministic terrain and hydrology screening", "disclaimer": "Decision Support — Requires Official Verification & Geotechnical Assessment" }, "geometry": { "type": "MultiPolygon", "coordinates": [ [ [ [ 316248.226990125374869, 3409292.142488291952759 ], [ 316219.121176118904259, 3409292.142488291952759 ], [ 316219.121176118904259, 3409321.24830229813233 ], [ 316248.226990125374869, 3409321.24830229813233 ], [ 316248.226990125374869, 3409292.142488291952759 ] ] ], [ [ [ 316190.015362112491857, 3409321.24830229813233 ], [ 316190.015362112491857, 3409350.354116304777563 ], [ 316219.121176118904259, 3409350.354116304777563 ], [ 316219.121176118904259, 3409321.24830229813233 ], [ 316190.015362112491857, 3409321.24830229813233 ] ] ], [ [ [ 316190.015362112491857, 3409379.459930310957134 ], [ 316190.015362112491857, 3409350.354116304777563 ], [ 316131.803734099608846, 3409350.354116304777563 ], [ 316131.803734099608846, 3409379.459930310957134 ], [ 316190.015362112491857, 3409379.459930310957134 ] ] ], [ [ [ 316219.121176118904259, 3409350.354116304777563 ], [ 316219.121176118904259, 3409379.459930310957134 ], [ 316277.33280413178727, 3409379.459930310957134 ], [ 316277.33280413178727, 3409350.354116304777563 ], [ 316219.121176118904259, 3409350.354116304777563 ] ] ], [ [ [ 316102.697920093196444, 3409379.459930310957134 ], [ 316102.697920093196444, 3409408.565744317602366 ], [ 316131.803734099608846, 3409408.565744317602366 ], [ 316131.803734099608846, 3409379.459930310957134 ], [ 316102.697920093196444, 3409379.459930310957134 ] ] ], [ [ [ 316248.226990125374869, 3409408.565744317602366 ], [ 316219.121176118904259, 3409408.565744317602366 ], [ 316219.121176118904259, 3409379.459930310957134 ], [ 316190.015362112491857, 3409379.459930310957134 ], [ 316190.015362112491857, 3409408.565744317602366 ], [ 316160.909548106079455, 3409408.565744317602366 ], [ 316160.909548106079455, 3409437.671558323781937 ], [ 316190.015362112491857, 3409437.671558323781937 ], [ 316190.015362112491857, 3409466.77737233042717 ], [ 316219.121176118904259, 3409466.77737233042717 ], [ 316219.121176118904259, 3409437.671558323781937 ], [ 316248.226990125374869, 3409437.671558323781937 ], [ 316248.226990125374869, 3409408.565744317602366 ] ] ], [ [ [ 316248.226990125374869, 3409466.77737233042717 ], [ 316219.121176118904259, 3409466.77737233042717 ], [ 316219.121176118904259, 3409495.883186336606741 ], [ 316248.226990125374869, 3409495.883186336606741 ], [ 316248.226990125374869, 3409466.77737233042717 ] ] ] ] } },
{ "type": "Feature", "properties": { "zone_id": "RZ-243", "zone_label": "Candidate Hazard-Based Red Zone", "candidate_priority_rank": 243, "candidate_priority_basis": "Mean multi-hazard score, then maximum score, then area", "source_indicator": "Higher Multi-Hazard Indicator", "source_class": 3, "mean_multihazard_score": 0.672289, "max_multihazard_score": 0.691478, "min_multihazard_score": 0.650008, "terrain_contribution_mean": 0.35578, "flood_contribution_mean": 0.31651, "area_m2": 6777.19, "area_hectares": 0.6777, "pixel_count": 8, "methodology": "Deterministic terrain and hydrology screening", "disclaimer": "Decision Support — Requires Official Verification & Geotechnical Assessment" }, "geometry": { "type": "MultiPolygon", "coordinates": [ [ [ [ 299890.759518511302304, 3404169.519223160110414 ], [ 299861.653704504889902, 3404169.519223160110414 ], [ 299861.653704504889902, 3404256.836665179114789 ], [ 299890.759518511302304, 3404256.836665179114789 ], [ 299890.759518511302304, 3404169.519223160110414 ] ] ], [ [ [ 299832.5478904984775, 3404285.942479185760021 ], [ 299861.653704504889902, 3404285.942479185760021 ], [ 299861.653704504889902, 3404256.836665179114789 ], [ 299832.5478904984775, 3404256.836665179114789 ], [ 299832.5478904984775, 3404285.942479185760021 ] ] ], [ [ [ 299832.5478904984775, 3404285.942479185760021 ], [ 299803.44207649200689, 3404285.942479185760021 ], [ 299803.44207649200689, 3404315.048293191939592 ], [ 299832.5478904984775, 3404315.048293191939592 ], [ 299832.5478904984775, 3404285.942479185760021 ] ] ], [ [ [ 299774.336262485594489, 3404315.048293191939592 ], [ 299774.336262485594489, 3404373.259921205230057 ], [ 299803.44207649200689, 3404373.259921205230057 ], [ 299803.44207649200689, 3404315.048293191939592 ], [ 299774.336262485594489, 3404315.048293191939592 ] ] ], [ [ [ 299774.336262485594489, 3404402.365735211409628 ], [ 299774.336262485594489, 3404373.259921205230057 ], [ 299745.230448479182087, 3404373.259921205230057 ], [ 299745.230448479182087, 3404402.365735211409628 ], [ 299774.336262485594489, 3404402.365735211409628 ] ] ] ] } },
{ "type": "Feature", "properties": { "zone_id": "RZ-244", "zone_label": "Candidate Hazard-Based Red Zone", "candidate_priority_rank": 244, "candidate_priority_basis": "Mean multi-hazard score, then maximum score, then area", "source_indicator": "Higher Multi-Hazard Indicator", "source_class": 3, "mean_multihazard_score": 0.672256, "max_multihazard_score": 0.695379, "min_multihazard_score": 0.650698, "terrain_contribution_mean": 0.382178, "flood_contribution_mean": 0.290079, "area_m2": 6777.19, "area_hectares": 0.6777, "pixel_count": 8, "methodology": "Deterministic terrain and hydrology screening", "disclaimer": "Decision Support — Requires Official Verification & Geotechnical Assessment" }, "geometry": { "type": "MultiPolygon", "coordinates": [ [ [ [ 313686.915357559453696, 3385512.6924450378865 ], [ 313686.915357559453696, 3385541.798259044531733 ], [ 313716.021171565866098, 3385541.798259044531733 ], [ 313716.021171565866098, 3385454.480817025061697 ], [ 313686.915357559453696, 3385454.480817025061697 ], [ 313686.915357559453696, 3385483.586631031706929 ], [ 313657.809543553041294, 3385483.586631031706929 ], [ 313657.809543553041294, 3385512.6924450378865 ], [ 313686.915357559453696, 3385512.6924450378865 ] ] ], [ [ [ 313657.809543553041294, 3385512.6924450378865 ], [ 313628.703729546570685, 3385512.6924450378865 ], [ 313628.703729546570685, 3385600.009887057356536 ], [ 313657.809543553041294, 3385600.009887057356536 ], [ 313657.809543553041294, 3385512.6924450378865 ] ] ], [ [ [ 313599.597915540158283, 3385629.115701063536108 ], [ 313628.703729546570685, 3385629.115701063536108 ], [ 313628.703729546570685, 3385600.009887057356536 ], [ 313599.597915540158283, 3385600.009887057356536 ], [ 313599.597915540158283, 3385629.115701063536108 ] ] ] ] } },
{ "type": "Feature", "properties": { "zone_id": "RZ-245", "zone_label": "Candidate Hazard-Based Red Zone", "candidate_priority_rank": 245, "candidate_priority_basis": "Mean multi-hazard score, then maximum score, then area", "source_indicator": "Higher Multi-Hazard Indicator", "source_class": 3, "mean_multihazard_score": 0.672202, "max_multihazard_score": 0.691285, "min_multihazard_score": 0.650269, "terrain_contribution_mean": 0.330333, "flood_contribution_mean": 0.341868, "area_m2": 5930.04, "area_hectares": 0.593, "pixel_count": 7, "methodology": "Deterministic terrain and hydrology screening", "disclaimer": "Decision Support — Requires Official Verification & Geotechnical Assessment" }, "geometry": { "type": "MultiPolygon", "coordinates": [ [ [ [ 314822.042103810235858, 3406410.666901655029505 ], [ 314822.042103810235858, 3406265.137831623200327 ], [ 314792.936289803823456, 3406265.137831623200327 ], [ 314792.936289803823456, 3406410.666901655029505 ], [ 314822.042103810235858, 3406410.666901655029505 ] ] ], [ [ [ 314792.936289803823456, 3406410.666901655029505 ], [ 314763.830475797411054, 3406410.666901655029505 ], [ 314763.830475797411054, 3406439.772715661674738 ], [ 314792.936289803823456, 3406439.772715661674738 ], [ 314792.936289803823456, 3406410.666901655029505 ] ] ], [ [ [ 314734.724661790940445, 3406468.878529667854309 ], [ 314763.830475797411054, 3406468.878529667854309 ], [ 314763.830475797411054, 3406439.772715661674738 ], [ 314734.724661790940445, 3406439.772715661674738 ], [ 314734.724661790940445, 3406468.878529667854309 ] ] ] ] } },
{ "type": "Feature", "properties": { "zone_id": "RZ-246", "zone_label": "Candidate Hazard-Based Red Zone", "candidate_priority_rank": 246, "candidate_priority_basis": "Mean multi-hazard score, then maximum score, then area", "source_indicator": "Higher Multi-Hazard Indicator", "source_class": 3, "mean_multihazard_score": 0.672111, "max_multihazard_score": 0.713917, "min_multihazard_score": 0.652525, "terrain_contribution_mean": 0.438347, "flood_contribution_mean": 0.233764, "area_m2": 8471.48, "area_hectares": 0.8471, "pixel_count": 10, "methodology": "Deterministic terrain and hydrology screening", "disclaimer": "Decision Support — Requires Official Verification & Geotechnical Assessment" }, "geometry": { "type": "Polygon", "coordinates": [ [ [ 336185.709584530326538, 3400647.71572838164866 ], [ 336185.709584530326538, 3400618.609914375469089 ], [ 336273.027026549621951, 3400618.609914375469089 ], [ 336273.027026549621951, 3400589.504100368823856 ], [ 336360.344468568917364, 3400589.504100368823856 ], [ 336360.344468568917364, 3400618.609914375469089 ], [ 336389.450282575387973, 3400618.609914375469089 ], [ 336389.450282575387973, 3400647.71572838164866 ], [ 336185.709584530326538, 3400647.71572838164866 ] ] ] } },
{ "type": "Feature", "properties": { "zone_id": "RZ-247", "zone_label": "Candidate Hazard-Based Red Zone", "candidate_priority_rank": 247, "candidate_priority_basis": "Mean multi-hazard score, then maximum score, then area", "source_indicator": "Higher Multi-Hazard Indicator", "source_class": 3, "mean_multihazard_score": 0.672048, "max_multihazard_score": 0.703892, "min_multihazard_score": 0.651825, "terrain_contribution_mean": 0.299036, "flood_contribution_mean": 0.373013, "area_m2": 8471.48, "area_hectares": 0.8471, "pixel_count": 10, "methodology": "Deterministic terrain and hydrology screening", "disclaimer": "Decision Support — Requires Official Verification & Geotechnical Assessment" }, "geometry": { "type": "MultiPolygon", "coordinates": [ [ [ [ 327424.859568594722077, 3406381.561087648849934 ], [ 327424.859568594722077, 3406497.984343674499542 ], [ 327453.965382601134479, 3406497.984343674499542 ], [ 327453.965382601134479, 3406381.561087648849934 ], [ 327424.859568594722077, 3406381.561087648849934 ] ] ], [ [ [ 327483.071196607605089, 3406585.301785693503916 ], [ 327483.071196607605089, 3406497.984343674499542 ], [ 327453.965382601134479, 3406497.984343674499542 ], [ 327453.965382601134479, 3406585.301785693503916 ], [ 327483.071196607605089, 3406585.301785693503916 ] ] ], [ [ [ 327483.071196607605089, 3406585.301785693503916 ], [ 327483.071196607605089, 3406614.407599700149149 ], [ 327512.17701061401749, 3406614.407599700149149 ], [ 327512.17701061401749, 3406585.301785693503916 ], [ 327483.071196607605089, 3406585.301785693503916 ] ] ], [ [ [ 327512.17701061401749, 3406643.513413706794381 ], [ 327541.282824620429892, 3406643.513413706794381 ], [ 327541.282824620429892, 3406614.407599700149149 ], [ 327512.17701061401749, 3406614.407599700149149 ], [ 327512.17701061401749, 3406643.513413706794381 ] ] ], [ [ [ 327570.388638626900502, 3406643.513413706794381 ], [ 327541.282824620429892, 3406643.513413706794381 ], [ 327541.282824620429892, 3406672.619227712973952 ], [ 327570.388638626900502, 3406672.619227712973952 ], [ 327570.388638626900502, 3406643.513413706794381 ] ] ] ] } },
{ "type": "Feature", "properties": { "zone_id": "RZ-248", "zone_label": "Candidate Hazard-Based Red Zone", "candidate_priority_rank": 248, "candidate_priority_basis": "Mean multi-hazard score, then maximum score, then area", "source_indicator": "Higher Multi-Hazard Indicator", "source_class": 3, "mean_multihazard_score": 0.671861, "max_multihazard_score": 0.685031, "min_multihazard_score": 0.653245, "terrain_contribution_mean": 0.487764, "flood_contribution_mean": 0.184096, "area_m2": 5082.89, "area_hectares": 0.5083, "pixel_count": 6, "methodology": "Deterministic terrain and hydrology screening", "disclaimer": "Decision Support — Requires Official Verification & Geotechnical Assessment" }, "geometry": { "type": "Polygon", "coordinates": [ [ [ 335399.852606356726028, 3404897.16457332065329 ], [ 335399.852606356726028, 3404838.952945307828486 ], [ 335428.95842036313843, 3404838.952945307828486 ], [ 335428.95842036313843, 3404780.741317295003682 ], [ 335458.064234369609039, 3404780.741317295003682 ], [ 335458.064234369609039, 3404897.16457332065329 ], [ 335399.852606356726028, 3404897.16457332065329 ] ] ] } },
{ "type": "Feature", "properties": { "zone_id": "RZ-249", "zone_label": "Candidate Hazard-Based Red Zone", "candidate_priority_rank": 249, "candidate_priority_basis": "Mean multi-hazard score, then maximum score, then area", "source_indicator": "Higher Multi-Hazard Indicator", "source_class": 3, "mean_multihazard_score": 0.671813, "max_multihazard_score": 0.686823, "min_multihazard_score": 0.665072, "terrain_contribution_mean": 0.380078, "flood_contribution_mean": 0.291735, "area_m2": 5082.89, "area_hectares": 0.5083, "pixel_count": 6, "methodology": "Deterministic terrain and hydrology screening", "disclaimer": "Decision Support — Requires Official Verification & Geotechnical Assessment" }, "geometry": { "type": "Polygon", "coordinates": [ [ [ 323903.056073816609569, 3402772.440150851383805 ], [ 323903.056073816609569, 3402597.805266812909395 ], [ 323932.161887823021971, 3402597.805266812909395 ], [ 323932.161887823021971, 3402772.440150851383805 ], [ 323903.056073816609569, 3402772.440150851383805 ] ] ] } },
{ "type": "Feature", "properties": { "zone_id": "RZ-250", "zone_label": "Candidate Hazard-Based Red Zone", "candidate_priority_rank": 250, "candidate_priority_basis": "Mean multi-hazard score, then maximum score, then area", "source_indicator": "Higher Multi-Hazard Indicator", "source_class": 3, "mean_multihazard_score": 0.67181, "max_multihazard_score": 0.685489, "min_multihazard_score": 0.661784, "terrain_contribution_mean": 0.248462, "flood_contribution_mean": 0.423348, "area_m2": 5930.04, "area_hectares": 0.593, "pixel_count": 7, "methodology": "Deterministic terrain and hydrology screening", "disclaimer": "Decision Support — Requires Official Verification & Geotechnical Assessment" }, "geometry": { "type": "Polygon", "coordinates": [ [ [ 303383.45719928300241, 3350702.138893346767873 ], [ 303383.45719928300241, 3350498.398195301648229 ], [ 303412.563013289414812, 3350498.398195301648229 ], [ 303412.563013289414812, 3350702.138893346767873 ], [ 303383.45719928300241, 3350702.138893346767873 ] ] ] } },
{ "type": "Feature", "properties": { "zone_id": "RZ-251", "zone_label": "Candidate Hazard-Based Red Zone", "candidate_priority_rank": 251, "candidate_priority_basis": "Mean multi-hazard score, then maximum score, then area", "source_indicator": "Higher Multi-Hazard Indicator", "source_class": 3, "mean_multihazard_score": 0.671707, "max_multihazard_score": 0.689203, "min_multihazard_score": 0.657536, "terrain_contribution_mean": 0.355195, "flood_contribution_mean": 0.316511, "area_m2": 5930.04, "area_hectares": 0.593, "pixel_count": 7, "methodology": "Deterministic terrain and hydrology screening", "disclaimer": "Decision Support — Requires Official Verification & Geotechnical Assessment" }, "geometry": { "type": "Polygon", "coordinates": [ [ [ 334934.159582253836561, 3398377.462235880084336 ], [ 334934.159582253836561, 3398173.721537835430354 ], [ 334963.265396260248963, 3398173.721537835430354 ], [ 334963.265396260248963, 3398377.462235880084336 ], [ 334934.159582253836561, 3398377.462235880084336 ] ] ] } },
{ "type": "Feature", "properties": { "zone_id": "RZ-252", "zone_label": "Candidate Hazard-Based Red Zone", "candidate_priority_rank": 252, "candidate_priority_basis": "Mean multi-hazard score, then maximum score, then area", "source_indicator": "Higher Multi-Hazard Indicator", "source_class": 3, "mean_multihazard_score": 0.671529, "max_multihazard_score": 0.687472, "min_multihazard_score": 0.656343, "terrain_contribution_mean": 0.384677, "flood_contribution_mean": 0.286852, "area_m2": 5082.89, "area_hectares": 0.5083, "pixel_count": 6, "methodology": "Deterministic terrain and hydrology screening", "disclaimer": "Decision Support — Requires Official Verification & Geotechnical Assessment" }, "geometry": { "type": "MultiPolygon", "coordinates": [ [ [ [ 310980.074654961412307, 3409030.190162234008312 ], [ 310980.074654961412307, 3409059.295976240187883 ], [ 311009.180468967824709, 3409059.295976240187883 ], [ 311009.180468967824709, 3409030.190162234008312 ], [ 310980.074654961412307, 3409030.190162234008312 ] ] ], [ [ [ 311038.28628297423711, 3409088.401790246833116 ], [ 311038.28628297423711, 3409059.295976240187883 ], [ 311009.180468967824709, 3409059.295976240187883 ], [ 311009.180468967824709, 3409088.401790246833116 ], [ 311038.28628297423711, 3409088.401790246833116 ] ] ], [ [ [ 311038.28628297423711, 3409088.401790246833116 ], [ 311038.28628297423711, 3409117.507604253012687 ], [ 311125.603724993532524, 3409117.507604253012687 ], [ 311125.603724993532524, 3409088.401790246833116 ], [ 311038.28628297423711, 3409088.401790246833116 ] ] ], [ [ [ 311154.709539, 3409146.613418259657919 ], [ 311154.709539, 3409117.507604253012687 ], [ 311125.603724993532524, 3409117.507604253012687 ], [ 311125.603724993532524, 3409146.613418259657919 ], [ 311154.709539, 3409146.613418259657919 ] ] ] ] } },
{ "type": "Feature", "properties": { "zone_id": "RZ-253", "zone_label": "Candidate Hazard-Based Red Zone", "candidate_priority_rank": 253, "candidate_priority_basis": "Mean multi-hazard score, then maximum score, then area", "source_indicator": "Higher Multi-Hazard Indicator", "source_class": 3, "mean_multihazard_score": 0.671184, "max_multihazard_score": 0.695507, "min_multihazard_score": 0.654969, "terrain_contribution_mean": 0.473869, "flood_contribution_mean": 0.197315, "area_m2": 5082.89, "area_hectares": 0.5083, "pixel_count": 6, "methodology": "Deterministic terrain and hydrology screening", "disclaimer": "Decision Support — Requires Official Verification & Geotechnical Assessment" }, "geometry": { "type": "Polygon", "coordinates": [ [ [ 341628.496803732879926, 3364323.659848356619477 ], [ 341628.496803732879926, 3364294.554034349974245 ], [ 341599.390989726467524, 3364294.554034349974245 ], [ 341599.390989726467524, 3364236.342406337149441 ], [ 341628.496803732879926, 3364236.342406337149441 ], [ 341628.496803732879926, 3364207.236592330504209 ], [ 341657.602617739350535, 3364207.236592330504209 ], [ 341657.602617739350535, 3364323.659848356619477 ], [ 341628.496803732879926, 3364323.659848356619477 ] ] ] } },
{ "type": "Feature", "properties": { "zone_id": "RZ-254", "zone_label": "Candidate Hazard-Based Red Zone", "candidate_priority_rank": 254, "candidate_priority_basis": "Mean multi-hazard score, then maximum score, then area", "source_indicator": "Higher Multi-Hazard Indicator", "source_class": 3, "mean_multihazard_score": 0.671156, "max_multihazard_score": 0.702763, "min_multihazard_score": 0.652026, "terrain_contribution_mean": 0.219553, "flood_contribution_mean": 0.451603, "area_m2": 11860.08, "area_hectares": 1.186, "pixel_count": 14, "methodology": "Deterministic terrain and hydrology screening", "disclaimer": "Decision Support — Requires Official Verification & Geotechnical Assessment" }, "geometry": { "type": "MultiPolygon", "coordinates": [ [ [ [ 340202.311917417799123, 3380128.116853848099709 ], [ 340144.100289404916111, 3380128.116853848099709 ], [ 340144.100289404916111, 3380157.222667854744941 ], [ 340202.311917417799123, 3380157.222667854744941 ], [ 340202.311917417799123, 3380128.116853848099709 ] ] ], [ [ [ 339998.571219372795895, 3380186.328481860924512 ], [ 340144.100289404916111, 3380186.328481860924512 ], [ 340144.100289404916111, 3380157.222667854744941 ], [ 339998.571219372795895, 3380157.222667854744941 ], [ 339998.571219372795895, 3380186.328481860924512 ] ] ], [ [ [ 340376.946801456389949, 3380157.222667854744941 ], [ 340202.311917417799123, 3380157.222667854744941 ], [ 340202.311917417799123, 3380186.328481860924512 ], [ 340376.946801456389949, 3380186.328481860924512 ], [ 340376.946801456389949, 3380157.222667854744941 ] ] ], [ [ [ 339998.571219372795895, 3380186.328481860924512 ], [ 339969.465405366325285, 3380186.328481860924512 ], [ 339969.465405366325285, 3380215.434295867569745 ], [ 339998.571219372795895, 3380215.434295867569745 ], [ 339998.571219372795895, 3380186.328481860924512 ] ] ] ] } },
{ "type": "Feature", "properties": { "zone_id": "RZ-255", "zone_label": "Candidate Hazard-Based Red Zone", "candidate_priority_rank": 255, "candidate_priority_basis": "Mean multi-hazard score, then maximum score, then area", "source_indicator": "Higher Multi-Hazard Indicator", "source_class": 3, "mean_multihazard_score": 0.67113, "max_multihazard_score": 0.695132, "min_multihazard_score": 0.656018, "terrain_contribution_mean": 0.358638, "flood_contribution_mean": 0.312492, "area_m2": 5082.89, "area_hectares": 0.5083, "pixel_count": 6, "methodology": "Deterministic terrain and hydrology screening", "disclaimer": "Decision Support — Requires Official Verification & Geotechnical Assessment" }, "geometry": { "type": "MultiPolygon", "coordinates": [ [ [ [ 312144.307215218606871, 3394739.235485076438636 ], [ 312144.307215218606871, 3394710.129671069793403 ], [ 312027.883959192899056, 3394710.129671069793403 ], [ 312027.883959192899056, 3394739.235485076438636 ], [ 312144.307215218606871, 3394739.235485076438636 ] ] ], [ [ [ 311969.672331180016045, 3394739.235485076438636 ], [ 311969.672331180016045, 3394768.341299083083868 ], [ 312027.883959192899056, 3394768.341299083083868 ], [ 312027.883959192899056, 3394739.235485076438636 ], [ 311969.672331180016045, 3394739.235485076438636 ] ] ] ] } },
{ "type": "Feature", "properties": { "zone_id": "RZ-256", "zone_label": "Candidate Hazard-Based Red Zone", "candidate_priority_rank": 256, "candidate_priority_basis": "Mean multi-hazard score, then maximum score, then area", "source_indicator": "Higher Multi-Hazard Indicator", "source_class": 3, "mean_multihazard_score": 0.670975, "max_multihazard_score": 0.697827, "min_multihazard_score": 0.654415, "terrain_contribution_mean": 0.239896, "flood_contribution_mean": 0.431079, "area_m2": 5082.89, "area_hectares": 0.5083, "pixel_count": 6, "methodology": "Deterministic terrain and hydrology screening", "disclaimer": "Decision Support — Requires Official Verification & Geotechnical Assessment" }, "geometry": { "type": "MultiPolygon", "coordinates": [ [ [ [ 325329.240960131748579, 3394069.801762928720564 ], [ 325300.13514612527797, 3394069.801762928720564 ], [ 325300.13514612527797, 3394098.907576934900135 ], [ 325329.240960131748579, 3394098.907576934900135 ], [ 325329.240960131748579, 3394069.801762928720564 ] ] ], [ [ [ 325271.029332118865568, 3394128.013390941545367 ], [ 325300.13514612527797, 3394128.013390941545367 ], [ 325300.13514612527797, 3394098.907576934900135 ], [ 325271.029332118865568, 3394098.907576934900135 ], [ 325271.029332118865568, 3394128.013390941545367 ] ] ], [ [ [ 325271.029332118865568, 3394128.013390941545367 ], [ 325212.817704105982557, 3394128.013390941545367 ], [ 325212.817704105982557, 3394157.119204947724938 ], [ 325271.029332118865568, 3394157.119204947724938 ], [ 325271.029332118865568, 3394128.013390941545367 ] ] ], [ [ [ 325183.711890099570155, 3394157.119204947724938 ], [ 325183.711890099570155, 3394186.225018954370171 ], [ 325212.817704105982557, 3394186.225018954370171 ], [ 325212.817704105982557, 3394157.119204947724938 ], [ 325183.711890099570155, 3394157.119204947724938 ] ] ], [ [ [ 325183.711890099570155, 3394215.330832960549742 ], [ 325183.711890099570155, 3394186.225018954370171 ], [ 325154.606076093157753, 3394186.225018954370171 ], [ 325154.606076093157753, 3394215.330832960549742 ], [ 325183.711890099570155, 3394215.330832960549742 ] ] ] ] } },
{ "type": "Feature", "properties": { "zone_id": "RZ-257", "zone_label": "Candidate Hazard-Based Red Zone", "candidate_priority_rank": 257, "candidate_priority_basis": "Mean multi-hazard score, then maximum score, then area", "source_indicator": "Higher Multi-Hazard Indicator", "source_class": 3, "mean_multihazard_score": 0.670791, "max_multihazard_score": 0.712701, "min_multihazard_score": 0.653708, "terrain_contribution_mean": 0.228858, "flood_contribution_mean": 0.441933, "area_m2": 8471.48, "area_hectares": 0.8471, "pixel_count": 10, "methodology": "Deterministic terrain and hydrology screening", "disclaimer": "Decision Support — Requires Official Verification & Geotechnical Assessment" }, "geometry": { "type": "Polygon", "coordinates": [ [ [ 339154.502613186254166, 3396805.748279532883316 ], [ 339154.502613186254166, 3396776.642465526703745 ], [ 339445.560753250611015, 3396776.642465526703745 ], [ 339445.560753250611015, 3396805.748279532883316 ], [ 339154.502613186254166, 3396805.748279532883316 ] ] ] } },
{ "type": "Feature", "properties": { "zone_id": "RZ-258", "zone_label": "Candidate Hazard-Based Red Zone", "candidate_priority_rank": 258, "candidate_priority_basis": "Mean multi-hazard score, then maximum score, then area", "source_indicator": "Higher Multi-Hazard Indicator", "source_class": 3, "mean_multihazard_score": 0.670616, "max_multihazard_score": 0.689407, "min_multihazard_score": 0.658025, "terrain_contribution_mean": 0.408503, "flood_contribution_mean": 0.262113, "area_m2": 6777.19, "area_hectares": 0.6777, "pixel_count": 8, "methodology": "Deterministic terrain and hydrology screening", "disclaimer": "Decision Support — Requires Official Verification & Geotechnical Assessment" }, "geometry": { "type": "MultiPolygon", "coordinates": [ [ [ [ 335749.12237443390768, 3404577.000619249884039 ], [ 335720.016560427495278, 3404577.000619249884039 ], [ 335720.016560427495278, 3404606.106433256529272 ], [ 335749.12237443390768, 3404606.106433256529272 ], [ 335749.12237443390768, 3404577.000619249884039 ] ] ], [ [ [ 335749.12237443390768, 3404809.847131301648915 ], [ 335778.228188440320082, 3404809.847131301648915 ], [ 335778.228188440320082, 3404606.106433256529272 ], [ 335749.12237443390768, 3404606.106433256529272 ], [ 335749.12237443390768, 3404809.847131301648915 ] ] ] ] } },
{ "type": "Feature", "properties": { "zone_id": "RZ-259", "zone_label": "Candidate Hazard-Based Red Zone", "candidate_priority_rank": 259, "candidate_priority_basis": "Mean multi-hazard score, then maximum score, then area", "source_indicator": "Higher Multi-Hazard Indicator", "source_class": 3, "mean_multihazard_score": 0.670384, "max_multihazard_score": 0.685824, "min_multihazard_score": 0.653745, "terrain_contribution_mean": 0.370292, "flood_contribution_mean": 0.300092, "area_m2": 9318.63, "area_hectares": 0.9319, "pixel_count": 11, "methodology": "Deterministic terrain and hydrology screening", "disclaimer": "Decision Support — Requires Official Verification & Geotechnical Assessment" }, "geometry": { "type": "MultiPolygon", "coordinates": [ [ [ [ 329811.536317122052424, 3400385.763402324169874 ], [ 329782.430503115640022, 3400385.763402324169874 ], [ 329782.430503115640022, 3400560.398286362644285 ], [ 329811.536317122052424, 3400560.398286362644285 ], [ 329811.536317122052424, 3400385.763402324169874 ] ] ], [ [ [ 329811.536317122052424, 3400705.927356394939125 ], [ 329840.642131128464825, 3400705.927356394939125 ], [ 329840.642131128464825, 3400560.398286362644285 ], [ 329811.536317122052424, 3400560.398286362644285 ], [ 329811.536317122052424, 3400705.927356394939125 ] ] ] ] } },
{ "type": "Feature", "properties": { "zone_id": "RZ-260", "zone_label": "Candidate Hazard-Based Red Zone", "candidate_priority_rank": 260, "candidate_priority_basis": "Mean multi-hazard score, then maximum score, then area", "source_indicator": "Higher Multi-Hazard Indicator", "source_class": 3, "mean_multihazard_score": 0.670308, "max_multihazard_score": 0.678774, "min_multihazard_score": 0.657049, "terrain_contribution_mean": 0.297726, "flood_contribution_mean": 0.372582, "area_m2": 5082.89, "area_hectares": 0.5083, "pixel_count": 6, "methodology": "Deterministic terrain and hydrology screening", "disclaimer": "Decision Support — Requires Official Verification & Geotechnical Assessment" }, "geometry": { "type": "Polygon", "coordinates": [ [ [ 325853.14561224746285, 3389849.458731995895505 ], [ 325853.14561224746285, 3389820.352917989715934 ], [ 326027.780496286053676, 3389820.352917989715934 ], [ 326027.780496286053676, 3389849.458731995895505 ], [ 325853.14561224746285, 3389849.458731995895505 ] ] ] } },
{ "type": "Feature", "properties": { "zone_id": "RZ-261", "zone_label": "Candidate Hazard-Based Red Zone", "candidate_priority_rank": 261, "candidate_priority_basis": "Mean multi-hazard score, then maximum score, then area", "source_indicator": "Higher Multi-Hazard Indicator", "source_class": 3, "mean_multihazard_score": 0.669807, "max_multihazard_score": 0.681263, "min_multihazard_score": 0.659198, "terrain_contribution_mean": 0.333469, "flood_contribution_mean": 0.336338, "area_m2": 5082.89, "area_hectares": 0.5083, "pixel_count": 6, "methodology": "Deterministic terrain and hydrology screening", "disclaimer": "Decision Support — Requires Official Verification & Geotechnical Assessment" }, "geometry": { "type": "MultiPolygon", "coordinates": [ [ [ [ 316655.708386215381324, 3383387.968022568617016 ], [ 316626.602572208968922, 3383387.968022568617016 ], [ 316626.602572208968922, 3383417.073836574796587 ], [ 316655.708386215381324, 3383417.073836574796587 ], [ 316655.708386215381324, 3383387.968022568617016 ] ] ], [ [ [ 316655.708386215381324, 3383446.17965058144182 ], [ 316801.237456247559749, 3383446.17965058144182 ], [ 316801.237456247559749, 3383417.073836574796587 ], [ 316655.708386215381324, 3383417.073836574796587 ], [ 316655.708386215381324, 3383446.17965058144182 ] ] ] ] } },
{ "type": "Feature", "properties": { "zone_id": "RZ-262", "zone_label": "Candidate Hazard-Based Red Zone", "candidate_priority_rank": 262, "candidate_priority_basis": "Mean multi-hazard score, then maximum score, then area", "source_indicator": "Higher Multi-Hazard Indicator", "source_class": 3, "mean_multihazard_score": 0.669143, "max_multihazard_score": 0.675182, "min_multihazard_score": 0.662592, "terrain_contribution_mean": 0.431465, "flood_contribution_mean": 0.237678, "area_m2": 5082.89, "area_hectares": 0.5083, "pixel_count": 6, "methodology": "Deterministic terrain and hydrology screening", "disclaimer": "Decision Support — Requires Official Verification & Geotechnical Assessment" }, "geometry": { "type": "MultiPolygon", "coordinates": [ [ [ [ 327803.235150678316131, 3391246.537804304622114 ], [ 327803.235150678316131, 3391217.431990298442543 ], [ 327832.340964684728533, 3391217.431990298442543 ], [ 327832.340964684728533, 3391159.220362285617739 ], [ 327774.129336671903729, 3391159.220362285617739 ], [ 327774.129336671903729, 3391246.537804304622114 ], [ 327803.235150678316131, 3391246.537804304622114 ] ] ], [ [ [ 327745.023522665491328, 3391246.537804304622114 ], [ 327745.023522665491328, 3391275.643618311267346 ], [ 327774.129336671903729, 3391275.643618311267346 ], [ 327774.129336671903729, 3391246.537804304622114 ], [ 327745.023522665491328, 3391246.537804304622114 ] ] ] ] } },
{ "type": "Feature", "properties": { "zone_id": "RZ-263", "zone_label": "Candidate Hazard-Based Red Zone", "candidate_priority_rank": 263, "candidate_priority_basis": "Mean multi-hazard score, then maximum score, then area", "source_indicator": "Higher Multi-Hazard Indicator", "source_class": 3, "mean_multihazard_score": 0.669074, "max_multihazard_score": 0.693457, "min_multihazard_score": 0.651719, "terrain_contribution_mean": 0.230501, "flood_contribution_mean": 0.438573, "area_m2": 5082.89, "area_hectares": 0.5083, "pixel_count": 6, "methodology": "Deterministic terrain and hydrology screening", "disclaimer": "Decision Support — Requires Official Verification & Geotechnical Assessment" }, "geometry": { "type": "MultiPolygon", "coordinates": [ [ [ [ 333100.493299848691095, 3369067.907531404402107 ], [ 333071.387485842278693, 3369067.907531404402107 ], [ 333071.387485842278693, 3369097.013345411047339 ], [ 333100.493299848691095, 3369097.013345411047339 ], [ 333100.493299848691095, 3369067.907531404402107 ] ] ], [ [ [ 333100.493299848691095, 3369126.119159417692572 ], [ 333246.022369880869519, 3369126.119159417692572 ], [ 333246.022369880869519, 3369097.013345411047339 ], [ 333100.493299848691095, 3369097.013345411047339 ], [ 333100.493299848691095, 3369126.119159417692572 ] ] ] ] } },
{ "type": "Feature", "properties": { "zone_id": "RZ-264", "zone_label": "Candidate Hazard-Based Red Zone", "candidate_priority_rank": 264, "candidate_priority_basis": "Mean multi-hazard score, then maximum score, then area", "source_indicator": "Higher Multi-Hazard Indicator", "source_class": 3, "mean_multihazard_score": 0.669019, "max_multihazard_score": 0.678021, "min_multihazard_score": 0.660837, "terrain_contribution_mean": 0.206695, "flood_contribution_mean": 0.462324, "area_m2": 5082.89, "area_hectares": 0.5083, "pixel_count": 6, "methodology": "Deterministic terrain and hydrology screening", "disclaimer": "Decision Support — Requires Official Verification & Geotechnical Assessment" }, "geometry": { "type": "Polygon", "coordinates": [ [ [ 330189.911899205646478, 3390664.421524176374078 ], [ 330189.911899205646478, 3390489.786640137434006 ], [ 330219.017713212058879, 3390489.786640137434006 ], [ 330219.017713212058879, 3390664.421524176374078 ], [ 330189.911899205646478, 3390664.421524176374078 ] ] ] } },
{ "type": "Feature", "properties": { "zone_id": "RZ-265", "zone_label": "Candidate Hazard-Based Red Zone", "candidate_priority_rank": 265, "candidate_priority_basis": "Mean multi-hazard score, then maximum score, then area", "source_indicator": "Higher Multi-Hazard Indicator", "source_class": 3, "mean_multihazard_score": 0.668411, "max_multihazard_score": 0.68699, "min_multihazard_score": 0.650418, "terrain_contribution_mean": 0.376845, "flood_contribution_mean": 0.291566, "area_m2": 5082.89, "area_hectares": 0.5083, "pixel_count": 6, "methodology": "Deterministic terrain and hydrology screening", "disclaimer": "Decision Support — Requires Official Verification & Geotechnical Assessment" }, "geometry": { "type": "Polygon", "coordinates": [ [ [ 330393.652597250649706, 3399192.425028060562909 ], [ 330393.652597250649706, 3399163.319214053917676 ], [ 330568.287481289240532, 3399163.319214053917676 ], [ 330568.287481289240532, 3399192.425028060562909 ], [ 330393.652597250649706, 3399192.425028060562909 ] ] ] } },
{ "type": "Feature", "properties": { "zone_id": "RZ-266", "zone_label": "Candidate Hazard-Based Red Zone", "candidate_priority_rank": 266, "candidate_priority_basis": "Mean multi-hazard score, then maximum score, then area", "source_indicator": "Higher Multi-Hazard Indicator", "source_class": 3, "mean_multihazard_score": 0.667274, "max_multihazard_score": 0.682283, "min_multihazard_score": 0.65343, "terrain_contribution_mean": 0.406004, "flood_contribution_mean": 0.26127, "area_m2": 5082.89, "area_hectares": 0.5083, "pixel_count": 6, "methodology": "Deterministic terrain and hydrology screening", "disclaimer": "Decision Support — Requires Official Verification & Geotechnical Assessment" }, "geometry": { "type": "Polygon", "coordinates": [ [ [ 310630.804886884230655, 3409583.200628356076777 ], [ 310630.804886884230655, 3409524.989000343251973 ], [ 310747.22814290993847, 3409524.989000343251973 ], [ 310747.22814290993847, 3409554.094814349897206 ], [ 310689.016514897113666, 3409554.094814349897206 ], [ 310689.016514897113666, 3409583.200628356076777 ], [ 310630.804886884230655, 3409583.200628356076777 ] ] ] } },
{ "type": "Feature", "properties": { "zone_id": "RZ-267", "zone_label": "Candidate Hazard-Based Red Zone", "candidate_priority_rank": 267, "candidate_priority_basis": "Mean multi-hazard score, then maximum score, then area", "source_indicator": "Higher Multi-Hazard Indicator", "source_class": 3, "mean_multihazard_score": 0.66725, "max_multihazard_score": 0.695969, "min_multihazard_score": 0.650835, "terrain_contribution_mean": 0.48008, "flood_contribution_mean": 0.18717, "area_m2": 5930.04, "area_hectares": 0.593, "pixel_count": 7, "methodology": "Deterministic terrain and hydrology screening", "disclaimer": "Decision Support — Requires Official Verification & Geotechnical Assessment" }, "geometry": { "type": "MultiPolygon", "coordinates": [ [ [ [ 335807.334002446732484, 3400618.609914375469089 ], [ 335807.334002446732484, 3400647.71572838164866 ], [ 335865.545630459615495, 3400647.71572838164866 ], [ 335865.545630459615495, 3400618.609914375469089 ], [ 335807.334002446732484, 3400618.609914375469089 ] ] ], [ [ [ 335894.651444466027897, 3400676.821542388293892 ], [ 335894.651444466027897, 3400647.71572838164866 ], [ 335865.545630459615495, 3400647.71572838164866 ], [ 335865.545630459615495, 3400676.821542388293892 ], [ 335894.651444466027897, 3400676.821542388293892 ] ] ], [ [ [ 335865.545630459615495, 3400676.821542388293892 ], [ 335807.334002446732484, 3400676.821542388293892 ], [ 335807.334002446732484, 3400705.927356394939125 ], [ 335865.545630459615495, 3400705.927356394939125 ], [ 335865.545630459615495, 3400676.821542388293892 ] ] ], [ [ [ 335778.228188440320082, 3400705.927356394939125 ], [ 335778.228188440320082, 3400735.033170401118696 ], [ 335807.334002446732484, 3400735.033170401118696 ], [ 335807.334002446732484, 3400705.927356394939125 ], [ 335778.228188440320082, 3400705.927356394939125 ] ] ], [ [ [ 335778.228188440320082, 3400764.138984407763928 ], [ 335778.228188440320082, 3400735.033170401118696 ], [ 335749.12237443390768, 3400735.033170401118696 ], [ 335749.12237443390768, 3400764.138984407763928 ], [ 335778.228188440320082, 3400764.138984407763928 ] ] ] ] } },
{ "type": "Feature", "properties": { "zone_id": "RZ-268", "zone_label": "Candidate Hazard-Based Red Zone", "candidate_priority_rank": 268, "candidate_priority_basis": "Mean multi-hazard score, then maximum score, then area", "source_indicator": "Higher Multi-Hazard Indicator", "source_class": 3, "mean_multihazard_score": 0.666838, "max_multihazard_score": 0.689165, "min_multihazard_score": 0.650261, "terrain_contribution_mean": 0.314989, "flood_contribution_mean": 0.351849, "area_m2": 5930.04, "area_hectares": 0.593, "pixel_count": 7, "methodology": "Deterministic terrain and hydrology screening", "disclaimer": "Decision Support — Requires Official Verification & Geotechnical Assessment" }, "geometry": { "type": "Polygon", "coordinates": [ [ [ 296689.119977803959046, 3405246.434341398067772 ], [ 296689.119977803959046, 3405042.693643352948129 ], [ 296718.225791810371447, 3405042.693643352948129 ], [ 296718.225791810371447, 3405246.434341398067772 ], [ 296689.119977803959046, 3405246.434341398067772 ] ] ] } },
{ "type": "Feature", "properties": { "zone_id": "RZ-269", "zone_label": "Candidate Hazard-Based Red Zone", "candidate_priority_rank": 269, "candidate_priority_basis": "Mean multi-hazard score, then maximum score, then area", "source_indicator": "Higher Multi-Hazard Indicator", "source_class": 3, "mean_multihazard_score": 0.666503, "max_multihazard_score": 0.68108, "min_multihazard_score": 0.650065, "terrain_contribution_mean": 0.282179, "flood_contribution_mean": 0.384324, "area_m2": 5930.04, "area_hectares": 0.593, "pixel_count": 7, "methodology": "Deterministic terrain and hydrology screening", "disclaimer": "Decision Support — Requires Official Verification & Geotechnical Assessment" }, "geometry": { "type": "MultiPolygon", "coordinates": [ [ [ [ 327745.023522665491328, 3395787.044789307750762 ], [ 327715.917708659020718, 3395787.044789307750762 ], [ 327715.917708659020718, 3395816.150603314395994 ], [ 327745.023522665491328, 3395816.150603314395994 ], [ 327745.023522665491328, 3395787.044789307750762 ] ] ], [ [ [ 327686.811894652608316, 3395845.256417321041226 ], [ 327715.917708659020718, 3395845.256417321041226 ], [ 327715.917708659020718, 3395816.150603314395994 ], [ 327686.811894652608316, 3395816.150603314395994 ], [ 327686.811894652608316, 3395845.256417321041226 ] ] ], [ [ [ 327686.811894652608316, 3395845.256417321041226 ], [ 327657.706080646137707, 3395845.256417321041226 ], [ 327657.706080646137707, 3395874.362231327220798 ], [ 327686.811894652608316, 3395874.362231327220798 ], [ 327686.811894652608316, 3395845.256417321041226 ] ] ], [ [ [ 327599.494452633312903, 3395874.362231327220798 ], [ 327599.494452633312903, 3395903.46804533386603 ], [ 327657.706080646137707, 3395903.46804533386603 ], [ 327657.706080646137707, 3395874.362231327220798 ], [ 327599.494452633312903, 3395874.362231327220798 ] ] ], [ [ [ 327599.494452633312903, 3395932.573859340045601 ], [ 327599.494452633312903, 3395903.46804533386603 ], [ 327541.282824620429892, 3395903.46804533386603 ], [ 327541.282824620429892, 3395932.573859340045601 ], [ 327599.494452633312903, 3395932.573859340045601 ] ] ] ] } },
{ "type": "Feature", "properties": { "zone_id": "RZ-270", "zone_label": "Candidate Hazard-Based Red Zone", "candidate_priority_rank": 270, "candidate_priority_basis": "Mean multi-hazard score, then maximum score, then area", "source_indicator": "Higher Multi-Hazard Indicator", "source_class": 3, "mean_multihazard_score": 0.666435, "max_multihazard_score": 0.67622, "min_multihazard_score": 0.651703, "terrain_contribution_mean": 0.23584, "flood_contribution_mean": 0.430595, "area_m2": 5930.04, "area_hectares": 0.593, "pixel_count": 7, "methodology": "Deterministic terrain and hydrology screening", "disclaimer": "Decision Support — Requires Official Verification & Geotechnical Assessment" }, "geometry": { "type": "MultiPolygon", "coordinates": [ [ [ [ 296951.072303861845285, 3406701.725041719619185 ], [ 296951.072303861845285, 3406672.619227712973952 ], [ 296921.966489855374675, 3406672.619227712973952 ], [ 296921.966489855374675, 3406701.725041719619185 ], [ 296951.072303861845285, 3406701.725041719619185 ] ] ], [ [ [ 296921.966489855374675, 3406701.725041719619185 ], [ 296805.54323382966686, 3406701.725041719619185 ], [ 296805.54323382966686, 3406730.830855725798756 ], [ 296921.966489855374675, 3406730.830855725798756 ], [ 296921.966489855374675, 3406701.725041719619185 ] ] ], [ [ [ 296747.331605816783849, 3406759.936669732443988 ], [ 296805.54323382966686, 3406759.936669732443988 ], [ 296805.54323382966686, 3406730.830855725798756 ], [ 296747.331605816783849, 3406730.830855725798756 ], [ 296747.331605816783849, 3406759.936669732443988 ] ] ] ] } },
{ "type": "Feature", "properties": { "zone_id": "RZ-271", "zone_label": "Candidate Hazard-Based Red Zone", "candidate_priority_rank": 271, "candidate_priority_basis": "Mean multi-hazard score, then maximum score, then area", "source_indicator": "Higher Multi-Hazard Indicator", "source_class": 3, "mean_multihazard_score": 0.666369, "max_multihazard_score": 0.683514, "min_multihazard_score": 0.655373, "terrain_contribution_mean": 0.394715, "flood_contribution_mean": 0.271654, "area_m2": 5930.04, "area_hectares": 0.593, "pixel_count": 7, "methodology": "Deterministic terrain and hydrology screening", "disclaimer": "Decision Support — Requires Official Verification & Geotechnical Assessment" }, "geometry": { "type": "Polygon", "coordinates": [ [ [ 299745.230448479182087, 3407691.322717938106507 ], [ 299745.230448479182087, 3407662.216903931461275 ], [ 299716.124634472711477, 3407662.216903931461275 ], [ 299716.124634472711477, 3407633.111089925281703 ], [ 299687.018820466299076, 3407633.111089925281703 ], [ 299687.018820466299076, 3407574.8994619124569 ], [ 299716.124634472711477, 3407574.8994619124569 ], [ 299716.124634472711477, 3407604.005275918636471 ], [ 299745.230448479182087, 3407604.005275918636471 ], [ 299745.230448479182087, 3407633.111089925281703 ], [ 299803.44207649200689, 3407633.111089925281703 ], [ 299803.44207649200689, 3407662.216903931461275 ], [ 299774.336262485594489, 3407662.216903931461275 ], [ 299774.336262485594489, 3407691.322717938106507 ], [ 299745.230448479182087, 3407691.322717938106507 ] ] ] } },
{ "type": "Feature", "properties": { "zone_id": "RZ-272", "zone_label": "Candidate Hazard-Based Red Zone", "candidate_priority_rank": 272, "candidate_priority_basis": "Mean multi-hazard score, then maximum score, then area", "source_indicator": "Higher Multi-Hazard Indicator", "source_class": 3, "mean_multihazard_score": 0.666321, "max_multihazard_score": 0.682438, "min_multihazard_score": 0.651605, "terrain_contribution_mean": 0.309215, "flood_contribution_mean": 0.357106, "area_m2": 8471.48, "area_hectares": 0.8471, "pixel_count": 10, "methodology": "Deterministic terrain and hydrology screening", "disclaimer": "Decision Support — Requires Official Verification & Geotechnical Assessment" }, "geometry": { "type": "MultiPolygon", "coordinates": [ [ [ [ 313279.43396146944724, 3397620.711071712896228 ], [ 313250.328147462976631, 3397620.711071712896228 ], [ 313250.328147462976631, 3397678.922699726186693 ], [ 313279.43396146944724, 3397678.922699726186693 ], [ 313279.43396146944724, 3397620.711071712896228 ] ] ], [ [ [ 313221.222333456564229, 3397708.028513732366264 ], [ 313250.328147462976631, 3397708.028513732366264 ], [ 313250.328147462976631, 3397678.922699726186693 ], [ 313221.222333456564229, 3397678.922699726186693 ], [ 313221.222333456564229, 3397708.028513732366264 ] ] ], [ [ [ 313221.222333456564229, 3397708.028513732366264 ], [ 313192.116519450151827, 3397708.028513732366264 ], [ 313192.116519450151827, 3397737.134327739011496 ], [ 313221.222333456564229, 3397737.134327739011496 ], [ 313221.222333456564229, 3397708.028513732366264 ] ] ], [ [ [ 313279.43396146944724, 3397678.922699726186693 ], [ 313279.43396146944724, 3397824.451769758015871 ], [ 313308.539775475859642, 3397824.451769758015871 ], [ 313308.539775475859642, 3397678.922699726186693 ], [ 313279.43396146944724, 3397678.922699726186693 ] ] ], [ [ [ 313279.43396146944724, 3397853.557583764661103 ], [ 313279.43396146944724, 3397824.451769758015871 ], [ 313250.328147462976631, 3397824.451769758015871 ], [ 313250.328147462976631, 3397853.557583764661103 ], [ 313279.43396146944724, 3397853.557583764661103 ] ] ] ] } },
{ "type": "Feature", "properties": { "zone_id": "RZ-273", "zone_label": "Candidate Hazard-Based Red Zone", "candidate_priority_rank": 273, "candidate_priority_basis": "Mean multi-hazard score, then maximum score, then area", "source_indicator": "Higher Multi-Hazard Indicator", "source_class": 3, "mean_multihazard_score": 0.666151, "max_multihazard_score": 0.682352, "min_multihazard_score": 0.654966, "terrain_contribution_mean": 0.399173, "flood_contribution_mean": 0.266978, "area_m2": 5082.89, "area_hectares": 0.5083, "pixel_count": 6, "methodology": "Deterministic terrain and hydrology screening", "disclaimer": "Decision Support — Requires Official Verification & Geotechnical Assessment" }, "geometry": { "type": "Polygon", "coordinates": [ [ [ 330073.488643179938663, 3405595.704109475016594 ], [ 330073.488643179938663, 3405566.598295468837023 ], [ 330248.123527218471281, 3405566.598295468837023 ], [ 330248.123527218471281, 3405595.704109475016594 ], [ 330073.488643179938663, 3405595.704109475016594 ] ] ] } },
{ "type": "Feature", "properties": { "zone_id": "RZ-274", "zone_label": "Candidate Hazard-Based Red Zone", "candidate_priority_rank": 274, "candidate_priority_basis": "Mean multi-hazard score, then maximum score, then area", "source_indicator": "Higher Multi-Hazard Indicator", "source_class": 3, "mean_multihazard_score": 0.665994, "max_multihazard_score": 0.675634, "min_multihazard_score": 0.658046, "terrain_contribution_mean": 0.249636, "flood_contribution_mean": 0.416358, "area_m2": 5930.04, "area_hectares": 0.593, "pixel_count": 7, "methodology": "Deterministic terrain and hydrology screening", "disclaimer": "Decision Support — Requires Official Verification & Geotechnical Assessment" }, "geometry": { "type": "MultiPolygon", "coordinates": [ [ [ [ 331033.980505392129999, 3391071.902920266147703 ], [ 331033.980505392129999, 3391101.008734272792935 ], [ 331063.0863193985424, 3391101.008734272792935 ], [ 331063.0863193985424, 3391071.902920266147703 ], [ 331033.980505392129999, 3391071.902920266147703 ] ] ], [ [ [ 331063.0863193985424, 3391130.114548278972507 ], [ 331121.297947411425412, 3391130.114548278972507 ], [ 331121.297947411425412, 3391101.008734272792935 ], [ 331063.0863193985424, 3391101.008734272792935 ], [ 331063.0863193985424, 3391130.114548278972507 ] ] ], [ [ [ 331150.403761417837813, 3391130.114548278972507 ], [ 331121.297947411425412, 3391130.114548278972507 ], [ 331121.297947411425412, 3391159.220362285617739 ], [ 331150.403761417837813, 3391159.220362285617739 ], [ 331150.403761417837813, 3391130.114548278972507 ] ] ], [ [ [ 331150.403761417837813, 3391159.220362285617739 ], [ 331150.403761417837813, 3391188.32617629179731 ], [ 331179.509575424250215, 3391188.32617629179731 ], [ 331179.509575424250215, 3391159.220362285617739 ], [ 331150.403761417837813, 3391159.220362285617739 ] ] ], [ [ [ 331179.509575424250215, 3391217.431990298442543 ], [ 331208.615389430720825, 3391217.431990298442543 ], [ 331208.615389430720825, 3391188.32617629179731 ], [ 331179.509575424250215, 3391188.32617629179731 ], [ 331179.509575424250215, 3391217.431990298442543 ] ] ], [ [ [ 331237.721203437133227, 3391217.431990298442543 ], [ 331208.615389430720825, 3391217.431990298442543 ], [ 331208.615389430720825, 3391246.537804304622114 ], [ 331237.721203437133227, 3391246.537804304622114 ], [ 331237.721203437133227, 3391217.431990298442543 ] ] ] ] } },
{ "type": "Feature", "properties": { "zone_id": "RZ-275", "zone_label": "Candidate Hazard-Based Red Zone", "candidate_priority_rank": 275, "candidate_priority_basis": "Mean multi-hazard score, then maximum score, then area", "source_indicator": "Higher Multi-Hazard Indicator", "source_class": 3, "mean_multihazard_score": 0.66599, "max_multihazard_score": 0.677869, "min_multihazard_score": 0.650812, "terrain_contribution_mean": 0.273973, "flood_contribution_mean": 0.392016, "area_m2": 5082.89, "area_hectares": 0.5083, "pixel_count": 6, "methodology": "Deterministic terrain and hydrology screening", "disclaimer": "Decision Support — Requires Official Verification & Geotechnical Assessment" }, "geometry": { "type": "Polygon", "coordinates": [ [ [ 293109.104855012963526, 3383970.084302697330713 ], [ 293109.104855012963526, 3383940.978488690685481 ], [ 293283.739739051554352, 3383940.978488690685481 ], [ 293283.739739051554352, 3383970.084302697330713 ], [ 293109.104855012963526, 3383970.084302697330713 ] ] ] } },
{ "type": "Feature", "properties": { "zone_id": "RZ-276", "zone_label": "Candidate Hazard-Based Red Zone", "candidate_priority_rank": 276, "candidate_priority_basis": "Mean multi-hazard score, then maximum score, then area", "source_indicator": "Higher Multi-Hazard Indicator", "source_class": 3, "mean_multihazard_score": 0.665857, "max_multihazard_score": 0.679669, "min_multihazard_score": 0.657751, "terrain_contribution_mean": 0.491108, "flood_contribution_mean": 0.174749, "area_m2": 9318.63, "area_hectares": 0.9319, "pixel_count": 11, "methodology": "Deterministic terrain and hydrology screening", "disclaimer": "Decision Support — Requires Official Verification & Geotechnical Assessment" }, "geometry": { "type": "MultiPolygon", "coordinates": [ [ [ [ 332314.636321675090585, 3380913.973832021933049 ], [ 332285.530507668619975, 3380913.973832021933049 ], [ 332285.530507668619975, 3380943.07964602811262 ], [ 332256.424693662207574, 3380943.07964602811262 ], [ 332256.424693662207574, 3380972.185460034757853 ], [ 332227.318879655795172, 3380972.185460034757853 ], [ 332227.318879655795172, 3381001.291274041403085 ], [ 332198.21306564938277, 3381001.291274041403085 ], [ 332198.21306564938277, 3381059.502902054227889 ], [ 332227.318879655795172, 3381059.502902054227889 ], [ 332227.318879655795172, 3381030.397088047582656 ], [ 332256.424693662207574, 3381030.397088047582656 ], [ 332256.424693662207574, 3381001.291274041403085 ], [ 332285.530507668619975, 3381001.291274041403085 ], [ 332285.530507668619975, 3380972.185460034757853 ], [ 332314.636321675090585, 3380972.185460034757853 ], [ 332314.636321675090585, 3380913.973832021933049 ] ] ], [ [ [ 332314.636321675090585, 3381059.502902054227889 ], [ 332343.742135681502987, 3381059.502902054227889 ], [ 332343.742135681502987, 3380972.185460034757853 ], [ 332314.636321675090585, 3380972.185460034757853 ], [ 332314.636321675090585, 3381059.502902054227889 ] ] ] ] } },
{ "type": "Feature", "properties": { "zone_id": "RZ-277", "zone_label": "Candidate Hazard-Based Red Zone", "candidate_priority_rank": 277, "candidate_priority_basis": "Mean multi-hazard score, then maximum score, then area", "source_indicator": "Higher Multi-Hazard Indicator", "source_class": 3, "mean_multihazard_score": 0.665774, "max_multihazard_score": 0.68031, "min_multihazard_score": 0.651919, "terrain_contribution_mean": 0.410407, "flood_contribution_mean": 0.255366, "area_m2": 5082.89, "area_hectares": 0.5083, "pixel_count": 6, "methodology": "Deterministic terrain and hydrology screening", "disclaimer": "Decision Support — Requires Official Verification & Geotechnical Assessment" }, "geometry": { "type": "MultiPolygon", "coordinates": [ [ [ [ 340929.957267578574829, 3406206.926203609909862 ], [ 340900.851453572104219, 3406206.926203609909862 ], [ 340900.851453572104219, 3406236.032017616555095 ], [ 340929.957267578574829, 3406236.032017616555095 ], [ 340929.957267578574829, 3406206.926203609909862 ] ] ], [ [ [ 340871.745639565691818, 3406236.032017616555095 ], [ 340871.745639565691818, 3406265.137831623200327 ], [ 340900.851453572104219, 3406265.137831623200327 ], [ 340900.851453572104219, 3406236.032017616555095 ], [ 340871.745639565691818, 3406236.032017616555095 ] ] ], [ [ [ 340871.745639565691818, 3406294.243645629379898 ], [ 340871.745639565691818, 3406265.137831623200327 ], [ 340842.639825559279416, 3406265.137831623200327 ], [ 340842.639825559279416, 3406294.243645629379898 ], [ 340871.745639565691818, 3406294.243645629379898 ] ] ], [ [ [ 340842.639825559279416, 3406294.243645629379898 ], [ 340813.534011552808806, 3406294.243645629379898 ], [ 340813.534011552808806, 3406323.349459636025131 ], [ 340842.639825559279416, 3406323.349459636025131 ], [ 340842.639825559279416, 3406294.243645629379898 ] ] ], [ [ [ 340784.428197546396405, 3406323.349459636025131 ], [ 340784.428197546396405, 3406352.455273642204702 ], [ 340813.534011552808806, 3406352.455273642204702 ], [ 340813.534011552808806, 3406323.349459636025131 ], [ 340784.428197546396405, 3406323.349459636025131 ] ] ], [ [ [ 340784.428197546396405, 3406381.561087648849934 ], [ 340784.428197546396405, 3406352.455273642204702 ], [ 340755.322383539984003, 3406352.455273642204702 ], [ 340755.322383539984003, 3406381.561087648849934 ], [ 340784.428197546396405, 3406381.561087648849934 ] ] ] ] } },
{ "type": "Feature", "properties": { "zone_id": "RZ-278", "zone_label": "Candidate Hazard-Based Red Zone", "candidate_priority_rank": 278, "candidate_priority_basis": "Mean multi-hazard score, then maximum score, then area", "source_indicator": "Higher Multi-Hazard Indicator", "source_class": 3, "mean_multihazard_score": 0.665485, "max_multihazard_score": 0.671532, "min_multihazard_score": 0.656651, "terrain_contribution_mean": 0.49347, "flood_contribution_mean": 0.172015, "area_m2": 5082.89, "area_hectares": 0.5083, "pixel_count": 6, "methodology": "Deterministic terrain and hydrology screening", "disclaimer": "Decision Support — Requires Official Verification & Geotechnical Assessment" }, "geometry": { "type": "Polygon", "coordinates": [ [ [ 342821.835177996545099, 3400443.975030336994678 ], [ 342821.835177996545099, 3400269.340146298054606 ], [ 342850.940992002957501, 3400269.340146298054606 ], [ 342850.940992002957501, 3400443.975030336994678 ], [ 342821.835177996545099, 3400443.975030336994678 ] ] ] } },
{ "type": "Feature", "properties": { "zone_id": "RZ-279", "zone_label": "Candidate Hazard-Based Red Zone", "candidate_priority_rank": 279, "candidate_priority_basis": "Mean multi-hazard score, then maximum score, then area", "source_indicator": "Higher Multi-Hazard Indicator", "source_class": 3, "mean_multihazard_score": 0.665111, "max_multihazard_score": 0.678052, "min_multihazard_score": 0.651232, "terrain_contribution_mean": 0.463929, "flood_contribution_mean": 0.201181, "area_m2": 5930.04, "area_hectares": 0.593, "pixel_count": 7, "methodology": "Deterministic terrain and hydrology screening", "disclaimer": "Decision Support — Requires Official Verification & Geotechnical Assessment" }, "geometry": { "type": "MultiPolygon", "coordinates": [ [ [ [ 321108.897929199272767, 3407895.06341598322615 ], [ 321108.897929199272767, 3407836.851787970401347 ], [ 321079.792115192860365, 3407836.851787970401347 ], [ 321079.792115192860365, 3407895.06341598322615 ], [ 321108.897929199272767, 3407895.06341598322615 ] ] ], [ [ [ 321050.686301186389755, 3407895.06341598322615 ], [ 321050.686301186389755, 3407865.957601976580918 ], [ 320992.474673173564952, 3407865.957601976580918 ], [ 320992.474673173564952, 3407895.06341598322615 ], [ 321021.580487179977354, 3407895.06341598322615 ], [ 321021.580487179977354, 3407924.169229989405721 ], [ 321050.686301186389755, 3407924.169229989405721 ], [ 321050.686301186389755, 3407953.275043996050954 ], [ 321079.792115192860365, 3407953.275043996050954 ], [ 321079.792115192860365, 3407895.06341598322615 ], [ 321050.686301186389755, 3407895.06341598322615 ] ] ] ] } },
{ "type": "Feature", "properties": { "zone_id": "RZ-280", "zone_label": "Candidate Hazard-Based Red Zone", "candidate_priority_rank": 280, "candidate_priority_basis": "Mean multi-hazard score, then maximum score, then area", "source_indicator": "Higher Multi-Hazard Indicator", "source_class": 3, "mean_multihazard_score": 0.664274, "max_multihazard_score": 0.688927, "min_multihazard_score": 0.653659, "terrain_contribution_mean": 0.279534, "flood_contribution_mean": 0.384741, "area_m2": 5082.89, "area_hectares": 0.5083, "pixel_count": 6, "methodology": "Deterministic terrain and hydrology screening", "disclaimer": "Decision Support — Requires Official Verification & Geotechnical Assessment" }, "geometry": { "type": "MultiPolygon", "coordinates": [ [ [ [ 321749.22583734075306, 3383853.661046671215445 ], [ 321720.120023334340658, 3383853.661046671215445 ], [ 321720.120023334340658, 3383911.872674684040248 ], [ 321749.22583734075306, 3383911.872674684040248 ], [ 321749.22583734075306, 3383853.661046671215445 ] ] ], [ [ [ 321691.014209327870049, 3383940.978488690685481 ], [ 321720.120023334340658, 3383940.978488690685481 ], [ 321720.120023334340658, 3383911.872674684040248 ], [ 321691.014209327870049, 3383911.872674684040248 ], [ 321691.014209327870049, 3383940.978488690685481 ] ] ], [ [ [ 321691.014209327870049, 3383940.978488690685481 ], [ 321661.908395321457647, 3383940.978488690685481 ], [ 321661.908395321457647, 3383970.084302697330713 ], [ 321691.014209327870049, 3383970.084302697330713 ], [ 321691.014209327870049, 3383940.978488690685481 ] ] ], [ [ [ 321632.802581315045245, 3383970.084302697330713 ], [ 321632.802581315045245, 3383999.190116703510284 ], [ 321661.908395321457647, 3383999.190116703510284 ], [ 321661.908395321457647, 3383970.084302697330713 ], [ 321632.802581315045245, 3383970.084302697330713 ] ] ], [ [ [ 321632.802581315045245, 3384028.295930710155517 ], [ 321632.802581315045245, 3383999.190116703510284 ], [ 321603.696767308574636, 3383999.190116703510284 ], [ 321603.696767308574636, 3384028.295930710155517 ], [ 321632.802581315045245, 3384028.295930710155517 ] ] ] ] } },
{ "type": "Feature", "properties": { "zone_id": "RZ-281", "zone_label": "Candidate Hazard-Based Red Zone", "candidate_priority_rank": 281, "candidate_priority_basis": "Mean multi-hazard score, then maximum score, then area", "source_indicator": "Higher Multi-Hazard Indicator", "source_class": 3, "mean_multihazard_score": 0.664179, "max_multihazard_score": 0.678399, "min_multihazard_score": 0.651772, "terrain_contribution_mean": 0.311926, "flood_contribution_mean": 0.352253, "area_m2": 5930.04, "area_hectares": 0.593, "pixel_count": 7, "methodology": "Deterministic terrain and hydrology screening", "disclaimer": "Decision Support — Requires Official Verification & Geotechnical Assessment" }, "geometry": { "type": "MultiPolygon", "coordinates": [ [ [ [ 325969.568868273170665, 3386589.607563275843859 ], [ 325940.463054266758263, 3386589.607563275843859 ], [ 325940.463054266758263, 3386647.819191288668662 ], [ 325969.568868273170665, 3386647.819191288668662 ], [ 325969.568868273170665, 3386589.607563275843859 ] ] ], [ [ [ 325911.357240260345861, 3386706.030819301493466 ], [ 325940.463054266758263, 3386706.030819301493466 ], [ 325940.463054266758263, 3386647.819191288668662 ], [ 325911.357240260345861, 3386647.819191288668662 ], [ 325911.357240260345861, 3386706.030819301493466 ] ] ], [ [ [ 325911.357240260345861, 3386706.030819301493466 ], [ 325882.251426253875252, 3386706.030819301493466 ], [ 325882.251426253875252, 3386764.242447314318269 ], [ 325911.357240260345861, 3386764.242447314318269 ], [ 325911.357240260345861, 3386706.030819301493466 ] ] ], [ [ [ 325853.14561224746285, 3386793.348261320963502 ], [ 325882.251426253875252, 3386793.348261320963502 ], [ 325882.251426253875252, 3386764.242447314318269 ], [ 325853.14561224746285, 3386764.242447314318269 ], [ 325853.14561224746285, 3386793.348261320963502 ] ] ] ] } },
{ "type": "Feature", "properties": { "zone_id": "RZ-282", "zone_label": "Candidate Hazard-Based Red Zone", "candidate_priority_rank": 282, "candidate_priority_basis": "Mean multi-hazard score, then maximum score, then area", "source_indicator": "Higher Multi-Hazard Indicator", "source_class": 3, "mean_multihazard_score": 0.663853, "max_multihazard_score": 0.676929, "min_multihazard_score": 0.65054, "terrain_contribution_mean": 0.497989, "flood_contribution_mean": 0.165864, "area_m2": 5930.04, "area_hectares": 0.593, "pixel_count": 7, "methodology": "Deterministic terrain and hydrology screening", "disclaimer": "Decision Support — Requires Official Verification & Geotechnical Assessment" }, "geometry": { "type": "MultiPolygon", "coordinates": [ [ [ [ 336622.296794626803603, 3402306.747126748319715 ], [ 336680.508422639686614, 3402306.747126748319715 ], [ 336680.508422639686614, 3402277.641312742140144 ], [ 336651.402608633274212, 3402277.641312742140144 ], [ 336651.402608633274212, 3402248.535498735494912 ], [ 336593.190980620391201, 3402248.535498735494912 ], [ 336593.190980620391201, 3402277.641312742140144 ], [ 336622.296794626803603, 3402277.641312742140144 ], [ 336622.296794626803603, 3402306.747126748319715 ] ] ], [ [ [ 336564.085166613920592, 3402306.747126748319715 ], [ 336593.190980620391201, 3402306.747126748319715 ], [ 336593.190980620391201, 3402277.641312742140144 ], [ 336564.085166613920592, 3402277.641312742140144 ], [ 336564.085166613920592, 3402306.747126748319715 ] ] ], [ [ [ 336564.085166613920592, 3402306.747126748319715 ], [ 336534.97935260750819, 3402306.747126748319715 ], [ 336534.97935260750819, 3402335.852940754964948 ], [ 336564.085166613920592, 3402335.852940754964948 ], [ 336564.085166613920592, 3402306.747126748319715 ] ] ], [ [ [ 336505.873538601095788, 3402364.958754761144519 ], [ 336534.97935260750819, 3402364.958754761144519 ], [ 336534.97935260750819, 3402335.852940754964948 ], [ 336505.873538601095788, 3402335.852940754964948 ], [ 336505.873538601095788, 3402364.958754761144519 ] ] ] ] } },
{ "type": "Feature", "properties": { "zone_id": "RZ-283", "zone_label": "Candidate Hazard-Based Red Zone", "candidate_priority_rank": 283, "candidate_priority_basis": "Mean multi-hazard score, then maximum score, then area", "source_indicator": "Higher Multi-Hazard Indicator", "source_class": 3, "mean_multihazard_score": 0.663815, "max_multihazard_score": 0.675608, "min_multihazard_score": 0.654214, "terrain_contribution_mean": 0.377071, "flood_contribution_mean": 0.286744, "area_m2": 5082.89, "area_hectares": 0.5083, "pixel_count": 6, "methodology": "Deterministic terrain and hydrology screening", "disclaimer": "Decision Support — Requires Official Verification & Geotechnical Assessment" }, "geometry": { "type": "Polygon", "coordinates": [ [ [ 329433.16073503845837, 3389092.707567828707397 ], [ 329433.16073503845837, 3388918.072683790232986 ], [ 329462.266549044870771, 3388918.072683790232986 ], [ 329462.266549044870771, 3389092.707567828707397 ], [ 329433.16073503845837, 3389092.707567828707397 ] ] ] } },
{ "type": "Feature", "properties": { "zone_id": "RZ-284", "zone_label": "Candidate Hazard-Based Red Zone", "candidate_priority_rank": 284, "candidate_priority_basis": "Mean multi-hazard score, then maximum score, then area", "source_indicator": "Higher Multi-Hazard Indicator", "source_class": 3, "mean_multihazard_score": 0.663245, "max_multihazard_score": 0.680246, "min_multihazard_score": 0.651584, "terrain_contribution_mean": 0.302251, "flood_contribution_mean": 0.360994, "area_m2": 10165.78, "area_hectares": 1.0166, "pixel_count": 12, "methodology": "Deterministic terrain and hydrology screening", "disclaimer": "Decision Support — Requires Official Verification & Geotechnical Assessment" }, "geometry": { "type": "MultiPolygon", "coordinates": [ [ [ [ 306992.578136080410331, 3400152.916890272404999 ], [ 306963.47232207399793, 3400152.916890272404999 ], [ 306963.47232207399793, 3400211.128518285229802 ], [ 306992.578136080410331, 3400211.128518285229802 ], [ 306992.578136080410331, 3400152.916890272404999 ] ] ], [ [ [ 306992.578136080410331, 3400211.128518285229802 ], [ 306992.578136080410331, 3400327.551774311345071 ], [ 307021.683950086822733, 3400327.551774311345071 ], [ 307021.683950086822733, 3400211.128518285229802 ], [ 306992.578136080410331, 3400211.128518285229802 ] ] ], [ [ [ 307050.789764093235135, 3400502.186658349819481 ], [ 307050.789764093235135, 3400327.551774311345071 ], [ 307021.683950086822733, 3400327.551774311345071 ], [ 307021.683950086822733, 3400502.186658349819481 ], [ 307050.789764093235135, 3400502.186658349819481 ] ] ] ] } },
{ "type": "Feature", "properties": { "zone_id": "RZ-285", "zone_label": "Candidate Hazard-Based Red Zone", "candidate_priority_rank": 285, "candidate_priority_basis": "Mean multi-hazard score, then maximum score, then area", "source_indicator": "Higher Multi-Hazard Indicator", "source_class": 3, "mean_multihazard_score": 0.662789, "max_multihazard_score": 0.675289, "min_multihazard_score": 0.650311, "terrain_contribution_mean": 0.260657, "flood_contribution_mean": 0.402132, "area_m2": 5082.89, "area_hectares": 0.5083, "pixel_count": 6, "methodology": "Deterministic terrain and hydrology screening", "disclaimer": "Decision Support — Requires Official Verification & Geotechnical Assessment" }, "geometry": { "type": "MultiPolygon", "coordinates": [ [ [ [ 312406.25954127649311, 3395292.2459511985071 ], [ 312377.153727270080708, 3395292.2459511985071 ], [ 312377.153727270080708, 3395321.351765205152333 ], [ 312406.25954127649311, 3395321.351765205152333 ], [ 312406.25954127649311, 3395292.2459511985071 ] ] ], [ [ [ 312318.942099257197697, 3395350.457579211331904 ], [ 312377.153727270080708, 3395350.457579211331904 ], [ 312377.153727270080708, 3395321.351765205152333 ], [ 312318.942099257197697, 3395321.351765205152333 ], [ 312318.942099257197697, 3395350.457579211331904 ] ] ], [ [ [ 312318.942099257197697, 3395350.457579211331904 ], [ 312260.730471244372893, 3395350.457579211331904 ], [ 312260.730471244372893, 3395379.563393217977136 ], [ 312318.942099257197697, 3395379.563393217977136 ], [ 312318.942099257197697, 3395350.457579211331904 ] ] ], [ [ [ 312231.624657237902284, 3395408.669207224156708 ], [ 312260.730471244372893, 3395408.669207224156708 ], [ 312260.730471244372893, 3395379.563393217977136 ], [ 312231.624657237902284, 3395379.563393217977136 ], [ 312231.624657237902284, 3395408.669207224156708 ] ] ] ] } },
{ "type": "Feature", "properties": { "zone_id": "RZ-286", "zone_label": "Candidate Hazard-Based Red Zone", "candidate_priority_rank": 286, "candidate_priority_basis": "Mean multi-hazard score, then maximum score, then area", "source_indicator": "Higher Multi-Hazard Indicator", "source_class": 3, "mean_multihazard_score": 0.662689, "max_multihazard_score": 0.675334, "min_multihazard_score": 0.650424, "terrain_contribution_mean": 0.346416, "flood_contribution_mean": 0.316272, "area_m2": 5082.89, "area_hectares": 0.5083, "pixel_count": 6, "methodology": "Deterministic terrain and hydrology screening", "disclaimer": "Decision Support — Requires Official Verification & Geotechnical Assessment" }, "geometry": { "type": "Polygon", "coordinates": [ [ [ 324688.913051990210079, 3400036.493634246755391 ], [ 324688.913051990210079, 3400007.38782024057582 ], [ 324863.547936028800905, 3400007.38782024057582 ], [ 324863.547936028800905, 3400036.493634246755391 ], [ 324688.913051990210079, 3400036.493634246755391 ] ] ] } },
{ "type": "Feature", "properties": { "zone_id": "RZ-287", "zone_label": "Candidate Hazard-Based Red Zone", "candidate_priority_rank": 287, "candidate_priority_basis": "Mean multi-hazard score, then maximum score, then area", "source_indicator": "Higher Multi-Hazard Indicator", "source_class": 3, "mean_multihazard_score": 0.661159, "max_multihazard_score": 0.676857, "min_multihazard_score": 0.6503, "terrain_contribution_mean": 0.362955, "flood_contribution_mean": 0.298204, "area_m2": 5930.04, "area_hectares": 0.593, "pixel_count": 7, "methodology": "Deterministic terrain and hydrology screening", "disclaimer": "Decision Support — Requires Official Verification & Geotechnical Assessment" }, "geometry": { "type": "MultiPolygon", "coordinates": [ [ [ [ 327570.388638626900502, 3397591.605257706716657 ], [ 327541.282824620429892, 3397591.605257706716657 ], [ 327541.282824620429892, 3397649.81688571954146 ], [ 327570.388638626900502, 3397649.81688571954146 ], [ 327570.388638626900502, 3397591.605257706716657 ] ] ], [ [ [ 327512.17701061401749, 3397708.028513732366264 ], [ 327541.282824620429892, 3397708.028513732366264 ], [ 327541.282824620429892, 3397649.81688571954146 ], [ 327512.17701061401749, 3397649.81688571954146 ], [ 327512.17701061401749, 3397708.028513732366264 ] ] ], [ [ [ 327512.17701061401749, 3397708.028513732366264 ], [ 327483.071196607605089, 3397708.028513732366264 ], [ 327483.071196607605089, 3397737.134327739011496 ], [ 327512.17701061401749, 3397737.134327739011496 ], [ 327512.17701061401749, 3397708.028513732366264 ] ] ], [ [ [ 327453.965382601134479, 3397795.3459557518363 ], [ 327483.071196607605089, 3397795.3459557518363 ], [ 327483.071196607605089, 3397737.134327739011496 ], [ 327453.965382601134479, 3397737.134327739011496 ], [ 327453.965382601134479, 3397795.3459557518363 ] ] ] ] } },
{ "type": "Feature", "properties": { "zone_id": "RZ-288", "zone_label": "Candidate Hazard-Based Red Zone", "candidate_priority_rank": 288, "candidate_priority_basis": "Mean multi-hazard score, then maximum score, then area", "source_indicator": "Higher Multi-Hazard Indicator", "source_class": 3, "mean_multihazard_score": 0.658546, "max_multihazard_score": 0.666147, "min_multihazard_score": 0.650885, "terrain_contribution_mean": 0.470046, "flood_contribution_mean": 0.188501, "area_m2": 5930.04, "area_hectares": 0.593, "pixel_count": 7, "methodology": "Deterministic terrain and hydrology screening", "disclaimer": "Decision Support — Requires Official Verification & Geotechnical Assessment" }, "geometry": { "type": "Polygon", "coordinates": [ [ [ 336156.603770523914136, 3402015.688986684195697 ], [ 336156.603770523914136, 3401841.054102645721287 ], [ 336185.709584530326538, 3401841.054102645721287 ], [ 336185.709584530326538, 3401870.159916651900858 ], [ 336214.815398536797147, 3401870.159916651900858 ], [ 336214.815398536797147, 3401899.26573065854609 ], [ 336185.709584530326538, 3401899.26573065854609 ], [ 336185.709584530326538, 3402015.688986684195697 ], [ 336156.603770523914136, 3402015.688986684195697 ] ] ] } },
{ "type": "Feature", "properties": { "zone_id": "RZ-289", "zone_label": "Candidate Hazard-Based Red Zone", "candidate_priority_rank": 289, "candidate_priority_basis": "Mean multi-hazard score, then maximum score, then area", "source_indicator": "Higher Multi-Hazard Indicator", "source_class": 3, "mean_multihazard_score": 0.65797, "max_multihazard_score": 0.666602, "min_multihazard_score": 0.65092, "terrain_contribution_mean": 0.215726, "flood_contribution_mean": 0.442244, "area_m2": 5930.04, "area_hectares": 0.593, "pixel_count": 7, "methodology": "Deterministic terrain and hydrology screening", "disclaimer": "Decision Support — Requires Official Verification & Geotechnical Assessment" }, "geometry": { "type": "Polygon", "coordinates": [ [ [ 309699.418838678451721, 3398959.578516008798033 ], [ 309699.418838678451721, 3398755.83781796367839 ], [ 309728.524652684864122, 3398755.83781796367839 ], [ 309728.524652684864122, 3398959.578516008798033 ], [ 309699.418838678451721, 3398959.578516008798033 ] ] ] } }
]
}
