{
"type": "FeatureCollection",
"name": "critical_infrastructure",
"crs": { "type": "name", "properties": { "name": "urn:ogc:def:crs:OGC:1.3:CRS84" } },
"features": [
{ "type": "Feature", "properties": { "facility_id": "FAC-RDP-001", "osm_id": "way/1273532065", "name": "Office of Pradhan", "facility_broad_type": "CIVIC_ADMINISTRATIVE", "facility_category": "CIVIC_COMMUNITY_CENTRE", "explicitly_evidenced_emergency_capability": false, "potential_emergency_receiving_facility": false, "classification_trigger": "TAG_OR_NAME_COMMUNITY_CENTRE", "amenity_tag": "townhall", "healthcare_tag": "", "building_tag": "yes", "office_tag": "", "emergency_tag": "", "operator_type": "", "source_provider": "OpenStreetMap Contributors", "acquisition_date": "2026-08-30", "latitude_wgs84": 30.227205, "longitude_wgs84": 79.346361, "easting_utm44n": 340863.88, "northing_utm44n": 3345118.28 }, "geometry": { "type": "Point", "coordinates": [ 79.3463605, 30.2272053 ] } },
{ "type": "Feature", "properties": { "facility_id": "FAC-RDP-002", "osm_id": "way/1360652671", "name": "ZILA PANCHAYAT CHAMOLI", "facility_broad_type": "CIVIC_ADMINISTRATIVE", "facility_category": "CIVIC_COMMUNITY_CENTRE", "explicitly_evidenced_emergency_capability": false, "potential_emergency_receiving_facility": false, "classification_trigger": "TAG_OR_NAME_COMMUNITY_CENTRE", "amenity_tag": "", "healthcare_tag": "", "building_tag": "yes", "office_tag": "government", "emergency_tag": "", "operator_type": "", "source_provider": "OpenStreetMap Contributors", "acquisition_date": "2026-08-30", "latitude_wgs84": 30.409462, "longitude_wgs84": 79.318092, "easting_utm44n": 338442.58, "northing_utm44n": 3365358.96 }, "geometry": { "type": "Point", "coordinates": [ 79.3180924, 30.409462 ] } },
{ "type": "Feature", "properties": { "facility_id": "FAC-RDP-003", "osm_id": "node/12866264643", "name": "Aawas Vikas Parishad Ground", "facility_broad_type": "CIVIC_ADMINISTRATIVE", "facility_category": "CIVIC_GOVERNMENT_OFFICE", "explicitly_evidenced_emergency_capability": false, "potential_emergency_receiving_facility": false, "classification_trigger": "TAG_OR_NAME_GOVERNMENT_OFFICE", "amenity_tag": "", "healthcare_tag": "", "building_tag": "", "office_tag": "government", "emergency_tag": "", "operator_type": "", "source_provider": "OpenStreetMap Contributors", "acquisition_date": "2026-08-30", "latitude_wgs84": 30.220348, "longitude_wgs84": 78.772819, "easting_utm44n": 285642.89, "northing_utm44n": 3345299.78 }, "geometry": { "type": "Point", "coordinates": [ 78.7728193, 30.2203484 ] } },
{ "type": "Feature", "properties": { "facility_id": "FAC-RDP-004", "osm_id": "node/12596432126", "name": "BSNL OFFICE", "facility_broad_type": "CIVIC_ADMINISTRATIVE", "facility_category": "CIVIC_GOVERNMENT_OFFICE", "explicitly_evidenced_emergency_capability": false, "potential_emergency_receiving_facility": false, "classification_trigger": "TAG_OR_NAME_GOVERNMENT_OFFICE", "amenity_tag": "", "healthcare_tag": "", "building_tag": "", "office_tag": "government", "emergency_tag": "", "operator_type": "", "source_provider": "OpenStreetMap Contributors", "acquisition_date": "2026-08-30", "latitude_wgs84": 30.410744, "longitude_wgs84": 79.320386, "easting_utm44n": 338665.07, "northing_utm44n": 3365497.81 }, "geometry": { "type": "Point", "coordinates": [ 79.3203863, 30.410744299999987 ] } },
{ "type": "Feature", "properties": { "facility_id": "FAC-RDP-005", "osm_id": "node/12866262871", "name": "BSNL Office", "facility_broad_type": "CIVIC_ADMINISTRATIVE", "facility_category": "CIVIC_GOVERNMENT_OFFICE", "explicitly_evidenced_emergency_capability": false, "potential_emergency_receiving_facility": false, "classification_trigger": "TAG_OR_NAME_GOVERNMENT_OFFICE", "amenity_tag": "", "healthcare_tag": "", "building_tag": "", "office_tag": "government", "emergency_tag": "", "operator_type": "", "source_provider": "OpenStreetMap Contributors", "acquisition_date": "2026-08-30", "latitude_wgs84": 30.222616, "longitude_wgs84": 78.775374, "easting_utm44n": 285893.73, "northing_utm44n": 3345546.31 }, "geometry": { "type": "Point", "coordinates": [ 78.7753739, 30.2226157 ] } },
{ "type": "Feature", "properties": { "facility_id": "FAC-RDP-006", "osm_id": "node/12866262864", "name": "Forest Department", "facility_broad_type": "CIVIC_ADMINISTRATIVE", "facility_category": "CIVIC_GOVERNMENT_OFFICE", "explicitly_evidenced_emergency_capability": false, "potential_emergency_receiving_facility": false, "classification_trigger": "TAG_OR_NAME_GOVERNMENT_OFFICE", "amenity_tag": "", "healthcare_tag": "", "building_tag": "", "office_tag": "government", "emergency_tag": "", "operator_type": "", "source_provider": "OpenStreetMap Contributors", "acquisition_date": "2026-08-30", "latitude_wgs84": 30.216245, "longitude_wgs84": 78.769492, "easting_utm44n": 285313.6, "northing_utm44n": 3344851.18 }, "geometry": { "type": "Point", "coordinates": [ 78.7694915, 30.216245 ] } },
{ "type": "Feature", "properties": { "facility_id": "FAC-RDP-007", "osm_id": "node/12866262844", "name": "Horticulture", "facility_broad_type": "CIVIC_ADMINISTRATIVE", "facility_category": "CIVIC_GOVERNMENT_OFFICE", "explicitly_evidenced_emergency_capability": false, "potential_emergency_receiving_facility": false, "classification_trigger": "TAG_OR_NAME_GOVERNMENT_OFFICE", "amenity_tag": "", "healthcare_tag": "", "building_tag": "", "office_tag": "government", "emergency_tag": "", "operator_type": "", "source_provider": "OpenStreetMap Contributors", "acquisition_date": "2026-08-30", "latitude_wgs84": 30.226522, "longitude_wgs84": 78.785977, "easting_utm44n": 286922.86, "northing_utm44n": 3345959.46 }, "geometry": { "type": "Point", "coordinates": [ 78.7859766, 30.2265224 ] } },
{ "type": "Feature", "properties": { "facility_id": "FAC-RDP-008", "osm_id": "node/12866262857", "name": "Income Tax Office", "facility_broad_type": "CIVIC_ADMINISTRATIVE", "facility_category": "CIVIC_GOVERNMENT_OFFICE", "explicitly_evidenced_emergency_capability": false, "potential_emergency_receiving_facility": false, "classification_trigger": "TAG_OR_NAME_GOVERNMENT_OFFICE", "amenity_tag": "", "healthcare_tag": "", "building_tag": "", "office_tag": "government", "emergency_tag": "", "operator_type": "", "source_provider": "OpenStreetMap Contributors", "acquisition_date": "2026-08-30", "latitude_wgs84": 30.22091, "longitude_wgs84": 78.791369, "easting_utm44n": 287429.83, "northing_utm44n": 3345327.27 }, "geometry": { "type": "Point", "coordinates": [ 78.7913686, 30.2209104 ] } },
{ "type": "Feature", "properties": { "facility_id": "FAC-RDP-009", "osm_id": "node/12866262859", "name": "Indian Pist", "facility_broad_type": "CIVIC_ADMINISTRATIVE", "facility_category": "CIVIC_GOVERNMENT_OFFICE", "explicitly_evidenced_emergency_capability": false, "potential_emergency_receiving_facility": false, "classification_trigger": "TAG_OR_NAME_GOVERNMENT_OFFICE", "amenity_tag": "", "healthcare_tag": "", "building_tag": "", "office_tag": "government", "emergency_tag": "", "operator_type": "", "source_provider": "OpenStreetMap Contributors", "acquisition_date": "2026-08-30", "latitude_wgs84": 30.221184, "longitude_wgs84": 78.790378, "easting_utm44n": 287335.07, "northing_utm44n": 3345359.4 }, "geometry": { "type": "Point", "coordinates": [ 78.7903781, 30.2211836 ] } },
{ "type": "Feature", "properties": { "facility_id": "FAC-RDP-010", "osm_id": "node/12866262867", "name": "NIT", "facility_broad_type": "CIVIC_ADMINISTRATIVE", "facility_category": "CIVIC_GOVERNMENT_OFFICE", "explicitly_evidenced_emergency_capability": false, "potential_emergency_receiving_facility": false, "classification_trigger": "TAG_OR_NAME_GOVERNMENT_OFFICE", "amenity_tag": "", "healthcare_tag": "", "building_tag": "", "office_tag": "government", "emergency_tag": "", "operator_type": "", "source_provider": "OpenStreetMap Contributors", "acquisition_date": "2026-08-30", "latitude_wgs84": 30.218248, "longitude_wgs84": 78.766854, "easting_utm44n": 285064.04, "northing_utm44n": 3345078.17 }, "geometry": { "type": "Point", "coordinates": [ 78.766854, 30.2182477 ] } },
{ "type": "Feature", "properties": { "facility_id": "FAC-RDP-011", "osm_id": "node/12866264644", "name": "NIT GROUND", "facility_broad_type": "CIVIC_ADMINISTRATIVE", "facility_category": "CIVIC_GOVERNMENT_OFFICE", "explicitly_evidenced_emergency_capability": false, "potential_emergency_receiving_facility": false, "classification_trigger": "TAG_OR_NAME_GOVERNMENT_OFFICE", "amenity_tag": "", "healthcare_tag": "", "building_tag": "", "office_tag": "government", "emergency_tag": "", "operator_type": "", "source_provider": "OpenStreetMap Contributors", "acquisition_date": "2026-08-30", "latitude_wgs84": 30.220189, "longitude_wgs84": 78.766996, "easting_utm44n": 285081.96, "northing_utm44n": 3345293.07 }, "geometry": { "type": "Point", "coordinates": [ 78.7669963, 30.2201888 ] } },
{ "type": "Feature", "properties": { "facility_id": "FAC-RDP-012", "osm_id": "node/12866262875", "name": "Nagar Nigam Srinagar Garhwal", "facility_broad_type": "CIVIC_ADMINISTRATIVE", "facility_category": "CIVIC_GOVERNMENT_OFFICE", "explicitly_evidenced_emergency_capability": false, "potential_emergency_receiving_facility": false, "classification_trigger": "TAG_OR_NAME_GOVERNMENT_OFFICE", "amenity_tag": "", "healthcare_tag": "", "building_tag": "", "office_tag": "government", "emergency_tag": "", "operator_type": "", "source_provider": "OpenStreetMap Contributors", "acquisition_date": "2026-08-30", "latitude_wgs84": 30.223269, "longitude_wgs84": 78.786363, "easting_utm44n": 286953.08, "northing_utm44n": 3345598.06 }, "geometry": { "type": "Point", "coordinates": [ 78.7863635, 30.2232687 ] } },
{ "type": "Feature", "properties": { "facility_id": "FAC-RDP-013", "osm_id": "node/12866262854", "name": "PTCUL", "facility_broad_type": "CIVIC_ADMINISTRATIVE", "facility_category": "CIVIC_GOVERNMENT_OFFICE", "explicitly_evidenced_emergency_capability": false, "potential_emergency_receiving_facility": false, "classification_trigger": "TAG_OR_NAME_GOVERNMENT_OFFICE", "amenity_tag": "", "healthcare_tag": "", "building_tag": "", "office_tag": "government", "emergency_tag": "", "operator_type": "", "source_provider": "OpenStreetMap Contributors", "acquisition_date": "2026-08-30", "latitude_wgs84": 30.22506, "longitude_wgs84": 78.785694, "easting_utm44n": 286892.52, "northing_utm44n": 3345797.93 }, "geometry": { "type": "Point", "coordinates": [ 78.7856942, 30.2250604 ] } },
{ "type": "Feature", "properties": { "facility_id": "FAC-RDP-014", "osm_id": "node/12866262858", "name": "PTT", "facility_broad_type": "CIVIC_ADMINISTRATIVE", "facility_category": "CIVIC_GOVERNMENT_OFFICE", "explicitly_evidenced_emergency_capability": false, "potential_emergency_receiving_facility": false, "classification_trigger": "TAG_OR_NAME_GOVERNMENT_OFFICE", "amenity_tag": "", "healthcare_tag": "", "building_tag": "", "office_tag": "government", "emergency_tag": "", "operator_type": "", "source_provider": "OpenStreetMap Contributors", "acquisition_date": "2026-08-30", "latitude_wgs84": 30.221204, "longitude_wgs84": 78.790849, "easting_utm44n": 287380.42, "northing_utm44n": 3345360.8 }, "geometry": { "type": "Point", "coordinates": [ 78.7908488, 30.2212041 ] } },
{ "type": "Feature", "properties": { "facility_id": "FAC-RDP-015", "osm_id": "node/12866262852", "name": "Pump House", "facility_broad_type": "CIVIC_ADMINISTRATIVE", "facility_category": "CIVIC_GOVERNMENT_OFFICE", "explicitly_evidenced_emergency_capability": false, "potential_emergency_receiving_facility": false, "classification_trigger": "TAG_OR_NAME_GOVERNMENT_OFFICE", "amenity_tag": "", "healthcare_tag": "", "building_tag": "", "office_tag": "government", "emergency_tag": "", "operator_type": "", "source_provider": "OpenStreetMap Contributors", "acquisition_date": "2026-08-30", "latitude_wgs84": 30.21956, "longitude_wgs84": 78.797568, "easting_utm44n": 288023.79, "northing_utm44n": 3345166.04 }, "geometry": { "type": "Point", "coordinates": [ 78.7975685, 30.2195603 ] } },
{ "type": "Feature", "properties": { "facility_id": "FAC-RDP-016", "osm_id": "node/12866262862", "name": "Revenue Department", "facility_broad_type": "CIVIC_ADMINISTRATIVE", "facility_category": "CIVIC_GOVERNMENT_OFFICE", "explicitly_evidenced_emergency_capability": false, "potential_emergency_receiving_facility": false, "classification_trigger": "TAG_OR_NAME_GOVERNMENT_OFFICE", "amenity_tag": "", "healthcare_tag": "", "building_tag": "", "office_tag": "government", "emergency_tag": "", "operator_type": "", "source_provider": "OpenStreetMap Contributors", "acquisition_date": "2026-08-30", "latitude_wgs84": 30.216092, "longitude_wgs84": 78.769879, "easting_utm44n": 285350.53, "northing_utm44n": 3344833.48 }, "geometry": { "type": "Point", "coordinates": [ 78.7698785, 30.216091899999984 ] } },
{ "type": "Feature", "properties": { "facility_id": "FAC-RDP-017", "osm_id": "node/12866262870", "name": "SSB", "facility_broad_type": "CIVIC_ADMINISTRATIVE", "facility_category": "CIVIC_GOVERNMENT_OFFICE", "explicitly_evidenced_emergency_capability": false, "potential_emergency_receiving_facility": false, "classification_trigger": "TAG_OR_NAME_GOVERNMENT_OFFICE", "amenity_tag": "", "healthcare_tag": "", "building_tag": "", "office_tag": "government", "emergency_tag": "", "operator_type": "", "source_provider": "OpenStreetMap Contributors", "acquisition_date": "2026-08-30", "latitude_wgs84": 30.222181, "longitude_wgs84": 78.771732, "easting_utm44n": 285542.16, "northing_utm44n": 3345504.97 }, "geometry": { "type": "Point", "coordinates": [ 78.7717317, 30.2221809 ] } },
{ "type": "Feature", "properties": { "facility_id": "FAC-RDP-018", "osm_id": "node/12866262863", "name": "Sivil कोर्ट", "facility_broad_type": "CIVIC_ADMINISTRATIVE", "facility_category": "CIVIC_GOVERNMENT_OFFICE", "explicitly_evidenced_emergency_capability": false, "potential_emergency_receiving_facility": false, "classification_trigger": "TAG_OR_NAME_GOVERNMENT_OFFICE", "amenity_tag": "", "healthcare_tag": "", "building_tag": "", "office_tag": "government", "emergency_tag": "", "operator_type": "", "source_provider": "OpenStreetMap Contributors", "acquisition_date": "2026-08-30", "latitude_wgs84": 30.215529, "longitude_wgs84": 78.769106, "easting_utm44n": 285274.93, "northing_utm44n": 3344772.48 }, "geometry": { "type": "Point", "coordinates": [ 78.769106, 30.2155285 ] } },
{ "type": "Feature", "properties": { "facility_id": "FAC-RDP-019", "osm_id": "node/12596186633", "name": "UPCL", "facility_broad_type": "CIVIC_ADMINISTRATIVE", "facility_category": "CIVIC_GOVERNMENT_OFFICE", "explicitly_evidenced_emergency_capability": false, "potential_emergency_receiving_facility": false, "classification_trigger": "TAG_OR_NAME_GOVERNMENT_OFFICE", "amenity_tag": "", "healthcare_tag": "", "building_tag": "", "office_tag": "government", "emergency_tag": "", "operator_type": "", "source_provider": "OpenStreetMap Contributors", "acquisition_date": "2026-08-30", "latitude_wgs84": 30.393544, "longitude_wgs84": 79.319048, "easting_utm44n": 338508.2, "northing_utm44n": 3363593.26 }, "geometry": { "type": "Point", "coordinates": [ 79.3190482, 30.3935439 ] } },
{ "type": "Feature", "properties": { "facility_id": "FAC-RDP-020", "osm_id": "node/12866262851", "name": "Unnamed Civic Government Office", "facility_broad_type": "CIVIC_ADMINISTRATIVE", "facility_category": "CIVIC_GOVERNMENT_OFFICE", "explicitly_evidenced_emergency_capability": false, "potential_emergency_receiving_facility": false, "classification_trigger": "TAG_OR_NAME_GOVERNMENT_OFFICE", "amenity_tag": "", "healthcare_tag": "", "building_tag": "", "office_tag": "government", "emergency_tag": "", "operator_type": "", "source_provider": "OpenStreetMap Contributors", "acquisition_date": "2026-08-30", "latitude_wgs84": 30.219559, "longitude_wgs84": 78.797562, "easting_utm44n": 288023.12, "northing_utm44n": 3345165.92 }, "geometry": { "type": "Point", "coordinates": [ 78.7975615, 30.2195591 ] } },
{ "type": "Feature", "properties": { "facility_id": "FAC-RDP-021", "osm_id": "node/12866262843", "name": "Water Office", "facility_broad_type": "CIVIC_ADMINISTRATIVE", "facility_category": "CIVIC_GOVERNMENT_OFFICE", "explicitly_evidenced_emergency_capability": false, "potential_emergency_receiving_facility": false, "classification_trigger": "TAG_OR_NAME_GOVERNMENT_OFFICE", "amenity_tag": "", "healthcare_tag": "", "building_tag": "", "office_tag": "government", "emergency_tag": "", "operator_type": "", "source_provider": "OpenStreetMap Contributors", "acquisition_date": "2026-08-30", "latitude_wgs84": 30.219819, "longitude_wgs84": 78.79315, "easting_utm44n": 287598.95, "northing_utm44n": 3345203.0 }, "geometry": { "type": "Point", "coordinates": [ 78.7931497, 30.2198194 ] } },
{ "type": "Feature", "properties": { "facility_id": "FAC-RDP-022", "osm_id": "node/12866262860", "name": "अधिशासी अभियंता", "facility_broad_type": "CIVIC_ADMINISTRATIVE", "facility_category": "CIVIC_GOVERNMENT_OFFICE", "explicitly_evidenced_emergency_capability": false, "potential_emergency_receiving_facility": false, "classification_trigger": "TAG_OR_NAME_GOVERNMENT_OFFICE", "amenity_tag": "", "healthcare_tag": "", "building_tag": "", "office_tag": "government", "emergency_tag": "", "operator_type": "", "source_provider": "OpenStreetMap Contributors", "acquisition_date": "2026-08-30", "latitude_wgs84": 30.221079, "longitude_wgs84": 78.791001, "easting_utm44n": 287394.83, "northing_utm44n": 3345346.63 }, "geometry": { "type": "Point", "coordinates": [ 78.7910012, 30.2210789 ] } },
{ "type": "Feature", "properties": { "facility_id": "FAC-RDP-023", "osm_id": "node/12866262865", "name": "कार्यालय पुलिस उपाधीक्षक", "facility_broad_type": "CIVIC_ADMINISTRATIVE", "facility_category": "CIVIC_GOVERNMENT_OFFICE", "explicitly_evidenced_emergency_capability": false, "potential_emergency_receiving_facility": false, "classification_trigger": "TAG_OR_NAME_GOVERNMENT_OFFICE", "amenity_tag": "", "healthcare_tag": "", "building_tag": "", "office_tag": "government", "emergency_tag": "", "operator_type": "", "source_provider": "OpenStreetMap Contributors", "acquisition_date": "2026-08-30", "latitude_wgs84": 30.218231, "longitude_wgs84": 78.767829, "easting_utm44n": 285157.9, "northing_utm44n": 3345074.47 }, "geometry": { "type": "Point", "coordinates": [ 78.7678294, 30.218231 ] } },
{ "type": "Feature", "properties": { "facility_id": "FAC-RDP-024", "osm_id": "node/12866262876", "name": "महिला थाना", "facility_broad_type": "CIVIC_ADMINISTRATIVE", "facility_category": "CIVIC_GOVERNMENT_OFFICE", "explicitly_evidenced_emergency_capability": false, "potential_emergency_receiving_facility": false, "classification_trigger": "TAG_OR_NAME_GOVERNMENT_OFFICE", "amenity_tag": "", "healthcare_tag": "", "building_tag": "", "office_tag": "government", "emergency_tag": "", "operator_type": "", "source_provider": "OpenStreetMap Contributors", "acquisition_date": "2026-08-30", "latitude_wgs84": 30.217778, "longitude_wgs84": 78.767259, "easting_utm44n": 285101.99, "northing_utm44n": 3345025.37 }, "geometry": { "type": "Point", "coordinates": [ 78.7672588, 30.217778300000013 ] } },
{ "type": "Feature", "properties": { "facility_id": "FAC-RDP-025", "osm_id": "node/6570124413", "name": "Indian Post", "facility_broad_type": "CIVIC_ADMINISTRATIVE", "facility_category": "CIVIC_POST_OFFICE", "explicitly_evidenced_emergency_capability": false, "potential_emergency_receiving_facility": false, "classification_trigger": "TAG_OR_NAME_POST_OFFICE", "amenity_tag": "post_office", "healthcare_tag": "", "building_tag": "", "office_tag": "", "emergency_tag": "", "operator_type": "", "source_provider": "OpenStreetMap Contributors", "acquisition_date": "2026-08-30", "latitude_wgs84": 30.402517, "longitude_wgs84": 79.330971, "easting_utm44n": 339668.46, "northing_utm44n": 3364570.87 }, "geometry": { "type": "Point", "coordinates": [ 79.3309709, 30.402517 ] } },
{ "type": "Feature", "properties": { "facility_id": "FAC-RDP-026", "osm_id": "node/14078687342", "name": "Student Health Centre", "facility_broad_type": "CIVIC_ADMINISTRATIVE", "facility_category": "OTHER_CIVIC_FACILITY", "explicitly_evidenced_emergency_capability": false, "potential_emergency_receiving_facility": false, "classification_trigger": "OTHER_GENERIC_POI", "amenity_tag": "", "healthcare_tag": "yes", "building_tag": "", "office_tag": "", "emergency_tag": "", "operator_type": "", "source_provider": "OpenStreetMap Contributors", "acquisition_date": "2026-08-30", "latitude_wgs84": 30.220993, "longitude_wgs84": 78.781662, "easting_utm44n": 286495.6, "northing_utm44n": 3345354.56 }, "geometry": { "type": "Point", "coordinates": [ 78.7816624, 30.2209926 ] } },
{ "type": "Feature", "properties": { "facility_id": "FAC-RDP-027", "osm_id": "node/12487976297", "name": "Unnamed Other Civic Facility", "facility_broad_type": "CIVIC_ADMINISTRATIVE", "facility_category": "OTHER_CIVIC_FACILITY", "explicitly_evidenced_emergency_capability": false, "potential_emergency_receiving_facility": false, "classification_trigger": "OTHER_GENERIC_POI", "amenity_tag": "", "healthcare_tag": "", "building_tag": "", "office_tag": "", "emergency_tag": "water_tank", "operator_type": "", "source_provider": "OpenStreetMap Contributors", "acquisition_date": "2026-08-30", "latitude_wgs84": 30.61193, "longitude_wgs84": 78.78209, "easting_utm44n": 287386.53, "northing_utm44n": 3388691.48 }, "geometry": { "type": "Point", "coordinates": [ 78.78209, 30.61193 ] } },
{ "type": "Feature", "properties": { "facility_id": "FAC-RDP-028", "osm_id": "node/12487989903", "name": "Unnamed Other Civic Facility", "facility_broad_type": "CIVIC_ADMINISTRATIVE", "facility_category": "OTHER_CIVIC_FACILITY", "explicitly_evidenced_emergency_capability": false, "potential_emergency_receiving_facility": false, "classification_trigger": "OTHER_GENERIC_POI", "amenity_tag": "", "healthcare_tag": "", "building_tag": "", "office_tag": "", "emergency_tag": "water_tank", "operator_type": "", "source_provider": "OpenStreetMap Contributors", "acquisition_date": "2026-08-30", "latitude_wgs84": 30.61193, "longitude_wgs84": 78.78209, "easting_utm44n": 287386.53, "northing_utm44n": 3388691.48 }, "geometry": { "type": "Point", "coordinates": [ 78.78209, 30.61193 ] } },
{ "type": "Feature", "properties": { "facility_id": "FAC-RDP-029", "osm_id": "way/1149555512", "name": "AM Lab", "facility_broad_type": "EDUCATION", "facility_category": "EDUCATION_HIGHER", "explicitly_evidenced_emergency_capability": false, "potential_emergency_receiving_facility": false, "classification_trigger": "TAG_COLLEGE", "amenity_tag": "", "healthcare_tag": "", "building_tag": "college", "office_tag": "", "emergency_tag": "", "operator_type": "", "source_provider": "OpenStreetMap Contributors", "acquisition_date": "2026-08-30", "latitude_wgs84": 30.221826, "longitude_wgs84": 78.7708, "easting_utm44n": 285451.66, "northing_utm44n": 3345467.35 }, "geometry": { "type": "Point", "coordinates": [ 78.7707996, 30.2218257 ] } },
{ "type": "Feature", "properties": { "facility_id": "FAC-RDP-030", "osm_id": "way/1149555513", "name": "Admin Block", "facility_broad_type": "EDUCATION", "facility_category": "EDUCATION_HIGHER", "explicitly_evidenced_emergency_capability": false, "potential_emergency_receiving_facility": false, "classification_trigger": "TAG_COLLEGE", "amenity_tag": "", "healthcare_tag": "", "building_tag": "college", "office_tag": "", "emergency_tag": "", "operator_type": "", "source_provider": "OpenStreetMap Contributors", "acquisition_date": "2026-08-30", "latitude_wgs84": 30.221522, "longitude_wgs84": 78.770416, "easting_utm44n": 285414.06, "northing_utm44n": 3345434.4 }, "geometry": { "type": "Point", "coordinates": [ 78.7704159, 30.2215219 ] } },
{ "type": "Feature", "properties": { "facility_id": "FAC-RDP-031", "osm_id": "node/12866264638", "name": "Athletics Ground CHAURAS", "facility_broad_type": "EDUCATION", "facility_category": "EDUCATION_HIGHER", "explicitly_evidenced_emergency_capability": false, "potential_emergency_receiving_facility": false, "classification_trigger": "TAG_COLLEGE", "amenity_tag": "college", "healthcare_tag": "", "building_tag": "", "office_tag": "", "emergency_tag": "", "operator_type": "", "source_provider": "OpenStreetMap Contributors", "acquisition_date": "2026-08-30", "latitude_wgs84": 30.222711, "longitude_wgs84": 78.80376, "easting_utm44n": 288626.58, "northing_utm44n": 3345503.79 }, "geometry": { "type": "Point", "coordinates": [ 78.8037599, 30.2227111 ] } },
{ "type": "Feature", "properties": { "facility_id": "FAC-RDP-032", "osm_id": "node/12866264637", "name": "CHAURAS GROUND", "facility_broad_type": "EDUCATION", "facility_category": "EDUCATION_HIGHER", "explicitly_evidenced_emergency_capability": false, "potential_emergency_receiving_facility": false, "classification_trigger": "TAG_COLLEGE", "amenity_tag": "college", "healthcare_tag": "", "building_tag": "", "office_tag": "", "emergency_tag": "", "operator_type": "", "source_provider": "OpenStreetMap Contributors", "acquisition_date": "2026-08-30", "latitude_wgs84": 30.222403, "longitude_wgs84": 78.804901, "easting_utm44n": 288735.73, "northing_utm44n": 3345467.54 }, "geometry": { "type": "Point", "coordinates": [ 78.8049006, 30.2224032 ] } },
{ "type": "Feature", "properties": { "facility_id": "FAC-RDP-033", "osm_id": "way/1149555503", "name": "Canteen", "facility_broad_type": "EDUCATION", "facility_category": "EDUCATION_HIGHER", "explicitly_evidenced_emergency_capability": false, "potential_emergency_receiving_facility": false, "classification_trigger": "TAG_COLLEGE", "amenity_tag": "", "healthcare_tag": "", "building_tag": "college", "office_tag": "", "emergency_tag": "", "operator_type": "", "source_provider": "OpenStreetMap Contributors", "acquisition_date": "2026-08-30", "latitude_wgs84": 30.222244, "longitude_wgs84": 78.770805, "easting_utm44n": 285453.1, "northing_utm44n": 3345513.65 }, "geometry": { "type": "Point", "coordinates": [ 78.770805100000018, 30.2222435 ] } },
{ "type": "Feature", "properties": { "facility_id": "FAC-RDP-034", "osm_id": "node/12866264639", "name": "Commerce Ground CHAURAS", "facility_broad_type": "EDUCATION", "facility_category": "EDUCATION_HIGHER", "explicitly_evidenced_emergency_capability": false, "potential_emergency_receiving_facility": false, "classification_trigger": "TAG_COLLEGE", "amenity_tag": "college", "healthcare_tag": "", "building_tag": "", "office_tag": "", "emergency_tag": "", "operator_type": "", "source_provider": "OpenStreetMap Contributors", "acquisition_date": "2026-08-30", "latitude_wgs84": 30.223523, "longitude_wgs84": 78.80259, "easting_utm44n": 288515.67, "northing_utm44n": 3345595.98 }, "geometry": { "type": "Point", "coordinates": [ 78.8025897, 30.223523099999987 ] } },
{ "type": "Feature", "properties": { "facility_id": "FAC-RDP-035", "osm_id": "way/1150437631", "name": "Directorate of Technical Education", "facility_broad_type": "EDUCATION", "facility_category": "EDUCATION_HIGHER", "explicitly_evidenced_emergency_capability": false, "potential_emergency_receiving_facility": false, "classification_trigger": "TAG_COLLEGE", "amenity_tag": "", "healthcare_tag": "", "building_tag": "college", "office_tag": "", "emergency_tag": "", "operator_type": "", "source_provider": "OpenStreetMap Contributors", "acquisition_date": "2026-08-30", "latitude_wgs84": 30.222082, "longitude_wgs84": 78.771175, "easting_utm44n": 285488.39, "northing_utm44n": 3345495.1 }, "geometry": { "type": "Point", "coordinates": [ 78.7711753, 30.2220824 ] } },
{ "type": "Feature", "properties": { "facility_id": "FAC-RDP-036", "osm_id": "way/1149555506", "name": "Fitting And Plumbing Shop", "facility_broad_type": "EDUCATION", "facility_category": "EDUCATION_HIGHER", "explicitly_evidenced_emergency_capability": false, "potential_emergency_receiving_facility": false, "classification_trigger": "TAG_COLLEGE", "amenity_tag": "", "healthcare_tag": "", "building_tag": "college", "office_tag": "", "emergency_tag": "", "operator_type": "", "source_provider": "OpenStreetMap Contributors", "acquisition_date": "2026-08-30", "latitude_wgs84": 30.222511, "longitude_wgs84": 78.770087, "easting_utm44n": 285384.58, "northing_utm44n": 3345544.68 }, "geometry": { "type": "Point", "coordinates": [ 78.7700873, 30.2225112 ] } },
{ "type": "Feature", "properties": { "facility_id": "FAC-RDP-037", "osm_id": "way/1360684721", "name": "GOVERNMENT COLLEGE OF NURSING GOPESHWAR", "facility_broad_type": "EDUCATION", "facility_category": "EDUCATION_HIGHER", "explicitly_evidenced_emergency_capability": false, "potential_emergency_receiving_facility": false, "classification_trigger": "HEURISTIC_NAME_COLLEGE", "amenity_tag": "", "healthcare_tag": "", "building_tag": "university", "office_tag": "", "emergency_tag": "", "operator_type": "", "source_provider": "OpenStreetMap Contributors", "acquisition_date": "2026-08-30", "latitude_wgs84": 30.398747, "longitude_wgs84": 79.315164, "easting_utm44n": 338143.56, "northing_utm44n": 3364175.51 }, "geometry": { "type": "Point", "coordinates": [ 79.3151639, 30.398747 ] } },
{ "type": "Feature", "properties": { "facility_id": "FAC-RDP-038", "osm_id": "way/1149555489", "name": "Government Polytechnic, Srinagar Garwal", "facility_broad_type": "EDUCATION", "facility_category": "EDUCATION_HIGHER", "explicitly_evidenced_emergency_capability": false, "potential_emergency_receiving_facility": false, "classification_trigger": "TAG_COLLEGE", "amenity_tag": "college", "healthcare_tag": "", "building_tag": "", "office_tag": "", "emergency_tag": "", "operator_type": "", "source_provider": "OpenStreetMap Contributors", "acquisition_date": "2026-08-30", "latitude_wgs84": 30.221928, "longitude_wgs84": 78.770326, "easting_utm44n": 285406.3, "northing_utm44n": 3345479.54 }, "geometry": { "type": "Point", "coordinates": [ 78.77032610000002, 30.2219276 ] } },
{ "type": "Feature", "properties": { "facility_id": "FAC-RDP-039", "osm_id": "node/12866264642", "name": "HNGU BA GROUND BIRLA CAMPUS", "facility_broad_type": "EDUCATION", "facility_category": "EDUCATION_HIGHER", "explicitly_evidenced_emergency_capability": false, "potential_emergency_receiving_facility": false, "classification_trigger": "TAG_COLLEGE", "amenity_tag": "college", "healthcare_tag": "", "building_tag": "", "office_tag": "", "emergency_tag": "", "operator_type": "", "source_provider": "OpenStreetMap Contributors", "acquisition_date": "2026-08-30", "latitude_wgs84": 30.221941, "longitude_wgs84": 78.78359, "easting_utm44n": 286683.2, "northing_utm44n": 3345456.08 }, "geometry": { "type": "Point", "coordinates": [ 78.7835898, 30.221941 ] } },
{ "type": "Feature", "properties": { "facility_id": "FAC-RDP-040", "osm_id": "node/12866262874", "name": "ITI Sringar", "facility_broad_type": "EDUCATION", "facility_category": "EDUCATION_HIGHER", "explicitly_evidenced_emergency_capability": false, "potential_emergency_receiving_facility": false, "classification_trigger": "HEURISTIC_NAME_COLLEGE", "amenity_tag": "", "healthcare_tag": "", "building_tag": "", "office_tag": "government", "emergency_tag": "", "operator_type": "", "source_provider": "OpenStreetMap Contributors", "acquisition_date": "2026-08-30", "latitude_wgs84": 30.222944, "longitude_wgs84": 78.782411, "easting_utm44n": 286571.85, "northing_utm44n": 3345569.43 }, "geometry": { "type": "Point", "coordinates": [ 78.7824106, 30.2229436 ] } },
{ "type": "Feature", "properties": { "facility_id": "FAC-RDP-041", "osm_id": "way/1149555505", "name": "Machine Shop", "facility_broad_type": "EDUCATION", "facility_category": "EDUCATION_HIGHER", "explicitly_evidenced_emergency_capability": false, "potential_emergency_receiving_facility": false, "classification_trigger": "TAG_COLLEGE", "amenity_tag": "", "healthcare_tag": "", "building_tag": "college", "office_tag": "", "emergency_tag": "", "operator_type": "", "source_provider": "OpenStreetMap Contributors", "acquisition_date": "2026-08-30", "latitude_wgs84": 30.222564, "longitude_wgs84": 78.769874, "easting_utm44n": 285364.12, "northing_utm44n": 3345550.9 }, "geometry": { "type": "Point", "coordinates": [ 78.7698736, 30.2225636 ] } },
{ "type": "Feature", "properties": { "facility_id": "FAC-RDP-042", "osm_id": "way/1149555504", "name": "Mechanical Production Lab", "facility_broad_type": "EDUCATION", "facility_category": "EDUCATION_HIGHER", "explicitly_evidenced_emergency_capability": false, "potential_emergency_receiving_facility": false, "classification_trigger": "TAG_COLLEGE", "amenity_tag": "", "healthcare_tag": "", "building_tag": "college", "office_tag": "", "emergency_tag": "", "operator_type": "", "source_provider": "OpenStreetMap Contributors", "acquisition_date": "2026-08-30", "latitude_wgs84": 30.222384, "longitude_wgs84": 78.769653, "easting_utm44n": 285342.51, "northing_utm44n": 3345531.36 }, "geometry": { "type": "Point", "coordinates": [ 78.7696532, 30.2223836 ] } },
{ "type": "Feature", "properties": { "facility_id": "FAC-RDP-043", "osm_id": "way/1149555499", "name": "NIT Adminstrative Block", "facility_broad_type": "EDUCATION", "facility_category": "EDUCATION_HIGHER", "explicitly_evidenced_emergency_capability": false, "potential_emergency_receiving_facility": false, "classification_trigger": "TAG_COLLEGE", "amenity_tag": "", "healthcare_tag": "", "building_tag": "college", "office_tag": "", "emergency_tag": "", "operator_type": "", "source_provider": "OpenStreetMap Contributors", "acquisition_date": "2026-08-30", "latitude_wgs84": 30.222608, "longitude_wgs84": 78.770692, "easting_utm44n": 285442.98, "northing_utm44n": 3345554.27 }, "geometry": { "type": "Point", "coordinates": [ 78.7706918, 30.222608 ] } },
{ "type": "Feature", "properties": { "facility_id": "FAC-RDP-044", "osm_id": "way/1149555502", "name": "NIT Auditorium", "facility_broad_type": "EDUCATION", "facility_category": "EDUCATION_HIGHER", "explicitly_evidenced_emergency_capability": false, "potential_emergency_receiving_facility": false, "classification_trigger": "TAG_COLLEGE", "amenity_tag": "", "healthcare_tag": "", "building_tag": "college", "office_tag": "", "emergency_tag": "", "operator_type": "", "source_provider": "OpenStreetMap Contributors", "acquisition_date": "2026-08-30", "latitude_wgs84": 30.221603, "longitude_wgs84": 78.771083, "easting_utm44n": 285478.48, "northing_utm44n": 3345442.12 }, "geometry": { "type": "Point", "coordinates": [ 78.771083200000021, 30.2216029 ] } },
{ "type": "Feature", "properties": { "facility_id": "FAC-RDP-045", "osm_id": "way/1150437632", "name": "NIT Hostel 1", "facility_broad_type": "EDUCATION", "facility_category": "EDUCATION_HIGHER", "explicitly_evidenced_emergency_capability": false, "potential_emergency_receiving_facility": false, "classification_trigger": "TAG_COLLEGE", "amenity_tag": "", "healthcare_tag": "", "building_tag": "college", "office_tag": "", "emergency_tag": "", "operator_type": "", "source_provider": "OpenStreetMap Contributors", "acquisition_date": "2026-08-30", "latitude_wgs84": 30.221771, "longitude_wgs84": 78.771364, "easting_utm44n": 285505.83, "northing_utm44n": 3345460.23 }, "geometry": { "type": "Point", "coordinates": [ 78.7713635, 30.221771099999987 ] } },
{ "type": "Feature", "properties": { "facility_id": "FAC-RDP-046", "osm_id": "way/1149555514", "name": "NIT Hostel 2", "facility_broad_type": "EDUCATION", "facility_category": "EDUCATION_HIGHER", "explicitly_evidenced_emergency_capability": false, "potential_emergency_receiving_facility": false, "classification_trigger": "TAG_COLLEGE", "amenity_tag": "", "healthcare_tag": "", "building_tag": "college", "office_tag": "", "emergency_tag": "", "operator_type": "", "source_provider": "OpenStreetMap Contributors", "acquisition_date": "2026-08-30", "latitude_wgs84": 30.221539, "longitude_wgs84": 78.769881, "easting_utm44n": 285362.62, "northing_utm44n": 3345437.28 }, "geometry": { "type": "Point", "coordinates": [ 78.7698812, 30.2215388 ] } },
{ "type": "Feature", "properties": { "facility_id": "FAC-RDP-047", "osm_id": "way/1149555500", "name": "NIT Hostel 4", "facility_broad_type": "EDUCATION", "facility_category": "EDUCATION_HIGHER", "explicitly_evidenced_emergency_capability": false, "potential_emergency_receiving_facility": false, "classification_trigger": "TAG_COLLEGE", "amenity_tag": "", "healthcare_tag": "", "building_tag": "college", "office_tag": "", "emergency_tag": "", "operator_type": "", "source_provider": "OpenStreetMap Contributors", "acquisition_date": "2026-08-30", "latitude_wgs84": 30.222919, "longitude_wgs84": 78.770261, "easting_utm44n": 285402.21, "northing_utm44n": 3345589.56 }, "geometry": { "type": "Point", "coordinates": [ 78.7702613, 30.222919 ] } },
{ "type": "Feature", "properties": { "facility_id": "FAC-RDP-048", "osm_id": "way/1149555507", "name": "NIT Hostel 7", "facility_broad_type": "EDUCATION", "facility_category": "EDUCATION_HIGHER", "explicitly_evidenced_emergency_capability": false, "potential_emergency_receiving_facility": false, "classification_trigger": "TAG_COLLEGE", "amenity_tag": "", "healthcare_tag": "", "building_tag": "college", "office_tag": "", "emergency_tag": "", "operator_type": "", "source_provider": "OpenStreetMap Contributors", "acquisition_date": "2026-08-30", "latitude_wgs84": 30.22288, "longitude_wgs84": 78.77064, "easting_utm44n": 285438.6, "northing_utm44n": 3345584.55 }, "geometry": { "type": "Point", "coordinates": [ 78.7706401, 30.2228802 ] } },
{ "type": "Feature", "properties": { "facility_id": "FAC-RDP-049", "osm_id": "way/1150437634", "name": "NIT Lecture Hall", "facility_broad_type": "EDUCATION", "facility_category": "EDUCATION_HIGHER", "explicitly_evidenced_emergency_capability": false, "potential_emergency_receiving_facility": false, "classification_trigger": "TAG_COLLEGE", "amenity_tag": "", "healthcare_tag": "", "building_tag": "college", "office_tag": "", "emergency_tag": "", "operator_type": "", "source_provider": "OpenStreetMap Contributors", "acquisition_date": "2026-08-30", "latitude_wgs84": 30.222142, "longitude_wgs84": 78.77051, "easting_utm44n": 285424.47, "northing_utm44n": 3345502.97 }, "geometry": { "type": "Point", "coordinates": [ 78.77051, 30.2221421 ] } },
{ "type": "Feature", "properties": { "facility_id": "FAC-RDP-050", "osm_id": "way/1149555501", "name": "NIT Library", "facility_broad_type": "EDUCATION", "facility_category": "EDUCATION_HIGHER", "explicitly_evidenced_emergency_capability": false, "potential_emergency_receiving_facility": false, "classification_trigger": "TAG_COLLEGE", "amenity_tag": "", "healthcare_tag": "", "building_tag": "college", "office_tag": "", "emergency_tag": "", "operator_type": "", "source_provider": "OpenStreetMap Contributors", "acquisition_date": "2026-08-30", "latitude_wgs84": 30.222161, "longitude_wgs84": 78.770967, "easting_utm44n": 285468.55, "northing_utm44n": 3345504.25 }, "geometry": { "type": "Point", "coordinates": [ 78.7709675, 30.2221614 ] } },
{ "type": "Feature", "properties": { "facility_id": "FAC-RDP-051", "osm_id": "way/1149555508", "name": "NT Hostel 6", "facility_broad_type": "EDUCATION", "facility_category": "EDUCATION_HIGHER", "explicitly_evidenced_emergency_capability": false, "potential_emergency_receiving_facility": false, "classification_trigger": "TAG_COLLEGE", "amenity_tag": "", "healthcare_tag": "", "building_tag": "college", "office_tag": "", "emergency_tag": "", "operator_type": "", "source_provider": "OpenStreetMap Contributors", "acquisition_date": "2026-08-30", "latitude_wgs84": 30.222671, "longitude_wgs84": 78.770854, "easting_utm44n": 285458.69, "northing_utm44n": 3345560.99 }, "geometry": { "type": "Point", "coordinates": [ 78.7708536, 30.2226713 ] } },
{ "type": "Feature", "properties": { "facility_id": "FAC-RDP-052", "osm_id": "way/1150437639", "name": "Principal Quarters", "facility_broad_type": "EDUCATION", "facility_category": "EDUCATION_HIGHER", "explicitly_evidenced_emergency_capability": false, "potential_emergency_receiving_facility": false, "classification_trigger": "TAG_COLLEGE", "amenity_tag": "", "healthcare_tag": "", "building_tag": "college", "office_tag": "", "emergency_tag": "", "operator_type": "", "source_provider": "OpenStreetMap Contributors", "acquisition_date": "2026-08-30", "latitude_wgs84": 30.220907, "longitude_wgs84": 78.769899, "easting_utm44n": 285362.96, "northing_utm44n": 3345367.18 }, "geometry": { "type": "Point", "coordinates": [ 78.769899, 30.2209067 ] } },
{ "type": "Feature", "properties": { "facility_id": "FAC-RDP-053", "osm_id": "way/1150437637", "name": "Sheet metals", "facility_broad_type": "EDUCATION", "facility_category": "EDUCATION_HIGHER", "explicitly_evidenced_emergency_capability": false, "potential_emergency_receiving_facility": false, "classification_trigger": "TAG_COLLEGE", "amenity_tag": "", "healthcare_tag": "", "building_tag": "college", "office_tag": "", "emergency_tag": "", "operator_type": "", "source_provider": "OpenStreetMap Contributors", "acquisition_date": "2026-08-30", "latitude_wgs84": 30.222185, "longitude_wgs84": 78.769626, "easting_utm44n": 285339.41, "northing_utm44n": 3345509.43 }, "geometry": { "type": "Point", "coordinates": [ 78.7696255, 30.2221853 ] } },
{ "type": "Feature", "properties": { "facility_id": "FAC-RDP-054", "osm_id": "way/1150437633", "name": "Sports Office", "facility_broad_type": "EDUCATION", "facility_category": "EDUCATION_HIGHER", "explicitly_evidenced_emergency_capability": false, "potential_emergency_receiving_facility": false, "classification_trigger": "TAG_COLLEGE", "amenity_tag": "", "healthcare_tag": "", "building_tag": "college", "office_tag": "", "emergency_tag": "", "operator_type": "", "source_provider": "OpenStreetMap Contributors", "acquisition_date": "2026-08-30", "latitude_wgs84": 30.221882, "longitude_wgs84": 78.771284, "easting_utm44n": 285498.38, "northing_utm44n": 3345472.65 }, "geometry": { "type": "Point", "coordinates": [ 78.7712836, 30.2218817 ] } },
{ "type": "Feature", "properties": { "facility_id": "FAC-RDP-055", "osm_id": "way/1149555509", "name": "Unnamed Education Higher", "facility_broad_type": "EDUCATION", "facility_category": "EDUCATION_HIGHER", "explicitly_evidenced_emergency_capability": false, "potential_emergency_receiving_facility": false, "classification_trigger": "TAG_COLLEGE", "amenity_tag": "", "healthcare_tag": "", "building_tag": "college", "office_tag": "", "emergency_tag": "", "operator_type": "", "source_provider": "OpenStreetMap Contributors", "acquisition_date": "2026-08-30", "latitude_wgs84": 30.222279, "longitude_wgs84": 78.771135, "easting_utm44n": 285484.98, "northing_utm44n": 3345516.92 }, "geometry": { "type": "Point", "coordinates": [ 78.7711355, 30.2222786 ] } },
{ "type": "Feature", "properties": { "facility_id": "FAC-RDP-056", "osm_id": "way/1149555515", "name": "Unnamed Education Higher", "facility_broad_type": "EDUCATION", "facility_category": "EDUCATION_HIGHER", "explicitly_evidenced_emergency_capability": false, "potential_emergency_receiving_facility": false, "classification_trigger": "TAG_COLLEGE", "amenity_tag": "", "healthcare_tag": "", "building_tag": "college", "office_tag": "", "emergency_tag": "", "operator_type": "", "source_provider": "OpenStreetMap Contributors", "acquisition_date": "2026-08-30", "latitude_wgs84": 30.221868, "longitude_wgs84": 78.770239, "easting_utm44n": 285397.74, "northing_utm44n": 3345473.11 }, "geometry": { "type": "Point", "coordinates": [ 78.7702385, 30.2218681 ] } },
{ "type": "Feature", "properties": { "facility_id": "FAC-RDP-057", "osm_id": "way/1149555521", "name": "Unnamed Education Higher", "facility_broad_type": "EDUCATION", "facility_category": "EDUCATION_HIGHER", "explicitly_evidenced_emergency_capability": false, "potential_emergency_receiving_facility": false, "classification_trigger": "TAG_COLLEGE", "amenity_tag": "", "healthcare_tag": "", "building_tag": "college", "office_tag": "", "emergency_tag": "", "operator_type": "", "source_provider": "OpenStreetMap Contributors", "acquisition_date": "2026-08-30", "latitude_wgs84": 30.222029, "longitude_wgs84": 78.770291, "easting_utm44n": 285403.17, "northing_utm44n": 3345490.8 }, "geometry": { "type": "Point", "coordinates": [ 78.7702913, 30.2220286 ] } },
{ "type": "Feature", "properties": { "facility_id": "FAC-RDP-058", "osm_id": "way/1149555522", "name": "Unnamed Education Higher", "facility_broad_type": "EDUCATION", "facility_category": "EDUCATION_HIGHER", "explicitly_evidenced_emergency_capability": false, "potential_emergency_receiving_facility": false, "classification_trigger": "TAG_COLLEGE", "amenity_tag": "", "healthcare_tag": "", "building_tag": "college", "office_tag": "", "emergency_tag": "", "operator_type": "", "source_provider": "OpenStreetMap Contributors", "acquisition_date": "2026-08-30", "latitude_wgs84": 30.221644, "longitude_wgs84": 78.770109, "easting_utm44n": 285384.75, "northing_utm44n": 3345448.49 }, "geometry": { "type": "Point", "coordinates": [ 78.7701087, 30.2216438 ] } },
{ "type": "Feature", "properties": { "facility_id": "FAC-RDP-059", "osm_id": "way/1150437635", "name": "Unnamed Education Higher", "facility_broad_type": "EDUCATION", "facility_category": "EDUCATION_HIGHER", "explicitly_evidenced_emergency_capability": false, "potential_emergency_receiving_facility": false, "classification_trigger": "TAG_COLLEGE", "amenity_tag": "", "healthcare_tag": "", "building_tag": "college", "office_tag": "", "emergency_tag": "", "operator_type": "", "source_provider": "OpenStreetMap Contributors", "acquisition_date": "2026-08-30", "latitude_wgs84": 30.222285, "longitude_wgs84": 78.770198, "easting_utm44n": 285394.73, "northing_utm44n": 3345519.35 }, "geometry": { "type": "Point", "coordinates": [ 78.7701979, 30.2222845 ] } },
{ "type": "Feature", "properties": { "facility_id": "FAC-RDP-060", "osm_id": "way/1150437636", "name": "Unnamed Education Higher", "facility_broad_type": "EDUCATION", "facility_category": "EDUCATION_HIGHER", "explicitly_evidenced_emergency_capability": false, "potential_emergency_receiving_facility": false, "classification_trigger": "TAG_COLLEGE", "amenity_tag": "", "healthcare_tag": "", "building_tag": "college", "office_tag": "", "emergency_tag": "", "operator_type": "", "source_provider": "OpenStreetMap Contributors", "acquisition_date": "2026-08-30", "latitude_wgs84": 30.222271, "longitude_wgs84": 78.770334, "easting_utm44n": 285407.77, "northing_utm44n": 3345517.56 }, "geometry": { "type": "Point", "coordinates": [ 78.7703337, 30.2222707 ] } },
{ "type": "Feature", "properties": { "facility_id": "FAC-RDP-061", "osm_id": "way/1150437638", "name": "Unnamed Education Higher", "facility_broad_type": "EDUCATION", "facility_category": "EDUCATION_HIGHER", "explicitly_evidenced_emergency_capability": false, "potential_emergency_receiving_facility": false, "classification_trigger": "TAG_COLLEGE", "amenity_tag": "", "healthcare_tag": "", "building_tag": "college", "office_tag": "", "emergency_tag": "", "operator_type": "", "source_provider": "OpenStreetMap Contributors", "acquisition_date": "2026-08-30", "latitude_wgs84": 30.22204, "longitude_wgs84": 78.769911, "easting_utm44n": 285366.54, "northing_utm44n": 3345492.74 }, "geometry": { "type": "Point", "coordinates": [ 78.7699106, 30.2220396 ] } },
{ "type": "Feature", "properties": { "facility_id": "FAC-RDP-062", "osm_id": "way/1360685875", "name": "CHRIST ACADEMY GOPESHWAR", "facility_broad_type": "EDUCATION", "facility_category": "EDUCATION_SCHOOL", "explicitly_evidenced_emergency_capability": false, "potential_emergency_receiving_facility": false, "classification_trigger": "TAG_SCHOOL", "amenity_tag": "", "healthcare_tag": "", "building_tag": "school", "office_tag": "", "emergency_tag": "", "operator_type": "", "source_provider": "OpenStreetMap Contributors", "acquisition_date": "2026-08-30", "latitude_wgs84": 30.397324, "longitude_wgs84": 79.319477, "easting_utm44n": 338555.65, "northing_utm44n": 3364011.63 }, "geometry": { "type": "Point", "coordinates": [ 79.3194773, 30.397324 ] } },
{ "type": "Feature", "properties": { "facility_id": "FAC-RDP-063", "osm_id": "node/12866264640", "name": "GGIC SRINAGAR GROUND", "facility_broad_type": "EDUCATION", "facility_category": "EDUCATION_SCHOOL", "explicitly_evidenced_emergency_capability": false, "potential_emergency_receiving_facility": false, "classification_trigger": "TAG_SCHOOL", "amenity_tag": "school", "healthcare_tag": "", "building_tag": "", "office_tag": "", "emergency_tag": "", "operator_type": "", "source_provider": "OpenStreetMap Contributors", "acquisition_date": "2026-08-30", "latitude_wgs84": 30.223863, "longitude_wgs84": 78.79166, "easting_utm44n": 287464.25, "northing_utm44n": 3345653.99 }, "geometry": { "type": "Point", "coordinates": [ 78.7916601, 30.223862700000012 ] } },
{ "type": "Feature", "properties": { "facility_id": "FAC-RDP-064", "osm_id": "node/12866264641", "name": "GIC SRINAGAR GROUND", "facility_broad_type": "EDUCATION", "facility_category": "EDUCATION_SCHOOL", "explicitly_evidenced_emergency_capability": false, "potential_emergency_receiving_facility": false, "classification_trigger": "TAG_SCHOOL", "amenity_tag": "school", "healthcare_tag": "", "building_tag": "", "office_tag": "", "emergency_tag": "", "operator_type": "", "source_provider": "OpenStreetMap Contributors", "acquisition_date": "2026-08-30", "latitude_wgs84": 30.218843, "longitude_wgs84": 78.795561, "easting_utm44n": 287829.01, "northing_utm44n": 3345090.27 }, "geometry": { "type": "Point", "coordinates": [ 78.7955612, 30.2188431 ] } },
{ "type": "Feature", "properties": { "facility_id": "FAC-RDP-065", "osm_id": "way/1360704534", "name": "GOVERNMENT INTER COLLEGE,ALKAPURI", "facility_broad_type": "EDUCATION", "facility_category": "EDUCATION_SCHOOL", "explicitly_evidenced_emergency_capability": false, "potential_emergency_receiving_facility": false, "classification_trigger": "TAG_SCHOOL", "amenity_tag": "", "healthcare_tag": "", "building_tag": "school", "office_tag": "", "emergency_tag": "", "operator_type": "", "source_provider": "OpenStreetMap Contributors", "acquisition_date": "2026-08-30", "latitude_wgs84": 30.398352, "longitude_wgs84": 79.325403, "easting_utm44n": 339126.69, "northing_utm44n": 3364117.09 }, "geometry": { "type": "Point", "coordinates": [ 79.325403, 30.3983516 ] } },
{ "type": "Feature", "properties": { "facility_id": "FAC-RDP-066", "osm_id": "way/543616030", "name": "Government Inter College Maujkhal", "facility_broad_type": "EDUCATION", "facility_category": "EDUCATION_SCHOOL", "explicitly_evidenced_emergency_capability": false, "potential_emergency_receiving_facility": false, "classification_trigger": "HEURISTIC_NAME_SCHOOL", "amenity_tag": "college", "healthcare_tag": "", "building_tag": "", "office_tag": "", "emergency_tag": "", "operator_type": "", "source_provider": "OpenStreetMap Contributors", "acquisition_date": "2026-08-30", "latitude_wgs84": 30.186083, "longitude_wgs84": 79.022104, "easting_utm44n": 309574.59, "northing_utm44n": 3341058.25 }, "geometry": { "type": "Point", "coordinates": [ 79.0221041, 30.1860834 ] } },
{ "type": "Feature", "properties": { "facility_id": "FAC-RDP-067", "osm_id": "way/1354963526", "name": "Government Inter College, Tyunkha", "facility_broad_type": "EDUCATION", "facility_category": "EDUCATION_SCHOOL", "explicitly_evidenced_emergency_capability": false, "potential_emergency_receiving_facility": false, "classification_trigger": "TAG_SCHOOL", "amenity_tag": "", "healthcare_tag": "", "building_tag": "school", "office_tag": "", "emergency_tag": "", "operator_type": "", "source_provider": "OpenStreetMap Contributors", "acquisition_date": "2026-08-30", "latitude_wgs84": 30.375968, "longitude_wgs84": 78.855655, "easting_utm44n": 293943.23, "northing_utm44n": 3362397.23 }, "geometry": { "type": "Point", "coordinates": [ 78.8556549, 30.3759678 ] } },
{ "type": "Feature", "properties": { "facility_id": "FAC-RDP-068", "osm_id": "way/230356750", "name": "Hanskotu village, school", "facility_broad_type": "EDUCATION", "facility_category": "EDUCATION_SCHOOL", "explicitly_evidenced_emergency_capability": false, "potential_emergency_receiving_facility": false, "classification_trigger": "TAG_SCHOOL", "amenity_tag": "school", "healthcare_tag": "", "building_tag": "school", "office_tag": "", "emergency_tag": "", "operator_type": "", "source_provider": "OpenStreetMap Contributors", "acquisition_date": "2026-08-30", "latitude_wgs84": 30.109081, "longitude_wgs84": 79.400551, "easting_utm44n": 345895.82, "northing_utm44n": 3331951.67 }, "geometry": { "type": "Point", "coordinates": [ 79.400551, 30.1090806 ] } },
{ "type": "Feature", "properties": { "facility_id": "FAC-RDP-069", "osm_id": "way/229463806", "name": "JNV Chamoli", "facility_broad_type": "EDUCATION", "facility_category": "EDUCATION_SCHOOL", "explicitly_evidenced_emergency_capability": false, "potential_emergency_receiving_facility": false, "classification_trigger": "TAG_SCHOOL", "amenity_tag": "school", "healthcare_tag": "", "building_tag": "", "office_tag": "", "emergency_tag": "", "operator_type": "", "source_provider": "OpenStreetMap Contributors", "acquisition_date": "2026-08-30", "latitude_wgs84": 30.439795, "longitude_wgs84": 79.430805, "easting_utm44n": 349317.31, "northing_utm44n": 3368565.41 }, "geometry": { "type": "Point", "coordinates": [ 79.4308048, 30.4397951 ] } },
{ "type": "Feature", "properties": { "facility_id": "FAC-RDP-070", "osm_id": "node/6189905565", "name": "Jawahar Navodaya Vidyalaya, Chamoli", "facility_broad_type": "EDUCATION", "facility_category": "EDUCATION_SCHOOL", "explicitly_evidenced_emergency_capability": false, "potential_emergency_receiving_facility": false, "classification_trigger": "TAG_SCHOOL", "amenity_tag": "school", "healthcare_tag": "", "building_tag": "", "office_tag": "", "emergency_tag": "", "operator_type": "", "source_provider": "OpenStreetMap Contributors", "acquisition_date": "2026-08-30", "latitude_wgs84": 30.43995, "longitude_wgs84": 79.430522, "easting_utm44n": 349290.38, "northing_utm44n": 3368583.01 }, "geometry": { "type": "Point", "coordinates": [ 79.4305219, 30.439950499999984 ] } },
{ "type": "Feature", "properties": { "facility_id": "FAC-RDP-071", "osm_id": "way/1360647876", "name": "PEACE PUBLIC SCHOOL", "facility_broad_type": "EDUCATION", "facility_category": "EDUCATION_SCHOOL", "explicitly_evidenced_emergency_capability": false, "potential_emergency_receiving_facility": false, "classification_trigger": "TAG_SCHOOL", "amenity_tag": "", "healthcare_tag": "", "building_tag": "school", "office_tag": "", "emergency_tag": "", "operator_type": "", "source_provider": "OpenStreetMap Contributors", "acquisition_date": "2026-08-30", "latitude_wgs84": 30.410649, "longitude_wgs84": 79.318027, "easting_utm44n": 338438.28, "northing_utm44n": 3365490.57 }, "geometry": { "type": "Point", "coordinates": [ 79.3180273, 30.4106486 ] } },
{ "type": "Feature", "properties": { "facility_id": "FAC-RDP-072", "osm_id": "way/817869357", "name": "Rains Primary School", "facility_broad_type": "EDUCATION", "facility_category": "EDUCATION_SCHOOL", "explicitly_evidenced_emergency_capability": false, "potential_emergency_receiving_facility": false, "classification_trigger": "TAG_SCHOOL", "amenity_tag": "school", "healthcare_tag": "", "building_tag": "", "office_tag": "", "emergency_tag": "", "operator_type": "", "source_provider": "OpenStreetMap Contributors", "acquisition_date": "2026-08-30", "latitude_wgs84": 30.185596, "longitude_wgs84": 79.366948, "easting_utm44n": 342779.2, "northing_utm44n": 3340477.88 }, "geometry": { "type": "Point", "coordinates": [ 79.3669478, 30.1855955 ] } },
{ "type": "Feature", "properties": { "facility_id": "FAC-RDP-073", "osm_id": "way/1360664534", "name": "SHRI GURU RAM RAI PUBLIC SCHOOL", "facility_broad_type": "EDUCATION", "facility_category": "EDUCATION_SCHOOL", "explicitly_evidenced_emergency_capability": false, "potential_emergency_receiving_facility": false, "classification_trigger": "TAG_SCHOOL", "amenity_tag": "", "healthcare_tag": "", "building_tag": "school", "office_tag": "", "emergency_tag": "", "operator_type": "", "source_provider": "OpenStreetMap Contributors", "acquisition_date": "2026-08-30", "latitude_wgs84": 30.409611, "longitude_wgs84": 79.322317, "easting_utm44n": 338848.68, "northing_utm44n": 3365369.43 }, "geometry": { "type": "Point", "coordinates": [ 79.322317, 30.4096108 ] } },
{ "type": "Feature", "properties": { "facility_id": "FAC-RDP-074", "osm_id": "node/12049303606", "name": "Sacred Heart convent school", "facility_broad_type": "EDUCATION", "facility_category": "EDUCATION_SCHOOL", "explicitly_evidenced_emergency_capability": false, "potential_emergency_receiving_facility": false, "classification_trigger": "TAG_SCHOOL", "amenity_tag": "school", "healthcare_tag": "", "building_tag": "", "office_tag": "", "emergency_tag": "", "operator_type": "", "source_provider": "OpenStreetMap Contributors", "acquisition_date": "2026-08-30", "latitude_wgs84": 30.301688, "longitude_wgs84": 79.102014, "easting_utm44n": 317483.36, "northing_utm44n": 3353741.26 }, "geometry": { "type": "Point", "coordinates": [ 79.1020139, 30.3016883 ] } },
{ "type": "Feature", "properties": { "facility_id": "FAC-RDP-075", "osm_id": "way/1543004735", "name": "School of Arts, Communication and Languages (ACL)", "facility_broad_type": "EDUCATION", "facility_category": "EDUCATION_SCHOOL", "explicitly_evidenced_emergency_capability": false, "potential_emergency_receiving_facility": false, "classification_trigger": "HEURISTIC_NAME_SCHOOL", "amenity_tag": "", "healthcare_tag": "", "building_tag": "university", "office_tag": "", "emergency_tag": "", "operator_type": "", "source_provider": "OpenStreetMap Contributors", "acquisition_date": "2026-08-30", "latitude_wgs84": 30.221643, "longitude_wgs84": 78.782838, "easting_utm44n": 286610.15, "northing_utm44n": 3345424.46 }, "geometry": { "type": "Point", "coordinates": [ 78.7828377, 30.2216431 ] } },
{ "type": "Feature", "properties": { "facility_id": "FAC-RDP-076", "osm_id": "way/1543004732", "name": "School of Humanities & Social Science", "facility_broad_type": "EDUCATION", "facility_category": "EDUCATION_SCHOOL", "explicitly_evidenced_emergency_capability": false, "potential_emergency_receiving_facility": false, "classification_trigger": "HEURISTIC_NAME_SCHOOL", "amenity_tag": "", "healthcare_tag": "", "building_tag": "university", "office_tag": "", "emergency_tag": "", "operator_type": "", "source_provider": "OpenStreetMap Contributors", "acquisition_date": "2026-08-30", "latitude_wgs84": 30.222096, "longitude_wgs84": 78.783844, "easting_utm44n": 286708.05, "northing_utm44n": 3345472.79 }, "geometry": { "type": "Point", "coordinates": [ 78.7838444, 30.2220961 ] } },
{ "type": "Feature", "properties": { "facility_id": "FAC-RDP-077", "osm_id": "way/666346664", "name": "Unnamed Education School", "facility_broad_type": "EDUCATION", "facility_category": "EDUCATION_SCHOOL", "explicitly_evidenced_emergency_capability": false, "potential_emergency_receiving_facility": false, "classification_trigger": "TAG_SCHOOL", "amenity_tag": "school", "healthcare_tag": "", "building_tag": "", "office_tag": "", "emergency_tag": "", "operator_type": "", "source_provider": "OpenStreetMap Contributors", "acquisition_date": "2026-08-30", "latitude_wgs84": 30.216973, "longitude_wgs84": 79.305705, "easting_utm44n": 336933.99, "northing_utm44n": 3344041.7 }, "geometry": { "type": "Point", "coordinates": [ 79.3057049, 30.2169726 ] } },
{ "type": "Feature", "properties": { "facility_id": "FAC-RDP-078", "osm_id": "way/936828570", "name": "Unnamed Education School", "facility_broad_type": "EDUCATION", "facility_category": "EDUCATION_SCHOOL", "explicitly_evidenced_emergency_capability": false, "potential_emergency_receiving_facility": false, "classification_trigger": "TAG_SCHOOL", "amenity_tag": "", "healthcare_tag": "", "building_tag": "school", "office_tag": "", "emergency_tag": "", "operator_type": "", "source_provider": "OpenStreetMap Contributors", "acquisition_date": "2026-08-30", "latitude_wgs84": 30.185556, "longitude_wgs84": 79.367891, "easting_utm44n": 342869.94, "northing_utm44n": 3340472.25 }, "geometry": { "type": "Point", "coordinates": [ 79.3678909, 30.1855564 ] } },
{ "type": "Feature", "properties": { "facility_id": "FAC-RDP-079", "osm_id": "way/1273532084", "name": "Unnamed Education School", "facility_broad_type": "EDUCATION", "facility_category": "EDUCATION_SCHOOL", "explicitly_evidenced_emergency_capability": false, "potential_emergency_receiving_facility": false, "classification_trigger": "TAG_SCHOOL", "amenity_tag": "school", "healthcare_tag": "", "building_tag": "", "office_tag": "", "emergency_tag": "", "operator_type": "", "source_provider": "OpenStreetMap Contributors", "acquisition_date": "2026-08-30", "latitude_wgs84": 30.177469, "longitude_wgs84": 79.364974, "easting_utm44n": 342576.18, "northing_utm44n": 3339579.94 }, "geometry": { "type": "Point", "coordinates": [ 79.3649736, 30.1774692 ] } },
{ "type": "Feature", "properties": { "facility_id": "FAC-RDP-080", "osm_id": "way/1280253824", "name": "Unnamed Education School", "facility_broad_type": "EDUCATION", "facility_category": "EDUCATION_SCHOOL", "explicitly_evidenced_emergency_capability": false, "potential_emergency_receiving_facility": false, "classification_trigger": "TAG_SCHOOL", "amenity_tag": "school", "healthcare_tag": "", "building_tag": "", "office_tag": "", "emergency_tag": "", "operator_type": "", "source_provider": "OpenStreetMap Contributors", "acquisition_date": "2026-08-30", "latitude_wgs84": 30.390751, "longitude_wgs84": 78.855996, "easting_utm44n": 294007.09, "northing_utm44n": 3364035.37 }, "geometry": { "type": "Point", "coordinates": [ 78.8559964, 30.390751 ] } },
{ "type": "Feature", "properties": { "facility_id": "FAC-RDP-081", "osm_id": "way/230580505", "name": "स्वच्छा विद्यालय - सुन्दर विद्यालय", "facility_broad_type": "EDUCATION", "facility_category": "EDUCATION_SCHOOL", "explicitly_evidenced_emergency_capability": false, "potential_emergency_receiving_facility": false, "classification_trigger": "TAG_SCHOOL", "amenity_tag": "school", "healthcare_tag": "", "building_tag": "", "office_tag": "", "emergency_tag": "", "operator_type": "", "source_provider": "OpenStreetMap Contributors", "acquisition_date": "2026-08-30", "latitude_wgs84": 30.220606, "longitude_wgs84": 79.282569, "easting_utm44n": 334713.08, "northing_utm44n": 3344477.8 }, "geometry": { "type": "Point", "coordinates": [ 79.2825694, 30.2206061 ] } },
{ "type": "Feature", "properties": { "facility_id": "FAC-RDP-082", "osm_id": "way/880410874", "name": "Birla Campus, HNBGU", "facility_broad_type": "EDUCATION", "facility_category": "EDUCATION_UNIVERSITY", "explicitly_evidenced_emergency_capability": false, "potential_emergency_receiving_facility": false, "classification_trigger": "TAG_UNIVERSITY", "amenity_tag": "university", "healthcare_tag": "", "building_tag": "", "office_tag": "", "emergency_tag": "", "operator_type": "", "source_provider": "OpenStreetMap Contributors", "acquisition_date": "2026-08-30", "latitude_wgs84": 30.221337, "longitude_wgs84": 78.782276, "easting_utm44n": 286555.45, "northing_utm44n": 3345391.57 }, "geometry": { "type": "Point", "coordinates": [ 78.7822763, 30.2213369 ] } },
{ "type": "Feature", "properties": { "facility_id": "FAC-RDP-083", "osm_id": "way/1543004738", "name": "Central Library'", "facility_broad_type": "EDUCATION", "facility_category": "EDUCATION_UNIVERSITY", "explicitly_evidenced_emergency_capability": false, "potential_emergency_receiving_facility": false, "classification_trigger": "TAG_UNIVERSITY", "amenity_tag": "", "healthcare_tag": "", "building_tag": "university", "office_tag": "", "emergency_tag": "", "operator_type": "", "source_provider": "OpenStreetMap Contributors", "acquisition_date": "2026-08-30", "latitude_wgs84": 30.220648, "longitude_wgs84": 78.781478, "easting_utm44n": 286477.14, "northing_utm44n": 3345316.68 }, "geometry": { "type": "Point", "coordinates": [ 78.7814783, 30.2206478 ] } },
{ "type": "Feature", "properties": { "facility_id": "FAC-RDP-084", "osm_id": "way/1543004736", "name": "Dean Faculty", "facility_broad_type": "EDUCATION", "facility_category": "EDUCATION_UNIVERSITY", "explicitly_evidenced_emergency_capability": false, "potential_emergency_receiving_facility": false, "classification_trigger": "TAG_UNIVERSITY", "amenity_tag": "", "healthcare_tag": "", "building_tag": "university", "office_tag": "", "emergency_tag": "", "operator_type": "", "source_provider": "OpenStreetMap Contributors", "acquisition_date": "2026-08-30", "latitude_wgs84": 30.22214, "longitude_wgs84": 78.782767, "easting_utm44n": 286604.46, "northing_utm44n": 3345479.62 }, "geometry": { "type": "Point", "coordinates": [ 78.7827674, 30.2221395 ] } },
{ "type": "Feature", "properties": { "facility_id": "FAC-RDP-085", "osm_id": "way/1543004734", "name": "Department of Physical Education", "facility_broad_type": "EDUCATION", "facility_category": "EDUCATION_UNIVERSITY", "explicitly_evidenced_emergency_capability": false, "potential_emergency_receiving_facility": false, "classification_trigger": "TAG_UNIVERSITY", "amenity_tag": "", "healthcare_tag": "", "building_tag": "university", "office_tag": "", "emergency_tag": "", "operator_type": "", "source_provider": "OpenStreetMap Contributors", "acquisition_date": "2026-08-30", "latitude_wgs84": 30.221485, "longitude_wgs84": 78.783216, "easting_utm44n": 286646.25, "northing_utm44n": 3345406.21 }, "geometry": { "type": "Point", "coordinates": [ 78.7832162, 30.22148480000001 ] } },
{ "type": "Feature", "properties": { "facility_id": "FAC-RDP-086", "osm_id": "node/12866262845", "name": "DoG HNBGU", "facility_broad_type": "EDUCATION", "facility_category": "EDUCATION_UNIVERSITY", "explicitly_evidenced_emergency_capability": false, "potential_emergency_receiving_facility": false, "classification_trigger": "HEURISTIC_NAME_UNIVERSITY", "amenity_tag": "", "healthcare_tag": "", "building_tag": "", "office_tag": "government", "emergency_tag": "", "operator_type": "", "source_provider": "OpenStreetMap Contributors", "acquisition_date": "2026-08-30", "latitude_wgs84": 30.227186, "longitude_wgs84": 78.804663, "easting_utm44n": 288723.12, "northing_utm44n": 3345998.17 }, "geometry": { "type": "Point", "coordinates": [ 78.8046633, 30.2271861 ] } },
{ "type": "Feature", "properties": { "facility_id": "FAC-RDP-087", "osm_id": "way/1543004733", "name": "Geography Department", "facility_broad_type": "EDUCATION", "facility_category": "EDUCATION_UNIVERSITY", "explicitly_evidenced_emergency_capability": false, "potential_emergency_receiving_facility": false, "classification_trigger": "TAG_UNIVERSITY", "amenity_tag": "", "healthcare_tag": "", "building_tag": "university", "office_tag": "", "emergency_tag": "", "operator_type": "", "source_provider": "OpenStreetMap Contributors", "acquisition_date": "2026-08-30", "latitude_wgs84": 30.221579, "longitude_wgs84": 78.783514, "easting_utm44n": 286675.15, "northing_utm44n": 3345416.12 }, "geometry": { "type": "Point", "coordinates": [ 78.7835143, 30.2215793 ] } },
{ "type": "Feature", "properties": { "facility_id": "FAC-RDP-088", "osm_id": "way/880411798", "name": "HEMVATI NANDAN BAHUGUNA GARHWAL UNIVERSITY", "facility_broad_type": "EDUCATION", "facility_category": "EDUCATION_UNIVERSITY", "explicitly_evidenced_emergency_capability": false, "potential_emergency_receiving_facility": false, "classification_trigger": "TAG_UNIVERSITY", "amenity_tag": "university", "healthcare_tag": "", "building_tag": "", "office_tag": "", "emergency_tag": "", "operator_type": "", "source_provider": "OpenStreetMap Contributors", "acquisition_date": "2026-08-30", "latitude_wgs84": 30.22445, "longitude_wgs84": 78.802614, "easting_utm44n": 288520.02, "northing_utm44n": 3345698.68 }, "geometry": { "type": "Point", "coordinates": [ 78.8026143, 30.22445 ] } },
{ "type": "Feature", "properties": { "facility_id": "FAC-RDP-089", "osm_id": "node/12866262872", "name": "HNBGU (Administrative Office", "facility_broad_type": "EDUCATION", "facility_category": "EDUCATION_UNIVERSITY", "explicitly_evidenced_emergency_capability": false, "potential_emergency_receiving_facility": false, "classification_trigger": "HEURISTIC_NAME_UNIVERSITY", "amenity_tag": "", "healthcare_tag": "", "building_tag": "", "office_tag": "government", "emergency_tag": "", "operator_type": "", "source_provider": "OpenStreetMap Contributors", "acquisition_date": "2026-08-30", "latitude_wgs84": 30.222516, "longitude_wgs84": 78.782221, "easting_utm44n": 286552.66, "northing_utm44n": 3345522.42 }, "geometry": { "type": "Point", "coordinates": [ 78.7822209, 30.222516299999988 ] } },
{ "type": "Feature", "properties": { "facility_id": "FAC-RDP-090", "osm_id": "node/12870820362", "name": "HNBGU CHAURAS GROUND", "facility_broad_type": "EDUCATION", "facility_category": "EDUCATION_UNIVERSITY", "explicitly_evidenced_emergency_capability": false, "potential_emergency_receiving_facility": false, "classification_trigger": "TAG_UNIVERSITY", "amenity_tag": "university", "healthcare_tag": "", "building_tag": "", "office_tag": "", "emergency_tag": "", "operator_type": "", "source_provider": "OpenStreetMap Contributors", "acquisition_date": "2026-08-30", "latitude_wgs84": 30.222672, "longitude_wgs84": 78.803572, "easting_utm44n": 288608.37, "northing_utm44n": 3345499.84 }, "geometry": { "type": "Point", "coordinates": [ 78.8035716, 30.22267230000001 ] } },
{ "type": "Feature", "properties": { "facility_id": "FAC-RDP-091", "osm_id": "way/1135906157", "name": "NIT Uttarakhand (Office)", "facility_broad_type": "EDUCATION", "facility_category": "EDUCATION_UNIVERSITY", "explicitly_evidenced_emergency_capability": false, "potential_emergency_receiving_facility": false, "classification_trigger": "TAG_UNIVERSITY", "amenity_tag": "university", "healthcare_tag": "", "building_tag": "", "office_tag": "", "emergency_tag": "", "operator_type": "", "source_provider": "OpenStreetMap Contributors", "acquisition_date": "2026-08-30", "latitude_wgs84": 30.218469, "longitude_wgs84": 78.766812, "easting_utm44n": 285060.43, "northing_utm44n": 3345102.8 }, "geometry": { "type": "Point", "coordinates": [ 78.7668115, 30.2184692 ] } },
{ "type": "Feature", "properties": { "facility_id": "FAC-RDP-092", "osm_id": "way/1543004731", "name": "Old Arts Block", "facility_broad_type": "EDUCATION", "facility_category": "EDUCATION_UNIVERSITY", "explicitly_evidenced_emergency_capability": false, "potential_emergency_receiving_facility": false, "classification_trigger": "TAG_UNIVERSITY", "amenity_tag": "", "healthcare_tag": "", "building_tag": "university", "office_tag": "", "emergency_tag": "", "operator_type": "", "source_provider": "OpenStreetMap Contributors", "acquisition_date": "2026-08-30", "latitude_wgs84": 30.22165, "longitude_wgs84": 78.783918, "easting_utm44n": 286714.2, "northing_utm44n": 3345423.15 }, "geometry": { "type": "Point", "coordinates": [ 78.7839183, 30.2216495 ] } },
{ "type": "Feature", "properties": { "facility_id": "FAC-RDP-093", "osm_id": "way/1547749462", "name": "Reading Room", "facility_broad_type": "EDUCATION", "facility_category": "EDUCATION_UNIVERSITY", "explicitly_evidenced_emergency_capability": false, "potential_emergency_receiving_facility": false, "classification_trigger": "TAG_UNIVERSITY", "amenity_tag": "", "healthcare_tag": "", "building_tag": "university", "office_tag": "", "emergency_tag": "", "operator_type": "", "source_provider": "OpenStreetMap Contributors", "acquisition_date": "2026-08-30", "latitude_wgs84": 30.220608, "longitude_wgs84": 78.781095, "easting_utm44n": 286440.11, "northing_utm44n": 3345313.02 }, "geometry": { "type": "Point", "coordinates": [ 78.781094600000017, 30.2206083 ] } },
{ "type": "Feature", "properties": { "facility_id": "FAC-RDP-094", "osm_id": "way/1543004737", "name": "Student Activity Centre", "facility_broad_type": "EDUCATION", "facility_category": "EDUCATION_UNIVERSITY", "explicitly_evidenced_emergency_capability": false, "potential_emergency_receiving_facility": false, "classification_trigger": "TAG_UNIVERSITY", "amenity_tag": "", "healthcare_tag": "", "building_tag": "university", "office_tag": "", "emergency_tag": "", "operator_type": "", "source_provider": "OpenStreetMap Contributors", "acquisition_date": "2026-08-30", "latitude_wgs84": 30.22108, "longitude_wgs84": 78.781884, "easting_utm44n": 286517.14, "northing_utm44n": 3345363.81 }, "geometry": { "type": "Point", "coordinates": [ 78.7818841, 30.2210798 ] } },
{ "type": "Feature", "properties": { "facility_id": "FAC-RDP-095", "osm_id": "way/1551933674", "name": "Swami Manmathan Hall", "facility_broad_type": "EDUCATION", "facility_category": "EDUCATION_UNIVERSITY", "explicitly_evidenced_emergency_capability": false, "potential_emergency_receiving_facility": false, "classification_trigger": "TAG_UNIVERSITY", "amenity_tag": "", "healthcare_tag": "", "building_tag": "university", "office_tag": "", "emergency_tag": "", "operator_type": "", "source_provider": "OpenStreetMap Contributors", "acquisition_date": "2026-08-30", "latitude_wgs84": 30.226513, "longitude_wgs84": 78.805532, "easting_utm44n": 288805.31, "northing_utm44n": 3345921.91 }, "geometry": { "type": "Point", "coordinates": [ 78.8055321, 30.2265127 ] } },
{ "type": "Feature", "properties": { "facility_id": "FAC-RDP-096", "osm_id": "way/1547749460", "name": "Unnamed Education University", "facility_broad_type": "EDUCATION", "facility_category": "EDUCATION_UNIVERSITY", "explicitly_evidenced_emergency_capability": false, "potential_emergency_receiving_facility": false, "classification_trigger": "TAG_UNIVERSITY", "amenity_tag": "", "healthcare_tag": "", "building_tag": "university", "office_tag": "", "emergency_tag": "", "operator_type": "", "source_provider": "OpenStreetMap Contributors", "acquisition_date": "2026-08-30", "latitude_wgs84": 30.222055, "longitude_wgs84": 78.78329, "easting_utm44n": 286654.63, "northing_utm44n": 3345469.29 }, "geometry": { "type": "Point", "coordinates": [ 78.7832904, 30.2220551 ] } },
{ "type": "Feature", "properties": { "facility_id": "FAC-RDP-097", "osm_id": "way/1547749461", "name": "Unnamed Education University", "facility_broad_type": "EDUCATION", "facility_category": "EDUCATION_UNIVERSITY", "explicitly_evidenced_emergency_capability": false, "potential_emergency_receiving_facility": false, "classification_trigger": "TAG_UNIVERSITY", "amenity_tag": "", "healthcare_tag": "", "building_tag": "university", "office_tag": "", "emergency_tag": "", "operator_type": "", "source_provider": "OpenStreetMap Contributors", "acquisition_date": "2026-08-30", "latitude_wgs84": 30.222229, "longitude_wgs84": 78.783196, "easting_utm44n": 286645.95, "northing_utm44n": 3345488.69 }, "geometry": { "type": "Point", "coordinates": [ 78.7831964, 30.2222286 ] } },
{ "type": "Feature", "properties": { "facility_id": "FAC-RDP-098", "osm_id": "way/1547749473", "name": "Unnamed Education University", "facility_broad_type": "EDUCATION", "facility_category": "EDUCATION_UNIVERSITY", "explicitly_evidenced_emergency_capability": false, "potential_emergency_receiving_facility": false, "classification_trigger": "TAG_UNIVERSITY", "amenity_tag": "", "healthcare_tag": "", "building_tag": "university", "office_tag": "", "emergency_tag": "", "operator_type": "", "source_provider": "OpenStreetMap Contributors", "acquisition_date": "2026-08-30", "latitude_wgs84": 30.221726, "longitude_wgs84": 78.782277, "easting_utm44n": 286556.36, "northing_utm44n": 3345434.69 }, "geometry": { "type": "Point", "coordinates": [ 78.782277, 30.2217259 ] } },
{ "type": "Feature", "properties": { "facility_id": "FAC-RDP-099", "osm_id": "way/1547749474", "name": "Unnamed Education University", "facility_broad_type": "EDUCATION", "facility_category": "EDUCATION_UNIVERSITY", "explicitly_evidenced_emergency_capability": false, "potential_emergency_receiving_facility": false, "classification_trigger": "TAG_UNIVERSITY", "amenity_tag": "", "healthcare_tag": "", "building_tag": "university", "office_tag": "", "emergency_tag": "", "operator_type": "", "source_provider": "OpenStreetMap Contributors", "acquisition_date": "2026-08-30", "latitude_wgs84": 30.221573, "longitude_wgs84": 78.782005, "easting_utm44n": 286529.84, "northing_utm44n": 3345418.24 }, "geometry": { "type": "Point", "coordinates": [ 78.782005, 30.2215729 ] } },
{ "type": "Feature", "properties": { "facility_id": "FAC-RDP-100", "osm_id": "way/1547917511", "name": "Unnamed Education University", "facility_broad_type": "EDUCATION", "facility_category": "EDUCATION_UNIVERSITY", "explicitly_evidenced_emergency_capability": false, "potential_emergency_receiving_facility": false, "classification_trigger": "TAG_UNIVERSITY", "amenity_tag": "", "healthcare_tag": "", "building_tag": "university", "office_tag": "", "emergency_tag": "", "operator_type": "", "source_provider": "OpenStreetMap Contributors", "acquisition_date": "2026-08-30", "latitude_wgs84": 30.221276, "longitude_wgs84": 78.781765, "easting_utm44n": 286506.1, "northing_utm44n": 3345385.73 }, "geometry": { "type": "Point", "coordinates": [ 78.7817651, 30.2212755 ] } },
{ "type": "Feature", "properties": { "facility_id": "FAC-RDP-101", "osm_id": "node/12049327970", "name": "Unnamed Emergency Fire Station", "facility_broad_type": "EMERGENCY", "facility_category": "EMERGENCY_FIRE_STATION", "explicitly_evidenced_emergency_capability": true, "potential_emergency_receiving_facility": false, "classification_trigger": "TAG_OR_NAME_FIRE_STATION", "amenity_tag": "fire_station", "healthcare_tag": "", "building_tag": "", "office_tag": "", "emergency_tag": "", "operator_type": "", "source_provider": "OpenStreetMap Contributors", "acquisition_date": "2026-08-30", "latitude_wgs84": 30.300828, "longitude_wgs84": 79.050638, "easting_utm44n": 312540.28, "northing_utm44n": 3353729.68 }, "geometry": { "type": "Point", "coordinates": [ 79.0506377, 30.3008284 ] } },
{ "type": "Feature", "properties": { "facility_id": "FAC-RDP-102", "osm_id": "way/1360651631", "name": "POLICE STATION", "facility_broad_type": "EMERGENCY", "facility_category": "EMERGENCY_POLICE", "explicitly_evidenced_emergency_capability": true, "potential_emergency_receiving_facility": false, "classification_trigger": "TAG_OR_NAME_POLICE", "amenity_tag": "police", "healthcare_tag": "", "building_tag": "yes", "office_tag": "", "emergency_tag": "", "operator_type": "", "source_provider": "OpenStreetMap Contributors", "acquisition_date": "2026-08-30", "latitude_wgs84": 30.409662, "longitude_wgs84": 79.318502, "easting_utm44n": 338482.23, "northing_utm44n": 3365380.58 }, "geometry": { "type": "Point", "coordinates": [ 79.3185017, 30.409662300000011 ] } },
{ "type": "Feature", "properties": { "facility_id": "FAC-RDP-103", "osm_id": "node/12866262866", "name": "Police Station Srinagar Garhwal", "facility_broad_type": "EMERGENCY", "facility_category": "EMERGENCY_POLICE", "explicitly_evidenced_emergency_capability": true, "potential_emergency_receiving_facility": false, "classification_trigger": "TAG_OR_NAME_POLICE", "amenity_tag": "", "healthcare_tag": "", "building_tag": "", "office_tag": "government", "emergency_tag": "", "operator_type": "", "source_provider": "OpenStreetMap Contributors", "acquisition_date": "2026-08-30", "latitude_wgs84": 30.223994, "longitude_wgs84": 78.790468, "easting_utm44n": 287349.75, "northing_utm44n": 3345670.81 }, "geometry": { "type": "Point", "coordinates": [ 78.7904678, 30.2239943 ] } },
{ "type": "Feature", "properties": { "facility_id": "FAC-RDP-104", "osm_id": "node/10830489233", "name": "Rudraprayag Police Station", "facility_broad_type": "EMERGENCY", "facility_category": "EMERGENCY_POLICE", "explicitly_evidenced_emergency_capability": true, "potential_emergency_receiving_facility": false, "classification_trigger": "TAG_OR_NAME_POLICE", "amenity_tag": "police", "healthcare_tag": "", "building_tag": "", "office_tag": "", "emergency_tag": "", "operator_type": "", "source_provider": "OpenStreetMap Contributors", "acquisition_date": "2026-08-30", "latitude_wgs84": 30.286362, "longitude_wgs84": 78.980381, "easting_utm44n": 305754.16, "northing_utm44n": 3352244.32 }, "geometry": { "type": "Point", "coordinates": [ 78.9803807, 30.2863625 ] } },
{ "type": "Feature", "properties": { "facility_id": "FAC-RDP-105", "osm_id": "node/7121752317", "name": "CHC Karanprayag", "facility_broad_type": "HEALTHCARE", "facility_category": "HEALTHCARE_CHC", "explicitly_evidenced_emergency_capability": false, "potential_emergency_receiving_facility": true, "classification_trigger": "HEURISTIC_NAME_CHC", "amenity_tag": "", "healthcare_tag": "centre", "building_tag": "", "office_tag": "", "emergency_tag": "", "operator_type": "", "source_provider": "OpenStreetMap Contributors", "acquisition_date": "2026-08-30", "latitude_wgs84": 30.259922, "longitude_wgs84": 79.215842, "easting_utm44n": 328358.57, "northing_utm44n": 3348934.35 }, "geometry": { "type": "Point", "coordinates": [ 79.2158423, 30.259922 ] } },
{ "type": "Feature", "properties": { "facility_id": "FAC-RDP-106", "osm_id": "node/7127949285", "name": "CHC Pokhari", "facility_broad_type": "HEALTHCARE", "facility_category": "HEALTHCARE_CHC", "explicitly_evidenced_emergency_capability": false, "potential_emergency_receiving_facility": true, "classification_trigger": "HEURISTIC_NAME_CHC", "amenity_tag": "", "healthcare_tag": "centre", "building_tag": "", "office_tag": "", "emergency_tag": "", "operator_type": "", "source_provider": "OpenStreetMap Contributors", "acquisition_date": "2026-08-30", "latitude_wgs84": 30.344273, "longitude_wgs84": 79.19743, "easting_utm44n": 326735.39, "northing_utm44n": 3358311.79 }, "geometry": { "type": "Point", "coordinates": [ 79.1974297, 30.344273 ] } },
{ "type": "Feature", "properties": { "facility_id": "FAC-RDP-107", "osm_id": "node/7127949294", "name": "CHC, Jakholi", "facility_broad_type": "HEALTHCARE", "facility_category": "HEALTHCARE_CHC", "explicitly_evidenced_emergency_capability": false, "potential_emergency_receiving_facility": true, "classification_trigger": "HEURISTIC_NAME_CHC", "amenity_tag": "", "healthcare_tag": "centre", "building_tag": "", "office_tag": "", "emergency_tag": "", "operator_type": "", "source_provider": "OpenStreetMap Contributors", "acquisition_date": "2026-08-30", "latitude_wgs84": 30.392156, "longitude_wgs84": 78.895352, "easting_utm44n": 297792.02, "northing_utm44n": 3364120.17 }, "geometry": { "type": "Point", "coordinates": [ 78.8953516, 30.3921562 ] } },
{ "type": "Feature", "properties": { "facility_id": "FAC-RDP-108", "osm_id": "node/8256584811", "name": "Community Health Centre, Ratura", "facility_broad_type": "HEALTHCARE", "facility_category": "HEALTHCARE_CHC", "explicitly_evidenced_emergency_capability": false, "potential_emergency_receiving_facility": true, "classification_trigger": "HEURISTIC_NAME_CHC", "amenity_tag": "", "healthcare_tag": "centre", "building_tag": "", "office_tag": "", "emergency_tag": "", "operator_type": "", "source_provider": "OpenStreetMap Contributors", "acquisition_date": "2026-08-30", "latitude_wgs84": 30.308112, "longitude_wgs84": 79.03909, "easting_utm44n": 311443.49, "northing_utm44n": 3354556.2 }, "geometry": { "type": "Point", "coordinates": [ 79.0390895, 30.3081123 ] } },
{ "type": "Feature", "properties": { "facility_id": "FAC-RDP-109", "osm_id": "node/7121752371", "name": "Kirtinagar CHC", "facility_broad_type": "HEALTHCARE", "facility_category": "HEALTHCARE_CHC", "explicitly_evidenced_emergency_capability": false, "potential_emergency_receiving_facility": true, "classification_trigger": "HEURISTIC_NAME_CHC", "amenity_tag": "", "healthcare_tag": "centre", "building_tag": "", "office_tag": "", "emergency_tag": "", "operator_type": "", "source_provider": "OpenStreetMap Contributors", "acquisition_date": "2026-08-30", "latitude_wgs84": 30.216185, "longitude_wgs84": 78.746673, "easting_utm44n": 283116.58, "northing_utm44n": 3344887.81 }, "geometry": { "type": "Point", "coordinates": [ 78.746672500000017, 30.216185 ] } },
{ "type": "Feature", "properties": { "facility_id": "FAC-RDP-110", "osm_id": "node/7121752362", "name": "Rikhnikhal CHC", "facility_broad_type": "HEALTHCARE", "facility_category": "HEALTHCARE_CHC", "explicitly_evidenced_emergency_capability": false, "potential_emergency_receiving_facility": true, "classification_trigger": "HEURISTIC_NAME_CHC", "amenity_tag": "", "healthcare_tag": "centre", "building_tag": "", "office_tag": "", "emergency_tag": "", "operator_type": "", "source_provider": "OpenStreetMap Contributors", "acquisition_date": "2026-08-30", "latitude_wgs84": 30.146086, "longitude_wgs84": 78.776889, "easting_utm44n": 285874.02, "northing_utm44n": 3337059.91 }, "geometry": { "type": "Point", "coordinates": [ 78.7768892, 30.1460859 ] } },
{ "type": "Feature", "properties": { "facility_id": "FAC-RDP-111", "osm_id": "node/7479937299", "name": "Anandita Clinic", "facility_broad_type": "HEALTHCARE", "facility_category": "HEALTHCARE_CLINIC", "explicitly_evidenced_emergency_capability": false, "potential_emergency_receiving_facility": false, "classification_trigger": "TAG_CLINIC_CENTRE", "amenity_tag": "clinic", "healthcare_tag": "", "building_tag": "", "office_tag": "", "emergency_tag": "", "operator_type": "", "source_provider": "OpenStreetMap Contributors", "acquisition_date": "2026-08-30", "latitude_wgs84": 30.259496, "longitude_wgs84": 79.216316, "easting_utm44n": 328403.44, "northing_utm44n": 3348886.44 }, "geometry": { "type": "Point", "coordinates": [ 79.2163164, 30.2594962 ] } },
{ "type": "Feature", "properties": { "facility_id": "FAC-RDP-112", "osm_id": "node/7121752337", "name": "Augustmuni", "facility_broad_type": "HEALTHCARE", "facility_category": "HEALTHCARE_CLINIC", "explicitly_evidenced_emergency_capability": false, "potential_emergency_receiving_facility": false, "classification_trigger": "TAG_CLINIC_CENTRE", "amenity_tag": "", "healthcare_tag": "centre", "building_tag": "", "office_tag": "", "emergency_tag": "", "operator_type": "", "source_provider": "OpenStreetMap Contributors", "acquisition_date": "2026-08-30", "latitude_wgs84": 30.391371, "longitude_wgs84": 79.022761, "easting_utm44n": 310034.01, "northing_utm44n": 3363812.41 }, "geometry": { "type": "Point", "coordinates": [ 79.0227605, 30.3913712 ] } },
{ "type": "Feature", "properties": { "facility_id": "FAC-RDP-113", "osm_id": "node/7127949307", "name": "Chopra", "facility_broad_type": "HEALTHCARE", "facility_category": "HEALTHCARE_CLINIC", "explicitly_evidenced_emergency_capability": false, "potential_emergency_receiving_facility": false, "classification_trigger": "TAG_CLINIC_CENTRE", "amenity_tag": "", "healthcare_tag": "centre", "building_tag": "", "office_tag": "", "emergency_tag": "", "operator_type": "", "source_provider": "OpenStreetMap Contributors", "acquisition_date": "2026-08-30", "latitude_wgs84": 30.160408, "longitude_wgs84": 78.927002, "easting_utm44n": 300364.71, "northing_utm44n": 3338375.08 }, "geometry": { "type": "Point", "coordinates": [ 78.9270016, 30.1604082 ] } },
{ "type": "Feature", "properties": { "facility_id": "FAC-RDP-114", "osm_id": "node/7479937325", "name": "D.R Memorial Ortho Physio Care", "facility_broad_type": "HEALTHCARE", "facility_category": "HEALTHCARE_CLINIC", "explicitly_evidenced_emergency_capability": false, "potential_emergency_receiving_facility": false, "classification_trigger": "TAG_CLINIC_CENTRE", "amenity_tag": "clinic", "healthcare_tag": "", "building_tag": "", "office_tag": "", "emergency_tag": "", "operator_type": "", "source_provider": "OpenStreetMap Contributors", "acquisition_date": "2026-08-30", "latitude_wgs84": 30.255965, "longitude_wgs84": 79.218545, "easting_utm44n": 328611.73, "northing_utm44n": 3348491.65 }, "geometry": { "type": "Point", "coordinates": [ 79.2185449, 30.2559647 ] } },
{ "type": "Feature", "properties": { "facility_id": "FAC-RDP-115", "osm_id": "node/7486360411", "name": "Dr. Bahuguna Clinic", "facility_broad_type": "HEALTHCARE", "facility_category": "HEALTHCARE_CLINIC", "explicitly_evidenced_emergency_capability": false, "potential_emergency_receiving_facility": false, "classification_trigger": "TAG_CLINIC_CENTRE", "amenity_tag": "clinic", "healthcare_tag": "", "building_tag": "", "office_tag": "", "emergency_tag": "", "operator_type": "", "source_provider": "OpenStreetMap Contributors", "acquisition_date": "2026-08-30", "latitude_wgs84": 30.147009, "longitude_wgs84": 78.776284, "easting_utm44n": 285817.68, "northing_utm44n": 3337163.41 }, "geometry": { "type": "Point", "coordinates": [ 78.7762836, 30.1470093 ] } },
{ "type": "Feature", "properties": { "facility_id": "FAC-RDP-116", "osm_id": "node/7479937212", "name": "Dr. Kathait Eye Care Centre", "facility_broad_type": "HEALTHCARE", "facility_category": "HEALTHCARE_CLINIC", "explicitly_evidenced_emergency_capability": false, "potential_emergency_receiving_facility": false, "classification_trigger": "TAG_CLINIC_CENTRE", "amenity_tag": "clinic", "healthcare_tag": "", "building_tag": "", "office_tag": "", "emergency_tag": "", "operator_type": "", "source_provider": "OpenStreetMap Contributors", "acquisition_date": "2026-08-30", "latitude_wgs84": 30.409723, "longitude_wgs84": 79.317381, "easting_utm44n": 338374.64, "northing_utm44n": 3365388.92 }, "geometry": { "type": "Point", "coordinates": [ 79.3173807, 30.4097231 ] } },
{ "type": "Feature", "properties": { "facility_id": "FAC-RDP-117", "osm_id": "node/7486360392", "name": "Dr. Nautiyal's Clinic", "facility_broad_type": "HEALTHCARE", "facility_category": "HEALTHCARE_CLINIC", "explicitly_evidenced_emergency_capability": false, "potential_emergency_receiving_facility": false, "classification_trigger": "TAG_CLINIC_CENTRE", "amenity_tag": "clinic", "healthcare_tag": "", "building_tag": "", "office_tag": "", "emergency_tag": "", "operator_type": "", "source_provider": "OpenStreetMap Contributors", "acquisition_date": "2026-08-30", "latitude_wgs84": 30.146978, "longitude_wgs84": 78.77699, "easting_utm44n": 285885.67, "northing_utm44n": 3337158.59 }, "geometry": { "type": "Point", "coordinates": [ 78.7769901, 30.1469778 ] } },
{ "type": "Feature", "properties": { "facility_id": "FAC-RDP-118", "osm_id": "node/7479937234", "name": "ECHS Poly Clinic", "facility_broad_type": "HEALTHCARE", "facility_category": "HEALTHCARE_CLINIC", "explicitly_evidenced_emergency_capability": false, "potential_emergency_receiving_facility": false, "classification_trigger": "TAG_CLINIC_CENTRE", "amenity_tag": "clinic", "healthcare_tag": "", "building_tag": "", "office_tag": "", "emergency_tag": "", "operator_type": "", "source_provider": "OpenStreetMap Contributors", "acquisition_date": "2026-08-30", "latitude_wgs84": 30.289317, "longitude_wgs84": 79.254211, "easting_utm44n": 332100.38, "northing_utm44n": 3352135.12 }, "geometry": { "type": "Point", "coordinates": [ 79.2542109, 30.2893171 ] } },
{ "type": "Feature", "properties": { "facility_id": "FAC-RDP-119", "osm_id": "node/7479937306", "name": "ECHS PolyClinic", "facility_broad_type": "HEALTHCARE", "facility_category": "HEALTHCARE_CLINIC", "explicitly_evidenced_emergency_capability": false, "potential_emergency_receiving_facility": false, "classification_trigger": "TAG_CLINIC_CENTRE", "amenity_tag": "clinic", "healthcare_tag": "", "building_tag": "", "office_tag": "", "emergency_tag": "", "operator_type": "", "source_provider": "OpenStreetMap Contributors", "acquisition_date": "2026-08-30", "latitude_wgs84": 30.283359, "longitude_wgs84": 79.248736, "easting_utm44n": 331563.58, "northing_utm44n": 3351482.86 }, "geometry": { "type": "Point", "coordinates": [ 79.2487361, 30.2833591 ] } },
{ "type": "Feature", "properties": { "facility_id": "FAC-RDP-120", "osm_id": "node/7479937259", "name": "Farswan Clinic", "facility_broad_type": "HEALTHCARE", "facility_category": "HEALTHCARE_CLINIC", "explicitly_evidenced_emergency_capability": false, "potential_emergency_receiving_facility": false, "classification_trigger": "TAG_CLINIC_CENTRE", "amenity_tag": "clinic", "healthcare_tag": "", "building_tag": "", "office_tag": "", "emergency_tag": "", "operator_type": "", "source_provider": "OpenStreetMap Contributors", "acquisition_date": "2026-08-30", "latitude_wgs84": 30.258886, "longitude_wgs84": 79.449727, "easting_utm44n": 350860.38, "northing_utm44n": 3348489.42 }, "geometry": { "type": "Point", "coordinates": [ 79.4497273, 30.2588857 ] } },
{ "type": "Feature", "properties": { "facility_id": "FAC-RDP-121", "osm_id": "node/7479937309", "name": "Guru Kirpa Clinic", "facility_broad_type": "HEALTHCARE", "facility_category": "HEALTHCARE_CLINIC", "explicitly_evidenced_emergency_capability": false, "potential_emergency_receiving_facility": false, "classification_trigger": "TAG_CLINIC_CENTRE", "amenity_tag": "clinic", "healthcare_tag": "", "building_tag": "", "office_tag": "", "emergency_tag": "", "operator_type": "", "source_provider": "OpenStreetMap Contributors", "acquisition_date": "2026-08-30", "latitude_wgs84": 30.407599, "longitude_wgs84": 79.320231, "easting_utm44n": 338644.93, "northing_utm44n": 3365149.38 }, "geometry": { "type": "Point", "coordinates": [ 79.3202306, 30.4075987 ] } },
{ "type": "Feature", "properties": { "facility_id": "FAC-RDP-122", "osm_id": "node/7148918833", "name": "Health Sub Center ,Taluk Karanpryag", "facility_broad_type": "HEALTHCARE", "facility_category": "HEALTHCARE_CLINIC", "explicitly_evidenced_emergency_capability": false, "potential_emergency_receiving_facility": false, "classification_trigger": "TAG_CLINIC_CENTRE", "amenity_tag": "", "healthcare_tag": "centre", "building_tag": "", "office_tag": "", "emergency_tag": "", "operator_type": "", "source_provider": "OpenStreetMap Contributors", "acquisition_date": "2026-08-30", "latitude_wgs84": 30.203124, "longitude_wgs84": 79.197267, "easting_utm44n": 326471.52, "northing_utm44n": 3342667.08 }, "geometry": { "type": "Point", "coordinates": [ 79.1972671, 30.2031238 ] } },
{ "type": "Feature", "properties": { "facility_id": "FAC-RDP-123", "osm_id": "node/7479937242", "name": "Navjyoti Eye Clinic", "facility_broad_type": "HEALTHCARE", "facility_category": "HEALTHCARE_CLINIC", "explicitly_evidenced_emergency_capability": false, "potential_emergency_receiving_facility": false, "classification_trigger": "TAG_CLINIC_CENTRE", "amenity_tag": "clinic", "healthcare_tag": "", "building_tag": "", "office_tag": "", "emergency_tag": "", "operator_type": "", "source_provider": "OpenStreetMap Contributors", "acquisition_date": "2026-08-30", "latitude_wgs84": 30.409741, "longitude_wgs84": 79.317032, "easting_utm44n": 338341.17, "northing_utm44n": 3365391.4 }, "geometry": { "type": "Point", "coordinates": [ 79.317032, 30.409741 ] } },
{ "type": "Feature", "properties": { "facility_id": "FAC-RDP-124", "osm_id": "node/7121752325", "name": "Phata", "facility_broad_type": "HEALTHCARE", "facility_category": "HEALTHCARE_CLINIC", "explicitly_evidenced_emergency_capability": false, "potential_emergency_receiving_facility": false, "classification_trigger": "TAG_CLINIC_CENTRE", "amenity_tag": "", "healthcare_tag": "centre", "building_tag": "", "office_tag": "", "emergency_tag": "", "operator_type": "", "source_provider": "OpenStreetMap Contributors", "acquisition_date": "2026-08-30", "latitude_wgs84": 30.577082, "longitude_wgs84": 79.038783, "easting_utm44n": 311931.32, "northing_utm44n": 3384371.34 }, "geometry": { "type": "Point", "coordinates": [ 79.0387832, 30.5770823 ] } },
{ "type": "Feature", "properties": { "facility_id": "FAC-RDP-125", "osm_id": "node/7479937285", "name": "Physio for Relief Physiotherapy Centre", "facility_broad_type": "HEALTHCARE", "facility_category": "HEALTHCARE_CLINIC", "explicitly_evidenced_emergency_capability": false, "potential_emergency_receiving_facility": false, "classification_trigger": "TAG_CLINIC_CENTRE", "amenity_tag": "clinic", "healthcare_tag": "", "building_tag": "", "office_tag": "", "emergency_tag": "", "operator_type": "", "source_provider": "OpenStreetMap Contributors", "acquisition_date": "2026-08-30", "latitude_wgs84": 30.413114, "longitude_wgs84": 79.316557, "easting_utm44n": 338301.06, "northing_utm44n": 3365765.88 }, "geometry": { "type": "Point", "coordinates": [ 79.3165566, 30.4131135 ] } },
{ "type": "Feature", "properties": { "facility_id": "FAC-RDP-126", "osm_id": "node/7479937265", "name": "Semwal Clinic", "facility_broad_type": "HEALTHCARE", "facility_category": "HEALTHCARE_CLINIC", "explicitly_evidenced_emergency_capability": false, "potential_emergency_receiving_facility": false, "classification_trigger": "TAG_CLINIC_CENTRE", "amenity_tag": "clinic", "healthcare_tag": "", "building_tag": "", "office_tag": "", "emergency_tag": "", "operator_type": "", "source_provider": "OpenStreetMap Contributors", "acquisition_date": "2026-08-30", "latitude_wgs84": 30.260216, "longitude_wgs84": 79.217562, "easting_utm44n": 328524.5, "northing_utm44n": 3348964.31 }, "geometry": { "type": "Point", "coordinates": [ 79.2175616, 30.260215699999989 ] } },
{ "type": "Feature", "properties": { "facility_id": "FAC-RDP-127", "osm_id": "node/7479937290", "name": "Shree Gopinath Health Care", "facility_broad_type": "HEALTHCARE", "facility_category": "HEALTHCARE_CLINIC", "explicitly_evidenced_emergency_capability": false, "potential_emergency_receiving_facility": false, "classification_trigger": "TAG_CLINIC_CENTRE", "amenity_tag": "clinic", "healthcare_tag": "", "building_tag": "", "office_tag": "", "emergency_tag": "", "operator_type": "", "source_provider": "OpenStreetMap Contributors", "acquisition_date": "2026-08-30", "latitude_wgs84": 30.409423, "longitude_wgs84": 79.317512, "easting_utm44n": 338386.79, "northing_utm44n": 3365355.41 }, "geometry": { "type": "Point", "coordinates": [ 79.3175123, 30.409422500000012 ] } },
{ "type": "Feature", "properties": { "facility_id": "FAC-RDP-128", "osm_id": "node/7479937269", "name": "Tammanna Eye Care & Optical Centre", "facility_broad_type": "HEALTHCARE", "facility_category": "HEALTHCARE_CLINIC", "explicitly_evidenced_emergency_capability": false, "potential_emergency_receiving_facility": false, "classification_trigger": "TAG_CLINIC_CENTRE", "amenity_tag": "clinic", "healthcare_tag": "", "building_tag": "", "office_tag": "", "emergency_tag": "", "operator_type": "", "source_provider": "OpenStreetMap Contributors", "acquisition_date": "2026-08-30", "latitude_wgs84": 30.409441, "longitude_wgs84": 79.318032, "easting_utm44n": 338436.75, "northing_utm44n": 3365356.72 }, "geometry": { "type": "Point", "coordinates": [ 79.318032, 30.409441 ] } },
{ "type": "Feature", "properties": { "facility_id": "FAC-RDP-129", "osm_id": "node/6956686357", "name": "Chaudhary Hospital", "facility_broad_type": "HEALTHCARE", "facility_category": "HEALTHCARE_HOSPITAL", "explicitly_evidenced_emergency_capability": false, "potential_emergency_receiving_facility": true, "classification_trigger": "TAG_HOSPITAL", "amenity_tag": "hospital", "healthcare_tag": "", "building_tag": "", "office_tag": "", "emergency_tag": "", "operator_type": "", "source_provider": "OpenStreetMap Contributors", "acquisition_date": "2026-08-30", "latitude_wgs84": 30.220773, "longitude_wgs84": 78.779013, "easting_utm44n": 286240.05, "northing_utm44n": 3345335.16 }, "geometry": { "type": "Point", "coordinates": [ 78.7790128, 30.2207727 ] } },
{ "type": "Feature", "properties": { "facility_id": "FAC-RDP-130", "osm_id": "way/825078084", "name": "Combined Hospital Srinagar", "facility_broad_type": "HEALTHCARE", "facility_category": "HEALTHCARE_HOSPITAL", "explicitly_evidenced_emergency_capability": false, "potential_emergency_receiving_facility": true, "classification_trigger": "TAG_HOSPITAL", "amenity_tag": "hospital", "healthcare_tag": "hospital", "building_tag": "", "office_tag": "", "emergency_tag": "", "operator_type": "", "source_provider": "OpenStreetMap Contributors", "acquisition_date": "2026-08-30", "latitude_wgs84": 30.222557, "longitude_wgs84": 78.78491, "easting_utm44n": 286811.65, "northing_utm44n": 3345521.93 }, "geometry": { "type": "Point", "coordinates": [ 78.7849103, 30.2225574 ] } },
{ "type": "Feature", "properties": { "facility_id": "FAC-RDP-131", "osm_id": "node/7127949348", "name": "DH Pauri", "facility_broad_type": "HEALTHCARE", "facility_category": "HEALTHCARE_HOSPITAL", "explicitly_evidenced_emergency_capability": false, "potential_emergency_receiving_facility": true, "classification_trigger": "TAG_HOSPITAL", "amenity_tag": "hospital", "healthcare_tag": "", "building_tag": "", "office_tag": "", "emergency_tag": "", "operator_type": "", "source_provider": "OpenStreetMap Contributors", "acquisition_date": "2026-08-30", "latitude_wgs84": 30.150837, "longitude_wgs84": 78.773694, "easting_utm44n": 285576.44, "northing_utm44n": 3337592.64 }, "geometry": { "type": "Point", "coordinates": [ 78.7736936, 30.1508374 ] } },
{ "type": "Feature", "properties": { "facility_id": "FAC-RDP-132", "osm_id": "way/906330606", "name": "District Hospital Gopeshwar", "facility_broad_type": "HEALTHCARE", "facility_category": "HEALTHCARE_HOSPITAL", "explicitly_evidenced_emergency_capability": false, "potential_emergency_receiving_facility": true, "classification_trigger": "TAG_HOSPITAL", "amenity_tag": "hospital", "healthcare_tag": "hospital", "building_tag": "", "office_tag": "", "emergency_tag": "", "operator_type": "", "source_provider": "OpenStreetMap Contributors", "acquisition_date": "2026-08-30", "latitude_wgs84": 30.40991, "longitude_wgs84": 79.32002, "easting_utm44n": 338628.53, "northing_utm44n": 3365405.84 }, "geometry": { "type": "Point", "coordinates": [ 79.3200203, 30.4099098 ] } },
{ "type": "Feature", "properties": { "facility_id": "FAC-RDP-133", "osm_id": "node/7127949339", "name": "District Hospital Rudraprayag", "facility_broad_type": "HEALTHCARE", "facility_category": "HEALTHCARE_HOSPITAL", "explicitly_evidenced_emergency_capability": false, "potential_emergency_receiving_facility": true, "classification_trigger": "TAG_HOSPITAL", "amenity_tag": "hospital", "healthcare_tag": "", "building_tag": "", "office_tag": "", "emergency_tag": "", "operator_type": "", "source_provider": "OpenStreetMap Contributors", "acquisition_date": "2026-08-30", "latitude_wgs84": 30.286468, "longitude_wgs84": 78.9815, "easting_utm44n": 305862.01, "northing_utm44n": 3352254.12 }, "geometry": { "type": "Point", "coordinates": [ 78.9814996, 30.2864682 ] } },
{ "type": "Feature", "properties": { "facility_id": "FAC-RDP-134", "osm_id": "node/8256488869", "name": "Government Hospital, Basukedar", "facility_broad_type": "HEALTHCARE", "facility_category": "HEALTHCARE_HOSPITAL", "explicitly_evidenced_emergency_capability": false, "potential_emergency_receiving_facility": true, "classification_trigger": "TAG_HOSPITAL", "amenity_tag": "hospital", "healthcare_tag": "", "building_tag": "", "office_tag": "", "emergency_tag": "", "operator_type": "", "source_provider": "OpenStreetMap Contributors", "acquisition_date": "2026-08-30", "latitude_wgs84": 30.439219, "longitude_wgs84": 79.05613, "easting_utm44n": 313331.74, "northing_utm44n": 3369060.65 }, "geometry": { "type": "Point", "coordinates": [ 79.0561296, 30.4392191 ] } },
{ "type": "Feature", "properties": { "facility_id": "FAC-RDP-135", "osm_id": "node/8239172655", "name": "Government Hospital, Chipalghat", "facility_broad_type": "HEALTHCARE", "facility_category": "HEALTHCARE_HOSPITAL", "explicitly_evidenced_emergency_capability": false, "potential_emergency_receiving_facility": true, "classification_trigger": "TAG_HOSPITAL", "amenity_tag": "hospital", "healthcare_tag": "", "building_tag": "", "office_tag": "", "emergency_tag": "", "operator_type": "", "source_provider": "OpenStreetMap Contributors", "acquisition_date": "2026-08-30", "latitude_wgs84": 30.112183, "longitude_wgs84": 78.924569, "easting_utm44n": 300033.12, "northing_utm44n": 3333033.78 }, "geometry": { "type": "Point", "coordinates": [ 78.924568900000011, 30.1121834 ] } },
{ "type": "Feature", "properties": { "facility_id": "FAC-RDP-136", "osm_id": "node/8256486598", "name": "Government Hospital, Jakhal Bhardar", "facility_broad_type": "HEALTHCARE", "facility_category": "HEALTHCARE_HOSPITAL", "explicitly_evidenced_emergency_capability": false, "potential_emergency_receiving_facility": true, "classification_trigger": "TAG_HOSPITAL", "amenity_tag": "hospital", "healthcare_tag": "", "building_tag": "", "office_tag": "", "emergency_tag": "", "operator_type": "", "source_provider": "OpenStreetMap Contributors", "acquisition_date": "2026-08-30", "latitude_wgs84": 30.348748, "longitude_wgs84": 78.927167, "easting_utm44n": 300761.38, "northing_utm44n": 3359252.0 }, "geometry": { "type": "Point", "coordinates": [ 78.9271673, 30.3487485 ] } },
{ "type": "Feature", "properties": { "facility_id": "FAC-RDP-137", "osm_id": "node/7479937215", "name": "Government Hospital, Karnaprayag", "facility_broad_type": "HEALTHCARE", "facility_category": "HEALTHCARE_HOSPITAL", "explicitly_evidenced_emergency_capability": false, "potential_emergency_receiving_facility": true, "classification_trigger": "TAG_HOSPITAL", "amenity_tag": "hospital", "healthcare_tag": "", "building_tag": "", "office_tag": "", "emergency_tag": "", "operator_type": "", "source_provider": "OpenStreetMap Contributors", "acquisition_date": "2026-08-30", "latitude_wgs84": 30.260297, "longitude_wgs84": 79.214993, "easting_utm44n": 328277.46, "northing_utm44n": 3348977.21 }, "geometry": { "type": "Point", "coordinates": [ 79.2149926, 30.2602971 ] } },
{ "type": "Feature", "properties": { "facility_id": "FAC-RDP-138", "osm_id": "node/7127949280", "name": "Government Hospital, Kherakhal", "facility_broad_type": "HEALTHCARE", "facility_category": "HEALTHCARE_HOSPITAL", "explicitly_evidenced_emergency_capability": false, "potential_emergency_receiving_facility": true, "classification_trigger": "TAG_HOSPITAL", "amenity_tag": "hospital", "healthcare_tag": "", "building_tag": "", "office_tag": "", "emergency_tag": "", "operator_type": "", "source_provider": "OpenStreetMap Contributors", "acquisition_date": "2026-08-30", "latitude_wgs84": 30.217783, "longitude_wgs84": 78.915824, "easting_utm44n": 299404.43, "northing_utm44n": 3344754.62 }, "geometry": { "type": "Point", "coordinates": [ 78.9158241, 30.2177833 ] } },
{ "type": "Feature", "properties": { "facility_id": "FAC-RDP-139", "osm_id": "node/8256506176", "name": "Government Hospital, Makku Math", "facility_broad_type": "HEALTHCARE", "facility_category": "HEALTHCARE_HOSPITAL", "explicitly_evidenced_emergency_capability": false, "potential_emergency_receiving_facility": true, "classification_trigger": "TAG_HOSPITAL", "amenity_tag": "hospital", "healthcare_tag": "", "building_tag": "", "office_tag": "", "emergency_tag": "", "operator_type": "", "source_provider": "OpenStreetMap Contributors", "acquisition_date": "2026-08-30", "latitude_wgs84": 30.482066, "longitude_wgs84": 79.136288, "easting_utm44n": 321108.99, "northing_utm44n": 3373680.32 }, "geometry": { "type": "Point", "coordinates": [ 79.1362881, 30.4820658 ] } },
{ "type": "Feature", "properties": { "facility_id": "FAC-RDP-140", "osm_id": "node/8256476232", "name": "Government Hospital, Pathalidhar", "facility_broad_type": "HEALTHCARE", "facility_category": "HEALTHCARE_HOSPITAL", "explicitly_evidenced_emergency_capability": false, "potential_emergency_receiving_facility": true, "classification_trigger": "TAG_HOSPITAL", "amenity_tag": "hospital", "healthcare_tag": "", "building_tag": "", "office_tag": "", "emergency_tag": "", "operator_type": "", "source_provider": "OpenStreetMap Contributors", "acquisition_date": "2026-08-30", "latitude_wgs84": 30.411815, "longitude_wgs84": 79.031914, "easting_utm44n": 310952.99, "northing_utm44n": 3366063.21 }, "geometry": { "type": "Point", "coordinates": [ 79.0319136, 30.4118149 ] } },
{ "type": "Feature", "properties": { "facility_id": "FAC-RDP-141", "osm_id": "node/7479937238", "name": "Governnment Hospital, Tuneda", "facility_broad_type": "HEALTHCARE", "facility_category": "HEALTHCARE_HOSPITAL", "explicitly_evidenced_emergency_capability": false, "potential_emergency_receiving_facility": true, "classification_trigger": "TAG_HOSPITAL", "amenity_tag": "hospital", "healthcare_tag": "", "building_tag": "", "office_tag": "", "emergency_tag": "", "operator_type": "", "source_provider": "OpenStreetMap Contributors", "acquisition_date": "2026-08-30", "latitude_wgs84": 30.180985, "longitude_wgs84": 79.372323, "easting_utm44n": 343289.42, "northing_utm44n": 3339959.53 }, "geometry": { "type": "Point", "coordinates": [ 79.3723226, 30.1809855 ] } },
{ "type": "Feature", "properties": { "facility_id": "FAC-RDP-142", "osm_id": "way/1046331144", "name": "Hemwati Nandan Bahuguna Base Hospital Srinagar", "facility_broad_type": "HEALTHCARE", "facility_category": "HEALTHCARE_HOSPITAL", "explicitly_evidenced_emergency_capability": false, "potential_emergency_receiving_facility": true, "classification_trigger": "TAG_HOSPITAL", "amenity_tag": "hospital", "healthcare_tag": "hospital", "building_tag": "", "office_tag": "", "emergency_tag": "", "operator_type": "", "source_provider": "OpenStreetMap Contributors", "acquisition_date": "2026-08-30", "latitude_wgs84": 30.223044, "longitude_wgs84": 78.816607, "easting_utm44n": 289864.06, "northing_utm44n": 3345516.89 }, "geometry": { "type": "Point", "coordinates": [ 78.8166073, 30.223044 ] } },
{ "type": "Feature", "properties": { "facility_id": "FAC-RDP-143", "osm_id": "node/12866262873", "name": "Hospital", "facility_broad_type": "HEALTHCARE", "facility_category": "HEALTHCARE_HOSPITAL", "explicitly_evidenced_emergency_capability": false, "potential_emergency_receiving_facility": true, "classification_trigger": "HEURISTIC_NAME_HOSPITAL", "amenity_tag": "", "healthcare_tag": "", "building_tag": "", "office_tag": "government", "emergency_tag": "", "operator_type": "", "source_provider": "OpenStreetMap Contributors", "acquisition_date": "2026-08-30", "latitude_wgs84": 30.222563, "longitude_wgs84": 78.784453, "easting_utm44n": 286767.6, "northing_utm44n": 3345523.43 }, "geometry": { "type": "Point", "coordinates": [ 78.784452500000015, 30.2225632 ] } },
{ "type": "Feature", "properties": { "facility_id": "FAC-RDP-144", "osm_id": "node/7479937264", "name": "ITBP Hospital", "facility_broad_type": "HEALTHCARE", "facility_category": "HEALTHCARE_HOSPITAL", "explicitly_evidenced_emergency_capability": false, "potential_emergency_receiving_facility": true, "classification_trigger": "TAG_HOSPITAL", "amenity_tag": "hospital", "healthcare_tag": "", "building_tag": "", "office_tag": "", "emergency_tag": "", "operator_type": "", "source_provider": "OpenStreetMap Contributors", "acquisition_date": "2026-08-30", "latitude_wgs84": 30.287139, "longitude_wgs84": 79.145176, "easting_utm44n": 321608.35, "northing_utm44n": 3352059.97 }, "geometry": { "type": "Point", "coordinates": [ 79.145176, 30.287139 ] } },
{ "type": "Feature", "properties": { "facility_id": "FAC-RDP-145", "osm_id": "node/7486360455", "name": "Jankalyan Hospital, Rudraprayag", "facility_broad_type": "HEALTHCARE", "facility_category": "HEALTHCARE_HOSPITAL", "explicitly_evidenced_emergency_capability": false, "potential_emergency_receiving_facility": true, "classification_trigger": "TAG_HOSPITAL", "amenity_tag": "hospital", "healthcare_tag": "", "building_tag": "", "office_tag": "", "emergency_tag": "", "operator_type": "", "source_provider": "OpenStreetMap Contributors", "acquisition_date": "2026-08-30", "latitude_wgs84": 30.283531, "longitude_wgs84": 78.98315, "easting_utm44n": 306014.95, "northing_utm44n": 3351925.73 }, "geometry": { "type": "Point", "coordinates": [ 78.9831496, 30.2835311 ] } },
{ "type": "Feature", "properties": { "facility_id": "FAC-RDP-146", "osm_id": "way/226734202", "name": "Kedarnath Hospital", "facility_broad_type": "HEALTHCARE", "facility_category": "HEALTHCARE_HOSPITAL", "explicitly_evidenced_emergency_capability": false, "potential_emergency_receiving_facility": true, "classification_trigger": "TAG_HOSPITAL", "amenity_tag": "", "healthcare_tag": "", "building_tag": "hospital", "office_tag": "", "emergency_tag": "", "operator_type": "", "source_provider": "OpenStreetMap Contributors", "acquisition_date": "2026-08-30", "latitude_wgs84": 30.73252, "longitude_wgs84": 79.067211, "easting_utm44n": 314954.3, "northing_utm44n": 3401554.41 }, "geometry": { "type": "Point", "coordinates": [ 79.0672106, 30.73252 ] } },
{ "type": "Feature", "properties": { "facility_id": "FAC-RDP-147", "osm_id": "node/7127949346", "name": "Nandprayag Governnment Hospital", "facility_broad_type": "HEALTHCARE", "facility_category": "HEALTHCARE_HOSPITAL", "explicitly_evidenced_emergency_capability": false, "potential_emergency_receiving_facility": true, "classification_trigger": "TAG_HOSPITAL", "amenity_tag": "hospital", "healthcare_tag": "", "building_tag": "", "office_tag": "", "emergency_tag": "", "operator_type": "", "source_provider": "OpenStreetMap Contributors", "acquisition_date": "2026-08-30", "latitude_wgs84": 30.331659, "longitude_wgs84": 79.321027, "easting_utm44n": 338596.74, "northing_utm44n": 3356731.27 }, "geometry": { "type": "Point", "coordinates": [ 79.3210273, 30.3316591 ] } },
{ "type": "Feature", "properties": { "facility_id": "FAC-RDP-148", "osm_id": "node/7479937216", "name": "Parkhal Hospital", "facility_broad_type": "HEALTHCARE", "facility_category": "HEALTHCARE_HOSPITAL", "explicitly_evidenced_emergency_capability": false, "potential_emergency_receiving_facility": true, "classification_trigger": "TAG_HOSPITAL", "amenity_tag": "hospital", "healthcare_tag": "", "building_tag": "", "office_tag": "", "emergency_tag": "", "operator_type": "", "source_provider": "OpenStreetMap Contributors", "acquisition_date": "2026-08-30", "latitude_wgs84": 30.14074, "longitude_wgs84": 79.401288, "easting_utm44n": 346016.02, "northing_utm44n": 3335459.51 }, "geometry": { "type": "Point", "coordinates": [ 79.4012884, 30.1407397 ] } },
{ "type": "Feature", "properties": { "facility_id": "FAC-RDP-149", "osm_id": "node/7479937239", "name": "Pipalkoti SD Ground Hospital", "facility_broad_type": "HEALTHCARE", "facility_category": "HEALTHCARE_HOSPITAL", "explicitly_evidenced_emergency_capability": false, "potential_emergency_receiving_facility": true, "classification_trigger": "TAG_HOSPITAL", "amenity_tag": "hospital", "healthcare_tag": "", "building_tag": "", "office_tag": "", "emergency_tag": "", "operator_type": "", "source_provider": "OpenStreetMap Contributors", "acquisition_date": "2026-08-30", "latitude_wgs84": 30.433455, "longitude_wgs84": 79.430289, "easting_utm44n": 349257.99, "northing_utm44n": 3367863.43 }, "geometry": { "type": "Point", "coordinates": [ 79.4302887, 30.4334554 ] } },
{ "type": "Feature", "properties": { "facility_id": "FAC-RDP-150", "osm_id": "node/7479937316", "name": "Swami Vivekanand Dharmarth Chikitsalay", "facility_broad_type": "HEALTHCARE", "facility_category": "HEALTHCARE_HOSPITAL", "explicitly_evidenced_emergency_capability": false, "potential_emergency_receiving_facility": true, "classification_trigger": "TAG_HOSPITAL", "amenity_tag": "hospital", "healthcare_tag": "", "building_tag": "", "office_tag": "", "emergency_tag": "", "operator_type": "", "source_provider": "OpenStreetMap Contributors", "acquisition_date": "2026-08-30", "latitude_wgs84": 30.428429, "longitude_wgs84": 79.42688, "easting_utm44n": 348922.85, "northing_utm44n": 3367310.84 }, "geometry": { "type": "Point", "coordinates": [ 79.4268799, 30.4284287 ] } },
{ "type": "Feature", "properties": { "facility_id": "FAC-RDP-151", "osm_id": "node/9841478658", "name": "Swami vikenand charitable hospital", "facility_broad_type": "HEALTHCARE", "facility_category": "HEALTHCARE_HOSPITAL", "explicitly_evidenced_emergency_capability": false, "potential_emergency_receiving_facility": true, "classification_trigger": "TAG_HOSPITAL", "amenity_tag": "hospital", "healthcare_tag": "hospital", "building_tag": "", "office_tag": "", "emergency_tag": "", "operator_type": "", "source_provider": "OpenStreetMap Contributors", "acquisition_date": "2026-08-30", "latitude_wgs84": 30.724545, "longitude_wgs84": 79.069863, "easting_utm44n": 315193.12, "northing_utm44n": 3400665.98 }, "geometry": { "type": "Point", "coordinates": [ 79.0698635, 30.7245448 ] } },
{ "type": "Feature", "properties": { "facility_id": "FAC-RDP-152", "osm_id": "node/7479937224", "name": "Trauma Centre", "facility_broad_type": "HEALTHCARE", "facility_category": "HEALTHCARE_HOSPITAL", "explicitly_evidenced_emergency_capability": false, "potential_emergency_receiving_facility": true, "classification_trigger": "TAG_HOSPITAL", "amenity_tag": "hospital", "healthcare_tag": "", "building_tag": "", "office_tag": "", "emergency_tag": "", "operator_type": "", "source_provider": "OpenStreetMap Contributors", "acquisition_date": "2026-08-30", "latitude_wgs84": 30.263264, "longitude_wgs84": 79.215166, "easting_utm44n": 328299.33, "northing_utm44n": 3349305.85 }, "geometry": { "type": "Point", "coordinates": [ 79.2151662, 30.2632645 ] } },
{ "type": "Feature", "properties": { "facility_id": "FAC-RDP-153", "osm_id": "node/7127949313", "name": "APHC Gaucher", "facility_broad_type": "HEALTHCARE", "facility_category": "HEALTHCARE_PHC", "explicitly_evidenced_emergency_capability": false, "potential_emergency_receiving_facility": true, "classification_trigger": "HEURISTIC_NAME_PHC", "amenity_tag": "", "healthcare_tag": "centre", "building_tag": "", "office_tag": "", "emergency_tag": "", "operator_type": "", "source_provider": "OpenStreetMap Contributors", "acquisition_date": "2026-08-30", "latitude_wgs84": 30.296239, "longitude_wgs84": 79.14785, "easting_utm44n": 321881.97, "northing_utm44n": 3353064.38 }, "geometry": { "type": "Point", "coordinates": [ 79.1478495, 30.2962385 ] } },
{ "type": "Feature", "properties": { "facility_id": "FAC-RDP-154", "osm_id": "node/7121752333", "name": "APHC Pipalkhoti", "facility_broad_type": "HEALTHCARE", "facility_category": "HEALTHCARE_PHC", "explicitly_evidenced_emergency_capability": false, "potential_emergency_receiving_facility": true, "classification_trigger": "HEURISTIC_NAME_PHC", "amenity_tag": "", "healthcare_tag": "centre", "building_tag": "", "office_tag": "", "emergency_tag": "", "operator_type": "", "source_provider": "OpenStreetMap Contributors", "acquisition_date": "2026-08-30", "latitude_wgs84": 30.433181, "longitude_wgs84": 79.432504, "easting_utm44n": 349470.31, "northing_utm44n": 3367830.1 }, "geometry": { "type": "Point", "coordinates": [ 79.4325038, 30.4331813 ] } },
{ "type": "Feature", "properties": { "facility_id": "FAC-RDP-155", "osm_id": "node/7127949306", "name": "Khirsu PHC", "facility_broad_type": "HEALTHCARE", "facility_category": "HEALTHCARE_PHC", "explicitly_evidenced_emergency_capability": false, "potential_emergency_receiving_facility": true, "classification_trigger": "HEURISTIC_NAME_PHC", "amenity_tag": "", "healthcare_tag": "centre", "building_tag": "", "office_tag": "", "emergency_tag": "", "operator_type": "", "source_provider": "OpenStreetMap Contributors", "acquisition_date": "2026-08-30", "latitude_wgs84": 30.172205, "longitude_wgs84": 78.867954, "easting_utm44n": 294701.44, "northing_utm44n": 3339787.66 }, "geometry": { "type": "Point", "coordinates": [ 78.867954, 30.172205 ] } },
{ "type": "Feature", "properties": { "facility_id": "FAC-RDP-156", "osm_id": "node/7127949296", "name": "PHC Chopta", "facility_broad_type": "HEALTHCARE", "facility_category": "HEALTHCARE_PHC", "explicitly_evidenced_emergency_capability": false, "potential_emergency_receiving_facility": true, "classification_trigger": "HEURISTIC_NAME_PHC", "amenity_tag": "", "healthcare_tag": "centre", "building_tag": "", "office_tag": "", "emergency_tag": "", "operator_type": "", "source_provider": "OpenStreetMap Contributors", "acquisition_date": "2026-08-30", "latitude_wgs84": 30.351644, "longitude_wgs84": 79.041267, "easting_utm44n": 311736.25, "northing_utm44n": 3359377.93 }, "geometry": { "type": "Point", "coordinates": [ 79.041267, 30.3516444 ] } },
{ "type": "Feature", "properties": { "facility_id": "FAC-RDP-157", "osm_id": "node/7121752358", "name": "PHC Ghat", "facility_broad_type": "HEALTHCARE", "facility_category": "HEALTHCARE_PHC", "explicitly_evidenced_emergency_capability": false, "potential_emergency_receiving_facility": true, "classification_trigger": "HEURISTIC_NAME_PHC", "amenity_tag": "", "healthcare_tag": "centre", "building_tag": "", "office_tag": "", "emergency_tag": "", "operator_type": "", "source_provider": "OpenStreetMap Contributors", "acquisition_date": "2026-08-30", "latitude_wgs84": 30.257154, "longitude_wgs84": 79.448044, "easting_utm44n": 350695.8, "northing_utm44n": 3348299.7 }, "geometry": { "type": "Point", "coordinates": [ 79.448044, 30.257154 ] } },
{ "type": "Feature", "properties": { "facility_id": "FAC-RDP-158", "osm_id": "node/7127949341", "name": "PHC Narayanbagar", "facility_broad_type": "HEALTHCARE", "facility_category": "HEALTHCARE_PHC", "explicitly_evidenced_emergency_capability": false, "potential_emergency_receiving_facility": true, "classification_trigger": "HEURISTIC_NAME_PHC", "amenity_tag": "", "healthcare_tag": "centre", "building_tag": "", "office_tag": "", "emergency_tag": "", "operator_type": "", "source_provider": "OpenStreetMap Contributors", "acquisition_date": "2026-08-30", "latitude_wgs84": 30.146693, "longitude_wgs84": 79.374272, "easting_utm44n": 343422.94, "northing_utm44n": 3336156.15 }, "geometry": { "type": "Point", "coordinates": [ 79.374272100000013, 30.1466934 ] } },
{ "type": "Feature", "properties": { "facility_id": "FAC-RDP-159", "osm_id": "way/1360701751", "name": "PRIMARY HEALTH CENTRE", "facility_broad_type": "HEALTHCARE", "facility_category": "HEALTHCARE_PHC", "explicitly_evidenced_emergency_capability": false, "potential_emergency_receiving_facility": true, "classification_trigger": "HEURISTIC_NAME_PHC", "amenity_tag": "", "healthcare_tag": "yes", "building_tag": "", "office_tag": "", "emergency_tag": "", "operator_type": "", "source_provider": "OpenStreetMap Contributors", "acquisition_date": "2026-08-30", "latitude_wgs84": 30.404149, "longitude_wgs84": 79.332762, "easting_utm44n": 339843.21, "northing_utm44n": 3364749.26 }, "geometry": { "type": "Point", "coordinates": [ 79.332762, 30.4041493 ] } },
{ "type": "Feature", "properties": { "facility_id": "FAC-RDP-160", "osm_id": "node/8256503387", "name": "Primary Health Centre, Bhiri", "facility_broad_type": "HEALTHCARE", "facility_category": "HEALTHCARE_PHC", "explicitly_evidenced_emergency_capability": false, "potential_emergency_receiving_facility": true, "classification_trigger": "HEURISTIC_NAME_PHC", "amenity_tag": "", "healthcare_tag": "centre", "building_tag": "", "office_tag": "", "emergency_tag": "", "operator_type": "", "source_provider": "OpenStreetMap Contributors", "acquisition_date": "2026-08-30", "latitude_wgs84": 30.466085, "longitude_wgs84": 79.077382, "easting_utm44n": 315423.67, "northing_utm44n": 3372003.77 }, "geometry": { "type": "Point", "coordinates": [ 79.0773824, 30.4660854 ] } },
{ "type": "Feature", "properties": { "facility_id": "FAC-RDP-161", "osm_id": "node/8256783746", "name": "Primary Health Centre, Guptkashi", "facility_broad_type": "HEALTHCARE", "facility_category": "HEALTHCARE_PHC", "explicitly_evidenced_emergency_capability": false, "potential_emergency_receiving_facility": true, "classification_trigger": "HEURISTIC_NAME_PHC", "amenity_tag": "", "healthcare_tag": "centre", "building_tag": "", "office_tag": "", "emergency_tag": "", "operator_type": "", "source_provider": "OpenStreetMap Contributors", "acquisition_date": "2026-08-30", "latitude_wgs84": 30.528423, "longitude_wgs84": 79.082263, "easting_utm44n": 316009.7, "northing_utm44n": 3378905.68 }, "geometry": { "type": "Point", "coordinates": [ 79.0822627, 30.5284225 ] } },
{ "type": "Feature", "properties": { "facility_id": "FAC-RDP-162", "osm_id": "node/7486360438", "name": "Primary Health Centre, Mundoli", "facility_broad_type": "HEALTHCARE", "facility_category": "HEALTHCARE_PHC", "explicitly_evidenced_emergency_capability": false, "potential_emergency_receiving_facility": true, "classification_trigger": "HEURISTIC_NAME_PHC", "amenity_tag": "", "healthcare_tag": "centre", "building_tag": "", "office_tag": "", "emergency_tag": "", "operator_type": "", "source_provider": "OpenStreetMap Contributors", "acquisition_date": "2026-08-30", "latitude_wgs84": 30.217657, "longitude_wgs84": 78.916289, "easting_utm44n": 299448.96, "northing_utm44n": 3344739.84 }, "geometry": { "type": "Point", "coordinates": [ 78.9162893, 30.2176574 ] } },
{ "type": "Feature", "properties": { "facility_id": "FAC-RDP-163", "osm_id": "node/8256625320", "name": "Primary Health Centre, Nagrasu", "facility_broad_type": "HEALTHCARE", "facility_category": "HEALTHCARE_PHC", "explicitly_evidenced_emergency_capability": false, "potential_emergency_receiving_facility": true, "classification_trigger": "HEURISTIC_NAME_PHC", "amenity_tag": "", "healthcare_tag": "centre", "building_tag": "", "office_tag": "", "emergency_tag": "", "operator_type": "", "source_provider": "OpenStreetMap Contributors", "acquisition_date": "2026-08-30", "latitude_wgs84": 30.299373, "longitude_wgs84": 79.10494, "easting_utm44n": 317760.51, "northing_utm44n": 3353479.87 }, "geometry": { "type": "Point", "coordinates": [ 79.1049401, 30.2993725 ] } },
{ "type": "Feature", "properties": { "facility_id": "FAC-RDP-164", "osm_id": "node/7127949322", "name": "Ukhimath Primary Health Centre", "facility_broad_type": "HEALTHCARE", "facility_category": "HEALTHCARE_PHC", "explicitly_evidenced_emergency_capability": false, "potential_emergency_receiving_facility": true, "classification_trigger": "HEURISTIC_NAME_PHC", "amenity_tag": "", "healthcare_tag": "centre", "building_tag": "", "office_tag": "", "emergency_tag": "", "operator_type": "", "source_provider": "OpenStreetMap Contributors", "acquisition_date": "2026-08-30", "latitude_wgs84": 30.518916, "longitude_wgs84": 79.094252, "easting_utm44n": 317142.35, "northing_utm44n": 3377832.41 }, "geometry": { "type": "Point", "coordinates": [ 79.0942519, 30.518916 ] } },
{ "type": "Feature", "properties": { "facility_id": "FAC-RDP-165", "osm_id": "node/8266044486", "name": "SubCentre, Acharikhunt", "facility_broad_type": "HEALTHCARE", "facility_category": "HEALTHCARE_SUBCENTRE", "explicitly_evidenced_emergency_capability": false, "potential_emergency_receiving_facility": false, "classification_trigger": "HEURISTIC_NAME_SUBCENTRE", "amenity_tag": "", "healthcare_tag": "centre", "building_tag": "", "office_tag": "", "emergency_tag": "", "operator_type": "", "source_provider": "OpenStreetMap Contributors", "acquisition_date": "2026-08-30", "latitude_wgs84": 30.326594, "longitude_wgs84": 78.81813, "easting_utm44n": 290231.09, "northing_utm44n": 3356992.83 }, "geometry": { "type": "Point", "coordinates": [ 78.8181296, 30.3265938 ] } },
{ "type": "Feature", "properties": { "facility_id": "FAC-RDP-166", "osm_id": "node/8269213451", "name": "SubCentre, Akhori", "facility_broad_type": "HEALTHCARE", "facility_category": "HEALTHCARE_SUBCENTRE", "explicitly_evidenced_emergency_capability": false, "potential_emergency_receiving_facility": false, "classification_trigger": "HEURISTIC_NAME_SUBCENTRE", "amenity_tag": "", "healthcare_tag": "centre", "building_tag": "", "office_tag": "", "emergency_tag": "", "operator_type": "", "source_provider": "OpenStreetMap Contributors", "acquisition_date": "2026-08-30", "latitude_wgs84": 30.450093, "longitude_wgs84": 78.756627, "easting_utm44n": 284587.93, "northing_utm44n": 3370798.94 }, "geometry": { "type": "Point", "coordinates": [ 78.7566267, 30.4500934 ] } },
{ "type": "Feature", "properties": { "facility_id": "FAC-RDP-167", "osm_id": "node/8241886265", "name": "SubCentre, Badeth", "facility_broad_type": "HEALTHCARE", "facility_category": "HEALTHCARE_SUBCENTRE", "explicitly_evidenced_emergency_capability": false, "potential_emergency_receiving_facility": false, "classification_trigger": "HEURISTIC_NAME_SUBCENTRE", "amenity_tag": "", "healthcare_tag": "centre", "building_tag": "", "office_tag": "", "emergency_tag": "", "operator_type": "", "source_provider": "OpenStreetMap Contributors", "acquisition_date": "2026-08-30", "latitude_wgs84": 30.122113, "longitude_wgs84": 79.046748, "easting_utm44n": 311826.23, "northing_utm44n": 3333926.63 }, "geometry": { "type": "Point", "coordinates": [ 79.0467482, 30.1221129 ] } },
{ "type": "Feature", "properties": { "facility_id": "FAC-RDP-168", "osm_id": "node/8266139903", "name": "SubCentre, Badiyargarh", "facility_broad_type": "HEALTHCARE", "facility_category": "HEALTHCARE_SUBCENTRE", "explicitly_evidenced_emergency_capability": false, "potential_emergency_receiving_facility": false, "classification_trigger": "HEURISTIC_NAME_SUBCENTRE", "amenity_tag": "", "healthcare_tag": "centre", "building_tag": "", "office_tag": "", "emergency_tag": "", "operator_type": "", "source_provider": "OpenStreetMap Contributors", "acquisition_date": "2026-08-30", "latitude_wgs84": 30.288094, "longitude_wgs84": 78.83278, "easting_utm44n": 291558.47, "northing_utm44n": 3352698.07 }, "geometry": { "type": "Point", "coordinates": [ 78.8327803, 30.2880944 ] } },
{ "type": "Feature", "properties": { "facility_id": "FAC-RDP-169", "osm_id": "node/8256582668", "name": "SubCentre, Bainoli", "facility_broad_type": "HEALTHCARE", "facility_category": "HEALTHCARE_SUBCENTRE", "explicitly_evidenced_emergency_capability": false, "potential_emergency_receiving_facility": false, "classification_trigger": "HEURISTIC_NAME_SUBCENTRE", "amenity_tag": "", "healthcare_tag": "centre", "building_tag": "", "office_tag": "", "emergency_tag": "", "operator_type": "", "source_provider": "OpenStreetMap Contributors", "acquisition_date": "2026-08-30", "latitude_wgs84": 30.359952, "longitude_wgs84": 78.916216, "easting_utm44n": 299731.34, "northing_utm44n": 3360513.2 }, "geometry": { "type": "Point", "coordinates": [ 78.9162158, 30.3599518 ] } },
{ "type": "Feature", "properties": { "facility_id": "FAC-RDP-170", "osm_id": "node/8256575739", "name": "SubCentre, Bakseer", "facility_broad_type": "HEALTHCARE", "facility_category": "HEALTHCARE_SUBCENTRE", "explicitly_evidenced_emergency_capability": false, "potential_emergency_receiving_facility": false, "classification_trigger": "HEURISTIC_NAME_SUBCENTRE", "amenity_tag": "", "healthcare_tag": "centre", "building_tag": "", "office_tag": "", "emergency_tag": "", "operator_type": "", "source_provider": "OpenStreetMap Contributors", "acquisition_date": "2026-08-30", "latitude_wgs84": 30.484626, "longitude_wgs84": 78.979333, "easting_utm44n": 306045.55, "northing_utm44n": 3374223.35 }, "geometry": { "type": "Point", "coordinates": [ 78.9793327, 30.4846262 ] } },
{ "type": "Feature", "properties": { "facility_id": "FAC-RDP-171", "osm_id": "node/8229787470", "name": "SubCentre, Bamoth", "facility_broad_type": "HEALTHCARE", "facility_category": "HEALTHCARE_SUBCENTRE", "explicitly_evidenced_emergency_capability": false, "potential_emergency_receiving_facility": false, "classification_trigger": "HEURISTIC_NAME_SUBCENTRE", "amenity_tag": "", "healthcare_tag": "centre", "building_tag": "", "office_tag": "", "emergency_tag": "", "operator_type": "", "source_provider": "OpenStreetMap Contributors", "acquisition_date": "2026-08-30", "latitude_wgs84": 30.277783, "longitude_wgs84": 79.173724, "easting_utm44n": 324337.8, "northing_utm44n": 3350978.39 }, "geometry": { "type": "Point", "coordinates": [ 79.173724, 30.2777826 ] } },
{ "type": "Feature", "properties": { "facility_id": "FAC-RDP-172", "osm_id": "node/8256457932", "name": "SubCentre, Barsuri", "facility_broad_type": "HEALTHCARE", "facility_category": "HEALTHCARE_SUBCENTRE", "explicitly_evidenced_emergency_capability": false, "potential_emergency_receiving_facility": false, "classification_trigger": "HEURISTIC_NAME_SUBCENTRE", "amenity_tag": "", "healthcare_tag": "centre", "building_tag": "", "office_tag": "", "emergency_tag": "", "operator_type": "", "source_provider": "OpenStreetMap Contributors", "acquisition_date": "2026-08-30", "latitude_wgs84": 30.211768, "longitude_wgs84": 78.96278, "easting_utm44n": 303912.82, "northing_utm44n": 3344006.0 }, "geometry": { "type": "Point", "coordinates": [ 78.96278, 30.2117682 ] } },
{ "type": "Feature", "properties": { "facility_id": "FAC-RDP-173", "osm_id": "node/8230470962", "name": "SubCentre, Bartoli", "facility_broad_type": "HEALTHCARE", "facility_category": "HEALTHCARE_SUBCENTRE", "explicitly_evidenced_emergency_capability": false, "potential_emergency_receiving_facility": false, "classification_trigger": "HEURISTIC_NAME_SUBCENTRE", "amenity_tag": "", "healthcare_tag": "centre", "building_tag": "", "office_tag": "", "emergency_tag": "", "operator_type": "", "source_provider": "OpenStreetMap Contributors", "acquisition_date": "2026-08-30", "latitude_wgs84": 30.172294, "longitude_wgs84": 79.027203, "easting_utm44n": 310039.09, "northing_utm44n": 3339521.28 }, "geometry": { "type": "Point", "coordinates": [ 79.0272026, 30.1722941 ] } },
{ "type": "Feature", "properties": { "facility_id": "FAC-RDP-174", "osm_id": "node/8239030435", "name": "SubCentre, Bishald", "facility_broad_type": "HEALTHCARE", "facility_category": "HEALTHCARE_SUBCENTRE", "explicitly_evidenced_emergency_capability": false, "potential_emergency_receiving_facility": false, "classification_trigger": "HEURISTIC_NAME_SUBCENTRE", "amenity_tag": "", "healthcare_tag": "centre", "building_tag": "", "office_tag": "", "emergency_tag": "", "operator_type": "", "source_provider": "OpenStreetMap Contributors", "acquisition_date": "2026-08-30", "latitude_wgs84": 30.111784, "longitude_wgs84": 78.878243, "easting_utm44n": 295567.86, "northing_utm44n": 3333071.55 }, "geometry": { "type": "Point", "coordinates": [ 78.8782435, 30.1117837 ] } },
{ "type": "Feature", "properties": { "facility_id": "FAC-RDP-175", "osm_id": "node/8256979781", "name": "SubCentre, Budna", "facility_broad_type": "HEALTHCARE", "facility_category": "HEALTHCARE_SUBCENTRE", "explicitly_evidenced_emergency_capability": false, "potential_emergency_receiving_facility": false, "classification_trigger": "HEURISTIC_NAME_SUBCENTRE", "amenity_tag": "", "healthcare_tag": "centre", "building_tag": "", "office_tag": "", "emergency_tag": "", "operator_type": "", "source_provider": "OpenStreetMap Contributors", "acquisition_date": "2026-08-30", "latitude_wgs84": 30.400113, "longitude_wgs84": 78.880183, "easting_utm44n": 296350.9, "northing_utm44n": 3365029.44 }, "geometry": { "type": "Point", "coordinates": [ 78.8801834, 30.4001134 ] } },
{ "type": "Feature", "properties": { "facility_id": "FAC-RDP-176", "osm_id": "node/8242000311", "name": "SubCentre, Bughani", "facility_broad_type": "HEALTHCARE", "facility_category": "HEALTHCARE_SUBCENTRE", "explicitly_evidenced_emergency_capability": false, "potential_emergency_receiving_facility": false, "classification_trigger": "HEURISTIC_NAME_SUBCENTRE", "amenity_tag": "", "healthcare_tag": "centre", "building_tag": "", "office_tag": "", "emergency_tag": "", "operator_type": "", "source_provider": "OpenStreetMap Contributors", "acquisition_date": "2026-08-30", "latitude_wgs84": 30.211733, "longitude_wgs84": 78.854575, "easting_utm44n": 293495.38, "northing_utm44n": 3344193.55 }, "geometry": { "type": "Point", "coordinates": [ 78.8545748, 30.2117332 ] } },
{ "type": "Feature", "properties": { "facility_id": "FAC-RDP-177", "osm_id": "node/8269086234", "name": "SubCentre, Chaji Malli", "facility_broad_type": "HEALTHCARE", "facility_category": "HEALTHCARE_SUBCENTRE", "explicitly_evidenced_emergency_capability": false, "potential_emergency_receiving_facility": false, "classification_trigger": "HEURISTIC_NAME_SUBCENTRE", "amenity_tag": "", "healthcare_tag": "centre", "building_tag": "", "office_tag": "", "emergency_tag": "", "operator_type": "", "source_provider": "OpenStreetMap Contributors", "acquisition_date": "2026-08-30", "latitude_wgs84": 30.428262, "longitude_wgs84": 78.780864, "easting_utm44n": 286868.26, "northing_utm44n": 3368332.88 }, "geometry": { "type": "Point", "coordinates": [ 78.7808637, 30.4282624 ] } },
{ "type": "Feature", "properties": { "facility_id": "FAC-RDP-178", "osm_id": "node/8237346706", "name": "SubCentre, Chakisain", "facility_broad_type": "HEALTHCARE", "facility_category": "HEALTHCARE_SUBCENTRE", "explicitly_evidenced_emergency_capability": false, "potential_emergency_receiving_facility": false, "classification_trigger": "HEURISTIC_NAME_SUBCENTRE", "amenity_tag": "", "healthcare_tag": "centre", "building_tag": "", "office_tag": "", "emergency_tag": "", "operator_type": "", "source_provider": "OpenStreetMap Contributors", "acquisition_date": "2026-08-30", "latitude_wgs84": 30.148861, "longitude_wgs84": 78.990204, "easting_utm44n": 306429.99, "northing_utm44n": 3336986.1 }, "geometry": { "type": "Point", "coordinates": [ 78.9902042, 30.1488609 ] } },
{ "type": "Feature", "properties": { "facility_id": "FAC-RDP-179", "osm_id": "node/8230091902", "name": "SubCentre, Chamoli Gopeshwar", "facility_broad_type": "HEALTHCARE", "facility_category": "HEALTHCARE_SUBCENTRE", "explicitly_evidenced_emergency_capability": false, "potential_emergency_receiving_facility": false, "classification_trigger": "HEURISTIC_NAME_SUBCENTRE", "amenity_tag": "", "healthcare_tag": "centre", "building_tag": "", "office_tag": "", "emergency_tag": "", "operator_type": "", "source_provider": "OpenStreetMap Contributors", "acquisition_date": "2026-08-30", "latitude_wgs84": 30.40359, "longitude_wgs84": 79.328306, "easting_utm44n": 339414.17, "northing_utm44n": 3364693.56 }, "geometry": { "type": "Point", "coordinates": [ 79.3283059, 30.4035898 ] } },
{ "type": "Feature", "properties": { "facility_id": "FAC-RDP-180", "osm_id": "node/8239089598", "name": "SubCentre, Chatkot", "facility_broad_type": "HEALTHCARE", "facility_category": "HEALTHCARE_SUBCENTRE", "explicitly_evidenced_emergency_capability": false, "potential_emergency_receiving_facility": false, "classification_trigger": "HEURISTIC_NAME_SUBCENTRE", "amenity_tag": "", "healthcare_tag": "centre", "building_tag": "", "office_tag": "", "emergency_tag": "", "operator_type": "", "source_provider": "OpenStreetMap Contributors", "acquisition_date": "2026-08-30", "latitude_wgs84": 30.18398, "longitude_wgs84": 78.774225, "easting_utm44n": 285699.39, "northing_utm44n": 3341265.61 }, "geometry": { "type": "Point", "coordinates": [ 78.774225, 30.1839803 ] } },
{ "type": "Feature", "properties": { "facility_id": "FAC-RDP-181", "osm_id": "node/8256636359", "name": "SubCentre, Chaunra", "facility_broad_type": "HEALTHCARE", "facility_category": "HEALTHCARE_SUBCENTRE", "explicitly_evidenced_emergency_capability": false, "potential_emergency_receiving_facility": false, "classification_trigger": "HEURISTIC_NAME_SUBCENTRE", "amenity_tag": "", "healthcare_tag": "centre", "building_tag": "", "office_tag": "", "emergency_tag": "", "operator_type": "", "source_provider": "OpenStreetMap Contributors", "acquisition_date": "2026-08-30", "latitude_wgs84": 30.41189, "longitude_wgs84": 78.901662, "easting_utm44n": 298439.0, "northing_utm44n": 3366296.42 }, "geometry": { "type": "Point", "coordinates": [ 78.901662, 30.411889899999984 ] } },
{ "type": "Feature", "properties": { "facility_id": "FAC-RDP-182", "osm_id": "node/8227174035", "name": "SubCentre, Chhinka", "facility_broad_type": "HEALTHCARE", "facility_category": "HEALTHCARE_SUBCENTRE", "explicitly_evidenced_emergency_capability": false, "potential_emergency_receiving_facility": false, "classification_trigger": "HEURISTIC_NAME_SUBCENTRE", "amenity_tag": "", "healthcare_tag": "centre", "building_tag": "", "office_tag": "", "emergency_tag": "", "operator_type": "", "source_provider": "OpenStreetMap Contributors", "acquisition_date": "2026-08-30", "latitude_wgs84": 30.416441, "longitude_wgs84": 79.364276, "easting_utm44n": 342890.6, "northing_utm44n": 3366067.42 }, "geometry": { "type": "Point", "coordinates": [ 79.3642762, 30.4164407 ] } },
{ "type": "Feature", "properties": { "facility_id": "FAC-RDP-183", "osm_id": "node/8269642301", "name": "SubCentre, Chileri", "facility_broad_type": "HEALTHCARE", "facility_category": "HEALTHCARE_SUBCENTRE", "explicitly_evidenced_emergency_capability": false, "potential_emergency_receiving_facility": false, "classification_trigger": "HEURISTIC_NAME_SUBCENTRE", "amenity_tag": "", "healthcare_tag": "centre", "building_tag": "", "office_tag": "", "emergency_tag": "", "operator_type": "", "source_provider": "OpenStreetMap Contributors", "acquisition_date": "2026-08-30", "latitude_wgs84": 30.308025, "longitude_wgs84": 78.84262, "easting_utm44n": 292547.05, "northing_utm44n": 3354889.34 }, "geometry": { "type": "Point", "coordinates": [ 78.84262, 30.3080246 ] } },
{ "type": "Feature", "properties": { "facility_id": "FAC-RDP-184", "osm_id": "node/8229961855", "name": "SubCentre, Chopata", "facility_broad_type": "HEALTHCARE", "facility_category": "HEALTHCARE_SUBCENTRE", "explicitly_evidenced_emergency_capability": false, "potential_emergency_receiving_facility": false, "classification_trigger": "HEURISTIC_NAME_SUBCENTRE", "amenity_tag": "", "healthcare_tag": "centre", "building_tag": "", "office_tag": "", "emergency_tag": "", "operator_type": "", "source_provider": "OpenStreetMap Contributors", "acquisition_date": "2026-08-30", "latitude_wgs84": 30.182526, "longitude_wgs84": 79.378374, "easting_utm44n": 343874.53, "northing_utm44n": 3340122.0 }, "geometry": { "type": "Point", "coordinates": [ 79.3783738, 30.1825263 ] } },
{ "type": "Feature", "properties": { "facility_id": "FAC-RDP-185", "osm_id": "node/8256562013", "name": "SubCentre, Chopda", "facility_broad_type": "HEALTHCARE", "facility_category": "HEALTHCARE_SUBCENTRE", "explicitly_evidenced_emergency_capability": false, "potential_emergency_receiving_facility": false, "classification_trigger": "HEURISTIC_NAME_SUBCENTRE", "amenity_tag": "", "healthcare_tag": "centre", "building_tag": "", "office_tag": "", "emergency_tag": "", "operator_type": "", "source_provider": "OpenStreetMap Contributors", "acquisition_date": "2026-08-30", "latitude_wgs84": 30.324038, "longitude_wgs84": 79.055756, "easting_utm44n": 313076.69, "northing_utm44n": 3356293.92 }, "geometry": { "type": "Point", "coordinates": [ 79.0557564, 30.3240381 ] } },
{ "type": "Feature", "properties": { "facility_id": "FAC-RDP-186", "osm_id": "node/8256599059", "name": "SubCentre, Chopda", "facility_broad_type": "HEALTHCARE", "facility_category": "HEALTHCARE_SUBCENTRE", "explicitly_evidenced_emergency_capability": false, "potential_emergency_receiving_facility": false, "classification_trigger": "HEURISTIC_NAME_SUBCENTRE", "amenity_tag": "", "healthcare_tag": "centre", "building_tag": "", "office_tag": "", "emergency_tag": "", "operator_type": "", "source_provider": "OpenStreetMap Contributors", "acquisition_date": "2026-08-30", "latitude_wgs84": 30.321506, "longitude_wgs84": 79.059352, "easting_utm44n": 313417.62, "northing_utm44n": 3356007.37 }, "geometry": { "type": "Point", "coordinates": [ 79.0593517, 30.3215064 ] } },
{ "type": "Feature", "properties": { "facility_id": "FAC-RDP-187", "osm_id": "node/8239071897", "name": "SubCentre, Chopriyonand", "facility_broad_type": "HEALTHCARE", "facility_category": "HEALTHCARE_SUBCENTRE", "explicitly_evidenced_emergency_capability": false, "potential_emergency_receiving_facility": false, "classification_trigger": "HEURISTIC_NAME_SUBCENTRE", "amenity_tag": "", "healthcare_tag": "centre", "building_tag": "", "office_tag": "", "emergency_tag": "", "operator_type": "", "source_provider": "OpenStreetMap Contributors", "acquisition_date": "2026-08-30", "latitude_wgs84": 30.11826, "longitude_wgs84": 78.853461, "easting_utm44n": 293192.98, "northing_utm44n": 3333834.12 }, "geometry": { "type": "Point", "coordinates": [ 78.8534608, 30.1182602 ] } },
{ "type": "Feature", "properties": { "facility_id": "FAC-RDP-188", "osm_id": "node/8230269835", "name": "SubCentre, Chorda", "facility_broad_type": "HEALTHCARE", "facility_category": "HEALTHCARE_SUBCENTRE", "explicitly_evidenced_emergency_capability": false, "potential_emergency_receiving_facility": false, "classification_trigger": "HEURISTIC_NAME_SUBCENTRE", "amenity_tag": "", "healthcare_tag": "centre", "building_tag": "", "office_tag": "", "emergency_tag": "", "operator_type": "", "source_provider": "OpenStreetMap Contributors", "acquisition_date": "2026-08-30", "latitude_wgs84": 30.10899, "longitude_wgs84": 79.250773, "easting_utm44n": 331462.67, "northing_utm44n": 3332153.25 }, "geometry": { "type": "Point", "coordinates": [ 79.2507731, 30.1089898 ] } },
{ "type": "Feature", "properties": { "facility_id": "FAC-RDP-189", "osm_id": "node/8256600382", "name": "SubCentre, Daira", "facility_broad_type": "HEALTHCARE", "facility_category": "HEALTHCARE_SUBCENTRE", "explicitly_evidenced_emergency_capability": false, "potential_emergency_receiving_facility": false, "classification_trigger": "HEURISTIC_NAME_SUBCENTRE", "amenity_tag": "", "healthcare_tag": "centre", "building_tag": "", "office_tag": "", "emergency_tag": "", "operator_type": "", "source_provider": "OpenStreetMap Contributors", "acquisition_date": "2026-08-30", "latitude_wgs84": 30.509913, "longitude_wgs84": 79.161133, "easting_utm44n": 323544.5, "northing_utm44n": 3376727.92 }, "geometry": { "type": "Point", "coordinates": [ 79.1611334, 30.509913 ] } },
{ "type": "Feature", "properties": { "facility_id": "FAC-RDP-190", "osm_id": "node/8268819993", "name": "SubCentre, Dang Sera", "facility_broad_type": "HEALTHCARE", "facility_category": "HEALTHCARE_SUBCENTRE", "explicitly_evidenced_emergency_capability": false, "potential_emergency_receiving_facility": false, "classification_trigger": "HEURISTIC_NAME_SUBCENTRE", "amenity_tag": "", "healthcare_tag": "centre", "building_tag": "", "office_tag": "", "emergency_tag": "", "operator_type": "", "source_provider": "OpenStreetMap Contributors", "acquisition_date": "2026-08-30", "latitude_wgs84": 30.455034, "longitude_wgs84": 78.740166, "easting_utm44n": 283017.94, "northing_utm44n": 3371378.18 }, "geometry": { "type": "Point", "coordinates": [ 78.7401664, 30.4550343 ] } },
{ "type": "Feature", "properties": { "facility_id": "FAC-RDP-191", "osm_id": "node/8257093764", "name": "SubCentre, Dashjula Kandai", "facility_broad_type": "HEALTHCARE", "facility_category": "HEALTHCARE_SUBCENTRE", "explicitly_evidenced_emergency_capability": false, "potential_emergency_receiving_facility": false, "classification_trigger": "HEURISTIC_NAME_SUBCENTRE", "amenity_tag": "", "healthcare_tag": "centre", "building_tag": "", "office_tag": "", "emergency_tag": "", "operator_type": "", "source_provider": "OpenStreetMap Contributors", "acquisition_date": "2026-08-30", "latitude_wgs84": 30.336174, "longitude_wgs84": 79.115347, "easting_utm44n": 318829.24, "northing_utm44n": 3357542.35 }, "geometry": { "type": "Point", "coordinates": [ 79.115347, 30.3361736 ] } },
{ "type": "Feature", "properties": { "facility_id": "FAC-RDP-192", "osm_id": "node/8265819185", "name": "SubCentre, Dhopaddhar", "facility_broad_type": "HEALTHCARE", "facility_category": "HEALTHCARE_SUBCENTRE", "explicitly_evidenced_emergency_capability": false, "potential_emergency_receiving_facility": false, "classification_trigger": "HEURISTIC_NAME_SUBCENTRE", "amenity_tag": "", "healthcare_tag": "centre", "building_tag": "", "office_tag": "", "emergency_tag": "", "operator_type": "", "source_provider": "OpenStreetMap Contributors", "acquisition_date": "2026-08-30", "latitude_wgs84": 30.519823, "longitude_wgs84": 78.751944, "easting_utm44n": 284292.11, "northing_utm44n": 3378537.95 }, "geometry": { "type": "Point", "coordinates": [ 78.7519439, 30.5198228 ] } },
{ "type": "Feature", "properties": { "facility_id": "FAC-RDP-193", "osm_id": "node/8230508558", "name": "SubCentre, Dhumak", "facility_broad_type": "HEALTHCARE", "facility_category": "HEALTHCARE_SUBCENTRE", "explicitly_evidenced_emergency_capability": false, "potential_emergency_receiving_facility": false, "classification_trigger": "HEURISTIC_NAME_SUBCENTRE", "amenity_tag": "", "healthcare_tag": "centre", "building_tag": "", "office_tag": "", "emergency_tag": "", "operator_type": "", "source_provider": "OpenStreetMap Contributors", "acquisition_date": "2026-08-30", "latitude_wgs84": 30.507885, "longitude_wgs84": 79.383642, "easting_utm44n": 344895.9, "northing_utm44n": 3376176.13 }, "geometry": { "type": "Point", "coordinates": [ 79.383642, 30.5078849 ] } },
{ "type": "Feature", "properties": { "facility_id": "FAC-RDP-194", "osm_id": "node/8227178684", "name": "SubCentre, Dungri", "facility_broad_type": "HEALTHCARE", "facility_category": "HEALTHCARE_SUBCENTRE", "explicitly_evidenced_emergency_capability": false, "potential_emergency_receiving_facility": false, "classification_trigger": "HEURISTIC_NAME_SUBCENTRE", "amenity_tag": "", "healthcare_tag": "centre", "building_tag": "", "office_tag": "", "emergency_tag": "", "operator_type": "", "source_provider": "OpenStreetMap Contributors", "acquisition_date": "2026-08-30", "latitude_wgs84": 30.167814, "longitude_wgs84": 79.396037, "easting_utm44n": 345552.36, "northing_utm44n": 3338467.36 }, "geometry": { "type": "Point", "coordinates": [ 79.3960369, 30.167814399999987 ] } },
{ "type": "Feature", "properties": { "facility_id": "FAC-RDP-195", "osm_id": "node/8256603940", "name": "SubCentre, Durgadhar", "facility_broad_type": "HEALTHCARE", "facility_category": "HEALTHCARE_SUBCENTRE", "explicitly_evidenced_emergency_capability": false, "potential_emergency_receiving_facility": false, "classification_trigger": "HEURISTIC_NAME_SUBCENTRE", "amenity_tag": "", "healthcare_tag": "centre", "building_tag": "", "office_tag": "", "emergency_tag": "", "operator_type": "", "source_provider": "OpenStreetMap Contributors", "acquisition_date": "2026-08-30", "latitude_wgs84": 30.348966, "longitude_wgs84": 79.02785, "easting_utm44n": 310441.25, "northing_utm44n": 3359103.38 }, "geometry": { "type": "Point", "coordinates": [ 79.02785, 30.3489658 ] } },
{ "type": "Feature", "properties": { "facility_id": "FAC-RDP-196", "osm_id": "node/8229529947", "name": "SubCentre, Gadora", "facility_broad_type": "HEALTHCARE", "facility_category": "HEALTHCARE_SUBCENTRE", "explicitly_evidenced_emergency_capability": false, "potential_emergency_receiving_facility": false, "classification_trigger": "HEURISTIC_NAME_SUBCENTRE", "amenity_tag": "", "healthcare_tag": "centre", "building_tag": "", "office_tag": "", "emergency_tag": "", "operator_type": "", "source_provider": "OpenStreetMap Contributors", "acquisition_date": "2026-08-30", "latitude_wgs84": 30.420962, "longitude_wgs84": 79.440816, "easting_utm44n": 350250.01, "northing_utm44n": 3366464.72 }, "geometry": { "type": "Point", "coordinates": [ 79.4408163, 30.4209619 ] } },
{ "type": "Feature", "properties": { "facility_id": "FAC-RDP-197", "osm_id": "node/8269159359", "name": "SubCentre, Gangi", "facility_broad_type": "HEALTHCARE", "facility_category": "HEALTHCARE_SUBCENTRE", "explicitly_evidenced_emergency_capability": false, "potential_emergency_receiving_facility": false, "classification_trigger": "HEURISTIC_NAME_SUBCENTRE", "amenity_tag": "", "healthcare_tag": "centre", "building_tag": "", "office_tag": "", "emergency_tag": "", "operator_type": "", "source_provider": "OpenStreetMap Contributors", "acquisition_date": "2026-08-30", "latitude_wgs84": 30.635844, "longitude_wgs84": 78.851757, "easting_utm44n": 294117.15, "northing_utm44n": 3391212.82 }, "geometry": { "type": "Point", "coordinates": [ 78.851757, 30.6358439 ] } },
{ "type": "Feature", "properties": { "facility_id": "FAC-RDP-198", "osm_id": "node/8256561700", "name": "SubCentre, Ghimtoli", "facility_broad_type": "HEALTHCARE", "facility_category": "HEALTHCARE_SUBCENTRE", "explicitly_evidenced_emergency_capability": false, "potential_emergency_receiving_facility": false, "classification_trigger": "HEURISTIC_NAME_SUBCENTRE", "amenity_tag": "", "healthcare_tag": "centre", "building_tag": "", "office_tag": "", "emergency_tag": "", "operator_type": "", "source_provider": "OpenStreetMap Contributors", "acquisition_date": "2026-08-30", "latitude_wgs84": 30.352189, "longitude_wgs84": 79.091511, "easting_utm44n": 316567.32, "northing_utm44n": 3359355.85 }, "geometry": { "type": "Point", "coordinates": [ 79.0915106, 30.3521886 ] } },
{ "type": "Feature", "properties": { "facility_id": "FAC-RDP-199", "osm_id": "node/8237294535", "name": "SubCentre, Ghunna", "facility_broad_type": "HEALTHCARE", "facility_category": "HEALTHCARE_SUBCENTRE", "explicitly_evidenced_emergency_capability": false, "potential_emergency_receiving_facility": false, "classification_trigger": "HEURISTIC_NAME_SUBCENTRE", "amenity_tag": "", "healthcare_tag": "centre", "building_tag": "", "office_tag": "", "emergency_tag": "", "operator_type": "", "source_provider": "OpenStreetMap Contributors", "acquisition_date": "2026-08-30", "latitude_wgs84": 30.12564, "longitude_wgs84": 78.907227, "easting_utm44n": 298389.23, "northing_utm44n": 3334555.9 }, "geometry": { "type": "Point", "coordinates": [ 78.9072271, 30.1256398 ] } },
{ "type": "Feature", "properties": { "facility_id": "FAC-RDP-200", "osm_id": "node/8266533849", "name": "SubCentre, Ghuttu", "facility_broad_type": "HEALTHCARE", "facility_category": "HEALTHCARE_SUBCENTRE", "explicitly_evidenced_emergency_capability": false, "potential_emergency_receiving_facility": false, "classification_trigger": "HEURISTIC_NAME_SUBCENTRE", "amenity_tag": "", "healthcare_tag": "centre", "building_tag": "", "office_tag": "", "emergency_tag": "", "operator_type": "", "source_provider": "OpenStreetMap Contributors", "acquisition_date": "2026-08-30", "latitude_wgs84": 30.528854, "longitude_wgs84": 78.78946, "easting_utm44n": 287912.4, "northing_utm44n": 3379467.96 }, "geometry": { "type": "Point", "coordinates": [ 78.78946, 30.5288542 ] } },
{ "type": "Feature", "properties": { "facility_id": "FAC-RDP-201", "osm_id": "node/8239427589", "name": "SubCentre, Girgaon", "facility_broad_type": "HEALTHCARE", "facility_category": "HEALTHCARE_SUBCENTRE", "explicitly_evidenced_emergency_capability": false, "potential_emergency_receiving_facility": false, "classification_trigger": "HEURISTIC_NAME_SUBCENTRE", "amenity_tag": "", "healthcare_tag": "centre", "building_tag": "", "office_tag": "", "emergency_tag": "", "operator_type": "", "source_provider": "OpenStreetMap Contributors", "acquisition_date": "2026-08-30", "latitude_wgs84": 30.201869, "longitude_wgs84": 78.748264, "easting_utm44n": 283238.42, "northing_utm44n": 3343297.82 }, "geometry": { "type": "Point", "coordinates": [ 78.7482641, 30.2018693 ] } },
{ "type": "Feature", "properties": { "facility_id": "FAC-RDP-202", "osm_id": "node/8227112833", "name": "SubCentre, Haapla", "facility_broad_type": "HEALTHCARE", "facility_category": "HEALTHCARE_SUBCENTRE", "explicitly_evidenced_emergency_capability": false, "potential_emergency_receiving_facility": false, "classification_trigger": "HEURISTIC_NAME_SUBCENTRE", "amenity_tag": "", "healthcare_tag": "centre", "building_tag": "", "office_tag": "", "emergency_tag": "", "operator_type": "", "source_provider": "OpenStreetMap Contributors", "acquisition_date": "2026-08-30", "latitude_wgs84": 30.414552, "longitude_wgs84": 79.20653, "easting_utm44n": 327733.65, "northing_utm44n": 3366087.75 }, "geometry": { "type": "Point", "coordinates": [ 79.2065304, 30.414552199999989 ] } },
{ "type": "Feature", "properties": { "facility_id": "FAC-RDP-203", "osm_id": "node/8230358265", "name": "SubCentre, Harmani", "facility_broad_type": "HEALTHCARE", "facility_category": "HEALTHCARE_SUBCENTRE", "explicitly_evidenced_emergency_capability": false, "potential_emergency_receiving_facility": false, "classification_trigger": "HEURISTIC_NAME_SUBCENTRE", "amenity_tag": "", "healthcare_tag": "centre", "building_tag": "", "office_tag": "", "emergency_tag": "", "operator_type": "", "source_provider": "OpenStreetMap Contributors", "acquisition_date": "2026-08-30", "latitude_wgs84": 30.382673, "longitude_wgs84": 79.341267, "easting_utm44n": 340625.46, "northing_utm44n": 3362356.81 }, "geometry": { "type": "Point", "coordinates": [ 79.3412672, 30.3826725 ] } },
{ "type": "Feature", "properties": { "facility_id": "FAC-RDP-204", "osm_id": "node/8269033622", "name": "SubCentre, Hulanakhal", "facility_broad_type": "HEALTHCARE", "facility_category": "HEALTHCARE_SUBCENTRE", "explicitly_evidenced_emergency_capability": false, "potential_emergency_receiving_facility": false, "classification_trigger": "HEURISTIC_NAME_SUBCENTRE", "amenity_tag": "", "healthcare_tag": "centre", "building_tag": "", "office_tag": "", "emergency_tag": "", "operator_type": "", "source_provider": "OpenStreetMap Contributors", "acquisition_date": "2026-08-30", "latitude_wgs84": 30.411322, "longitude_wgs84": 78.764138, "easting_utm44n": 285224.39, "northing_utm44n": 3366486.56 }, "geometry": { "type": "Point", "coordinates": [ 78.764138300000013, 30.4113219 ] } },
{ "type": "Feature", "properties": { "facility_id": "FAC-RDP-205", "osm_id": "node/8256449301", "name": "SubCentre, Jaggi Bagwan", "facility_broad_type": "HEALTHCARE", "facility_category": "HEALTHCARE_SUBCENTRE", "explicitly_evidenced_emergency_capability": false, "potential_emergency_receiving_facility": false, "classification_trigger": "HEURISTIC_NAME_SUBCENTRE", "amenity_tag": "", "healthcare_tag": "centre", "building_tag": "", "office_tag": "", "emergency_tag": "", "operator_type": "", "source_provider": "OpenStreetMap Contributors", "acquisition_date": "2026-08-30", "latitude_wgs84": 30.538378, "longitude_wgs84": 79.108563, "easting_utm44n": 318551.96, "northing_utm44n": 3379966.61 }, "geometry": { "type": "Point", "coordinates": [ 79.108563100000012, 30.5383783 ] } },
{ "type": "Feature", "properties": { "facility_id": "FAC-RDP-206", "osm_id": "node/8230346740", "name": "SubCentre, Jainta", "facility_broad_type": "HEALTHCARE", "facility_category": "HEALTHCARE_SUBCENTRE", "explicitly_evidenced_emergency_capability": false, "potential_emergency_receiving_facility": false, "classification_trigger": "HEURISTIC_NAME_SUBCENTRE", "amenity_tag": "", "healthcare_tag": "centre", "building_tag": "", "office_tag": "", "emergency_tag": "", "operator_type": "", "source_provider": "OpenStreetMap Contributors", "acquisition_date": "2026-08-30", "latitude_wgs84": 30.175571, "longitude_wgs84": 79.286687, "easting_utm44n": 335034.29, "northing_utm44n": 3339480.36 }, "geometry": { "type": "Point", "coordinates": [ 79.2866866, 30.1755714 ] } },
{ "type": "Feature", "properties": { "facility_id": "FAC-RDP-207", "osm_id": "node/8239219304", "name": "SubCentre, Jakh", "facility_broad_type": "HEALTHCARE", "facility_category": "HEALTHCARE_SUBCENTRE", "explicitly_evidenced_emergency_capability": false, "potential_emergency_receiving_facility": false, "classification_trigger": "HEURISTIC_NAME_SUBCENTRE", "amenity_tag": "", "healthcare_tag": "centre", "building_tag": "", "office_tag": "", "emergency_tag": "", "operator_type": "", "source_provider": "OpenStreetMap Contributors", "acquisition_date": "2026-08-30", "latitude_wgs84": 30.175442, "longitude_wgs84": 78.826134, "easting_utm44n": 290680.43, "northing_utm44n": 3340222.61 }, "geometry": { "type": "Point", "coordinates": [ 78.8261342, 30.1754422 ] } },
{ "type": "Feature", "properties": { "facility_id": "FAC-RDP-208", "osm_id": "node/8269672546", "name": "SubCentre, Jakh", "facility_broad_type": "HEALTHCARE", "facility_category": "HEALTHCARE_SUBCENTRE", "explicitly_evidenced_emergency_capability": false, "potential_emergency_receiving_facility": false, "classification_trigger": "HEURISTIC_NAME_SUBCENTRE", "amenity_tag": "", "healthcare_tag": "centre", "building_tag": "", "office_tag": "", "emergency_tag": "", "operator_type": "", "source_provider": "OpenStreetMap Contributors", "acquisition_date": "2026-08-30", "latitude_wgs84": 30.438592, "longitude_wgs84": 78.727156, "easting_utm44n": 281731.74, "northing_utm44n": 3369580.44 }, "geometry": { "type": "Point", "coordinates": [ 78.727156, 30.4385916 ] } },
{ "type": "Feature", "properties": { "facility_id": "FAC-RDP-209", "osm_id": "node/8256442382", "name": "SubCentre, Jasoli", "facility_broad_type": "HEALTHCARE", "facility_category": "HEALTHCARE_SUBCENTRE", "explicitly_evidenced_emergency_capability": false, "potential_emergency_receiving_facility": false, "classification_trigger": "HEURISTIC_NAME_SUBCENTRE", "amenity_tag": "", "healthcare_tag": "centre", "building_tag": "", "office_tag": "", "emergency_tag": "", "operator_type": "", "source_provider": "OpenStreetMap Contributors", "acquisition_date": "2026-08-30", "latitude_wgs84": 30.261175, "longitude_wgs84": 79.083326, "easting_utm44n": 315610.14, "northing_utm44n": 3349280.85 }, "geometry": { "type": "Point", "coordinates": [ 79.0833258, 30.2611752 ] } },
{ "type": "Feature", "properties": { "facility_id": "FAC-RDP-210", "osm_id": "node/8230257657", "name": "SubCentre, Jasyara", "facility_broad_type": "HEALTHCARE", "facility_category": "HEALTHCARE_SUBCENTRE", "explicitly_evidenced_emergency_capability": false, "potential_emergency_receiving_facility": false, "classification_trigger": "HEURISTIC_NAME_SUBCENTRE", "amenity_tag": "", "healthcare_tag": "centre", "building_tag": "", "office_tag": "", "emergency_tag": "", "operator_type": "", "source_provider": "OpenStreetMap Contributors", "acquisition_date": "2026-08-30", "latitude_wgs84": 30.223198, "longitude_wgs84": 79.310652, "easting_utm44n": 337420.44, "northing_utm44n": 3344724.64 }, "geometry": { "type": "Point", "coordinates": [ 79.3106521, 30.2231982 ] } },
{ "type": "Feature", "properties": { "facility_id": "FAC-RDP-211", "osm_id": "node/8256520558", "name": "SubCentre, Jawari", "facility_broad_type": "HEALTHCARE", "facility_category": "HEALTHCARE_SUBCENTRE", "explicitly_evidenced_emergency_capability": false, "potential_emergency_receiving_facility": false, "classification_trigger": "HEURISTIC_NAME_SUBCENTRE", "amenity_tag": "", "healthcare_tag": "centre", "building_tag": "", "office_tag": "", "emergency_tag": "", "operator_type": "", "source_provider": "OpenStreetMap Contributors", "acquisition_date": "2026-08-30", "latitude_wgs84": 30.306232, "longitude_wgs84": 78.987781, "easting_utm44n": 306505.08, "northing_utm44n": 3354434.16 }, "geometry": { "type": "Point", "coordinates": [ 78.9877808, 30.306232 ] } },
{ "type": "Feature", "properties": { "facility_id": "FAC-RDP-212", "osm_id": "node/8218190323", "name": "SubCentre, Jourasi", "facility_broad_type": "HEALTHCARE", "facility_category": "HEALTHCARE_SUBCENTRE", "explicitly_evidenced_emergency_capability": false, "potential_emergency_receiving_facility": false, "classification_trigger": "HEURISTIC_NAME_SUBCENTRE", "amenity_tag": "", "healthcare_tag": "centre", "building_tag": "", "office_tag": "", "emergency_tag": "", "operator_type": "", "source_provider": "OpenStreetMap Contributors", "acquisition_date": "2026-08-30", "latitude_wgs84": 30.386719, "longitude_wgs84": 79.204172, "easting_utm44n": 327458.11, "northing_utm44n": 3363006.28 }, "geometry": { "type": "Point", "coordinates": [ 79.2041717, 30.3867191 ] } },
{ "type": "Feature", "properties": { "facility_id": "FAC-RDP-213", "osm_id": "node/8269768893", "name": "SubCentre, Jyundana", "facility_broad_type": "HEALTHCARE", "facility_category": "HEALTHCARE_SUBCENTRE", "explicitly_evidenced_emergency_capability": false, "potential_emergency_receiving_facility": false, "classification_trigger": "HEURISTIC_NAME_SUBCENTRE", "amenity_tag": "", "healthcare_tag": "centre", "building_tag": "", "office_tag": "", "emergency_tag": "", "operator_type": "", "source_provider": "OpenStreetMap Contributors", "acquisition_date": "2026-08-30", "latitude_wgs84": 30.470811, "longitude_wgs84": 78.702404, "easting_utm44n": 279426.74, "northing_utm44n": 3373200.37 }, "geometry": { "type": "Point", "coordinates": [ 78.7024039, 30.4708113 ] } },
{ "type": "Feature", "properties": { "facility_id": "FAC-RDP-214", "osm_id": "node/8213504961", "name": "SubCentre, Kalimath", "facility_broad_type": "HEALTHCARE", "facility_category": "HEALTHCARE_SUBCENTRE", "explicitly_evidenced_emergency_capability": false, "potential_emergency_receiving_facility": false, "classification_trigger": "HEURISTIC_NAME_SUBCENTRE", "amenity_tag": "", "healthcare_tag": "centre", "building_tag": "", "office_tag": "", "emergency_tag": "", "operator_type": "", "source_provider": "OpenStreetMap Contributors", "acquisition_date": "2026-08-30", "latitude_wgs84": 30.560343, "longitude_wgs84": 79.085986, "easting_utm44n": 316427.03, "northing_utm44n": 3382437.86 }, "geometry": { "type": "Point", "coordinates": [ 79.0859856, 30.5603425 ] } },
{ "type": "Feature", "properties": { "facility_id": "FAC-RDP-215", "osm_id": "node/8238973910", "name": "SubCentre, Kalyasaur", "facility_broad_type": "HEALTHCARE", "facility_category": "HEALTHCARE_SUBCENTRE", "explicitly_evidenced_emergency_capability": false, "potential_emergency_receiving_facility": false, "classification_trigger": "HEURISTIC_NAME_SUBCENTRE", "amenity_tag": "", "healthcare_tag": "centre", "building_tag": "", "office_tag": "", "emergency_tag": "", "operator_type": "", "source_provider": "OpenStreetMap Contributors", "acquisition_date": "2026-08-30", "latitude_wgs84": 30.256979, "longitude_wgs84": 78.879103, "easting_utm44n": 295950.38, "northing_utm44n": 3349164.83 }, "geometry": { "type": "Point", "coordinates": [ 78.8791031, 30.2569795 ] } },
{ "type": "Feature", "properties": { "facility_id": "FAC-RDP-216", "osm_id": "node/8229768263", "name": "SubCentre, Kanda Maikhura", "facility_broad_type": "HEALTHCARE", "facility_category": "HEALTHCARE_SUBCENTRE", "explicitly_evidenced_emergency_capability": false, "potential_emergency_receiving_facility": false, "classification_trigger": "HEURISTIC_NAME_SUBCENTRE", "amenity_tag": "", "healthcare_tag": "centre", "building_tag": "", "office_tag": "", "emergency_tag": "", "operator_type": "", "source_provider": "OpenStreetMap Contributors", "acquisition_date": "2026-08-30", "latitude_wgs84": 30.267452, "longitude_wgs84": 79.271592, "easting_utm44n": 333735.35, "northing_utm44n": 3349686.12 }, "geometry": { "type": "Point", "coordinates": [ 79.2715918, 30.2674524 ] } },
{ "type": "Feature", "properties": { "facility_id": "FAC-RDP-217", "osm_id": "node/8257223209", "name": "SubCentre, Kandai", "facility_broad_type": "HEALTHCARE", "facility_category": "HEALTHCARE_SUBCENTRE", "explicitly_evidenced_emergency_capability": false, "potential_emergency_receiving_facility": false, "classification_trigger": "HEURISTIC_NAME_SUBCENTRE", "amenity_tag": "", "healthcare_tag": "centre", "building_tag": "", "office_tag": "", "emergency_tag": "", "operator_type": "", "source_provider": "OpenStreetMap Contributors", "acquisition_date": "2026-08-30", "latitude_wgs84": 30.219504, "longitude_wgs84": 78.960926, "easting_utm44n": 303749.71, "northing_utm44n": 3344866.7 }, "geometry": { "type": "Point", "coordinates": [ 78.9609262, 30.2195041 ] } },
{ "type": "Feature", "properties": { "facility_id": "FAC-RDP-218", "osm_id": "node/8256749550", "name": "SubCentre, Kandali", "facility_broad_type": "HEALTHCARE", "facility_category": "HEALTHCARE_SUBCENTRE", "explicitly_evidenced_emergency_capability": false, "potential_emergency_receiving_facility": false, "classification_trigger": "HEURISTIC_NAME_SUBCENTRE", "amenity_tag": "", "healthcare_tag": "centre", "building_tag": "", "office_tag": "", "emergency_tag": "", "operator_type": "", "source_provider": "OpenStreetMap Contributors", "acquisition_date": "2026-08-30", "latitude_wgs84": 30.376027, "longitude_wgs84": 78.969379, "easting_utm44n": 304873.77, "northing_utm44n": 3362202.33 }, "geometry": { "type": "Point", "coordinates": [ 78.969379, 30.376027 ] } },
{ "type": "Feature", "properties": { "facility_id": "FAC-RDP-219", "osm_id": "node/8227259914", "name": "SubCentre, Kandara", "facility_broad_type": "HEALTHCARE", "facility_category": "HEALTHCARE_SUBCENTRE", "explicitly_evidenced_emergency_capability": false, "potential_emergency_receiving_facility": false, "classification_trigger": "HEURISTIC_NAME_SUBCENTRE", "amenity_tag": "", "healthcare_tag": "centre", "building_tag": "", "office_tag": "", "emergency_tag": "", "operator_type": "", "source_provider": "OpenStreetMap Contributors", "acquisition_date": "2026-08-30", "latitude_wgs84": 30.283453, "longitude_wgs84": 79.329957, "easting_utm44n": 339376.7, "northing_utm44n": 3351375.56 }, "geometry": { "type": "Point", "coordinates": [ 79.3299573, 30.2834527 ] } },
{ "type": "Feature", "properties": { "facility_id": "FAC-RDP-220", "osm_id": "node/8256825940", "name": "SubCentre, Kandara", "facility_broad_type": "HEALTHCARE", "facility_category": "HEALTHCARE_SUBCENTRE", "explicitly_evidenced_emergency_capability": false, "potential_emergency_receiving_facility": false, "classification_trigger": "HEURISTIC_NAME_SUBCENTRE", "amenity_tag": "", "healthcare_tag": "centre", "building_tag": "", "office_tag": "", "emergency_tag": "", "operator_type": "", "source_provider": "OpenStreetMap Contributors", "acquisition_date": "2026-08-30", "latitude_wgs84": 30.438089, "longitude_wgs84": 79.083801, "easting_utm44n": 315987.37, "northing_utm44n": 3368890.04 }, "geometry": { "type": "Point", "coordinates": [ 79.0838011, 30.4380893 ] } },
{ "type": "Feature", "properties": { "facility_id": "FAC-RDP-221", "osm_id": "node/8229543307", "name": "SubCentre, Kankhul Malla", "facility_broad_type": "HEALTHCARE", "facility_category": "HEALTHCARE_SUBCENTRE", "explicitly_evidenced_emergency_capability": false, "potential_emergency_receiving_facility": false, "classification_trigger": "HEURISTIC_NAME_SUBCENTRE", "amenity_tag": "", "healthcare_tag": "centre", "building_tag": "", "office_tag": "", "emergency_tag": "", "operator_type": "", "source_provider": "OpenStreetMap Contributors", "acquisition_date": "2026-08-30", "latitude_wgs84": 30.255745, "longitude_wgs84": 79.265283, "easting_utm44n": 333108.57, "northing_utm44n": 3348397.74 }, "geometry": { "type": "Point", "coordinates": [ 79.2652829, 30.255745 ] } },
{ "type": "Feature", "properties": { "facility_id": "FAC-RDP-222", "osm_id": "node/8239189598", "name": "SubCentre, Kanskhet", "facility_broad_type": "HEALTHCARE", "facility_category": "HEALTHCARE_SUBCENTRE", "explicitly_evidenced_emergency_capability": false, "potential_emergency_receiving_facility": false, "classification_trigger": "HEURISTIC_NAME_SUBCENTRE", "amenity_tag": "", "healthcare_tag": "centre", "building_tag": "", "office_tag": "", "emergency_tag": "", "operator_type": "", "source_provider": "OpenStreetMap Contributors", "acquisition_date": "2026-08-30", "latitude_wgs84": 30.198369, "longitude_wgs84": 78.78272, "easting_utm44n": 286548.59, "northing_utm44n": 3342844.65 }, "geometry": { "type": "Point", "coordinates": [ 78.7827203, 30.1983687 ] } },
{ "type": "Feature", "properties": { "facility_id": "FAC-RDP-223", "osm_id": "node/8230311594", "name": "SubCentre, Kansuwa", "facility_broad_type": "HEALTHCARE", "facility_category": "HEALTHCARE_SUBCENTRE", "explicitly_evidenced_emergency_capability": false, "potential_emergency_receiving_facility": false, "classification_trigger": "HEURISTIC_NAME_SUBCENTRE", "amenity_tag": "", "healthcare_tag": "centre", "building_tag": "", "office_tag": "", "emergency_tag": "", "operator_type": "", "source_provider": "OpenStreetMap Contributors", "acquisition_date": "2026-08-30", "latitude_wgs84": 30.170029, "longitude_wgs84": 79.205745, "easting_utm44n": 327229.96, "northing_utm44n": 3338986.07 }, "geometry": { "type": "Point", "coordinates": [ 79.2057452, 30.170029499999984 ] } },
{ "type": "Feature", "properties": { "facility_id": "FAC-RDP-224", "osm_id": "node/8237165329", "name": "SubCentre, Kewars", "facility_broad_type": "HEALTHCARE", "facility_category": "HEALTHCARE_SUBCENTRE", "explicitly_evidenced_emergency_capability": false, "potential_emergency_receiving_facility": false, "classification_trigger": "HEURISTIC_NAME_SUBCENTRE", "amenity_tag": "", "healthcare_tag": "centre", "building_tag": "", "office_tag": "", "emergency_tag": "", "operator_type": "", "source_provider": "OpenStreetMap Contributors", "acquisition_date": "2026-08-30", "latitude_wgs84": 30.113097, "longitude_wgs84": 78.773408, "easting_utm44n": 285467.3, "northing_utm44n": 3333409.62 }, "geometry": { "type": "Point", "coordinates": [ 78.773408300000014, 30.1130975 ] } },
{ "type": "Feature", "properties": { "facility_id": "FAC-RDP-225", "osm_id": "node/8256641969", "name": "SubCentre, Khankra", "facility_broad_type": "HEALTHCARE", "facility_category": "HEALTHCARE_SUBCENTRE", "explicitly_evidenced_emergency_capability": false, "potential_emergency_receiving_facility": false, "classification_trigger": "HEURISTIC_NAME_SUBCENTRE", "amenity_tag": "", "healthcare_tag": "centre", "building_tag": "", "office_tag": "", "emergency_tag": "", "operator_type": "", "source_provider": "OpenStreetMap Contributors", "acquisition_date": "2026-08-30", "latitude_wgs84": 30.244543, "longitude_wgs84": 78.917648, "easting_utm44n": 299634.27, "northing_utm44n": 3347717.66 }, "geometry": { "type": "Point", "coordinates": [ 78.9176475, 30.2445429 ] } },
{ "type": "Feature", "properties": { "facility_id": "FAC-RDP-226", "osm_id": "node/8268859490", "name": "SubCentre, Khola", "facility_broad_type": "HEALTHCARE", "facility_category": "HEALTHCARE_SUBCENTRE", "explicitly_evidenced_emergency_capability": false, "potential_emergency_receiving_facility": false, "classification_trigger": "HEURISTIC_NAME_SUBCENTRE", "amenity_tag": "", "healthcare_tag": "centre", "building_tag": "", "office_tag": "", "emergency_tag": "", "operator_type": "", "source_provider": "OpenStreetMap Contributors", "acquisition_date": "2026-08-30", "latitude_wgs84": 30.313549, "longitude_wgs84": 78.847987, "easting_utm44n": 293074.82, "northing_utm44n": 3355491.9 }, "geometry": { "type": "Point", "coordinates": [ 78.8479865, 30.3135487 ] } },
{ "type": "Feature", "properties": { "facility_id": "FAC-RDP-227", "osm_id": "node/8230084884", "name": "SubCentre, Kimana", "facility_broad_type": "HEALTHCARE", "facility_category": "HEALTHCARE_SUBCENTRE", "explicitly_evidenced_emergency_capability": false, "potential_emergency_receiving_facility": false, "classification_trigger": "HEURISTIC_NAME_SUBCENTRE", "amenity_tag": "", "healthcare_tag": "centre", "building_tag": "", "office_tag": "", "emergency_tag": "", "operator_type": "", "source_provider": "OpenStreetMap Contributors", "acquisition_date": "2026-08-30", "latitude_wgs84": 30.497972, "longitude_wgs84": 79.452121, "easting_utm44n": 351452.76, "northing_utm44n": 3374985.23 }, "geometry": { "type": "Point", "coordinates": [ 79.4521205, 30.4979716 ] } },
{ "type": "Feature", "properties": { "facility_id": "FAC-RDP-228", "osm_id": "node/8269534181", "name": "SubCentre, Kirtinagar", "facility_broad_type": "HEALTHCARE", "facility_category": "HEALTHCARE_SUBCENTRE", "explicitly_evidenced_emergency_capability": false, "potential_emergency_receiving_facility": false, "classification_trigger": "HEURISTIC_NAME_SUBCENTRE", "amenity_tag": "", "healthcare_tag": "centre", "building_tag": "", "office_tag": "", "emergency_tag": "", "operator_type": "", "source_provider": "OpenStreetMap Contributors", "acquisition_date": "2026-08-30", "latitude_wgs84": 30.231203, "longitude_wgs84": 78.724882, "easting_utm44n": 281051.97, "northing_utm44n": 3346594.44 }, "geometry": { "type": "Point", "coordinates": [ 78.7248818, 30.2312035 ] } },
{ "type": "Feature", "properties": { "facility_id": "FAC-RDP-229", "osm_id": "node/8256951727", "name": "SubCentre, Kothgi", "facility_broad_type": "HEALTHCARE", "facility_category": "HEALTHCARE_SUBCENTRE", "explicitly_evidenced_emergency_capability": false, "potential_emergency_receiving_facility": false, "classification_trigger": "HEURISTIC_NAME_SUBCENTRE", "amenity_tag": "", "healthcare_tag": "centre", "building_tag": "", "office_tag": "", "emergency_tag": "", "operator_type": "", "source_provider": "OpenStreetMap Contributors", "acquisition_date": "2026-08-30", "latitude_wgs84": 30.302377, "longitude_wgs84": 79.087817, "easting_utm44n": 316119.15, "northing_utm44n": 3353840.57 }, "geometry": { "type": "Point", "coordinates": [ 79.0878168, 30.3023775 ] } },
{ "type": "Feature", "properties": { "facility_id": "FAC-RDP-230", "osm_id": "node/8256783723", "name": "SubCentre, Kurjhan", "facility_broad_type": "HEALTHCARE", "facility_category": "HEALTHCARE_SUBCENTRE", "explicitly_evidenced_emergency_capability": false, "potential_emergency_receiving_facility": false, "classification_trigger": "HEURISTIC_NAME_SUBCENTRE", "amenity_tag": "", "healthcare_tag": "centre", "building_tag": "", "office_tag": "", "emergency_tag": "", "operator_type": "", "source_provider": "OpenStreetMap Contributors", "acquisition_date": "2026-08-30", "latitude_wgs84": 30.32224, "longitude_wgs84": 79.072446, "easting_utm44n": 314678.16, "northing_utm44n": 3356067.25 }, "geometry": { "type": "Point", "coordinates": [ 79.0724458, 30.3222403 ] } },
{ "type": "Feature", "properties": { "facility_id": "FAC-RDP-231", "osm_id": "node/8227273394", "name": "SubCentre, Langasu", "facility_broad_type": "HEALTHCARE", "facility_category": "HEALTHCARE_SUBCENTRE", "explicitly_evidenced_emergency_capability": false, "potential_emergency_receiving_facility": false, "classification_trigger": "HEURISTIC_NAME_SUBCENTRE", "amenity_tag": "", "healthcare_tag": "centre", "building_tag": "", "office_tag": "", "emergency_tag": "", "operator_type": "", "source_provider": "OpenStreetMap Contributors", "acquisition_date": "2026-08-30", "latitude_wgs84": 30.289138, "longitude_wgs84": 79.288431, "easting_utm44n": 335391.64, "northing_utm44n": 3352065.16 }, "geometry": { "type": "Point", "coordinates": [ 79.2884308, 30.2891379 ] } },
{ "type": "Feature", "properties": { "facility_id": "FAC-RDP-232", "osm_id": "node/8227211796", "name": "SubCentre, Langsi", "facility_broad_type": "HEALTHCARE", "facility_category": "HEALTHCARE_SUBCENTRE", "explicitly_evidenced_emergency_capability": false, "potential_emergency_receiving_facility": false, "classification_trigger": "HEURISTIC_NAME_SUBCENTRE", "amenity_tag": "", "healthcare_tag": "centre", "building_tag": "", "office_tag": "", "emergency_tag": "", "operator_type": "", "source_provider": "OpenStreetMap Contributors", "acquisition_date": "2026-08-30", "latitude_wgs84": 30.492063, "longitude_wgs84": 79.478909, "easting_utm44n": 354015.08, "northing_utm44n": 3374295.37 }, "geometry": { "type": "Point", "coordinates": [ 79.4789091, 30.4920628 ] } },
{ "type": "Feature", "properties": { "facility_id": "FAC-RDP-233", "osm_id": "node/8239165426", "name": "SubCentre, Lawali", "facility_broad_type": "HEALTHCARE", "facility_category": "HEALTHCARE_SUBCENTRE", "explicitly_evidenced_emergency_capability": false, "potential_emergency_receiving_facility": false, "classification_trigger": "HEURISTIC_NAME_SUBCENTRE", "amenity_tag": "", "healthcare_tag": "centre", "building_tag": "", "office_tag": "", "emergency_tag": "", "operator_type": "", "source_provider": "OpenStreetMap Contributors", "acquisition_date": "2026-08-30", "latitude_wgs84": 30.124722, "longitude_wgs84": 78.724607, "easting_utm44n": 280789.72, "northing_utm44n": 3334791.01 }, "geometry": { "type": "Point", "coordinates": [ 78.7246067, 30.1247221 ] } },
{ "type": "Feature", "properties": { "facility_id": "FAC-RDP-234", "osm_id": "node/8229993627", "name": "SubCentre, Lwani", "facility_broad_type": "HEALTHCARE", "facility_category": "HEALTHCARE_SUBCENTRE", "explicitly_evidenced_emergency_capability": false, "potential_emergency_receiving_facility": false, "classification_trigger": "HEURISTIC_NAME_SUBCENTRE", "amenity_tag": "", "healthcare_tag": "centre", "building_tag": "", "office_tag": "", "emergency_tag": "", "operator_type": "", "source_provider": "OpenStreetMap Contributors", "acquisition_date": "2026-08-30", "latitude_wgs84": 30.299247, "longitude_wgs84": 79.471697, "easting_utm44n": 353034.3, "northing_utm44n": 3352934.09 }, "geometry": { "type": "Point", "coordinates": [ 79.4716966, 30.2992466 ] } },
{ "type": "Feature", "properties": { "facility_id": "FAC-RDP-235", "osm_id": "node/8256836033", "name": "SubCentre, Lwani", "facility_broad_type": "HEALTHCARE", "facility_category": "HEALTHCARE_SUBCENTRE", "explicitly_evidenced_emergency_capability": false, "potential_emergency_receiving_facility": false, "classification_trigger": "HEURISTIC_NAME_SUBCENTRE", "amenity_tag": "", "healthcare_tag": "centre", "building_tag": "", "office_tag": "", "emergency_tag": "", "operator_type": "", "source_provider": "OpenStreetMap Contributors", "acquisition_date": "2026-08-30", "latitude_wgs84": 30.50093, "longitude_wgs84": 79.070161, "easting_utm44n": 314796.29, "northing_utm44n": 3375878.02 }, "geometry": { "type": "Point", "coordinates": [ 79.070161, 30.50093 ] } },
{ "type": "Feature", "properties": { "facility_id": "FAC-RDP-236", "osm_id": "node/8256652241", "name": "SubCentre, Machkandi", "facility_broad_type": "HEALTHCARE", "facility_category": "HEALTHCARE_SUBCENTRE", "explicitly_evidenced_emergency_capability": false, "potential_emergency_receiving_facility": false, "classification_trigger": "HEURISTIC_NAME_SUBCENTRE", "amenity_tag": "", "healthcare_tag": "centre", "building_tag": "", "office_tag": "", "emergency_tag": "", "operator_type": "", "source_provider": "OpenStreetMap Contributors", "acquisition_date": "2026-08-30", "latitude_wgs84": 30.41471, "longitude_wgs84": 79.144455, "easting_utm44n": 321770.46, "northing_utm44n": 3366201.46 }, "geometry": { "type": "Point", "coordinates": [ 79.1444549, 30.4147104 ] } },
{ "type": "Feature", "properties": { "facility_id": "FAC-RDP-237", "osm_id": "node/8256459800", "name": "SubCentre, Maikoti", "facility_broad_type": "HEALTHCARE", "facility_category": "HEALTHCARE_SUBCENTRE", "explicitly_evidenced_emergency_capability": false, "potential_emergency_receiving_facility": false, "classification_trigger": "HEURISTIC_NAME_SUBCENTRE", "amenity_tag": "", "healthcare_tag": "centre", "building_tag": "", "office_tag": "", "emergency_tag": "", "operator_type": "", "source_provider": "OpenStreetMap Contributors", "acquisition_date": "2026-08-30", "latitude_wgs84": 30.341065, "longitude_wgs84": 78.99699, "easting_utm44n": 307459.01, "northing_utm44n": 3358279.62 }, "geometry": { "type": "Point", "coordinates": [ 78.9969902, 30.341065 ] } },
{ "type": "Feature", "properties": { "facility_id": "FAC-RDP-238", "osm_id": "node/8227110478", "name": "SubCentre, Majothi", "facility_broad_type": "HEALTHCARE", "facility_category": "HEALTHCARE_SUBCENTRE", "explicitly_evidenced_emergency_capability": false, "potential_emergency_receiving_facility": false, "classification_trigger": "HEURISTIC_NAME_SUBCENTRE", "amenity_tag": "", "healthcare_tag": "centre", "building_tag": "", "office_tag": "", "emergency_tag": "", "operator_type": "", "source_provider": "OpenStreetMap Contributors", "acquisition_date": "2026-08-30", "latitude_wgs84": 30.373543, "longitude_wgs84": 79.351091, "easting_utm44n": 341554.79, "northing_utm44n": 3361331.12 }, "geometry": { "type": "Point", "coordinates": [ 79.3510914, 30.3735428 ] } },
{ "type": "Feature", "properties": { "facility_id": "FAC-RDP-239", "osm_id": "node/8230310787", "name": "SubCentre, Malai", "facility_broad_type": "HEALTHCARE", "facility_category": "HEALTHCARE_SUBCENTRE", "explicitly_evidenced_emergency_capability": false, "potential_emergency_receiving_facility": false, "classification_trigger": "HEURISTIC_NAME_SUBCENTRE", "amenity_tag": "", "healthcare_tag": "centre", "building_tag": "", "office_tag": "", "emergency_tag": "", "operator_type": "", "source_provider": "OpenStreetMap Contributors", "acquisition_date": "2026-08-30", "latitude_wgs84": 30.200494, "longitude_wgs84": 79.175342, "easting_utm44n": 324356.05, "northing_utm44n": 3342409.24 }, "geometry": { "type": "Point", "coordinates": [ 79.1753424, 30.2004942 ] } },
{ "type": "Feature", "properties": { "facility_id": "FAC-RDP-240", "osm_id": "node/8227144425", "name": "SubCentre, Malasi", "facility_broad_type": "HEALTHCARE", "facility_category": "HEALTHCARE_SUBCENTRE", "explicitly_evidenced_emergency_capability": false, "potential_emergency_receiving_facility": false, "classification_trigger": "HEURISTIC_NAME_SUBCENTRE", "amenity_tag": "", "healthcare_tag": "centre", "building_tag": "", "office_tag": "", "emergency_tag": "", "operator_type": "", "source_provider": "OpenStreetMap Contributors", "acquisition_date": "2026-08-30", "latitude_wgs84": 30.12249, "longitude_wgs84": 79.272798, "easting_utm44n": 333607.76, "northing_utm44n": 3333617.19 }, "geometry": { "type": "Point", "coordinates": [ 79.2727984, 30.1224896 ] } },
{ "type": "Feature", "properties": { "facility_id": "FAC-RDP-241", "osm_id": "node/8256742077", "name": "SubCentre, Malkoti", "facility_broad_type": "HEALTHCARE", "facility_category": "HEALTHCARE_SUBCENTRE", "explicitly_evidenced_emergency_capability": false, "potential_emergency_receiving_facility": false, "classification_trigger": "HEURISTIC_NAME_SUBCENTRE", "amenity_tag": "", "healthcare_tag": "centre", "building_tag": "", "office_tag": "", "emergency_tag": "", "operator_type": "", "source_provider": "OpenStreetMap Contributors", "acquisition_date": "2026-08-30", "latitude_wgs84": 30.366576, "longitude_wgs84": 79.132679, "easting_utm44n": 320551.17, "northing_utm44n": 3360884.68 }, "geometry": { "type": "Point", "coordinates": [ 79.1326791, 30.366576 ] } },
{ "type": "Feature", "properties": { "facility_id": "FAC-RDP-242", "osm_id": "node/8256775893", "name": "SubCentre, Mansoona", "facility_broad_type": "HEALTHCARE", "facility_category": "HEALTHCARE_SUBCENTRE", "explicitly_evidenced_emergency_capability": false, "potential_emergency_receiving_facility": false, "classification_trigger": "HEURISTIC_NAME_SUBCENTRE", "amenity_tag": "", "healthcare_tag": "centre", "building_tag": "", "office_tag": "", "emergency_tag": "", "operator_type": "", "source_provider": "OpenStreetMap Contributors", "acquisition_date": "2026-08-30", "latitude_wgs84": 30.547857, "longitude_wgs84": 79.125419, "easting_utm44n": 320186.71, "northing_utm44n": 3380990.28 }, "geometry": { "type": "Point", "coordinates": [ 79.1254189, 30.547857 ] } },
{ "type": "Feature", "properties": { "facility_id": "FAC-RDP-243", "osm_id": "node/8239401953", "name": "SubCentre, Maroda", "facility_broad_type": "HEALTHCARE", "facility_category": "HEALTHCARE_SUBCENTRE", "explicitly_evidenced_emergency_capability": false, "potential_emergency_receiving_facility": false, "classification_trigger": "HEURISTIC_NAME_SUBCENTRE", "amenity_tag": "", "healthcare_tag": "centre", "building_tag": "", "office_tag": "", "emergency_tag": "", "operator_type": "", "source_provider": "OpenStreetMap Contributors", "acquisition_date": "2026-08-30", "latitude_wgs84": 30.141695, "longitude_wgs84": 78.874403, "easting_utm44n": 295259.52, "northing_utm44n": 3336394.08 }, "geometry": { "type": "Point", "coordinates": [ 78.8744032, 30.1416952 ] } },
{ "type": "Feature", "properties": { "facility_id": "FAC-RDP-244", "osm_id": "node/8256457985", "name": "SubCentre, Mayali", "facility_broad_type": "HEALTHCARE", "facility_category": "HEALTHCARE_SUBCENTRE", "explicitly_evidenced_emergency_capability": false, "potential_emergency_receiving_facility": false, "classification_trigger": "HEURISTIC_NAME_SUBCENTRE", "amenity_tag": "", "healthcare_tag": "centre", "building_tag": "", "office_tag": "", "emergency_tag": "", "operator_type": "", "source_provider": "OpenStreetMap Contributors", "acquisition_date": "2026-08-30", "latitude_wgs84": 30.378015, "longitude_wgs84": 78.896479, "easting_utm44n": 297871.29, "northing_utm44n": 3362550.54 }, "geometry": { "type": "Point", "coordinates": [ 78.8964795, 30.3780146 ] } },
{ "type": "Feature", "properties": { "facility_id": "FAC-RDP-245", "osm_id": "node/8219424171", "name": "SubCentre, Miroli", "facility_broad_type": "HEALTHCARE", "facility_category": "HEALTHCARE_SUBCENTRE", "explicitly_evidenced_emergency_capability": false, "potential_emergency_receiving_facility": false, "classification_trigger": "HEURISTIC_NAME_SUBCENTRE", "amenity_tag": "", "healthcare_tag": "centre", "building_tag": "", "office_tag": "", "emergency_tag": "", "operator_type": "", "source_provider": "OpenStreetMap Contributors", "acquisition_date": "2026-08-30", "latitude_wgs84": 30.162496, "longitude_wgs84": 79.213901, "easting_utm44n": 328002.32, "northing_utm44n": 3338138.78 }, "geometry": { "type": "Point", "coordinates": [ 79.2139008, 30.1624964 ] } },
{ "type": "Feature", "properties": { "facility_id": "FAC-RDP-246", "osm_id": "node/8229650778", "name": "SubCentre, Mohankhal", "facility_broad_type": "HEALTHCARE", "facility_category": "HEALTHCARE_SUBCENTRE", "explicitly_evidenced_emergency_capability": false, "potential_emergency_receiving_facility": false, "classification_trigger": "HEURISTIC_NAME_SUBCENTRE", "amenity_tag": "", "healthcare_tag": "centre", "building_tag": "", "office_tag": "", "emergency_tag": "", "operator_type": "", "source_provider": "OpenStreetMap Contributors", "acquisition_date": "2026-08-30", "latitude_wgs84": 30.376571, "longitude_wgs84": 79.156036, "easting_utm44n": 322814.18, "northing_utm44n": 3361955.82 }, "geometry": { "type": "Point", "coordinates": [ 79.156036, 30.3765713 ] } },
{ "type": "Feature", "properties": { "facility_id": "FAC-RDP-247", "osm_id": "node/8266329067", "name": "SubCentre, Moldhar", "facility_broad_type": "HEALTHCARE", "facility_category": "HEALTHCARE_SUBCENTRE", "explicitly_evidenced_emergency_capability": false, "potential_emergency_receiving_facility": false, "classification_trigger": "HEURISTIC_NAME_SUBCENTRE", "amenity_tag": "", "healthcare_tag": "centre", "building_tag": "", "office_tag": "", "emergency_tag": "", "operator_type": "", "source_provider": "OpenStreetMap Contributors", "acquisition_date": "2026-08-30", "latitude_wgs84": 30.330704, "longitude_wgs84": 78.811603, "easting_utm44n": 289612.28, "northing_utm44n": 3357460.52 }, "geometry": { "type": "Point", "coordinates": [ 78.8116033, 30.3307037 ] } },
{ "type": "Feature", "properties": { "facility_id": "FAC-RDP-248", "osm_id": "node/8268895707", "name": "SubCentre, Mundethi", "facility_broad_type": "HEALTHCARE", "facility_category": "HEALTHCARE_SUBCENTRE", "explicitly_evidenced_emergency_capability": false, "potential_emergency_receiving_facility": false, "classification_trigger": "HEURISTIC_NAME_SUBCENTRE", "amenity_tag": "", "healthcare_tag": "centre", "building_tag": "", "office_tag": "", "emergency_tag": "", "operator_type": "", "source_provider": "OpenStreetMap Contributors", "acquisition_date": "2026-08-30", "latitude_wgs84": 30.449125, "longitude_wgs84": 78.752038, "easting_utm44n": 284145.07, "northing_utm44n": 3370700.3 }, "geometry": { "type": "Point", "coordinates": [ 78.7520381, 30.4491246 ] } },
{ "type": "Feature", "properties": { "facility_id": "FAC-RDP-249", "osm_id": "node/8229957119", "name": "SubCentre, Naini", "facility_broad_type": "HEALTHCARE", "facility_category": "HEALTHCARE_SUBCENTRE", "explicitly_evidenced_emergency_capability": false, "potential_emergency_receiving_facility": false, "classification_trigger": "HEURISTIC_NAME_SUBCENTRE", "amenity_tag": "", "healthcare_tag": "centre", "building_tag": "", "office_tag": "", "emergency_tag": "", "operator_type": "", "source_provider": "OpenStreetMap Contributors", "acquisition_date": "2026-08-30", "latitude_wgs84": 30.201069, "longitude_wgs84": 79.212123, "easting_utm44n": 327898.16, "northing_utm44n": 3342416.82 }, "geometry": { "type": "Point", "coordinates": [ 79.2121228, 30.2010694 ] } },
{ "type": "Feature", "properties": { "facility_id": "FAC-RDP-250", "osm_id": "node/8227234268", "name": "SubCentre, Narainbagar", "facility_broad_type": "HEALTHCARE", "facility_category": "HEALTHCARE_SUBCENTRE", "explicitly_evidenced_emergency_capability": false, "potential_emergency_receiving_facility": false, "classification_trigger": "HEURISTIC_NAME_SUBCENTRE", "amenity_tag": "", "healthcare_tag": "centre", "building_tag": "", "office_tag": "", "emergency_tag": "", "operator_type": "", "source_provider": "OpenStreetMap Contributors", "acquisition_date": "2026-08-30", "latitude_wgs84": 30.131251, "longitude_wgs84": 79.387454, "easting_utm44n": 344668.47, "northing_utm44n": 3334426.6 }, "geometry": { "type": "Point", "coordinates": [ 79.3874538, 30.1312509 ] } },
{ "type": "Feature", "properties": { "facility_id": "FAC-RDP-251", "osm_id": "node/8227315752", "name": "SubCentre, Nauli", "facility_broad_type": "HEALTHCARE", "facility_category": "HEALTHCARE_SUBCENTRE", "explicitly_evidenced_emergency_capability": false, "potential_emergency_receiving_facility": false, "classification_trigger": "HEURISTIC_NAME_SUBCENTRE", "amenity_tag": "", "healthcare_tag": "centre", "building_tag": "", "office_tag": "", "emergency_tag": "", "operator_type": "", "source_provider": "OpenStreetMap Contributors", "acquisition_date": "2026-08-30", "latitude_wgs84": 30.43381, "longitude_wgs84": 79.222808, "easting_utm44n": 329330.93, "northing_utm44n": 3368197.61 }, "geometry": { "type": "Point", "coordinates": [ 79.2228079, 30.433809700000012 ] } },
{ "type": "Feature", "properties": { "facility_id": "FAC-RDP-252", "osm_id": "node/8239631127", "name": "SubCentre, Nisni", "facility_broad_type": "HEALTHCARE", "facility_category": "HEALTHCARE_SUBCENTRE", "explicitly_evidenced_emergency_capability": false, "potential_emergency_receiving_facility": false, "classification_trigger": "HEURISTIC_NAME_SUBCENTRE", "amenity_tag": "", "healthcare_tag": "centre", "building_tag": "", "office_tag": "", "emergency_tag": "", "operator_type": "", "source_provider": "OpenStreetMap Contributors", "acquisition_date": "2026-08-30", "latitude_wgs84": 30.115121, "longitude_wgs84": 78.800181, "easting_utm44n": 288051.8, "northing_utm44n": 3333583.86 }, "geometry": { "type": "Point", "coordinates": [ 78.8001809, 30.1151206 ] } },
{ "type": "Feature", "properties": { "facility_id": "FAC-RDP-253", "osm_id": "node/8269011319", "name": "SubCentre, Nyuli", "facility_broad_type": "HEALTHCARE", "facility_category": "HEALTHCARE_SUBCENTRE", "explicitly_evidenced_emergency_capability": false, "potential_emergency_receiving_facility": false, "classification_trigger": "HEURISTIC_NAME_SUBCENTRE", "amenity_tag": "", "healthcare_tag": "centre", "building_tag": "", "office_tag": "", "emergency_tag": "", "operator_type": "", "source_provider": "OpenStreetMap Contributors", "acquisition_date": "2026-08-30", "latitude_wgs84": 30.310633, "longitude_wgs84": 78.703365, "easting_utm44n": 279158.74, "northing_utm44n": 3355441.32 }, "geometry": { "type": "Point", "coordinates": [ 78.7033649, 30.3106326 ] } },
{ "type": "Feature", "properties": { "facility_id": "FAC-RDP-254", "osm_id": "node/8265916862", "name": "SubCentre, Oda Gar", "facility_broad_type": "HEALTHCARE", "facility_category": "HEALTHCARE_SUBCENTRE", "explicitly_evidenced_emergency_capability": false, "potential_emergency_receiving_facility": false, "classification_trigger": "HEURISTIC_NAME_SUBCENTRE", "amenity_tag": "", "healthcare_tag": "centre", "building_tag": "", "office_tag": "", "emergency_tag": "", "operator_type": "", "source_provider": "OpenStreetMap Contributors", "acquisition_date": "2026-08-30", "latitude_wgs84": 30.118204, "longitude_wgs84": 78.941288, "easting_utm44n": 301656.42, "northing_utm44n": 3333671.99 }, "geometry": { "type": "Point", "coordinates": [ 78.9412884, 30.1182042 ] } },
{ "type": "Feature", "properties": { "facility_id": "FAC-RDP-255", "osm_id": "node/8227212831", "name": "SubCentre, Pagana", "facility_broad_type": "HEALTHCARE", "facility_category": "HEALTHCARE_SUBCENTRE", "explicitly_evidenced_emergency_capability": false, "potential_emergency_receiving_facility": false, "classification_trigger": "HEURISTIC_NAME_SUBCENTRE", "amenity_tag": "", "healthcare_tag": "centre", "building_tag": "", "office_tag": "", "emergency_tag": "", "operator_type": "", "source_provider": "OpenStreetMap Contributors", "acquisition_date": "2026-08-30", "latitude_wgs84": 30.317038, "longitude_wgs84": 79.428124, "easting_utm44n": 348871.05, "northing_utm44n": 3354963.2 }, "geometry": { "type": "Point", "coordinates": [ 79.4281241, 30.317038 ] } },
{ "type": "Feature", "properties": { "facility_id": "FAC-RDP-256", "osm_id": "node/8269155231", "name": "SubCentre, Paindula", "facility_broad_type": "HEALTHCARE", "facility_category": "HEALTHCARE_SUBCENTRE", "explicitly_evidenced_emergency_capability": false, "potential_emergency_receiving_facility": false, "classification_trigger": "HEURISTIC_NAME_SUBCENTRE", "amenity_tag": "", "healthcare_tag": "centre", "building_tag": "", "office_tag": "", "emergency_tag": "", "operator_type": "", "source_provider": "OpenStreetMap Contributors", "acquisition_date": "2026-08-30", "latitude_wgs84": 30.292484, "longitude_wgs84": 78.708405, "easting_utm44n": 279602.86, "northing_utm44n": 3353419.61 }, "geometry": { "type": "Point", "coordinates": [ 78.7084046, 30.2924839 ] } },
{ "type": "Feature", "properties": { "facility_id": "FAC-RDP-257", "osm_id": "node/8256757392", "name": "SubCentre, Paldwari", "facility_broad_type": "HEALTHCARE", "facility_category": "HEALTHCARE_SUBCENTRE", "explicitly_evidenced_emergency_capability": false, "potential_emergency_receiving_facility": false, "classification_trigger": "HEURISTIC_NAME_SUBCENTRE", "amenity_tag": "", "healthcare_tag": "centre", "building_tag": "", "office_tag": "", "emergency_tag": "", "operator_type": "", "source_provider": "OpenStreetMap Contributors", "acquisition_date": "2026-08-30", "latitude_wgs84": 30.480321, "longitude_wgs84": 79.130829, "easting_utm44n": 320581.74, "northing_utm44n": 3373495.54 }, "geometry": { "type": "Point", "coordinates": [ 79.1308294, 30.4803206 ] } },
{ "type": "Feature", "properties": { "facility_id": "FAC-RDP-258", "osm_id": "node/8265895938", "name": "SubCentre, Pali", "facility_broad_type": "HEALTHCARE", "facility_category": "HEALTHCARE_SUBCENTRE", "explicitly_evidenced_emergency_capability": false, "potential_emergency_receiving_facility": false, "classification_trigger": "HEURISTIC_NAME_SUBCENTRE", "amenity_tag": "", "healthcare_tag": "centre", "building_tag": "", "office_tag": "", "emergency_tag": "", "operator_type": "", "source_provider": "OpenStreetMap Contributors", "acquisition_date": "2026-08-30", "latitude_wgs84": 30.253279, "longitude_wgs84": 78.728394, "easting_utm44n": 281438.93, "northing_utm44n": 3349034.91 }, "geometry": { "type": "Point", "coordinates": [ 78.7283938, 30.2532794 ] } },
{ "type": "Feature", "properties": { "facility_id": "FAC-RDP-259", "osm_id": "node/8256482823", "name": "SubCentre, Parkandi", "facility_broad_type": "HEALTHCARE", "facility_category": "HEALTHCARE_SUBCENTRE", "explicitly_evidenced_emergency_capability": false, "potential_emergency_receiving_facility": false, "classification_trigger": "HEURISTIC_NAME_SUBCENTRE", "amenity_tag": "", "healthcare_tag": "centre", "building_tag": "", "office_tag": "", "emergency_tag": "", "operator_type": "", "source_provider": "OpenStreetMap Contributors", "acquisition_date": "2026-08-30", "latitude_wgs84": 30.483693, "longitude_wgs84": 79.093017, "easting_utm44n": 316957.89, "northing_utm44n": 3373930.0 }, "geometry": { "type": "Point", "coordinates": [ 79.0930173, 30.4836925 ] } },
{ "type": "Feature", "properties": { "facility_id": "FAC-RDP-260", "osm_id": "node/8239412819", "name": "SubCentre, Pokhri", "facility_broad_type": "HEALTHCARE", "facility_category": "HEALTHCARE_SUBCENTRE", "explicitly_evidenced_emergency_capability": false, "potential_emergency_receiving_facility": false, "classification_trigger": "HEURISTIC_NAME_SUBCENTRE", "amenity_tag": "", "healthcare_tag": "centre", "building_tag": "", "office_tag": "", "emergency_tag": "", "operator_type": "", "source_provider": "OpenStreetMap Contributors", "acquisition_date": "2026-08-30", "latitude_wgs84": 30.205621, "longitude_wgs84": 78.881688, "easting_utm44n": 296093.07, "northing_utm44n": 3343467.09 }, "geometry": { "type": "Point", "coordinates": [ 78.8816876, 30.2056208 ] } },
{ "type": "Feature", "properties": { "facility_id": "FAC-RDP-261", "osm_id": "node/8229999383", "name": "SubCentre, Pungaon", "facility_broad_type": "HEALTHCARE", "facility_category": "HEALTHCARE_SUBCENTRE", "explicitly_evidenced_emergency_capability": false, "potential_emergency_receiving_facility": false, "classification_trigger": "HEURISTIC_NAME_SUBCENTRE", "amenity_tag": "", "healthcare_tag": "centre", "building_tag": "", "office_tag": "", "emergency_tag": "", "operator_type": "", "source_provider": "OpenStreetMap Contributors", "acquisition_date": "2026-08-30", "latitude_wgs84": 30.192795, "longitude_wgs84": 79.132169, "easting_utm44n": 320185.44, "northing_utm44n": 3341623.29 }, "geometry": { "type": "Point", "coordinates": [ 79.1321694, 30.1927953 ] } },
{ "type": "Feature", "properties": { "facility_id": "FAC-RDP-262", "osm_id": "node/8256630785", "name": "SubCentre, Rampur", "facility_broad_type": "HEALTHCARE", "facility_category": "HEALTHCARE_SUBCENTRE", "explicitly_evidenced_emergency_capability": false, "potential_emergency_receiving_facility": false, "classification_trigger": "HEURISTIC_NAME_SUBCENTRE", "amenity_tag": "", "healthcare_tag": "centre", "building_tag": "", "office_tag": "", "emergency_tag": "", "operator_type": "", "source_provider": "OpenStreetMap Contributors", "acquisition_date": "2026-08-30", "latitude_wgs84": 30.618062, "longitude_wgs84": 79.009981, "easting_utm44n": 309249.19, "northing_utm44n": 3388962.46 }, "geometry": { "type": "Point", "coordinates": [ 79.009981200000013, 30.6180622 ] } },
{ "type": "Feature", "properties": { "facility_id": "FAC-RDP-263", "osm_id": "node/8256535899", "name": "SubCentre, Randhar", "facility_broad_type": "HEALTHCARE", "facility_category": "HEALTHCARE_SUBCENTRE", "explicitly_evidenced_emergency_capability": false, "potential_emergency_receiving_facility": false, "classification_trigger": "HEURISTIC_NAME_SUBCENTRE", "amenity_tag": "", "healthcare_tag": "centre", "building_tag": "", "office_tag": "", "emergency_tag": "", "operator_type": "", "source_provider": "OpenStreetMap Contributors", "acquisition_date": "2026-08-30", "latitude_wgs84": 30.468941, "longitude_wgs84": 78.912226, "easting_utm44n": 299570.75, "northing_utm44n": 3372601.86 }, "geometry": { "type": "Point", "coordinates": [ 78.9122257, 30.4689411 ] } },
{ "type": "Feature", "properties": { "facility_id": "FAC-RDP-264", "osm_id": "node/8257014622", "name": "SubCentre, Ransi", "facility_broad_type": "HEALTHCARE", "facility_category": "HEALTHCARE_SUBCENTRE", "explicitly_evidenced_emergency_capability": false, "potential_emergency_receiving_facility": false, "classification_trigger": "HEURISTIC_NAME_SUBCENTRE", "amenity_tag": "", "healthcare_tag": "centre", "building_tag": "", "office_tag": "", "emergency_tag": "", "operator_type": "", "source_provider": "OpenStreetMap Contributors", "acquisition_date": "2026-08-30", "latitude_wgs84": 30.587921, "longitude_wgs84": 79.142007, "easting_utm44n": 321851.4, "northing_utm44n": 3385404.9 }, "geometry": { "type": "Point", "coordinates": [ 79.1420069, 30.5879214 ] } },
{ "type": "Feature", "properties": { "facility_id": "FAC-RDP-265", "osm_id": "node/8230171625", "name": "SubCentre, Saikot", "facility_broad_type": "HEALTHCARE", "facility_category": "HEALTHCARE_SUBCENTRE", "explicitly_evidenced_emergency_capability": false, "potential_emergency_receiving_facility": false, "classification_trigger": "HEURISTIC_NAME_SUBCENTRE", "amenity_tag": "", "healthcare_tag": "centre", "building_tag": "", "office_tag": "", "emergency_tag": "", "operator_type": "", "source_provider": "OpenStreetMap Contributors", "acquisition_date": "2026-08-30", "latitude_wgs84": 30.366861, "longitude_wgs84": 79.303015, "easting_utm44n": 336923.35, "northing_utm44n": 3360658.75 }, "geometry": { "type": "Point", "coordinates": [ 79.3030152, 30.366861 ] } },
{ "type": "Feature", "properties": { "facility_id": "FAC-RDP-266", "osm_id": "node/8229550825", "name": "SubCentre, Sainj", "facility_broad_type": "HEALTHCARE", "facility_category": "HEALTHCARE_SUBCENTRE", "explicitly_evidenced_emergency_capability": false, "potential_emergency_receiving_facility": false, "classification_trigger": "HEURISTIC_NAME_SUBCENTRE", "amenity_tag": "", "healthcare_tag": "centre", "building_tag": "", "office_tag": "", "emergency_tag": "", "operator_type": "", "source_provider": "OpenStreetMap Contributors", "acquisition_date": "2026-08-30", "latitude_wgs84": 30.209787, "longitude_wgs84": 79.354312, "easting_utm44n": 341601.32, "northing_utm44n": 3343176.59 }, "geometry": { "type": "Point", "coordinates": [ 79.3543124, 30.2097866 ] } },
{ "type": "Feature", "properties": { "facility_id": "FAC-RDP-267", "osm_id": "node/8230484275", "name": "SubCentre, Salna", "facility_broad_type": "HEALTHCARE", "facility_category": "HEALTHCARE_SUBCENTRE", "explicitly_evidenced_emergency_capability": false, "potential_emergency_receiving_facility": false, "classification_trigger": "HEURISTIC_NAME_SUBCENTRE", "amenity_tag": "", "healthcare_tag": "centre", "building_tag": "", "office_tag": "", "emergency_tag": "", "operator_type": "", "source_provider": "OpenStreetMap Contributors", "acquisition_date": "2026-08-30", "latitude_wgs84": 30.385261, "longitude_wgs84": 79.189047, "easting_utm44n": 326002.16, "northing_utm44n": 3362867.82 }, "geometry": { "type": "Point", "coordinates": [ 79.1890474, 30.385261099999987 ] } },
{ "type": "Feature", "properties": { "facility_id": "FAC-RDP-268", "osm_id": "node/8242043207", "name": "SubCentre, Sarna", "facility_broad_type": "HEALTHCARE", "facility_category": "HEALTHCARE_SUBCENTRE", "explicitly_evidenced_emergency_capability": false, "potential_emergency_receiving_facility": false, "classification_trigger": "HEURISTIC_NAME_SUBCENTRE", "amenity_tag": "", "healthcare_tag": "centre", "building_tag": "", "office_tag": "", "emergency_tag": "", "operator_type": "", "source_provider": "OpenStreetMap Contributors", "acquisition_date": "2026-08-30", "latitude_wgs84": 30.137603, "longitude_wgs84": 78.843353, "easting_utm44n": 292259.41, "northing_utm44n": 3335996.61 }, "geometry": { "type": "Point", "coordinates": [ 78.8433526, 30.1376029 ] } },
{ "type": "Feature", "properties": { "facility_id": "FAC-RDP-269", "osm_id": "node/8256599483", "name": "SubCentre, Saterakhal", "facility_broad_type": "HEALTHCARE", "facility_category": "HEALTHCARE_SUBCENTRE", "explicitly_evidenced_emergency_capability": false, "potential_emergency_receiving_facility": false, "classification_trigger": "HEURISTIC_NAME_SUBCENTRE", "amenity_tag": "", "healthcare_tag": "centre", "building_tag": "", "office_tag": "", "emergency_tag": "", "operator_type": "", "source_provider": "OpenStreetMap Contributors", "acquisition_date": "2026-08-30", "latitude_wgs84": 30.32231, "longitude_wgs84": 79.002253, "easting_utm44n": 307928.36, "northing_utm44n": 3356191.74 }, "geometry": { "type": "Point", "coordinates": [ 79.0022527, 30.3223098 ] } },
{ "type": "Feature", "properties": { "facility_id": "FAC-RDP-270", "osm_id": "node/8256825575", "name": "SubCentre, Saunda", "facility_broad_type": "HEALTHCARE", "facility_category": "HEALTHCARE_SUBCENTRE", "explicitly_evidenced_emergency_capability": false, "potential_emergency_receiving_facility": false, "classification_trigger": "HEURISTIC_NAME_SUBCENTRE", "amenity_tag": "", "healthcare_tag": "centre", "building_tag": "", "office_tag": "", "emergency_tag": "", "operator_type": "", "source_provider": "OpenStreetMap Contributors", "acquisition_date": "2026-08-30", "latitude_wgs84": 30.346019, "longitude_wgs84": 78.915956, "easting_utm44n": 299677.93, "northing_utm44n": 3358969.25 }, "geometry": { "type": "Point", "coordinates": [ 78.9159556, 30.34601940000001 ] } },
{ "type": "Feature", "properties": { "facility_id": "FAC-RDP-271", "osm_id": "node/8256980720", "name": "SubCentre, Saura", "facility_broad_type": "HEALTHCARE", "facility_category": "HEALTHCARE_SUBCENTRE", "explicitly_evidenced_emergency_capability": false, "potential_emergency_receiving_facility": false, "classification_trigger": "HEURISTIC_NAME_SUBCENTRE", "amenity_tag": "", "healthcare_tag": "centre", "building_tag": "", "office_tag": "", "emergency_tag": "", "operator_type": "", "source_provider": "OpenStreetMap Contributors", "acquisition_date": "2026-08-30", "latitude_wgs84": 30.312709, "longitude_wgs84": 78.922156, "easting_utm44n": 300206.37, "northing_utm44n": 3355265.83 }, "geometry": { "type": "Point", "coordinates": [ 78.9221557, 30.3127087 ] } },
{ "type": "Feature", "properties": { "facility_id": "FAC-RDP-272", "osm_id": "node/8229932386", "name": "SubCentre, Sema", "facility_broad_type": "HEALTHCARE", "facility_category": "HEALTHCARE_SUBCENTRE", "explicitly_evidenced_emergency_capability": false, "potential_emergency_receiving_facility": false, "classification_trigger": "HEURISTIC_NAME_SUBCENTRE", "amenity_tag": "", "healthcare_tag": "centre", "building_tag": "", "office_tag": "", "emergency_tag": "", "operator_type": "", "source_provider": "OpenStreetMap Contributors", "acquisition_date": "2026-08-30", "latitude_wgs84": 30.317493, "longitude_wgs84": 79.388937, "easting_utm44n": 345103.62, "northing_utm44n": 3355066.44 }, "geometry": { "type": "Point", "coordinates": [ 79.3889371, 30.3174927 ] } },
{ "type": "Feature", "properties": { "facility_id": "FAC-RDP-273", "osm_id": "node/8256562956", "name": "SubCentre, Semalta", "facility_broad_type": "HEALTHCARE", "facility_category": "HEALTHCARE_SUBCENTRE", "explicitly_evidenced_emergency_capability": false, "potential_emergency_receiving_facility": false, "classification_trigger": "HEURISTIC_NAME_SUBCENTRE", "amenity_tag": "", "healthcare_tag": "centre", "building_tag": "", "office_tag": "", "emergency_tag": "", "operator_type": "", "source_provider": "OpenStreetMap Contributors", "acquisition_date": "2026-08-30", "latitude_wgs84": 30.322564, "longitude_wgs84": 78.94611, "easting_utm44n": 302529.92, "northing_utm44n": 3356316.32 }, "geometry": { "type": "Point", "coordinates": [ 78.9461097, 30.3225639 ] } },
{ "type": "Feature", "properties": { "facility_id": "FAC-RDP-274", "osm_id": "node/8257037593", "name": "SubCentre, Sidhsaur", "facility_broad_type": "HEALTHCARE", "facility_category": "HEALTHCARE_SUBCENTRE", "explicitly_evidenced_emergency_capability": false, "potential_emergency_receiving_facility": false, "classification_trigger": "HEURISTIC_NAME_SUBCENTRE", "amenity_tag": "", "healthcare_tag": "centre", "building_tag": "", "office_tag": "", "emergency_tag": "", "operator_type": "", "source_provider": "OpenStreetMap Contributors", "acquisition_date": "2026-08-30", "latitude_wgs84": 30.398471, "longitude_wgs84": 78.963054, "easting_utm44n": 304310.64, "northing_utm44n": 3364701.12 }, "geometry": { "type": "Point", "coordinates": [ 78.9630542, 30.3984708 ] } },
{ "type": "Feature", "properties": { "facility_id": "FAC-RDP-275", "osm_id": "node/8269551366", "name": "SubCentre, Silkakhal", "facility_broad_type": "HEALTHCARE", "facility_category": "HEALTHCARE_SUBCENTRE", "explicitly_evidenced_emergency_capability": false, "potential_emergency_receiving_facility": false, "classification_trigger": "HEURISTIC_NAME_SUBCENTRE", "amenity_tag": "", "healthcare_tag": "centre", "building_tag": "", "office_tag": "", "emergency_tag": "", "operator_type": "", "source_provider": "OpenStreetMap Contributors", "acquisition_date": "2026-08-30", "latitude_wgs84": 30.27719, "longitude_wgs84": 78.786559, "easting_utm44n": 287088.26, "northing_utm44n": 3351575.09 }, "geometry": { "type": "Point", "coordinates": [ 78.7865587, 30.2771904 ] } },
{ "type": "Feature", "properties": { "facility_id": "FAC-RDP-276", "osm_id": "node/8229532674", "name": "SubCentre, Simli", "facility_broad_type": "HEALTHCARE", "facility_category": "HEALTHCARE_SUBCENTRE", "explicitly_evidenced_emergency_capability": false, "potential_emergency_receiving_facility": false, "classification_trigger": "HEURISTIC_NAME_SUBCENTRE", "amenity_tag": "", "healthcare_tag": "centre", "building_tag": "", "office_tag": "", "emergency_tag": "", "operator_type": "", "source_provider": "OpenStreetMap Contributors", "acquisition_date": "2026-08-30", "latitude_wgs84": 30.229238, "longitude_wgs84": 79.257892, "easting_utm44n": 332352.42, "northing_utm44n": 3345470.62 }, "geometry": { "type": "Point", "coordinates": [ 79.2578922, 30.2292378 ] } },
{ "type": "Feature", "properties": { "facility_id": "FAC-RDP-277", "osm_id": "node/8227139103", "name": "SubCentre, Siran", "facility_broad_type": "HEALTHCARE", "facility_category": "HEALTHCARE_SUBCENTRE", "explicitly_evidenced_emergency_capability": false, "potential_emergency_receiving_facility": false, "classification_trigger": "HEURISTIC_NAME_SUBCENTRE", "amenity_tag": "", "healthcare_tag": "centre", "building_tag": "", "office_tag": "", "emergency_tag": "", "operator_type": "", "source_provider": "OpenStreetMap Contributors", "acquisition_date": "2026-08-30", "latitude_wgs84": 30.26203, "longitude_wgs84": 79.180399, "easting_utm44n": 324952.04, "northing_utm44n": 3349222.1 }, "geometry": { "type": "Point", "coordinates": [ 79.1803995, 30.2620303 ] } },
{ "type": "Feature", "properties": { "facility_id": "FAC-RDP-278", "osm_id": "node/8229953736", "name": "SubCentre, Sonla", "facility_broad_type": "HEALTHCARE", "facility_category": "HEALTHCARE_SUBCENTRE", "explicitly_evidenced_emergency_capability": false, "potential_emergency_receiving_facility": false, "classification_trigger": "HEURISTIC_NAME_SUBCENTRE", "amenity_tag": "", "healthcare_tag": "centre", "building_tag": "", "office_tag": "", "emergency_tag": "", "operator_type": "", "source_provider": "OpenStreetMap Contributors", "acquisition_date": "2026-08-30", "latitude_wgs84": 30.376691, "longitude_wgs84": 79.290202, "easting_utm44n": 335708.29, "northing_utm44n": 3361766.84 }, "geometry": { "type": "Point", "coordinates": [ 79.2902019, 30.3766913 ] } },
{ "type": "Feature", "properties": { "facility_id": "FAC-RDP-279", "osm_id": "node/8241996946", "name": "SubCentre, Sumari", "facility_broad_type": "HEALTHCARE", "facility_category": "HEALTHCARE_SUBCENTRE", "explicitly_evidenced_emergency_capability": false, "potential_emergency_receiving_facility": false, "classification_trigger": "HEURISTIC_NAME_SUBCENTRE", "amenity_tag": "", "healthcare_tag": "centre", "building_tag": "", "office_tag": "", "emergency_tag": "", "operator_type": "", "source_provider": "OpenStreetMap Contributors", "acquisition_date": "2026-08-30", "latitude_wgs84": 30.20161, "longitude_wgs84": 78.814635, "easting_utm44n": 289628.59, "northing_utm44n": 3343144.49 }, "geometry": { "type": "Point", "coordinates": [ 78.8146352, 30.201609599999987 ] } },
{ "type": "Feature", "properties": { "facility_id": "FAC-RDP-280", "osm_id": "node/8256783737", "name": "SubCentre, Sumari Bhardar", "facility_broad_type": "HEALTHCARE", "facility_category": "HEALTHCARE_SUBCENTRE", "explicitly_evidenced_emergency_capability": false, "potential_emergency_receiving_facility": false, "classification_trigger": "HEURISTIC_NAME_SUBCENTRE", "amenity_tag": "", "healthcare_tag": "centre", "building_tag": "", "office_tag": "", "emergency_tag": "", "operator_type": "", "source_provider": "OpenStreetMap Contributors", "acquisition_date": "2026-08-30", "latitude_wgs84": 30.347639, "longitude_wgs84": 78.971455, "easting_utm44n": 305016.98, "northing_utm44n": 3359052.01 }, "geometry": { "type": "Point", "coordinates": [ 78.9714552, 30.3476392 ] } },
{ "type": "Feature", "properties": { "facility_id": "FAC-RDP-281", "osm_id": "node/8256637551", "name": "SubCentre, Syur", "facility_broad_type": "HEALTHCARE", "facility_category": "HEALTHCARE_SUBCENTRE", "explicitly_evidenced_emergency_capability": false, "potential_emergency_receiving_facility": false, "classification_trigger": "HEURISTIC_NAME_SUBCENTRE", "amenity_tag": "", "healthcare_tag": "centre", "building_tag": "", "office_tag": "", "emergency_tag": "", "operator_type": "", "source_provider": "OpenStreetMap Contributors", "acquisition_date": "2026-08-30", "latitude_wgs84": 30.446132, "longitude_wgs84": 79.001855, "easting_utm44n": 308132.29, "northing_utm44n": 3369917.85 }, "geometry": { "type": "Point", "coordinates": [ 79.0018547, 30.4461322 ] } },
{ "type": "Feature", "properties": { "facility_id": "FAC-RDP-282", "osm_id": "node/8230207932", "name": "SubCentre, Thirpak", "facility_broad_type": "HEALTHCARE", "facility_category": "HEALTHCARE_SUBCENTRE", "explicitly_evidenced_emergency_capability": false, "potential_emergency_receiving_facility": false, "classification_trigger": "HEURISTIC_NAME_SUBCENTRE", "amenity_tag": "", "healthcare_tag": "centre", "building_tag": "", "office_tag": "", "emergency_tag": "", "operator_type": "", "source_provider": "OpenStreetMap Contributors", "acquisition_date": "2026-08-30", "latitude_wgs84": 30.301078, "longitude_wgs84": 79.36347, "easting_utm44n": 342628.48, "northing_utm44n": 3353282.13 }, "geometry": { "type": "Point", "coordinates": [ 79.3634696, 30.3010778 ] } },
{ "type": "Feature", "properties": { "facility_id": "FAC-RDP-283", "osm_id": "node/8257087883", "name": "SubCentre, Tilwara", "facility_broad_type": "HEALTHCARE", "facility_category": "HEALTHCARE_SUBCENTRE", "explicitly_evidenced_emergency_capability": false, "potential_emergency_receiving_facility": false, "classification_trigger": "HEURISTIC_NAME_SUBCENTRE", "amenity_tag": "", "healthcare_tag": "centre", "building_tag": "", "office_tag": "", "emergency_tag": "", "operator_type": "", "source_provider": "OpenStreetMap Contributors", "acquisition_date": "2026-08-30", "latitude_wgs84": 30.344628, "longitude_wgs84": 78.976175, "easting_utm44n": 305464.81, "northing_utm44n": 3358710.11 }, "geometry": { "type": "Point", "coordinates": [ 78.9761753, 30.344628 ] } },
{ "type": "Feature", "properties": { "facility_id": "FAC-RDP-284", "osm_id": "node/8256526597", "name": "SubCentre, Timali", "facility_broad_type": "HEALTHCARE", "facility_category": "HEALTHCARE_SUBCENTRE", "explicitly_evidenced_emergency_capability": false, "potential_emergency_receiving_facility": false, "classification_trigger": "HEURISTIC_NAME_SUBCENTRE", "amenity_tag": "", "healthcare_tag": "centre", "building_tag": "", "office_tag": "", "emergency_tag": "", "operator_type": "", "source_provider": "OpenStreetMap Contributors", "acquisition_date": "2026-08-30", "latitude_wgs84": 30.331938, "longitude_wgs84": 78.915829, "easting_utm44n": 299637.03, "northing_utm44n": 3357408.52 }, "geometry": { "type": "Point", "coordinates": [ 78.9158286, 30.3319377 ] } },
{ "type": "Feature", "properties": { "facility_id": "FAC-RDP-285", "osm_id": "node/8227286511", "name": "SubCentre, Tirosi", "facility_broad_type": "HEALTHCARE", "facility_category": "HEALTHCARE_SUBCENTRE", "explicitly_evidenced_emergency_capability": false, "potential_emergency_receiving_facility": false, "classification_trigger": "HEURISTIC_NAME_SUBCENTRE", "amenity_tag": "", "healthcare_tag": "centre", "building_tag": "", "office_tag": "", "emergency_tag": "", "operator_type": "", "source_provider": "OpenStreetMap Contributors", "acquisition_date": "2026-08-30", "latitude_wgs84": 30.476763, "longitude_wgs84": 79.463917, "easting_utm44n": 352553.05, "northing_utm44n": 3372619.13 }, "geometry": { "type": "Point", "coordinates": [ 79.4639175, 30.4767634 ] } },
{ "type": "Feature", "properties": { "facility_id": "FAC-RDP-286", "osm_id": "node/8256487878", "name": "SubCentre, Tulanga", "facility_broad_type": "HEALTHCARE", "facility_category": "HEALTHCARE_SUBCENTRE", "explicitly_evidenced_emergency_capability": false, "potential_emergency_receiving_facility": false, "classification_trigger": "HEURISTIC_NAME_SUBCENTRE", "amenity_tag": "", "healthcare_tag": "centre", "building_tag": "", "office_tag": "", "emergency_tag": "", "operator_type": "", "source_provider": "OpenStreetMap Contributors", "acquisition_date": "2026-08-30", "latitude_wgs84": 30.505687, "longitude_wgs84": 79.043802, "easting_utm44n": 312275.32, "northing_utm44n": 3376448.89 }, "geometry": { "type": "Point", "coordinates": [ 79.043802, 30.505687 ] } },
{ "type": "Feature", "properties": { "facility_id": "FAC-RDP-287", "osm_id": "node/8256746690", "name": "SubCentre, Tuneta", "facility_broad_type": "HEALTHCARE", "facility_category": "HEALTHCARE_SUBCENTRE", "explicitly_evidenced_emergency_capability": false, "potential_emergency_receiving_facility": false, "classification_trigger": "HEURISTIC_NAME_SUBCENTRE", "amenity_tag": "", "healthcare_tag": "centre", "building_tag": "", "office_tag": "", "emergency_tag": "", "operator_type": "", "source_provider": "OpenStreetMap Contributors", "acquisition_date": "2026-08-30", "latitude_wgs84": 30.363118, "longitude_wgs84": 78.929315, "easting_utm44n": 300996.98, "northing_utm44n": 3360841.08 }, "geometry": { "type": "Point", "coordinates": [ 78.9293151, 30.3631179 ] } },
{ "type": "Feature", "properties": { "facility_id": "FAC-RDP-288", "osm_id": "node/8257007897", "name": "SubCentre, Uchola", "facility_broad_type": "HEALTHCARE", "facility_category": "HEALTHCARE_SUBCENTRE", "explicitly_evidenced_emergency_capability": false, "potential_emergency_receiving_facility": false, "classification_trigger": "HEURISTIC_NAME_SUBCENTRE", "amenity_tag": "", "healthcare_tag": "centre", "building_tag": "", "office_tag": "", "emergency_tag": "", "operator_type": "", "source_provider": "OpenStreetMap Contributors", "acquisition_date": "2026-08-30", "latitude_wgs84": 30.470689, "longitude_wgs84": 79.010039, "easting_utm44n": 308966.29, "northing_utm44n": 3372626.04 }, "geometry": { "type": "Point", "coordinates": [ 79.0100392, 30.4706888 ] } },
{ "type": "Feature", "properties": { "facility_id": "FAC-RDP-289", "osm_id": "node/8227368692", "name": "SubCentre, Udamanda", "facility_broad_type": "HEALTHCARE", "facility_category": "HEALTHCARE_SUBCENTRE", "explicitly_evidenced_emergency_capability": false, "potential_emergency_receiving_facility": false, "classification_trigger": "HEURISTIC_NAME_SUBCENTRE", "amenity_tag": "", "healthcare_tag": "centre", "building_tag": "", "office_tag": "", "emergency_tag": "", "operator_type": "", "source_provider": "OpenStreetMap Contributors", "acquisition_date": "2026-08-30", "latitude_wgs84": 30.321574, "longitude_wgs84": 79.195245, "easting_utm44n": 326485.3, "northing_utm44n": 3355799.2 }, "geometry": { "type": "Point", "coordinates": [ 79.1952447, 30.3215744 ] } },
{ "type": "Feature", "properties": { "facility_id": "FAC-RDP-290", "osm_id": "node/8230172832", "name": "SubCentre, Umatta", "facility_broad_type": "HEALTHCARE", "facility_category": "HEALTHCARE_SUBCENTRE", "explicitly_evidenced_emergency_capability": false, "potential_emergency_receiving_facility": false, "classification_trigger": "HEURISTIC_NAME_SUBCENTRE", "amenity_tag": "", "healthcare_tag": "centre", "building_tag": "", "office_tag": "", "emergency_tag": "", "operator_type": "", "source_provider": "OpenStreetMap Contributors", "acquisition_date": "2026-08-30", "latitude_wgs84": 30.273665, "longitude_wgs84": 79.254155, "easting_utm44n": 332068.31, "northing_utm44n": 3350400.32 }, "geometry": { "type": "Point", "coordinates": [ 79.2541547, 30.2736647 ] } },
{ "type": "Feature", "properties": { "facility_id": "FAC-RDP-291", "osm_id": "node/8229657396", "name": "SubCentre, Urgam", "facility_broad_type": "HEALTHCARE", "facility_category": "HEALTHCARE_SUBCENTRE", "explicitly_evidenced_emergency_capability": false, "potential_emergency_receiving_facility": false, "classification_trigger": "HEURISTIC_NAME_SUBCENTRE", "amenity_tag": "", "healthcare_tag": "centre", "building_tag": "", "office_tag": "", "emergency_tag": "", "operator_type": "", "source_provider": "OpenStreetMap Contributors", "acquisition_date": "2026-08-30", "latitude_wgs84": 30.540814, "longitude_wgs84": 79.455603, "easting_utm44n": 351852.07, "northing_utm44n": 3379729.11 }, "geometry": { "type": "Point", "coordinates": [ 79.4556035, 30.5408136 ] } }
]
}
