{
"type": "FeatureCollection",
"name": "habitation_exposure",
"crs": { "type": "name", "properties": { "name": "urn:ogc:def:crs:EPSG::32644" } },
"features": [
{ "type": "Feature", "properties": { "village_id": 42054, "village_name": "Garuriya", "households": 2, "tot_pop": 10, "pop_male": 10, "pop_female": 0, "pop_sc": 0, "pop_st": 0, "shrid2": "11-05-058-00290-042054", "shrug_state_id": 5, "shrug_district_id": 58, "shrug_subdist_id": 290.0, "direct_zone_overlap": false, "hazard_zone_flag": 0, "hazard_zone_label": "Outside Candidate Hazard-Based Red Zone", "nearest_hazard_distance_m": 923.5, "dist_to_nearest_redzone_m": 923.5, "proximity_band": "500 m to 1 km", "nearest_zone_id": "RZ-077", "matched_zone_id": null, "matched_zone_label": null, "matched_zone_mh_score": null, "matched_zone_priority": null, "matched_zone_area_m2": null, "data_source": "Census PCA 2011 joined to SHRUG spatial bridge", "join_method": "Exact code-based join: Census Town/Village = SHRUG pc11_village_id", "disclaimer": "Decision Support — Requires Official Verification & Geotechnical Assessment" }, "geometry": { "type": "Point", "coordinates": [ 314782.327769943280146, 3400215.533099956344813 ] } },
{ "type": "Feature", "properties": { "village_id": 42058, "village_name": "Gaurikund", "households": 43, "tot_pop": 223, "pop_male": 136, "pop_female": 87, "pop_sc": 0, "pop_st": 0, "shrid2": "11-05-058-00290-042058", "shrug_state_id": 5, "shrug_district_id": 58, "shrug_subdist_id": 290.0, "direct_zone_overlap": false, "hazard_zone_flag": 0, "hazard_zone_label": "Outside Candidate Hazard-Based Red Zone", "nearest_hazard_distance_m": 468.8, "dist_to_nearest_redzone_m": 468.8, "proximity_band": "Within 500 m", "nearest_zone_id": "RZ-008", "matched_zone_id": null, "matched_zone_label": null, "matched_zone_mh_score": null, "matched_zone_priority": null, "matched_zone_area_m2": null, "data_source": "Census PCA 2011 joined to SHRUG spatial bridge", "join_method": "Exact code-based join: Census Town/Village = SHRUG pc11_village_id", "disclaimer": "Decision Support — Requires Official Verification & Geotechnical Assessment" }, "geometry": { "type": "Point", "coordinates": [ 310862.358701420074794, 3393878.445856124628335 ] } },
{ "type": "Feature", "properties": { "village_id": 42059, "village_name": "Mundkatiya", "households": 6, "tot_pop": 30, "pop_male": 16, "pop_female": 14, "pop_sc": 0, "pop_st": 0, "shrid2": "11-05-058-00290-042059", "shrug_state_id": 5, "shrug_district_id": 58, "shrug_subdist_id": 290.0, "direct_zone_overlap": false, "hazard_zone_flag": 0, "hazard_zone_label": "Outside Candidate Hazard-Based Red Zone", "nearest_hazard_distance_m": 1344.6, "dist_to_nearest_redzone_m": 1344.6, "proximity_band": "1 km to 2 km", "nearest_zone_id": "RZ-027", "matched_zone_id": null, "matched_zone_label": null, "matched_zone_mh_score": null, "matched_zone_priority": null, "matched_zone_area_m2": null, "data_source": "Census PCA 2011 joined to SHRUG spatial bridge", "join_method": "Exact code-based join: Census Town/Village = SHRUG pc11_village_id", "disclaimer": "Decision Support — Requires Official Verification & Geotechnical Assessment" }, "geometry": { "type": "Point", "coordinates": [ 309378.247714346274734, 3392666.913813516963273 ] } },
{ "type": "Feature", "properties": { "village_id": 42060, "village_name": "Tausi", "households": 34, "tot_pop": 202, "pop_male": 102, "pop_female": 100, "pop_sc": 0, "pop_st": 0, "shrid2": "11-05-058-00290-042060", "shrug_state_id": 5, "shrug_district_id": 58, "shrug_subdist_id": 290.0, "direct_zone_overlap": false, "hazard_zone_flag": 0, "hazard_zone_label": "Outside Candidate Hazard-Based Red Zone", "nearest_hazard_distance_m": 2727.3, "dist_to_nearest_redzone_m": 2727.3, "proximity_band": "2 km to 5 km", "nearest_zone_id": "RZ-130", "matched_zone_id": null, "matched_zone_label": null, "matched_zone_mh_score": null, "matched_zone_priority": null, "matched_zone_area_m2": null, "data_source": "Census PCA 2011 joined to SHRUG spatial bridge", "join_method": "Exact code-based join: Census Town/Village = SHRUG pc11_village_id", "disclaimer": "Decision Support — Requires Official Verification & Geotechnical Assessment" }, "geometry": { "type": "Point", "coordinates": [ 305863.070291357813403, 3396220.361413515172899 ] } },
{ "type": "Feature", "properties": { "village_id": 42061, "village_name": "Trijuginarayan", "households": 235, "tot_pop": 1360, "pop_male": 693, "pop_female": 667, "pop_sc": 0, "pop_st": 0, "shrid2": "11-05-058-00290-042061", "shrug_state_id": 5, "shrug_district_id": 58, "shrug_subdist_id": 290.0, "direct_zone_overlap": false, "hazard_zone_flag": 0, "hazard_zone_label": "Outside Candidate Hazard-Based Red Zone", "nearest_hazard_distance_m": 3510.2, "dist_to_nearest_redzone_m": 3510.2, "proximity_band": "2 km to 5 km", "nearest_zone_id": "RZ-027", "matched_zone_id": null, "matched_zone_label": null, "matched_zone_mh_score": null, "matched_zone_priority": null, "matched_zone_area_m2": null, "data_source": "Census PCA 2011 joined to SHRUG spatial bridge", "join_method": "Exact code-based join: Census Town/Village = SHRUG pc11_village_id", "disclaimer": "Decision Support — Requires Official Verification & Geotechnical Assessment" }, "geometry": { "type": "Point", "coordinates": [ 307123.709427281515673, 3392326.628047876060009 ] } },
{ "type": "Feature", "properties": { "village_id": 42062, "village_name": "Kongarh", "households": 36, "tot_pop": 188, "pop_male": 99, "pop_female": 89, "pop_sc": 145, "pop_st": 0, "shrid2": "11-05-058-00290-042062", "shrug_state_id": 5, "shrug_district_id": 58, "shrug_subdist_id": 290.0, "direct_zone_overlap": false, "hazard_zone_flag": 0, "hazard_zone_label": "Outside Candidate Hazard-Based Red Zone", "nearest_hazard_distance_m": 2478.4, "dist_to_nearest_redzone_m": 2478.4, "proximity_band": "2 km to 5 km", "nearest_zone_id": "RZ-082", "matched_zone_id": null, "matched_zone_label": null, "matched_zone_mh_score": null, "matched_zone_priority": null, "matched_zone_area_m2": null, "data_source": "Census PCA 2011 joined to SHRUG spatial bridge", "join_method": "Exact code-based join: Census Town/Village = SHRUG pc11_village_id", "disclaimer": "Decision Support — Requires Official Verification & Geotechnical Assessment" }, "geometry": { "type": "Point", "coordinates": [ 308636.525184273486957, 3390598.322238211520016 ] } },
{ "type": "Feature", "properties": { "village_id": 42063, "village_name": "Nyalsu", "households": 201, "tot_pop": 1120, "pop_male": 571, "pop_female": 549, "pop_sc": 9, "pop_st": 9, "shrid2": "11-05-058-00290-042063", "shrug_state_id": 5, "shrug_district_id": 58, "shrug_subdist_id": 290.0, "direct_zone_overlap": false, "hazard_zone_flag": 0, "hazard_zone_label": "Outside Candidate Hazard-Based Red Zone", "nearest_hazard_distance_m": 1048.4, "dist_to_nearest_redzone_m": 1048.4, "proximity_band": "1 km to 2 km", "nearest_zone_id": "RZ-082", "matched_zone_id": null, "matched_zone_label": null, "matched_zone_mh_score": null, "matched_zone_priority": null, "matched_zone_area_m2": null, "data_source": "Census PCA 2011 joined to SHRUG spatial bridge", "join_method": "Exact code-based join: Census Town/Village = SHRUG pc11_village_id", "disclaimer": "Decision Support — Requires Official Verification & Geotechnical Assessment" }, "geometry": { "type": "Point", "coordinates": [ 309706.743477970012464, 3389575.712832909543067 ] } },
{ "type": "Feature", "properties": { "village_id": 42064, "village_name": "Sersi", "households": 43, "tot_pop": 224, "pop_male": 109, "pop_female": 115, "pop_sc": 57, "pop_st": 0, "shrid2": "11-05-058-00290-042064", "shrug_state_id": 5, "shrug_district_id": 58, "shrug_subdist_id": 290.0, "direct_zone_overlap": false, "hazard_zone_flag": 0, "hazard_zone_label": "Outside Candidate Hazard-Based Red Zone", "nearest_hazard_distance_m": 765.4, "dist_to_nearest_redzone_m": 765.4, "proximity_band": "500 m to 1 km", "nearest_zone_id": "RZ-082", "matched_zone_id": null, "matched_zone_label": null, "matched_zone_mh_score": null, "matched_zone_priority": null, "matched_zone_area_m2": null, "data_source": "Census PCA 2011 joined to SHRUG spatial bridge", "join_method": "Exact code-based join: Census Town/Village = SHRUG pc11_village_id", "disclaimer": "Decision Support — Requires Official Verification & Geotechnical Assessment" }, "geometry": { "type": "Point", "coordinates": [ 310576.422877430100925, 3388364.786701892036945 ] } },
{ "type": "Feature", "properties": { "village_id": 42065, "village_name": "Gair", "households": 13, "tot_pop": 70, "pop_male": 33, "pop_female": 37, "pop_sc": 0, "pop_st": 0, "shrid2": "11-05-058-00290-042065", "shrug_state_id": 5, "shrug_district_id": 58, "shrug_subdist_id": 290.0, "direct_zone_overlap": false, "hazard_zone_flag": 0, "hazard_zone_label": "Outside Candidate Hazard-Based Red Zone", "nearest_hazard_distance_m": 1305.9, "dist_to_nearest_redzone_m": 1305.9, "proximity_band": "1 km to 2 km", "nearest_zone_id": "RZ-018", "matched_zone_id": null, "matched_zone_label": null, "matched_zone_mh_score": null, "matched_zone_priority": null, "matched_zone_area_m2": null, "data_source": "Census PCA 2011 joined to SHRUG spatial bridge", "join_method": "Exact code-based join: Census Town/Village = SHRUG pc11_village_id", "disclaimer": "Decision Support — Requires Official Verification & Geotechnical Assessment" }, "geometry": { "type": "Point", "coordinates": [ 311476.476479841861874, 3387752.90290302503854 ] } },
{ "type": "Feature", "properties": { "village_id": 42066, "village_name": "Barasu", "households": 171, "tot_pop": 881, "pop_male": 447, "pop_female": 434, "pop_sc": 0, "pop_st": 0, "shrid2": "11-05-058-00290-042066", "shrug_state_id": 5, "shrug_district_id": 58, "shrug_subdist_id": 290.0, "direct_zone_overlap": false, "hazard_zone_flag": 0, "hazard_zone_label": "Outside Candidate Hazard-Based Red Zone", "nearest_hazard_distance_m": 880.7, "dist_to_nearest_redzone_m": 880.7, "proximity_band": "500 m to 1 km", "nearest_zone_id": "RZ-018", "matched_zone_id": null, "matched_zone_label": null, "matched_zone_mh_score": null, "matched_zone_priority": null, "matched_zone_area_m2": null, "data_source": "Census PCA 2011 joined to SHRUG spatial bridge", "join_method": "Exact code-based join: Census Town/Village = SHRUG pc11_village_id", "disclaimer": "Decision Support — Requires Official Verification & Geotechnical Assessment" }, "geometry": { "type": "Point", "coordinates": [ 311095.404736179043539, 3387104.041080323047936 ] } },
{ "type": "Feature", "properties": { "village_id": 42067, "village_name": "Tarsali", "households": 20, "tot_pop": 98, "pop_male": 50, "pop_female": 48, "pop_sc": 0, "pop_st": 0, "shrid2": "11-05-058-00290-042067", "shrug_state_id": 5, "shrug_district_id": 58, "shrug_subdist_id": 290.0, "direct_zone_overlap": false, "hazard_zone_flag": 0, "hazard_zone_label": "Outside Candidate Hazard-Based Red Zone", "nearest_hazard_distance_m": 178.5, "dist_to_nearest_redzone_m": 178.5, "proximity_band": "Within 500 m", "nearest_zone_id": "RZ-018", "matched_zone_id": null, "matched_zone_label": null, "matched_zone_mh_score": null, "matched_zone_priority": null, "matched_zone_area_m2": null, "data_source": "Census PCA 2011 joined to SHRUG spatial bridge", "join_method": "Exact code-based join: Census Town/Village = SHRUG pc11_village_id", "disclaimer": "Decision Support — Requires Official Verification & Geotechnical Assessment" }, "geometry": { "type": "Point", "coordinates": [ 311519.015208698110655, 3386154.437433029524982 ] } },
{ "type": "Feature", "properties": { "village_id": 42068, "village_name": "Jamu", "households": 126, "tot_pop": 697, "pop_male": 342, "pop_female": 355, "pop_sc": 0, "pop_st": 0, "shrid2": "11-05-058-00290-042068", "shrug_state_id": 5, "shrug_district_id": 58, "shrug_subdist_id": 290.0, "direct_zone_overlap": false, "hazard_zone_flag": 0, "hazard_zone_label": "Outside Candidate Hazard-Based Red Zone", "nearest_hazard_distance_m": 1143.2, "dist_to_nearest_redzone_m": 1143.2, "proximity_band": "1 km to 2 km", "nearest_zone_id": "RZ-018", "matched_zone_id": null, "matched_zone_label": null, "matched_zone_mh_score": null, "matched_zone_priority": null, "matched_zone_area_m2": null, "data_source": "Census PCA 2011 joined to SHRUG spatial bridge", "join_method": "Exact code-based join: Census Town/Village = SHRUG pc11_village_id", "disclaimer": "Decision Support — Requires Official Verification & Geotechnical Assessment" }, "geometry": { "type": "Point", "coordinates": [ 312372.366758945339825, 3385464.756325812544674 ] } },
{ "type": "Feature", "properties": { "village_id": 42069, "village_name": "Phata", "households": 58, "tot_pop": 215, "pop_male": 123, "pop_female": 92, "pop_sc": 25, "pop_st": 0, "shrid2": "11-05-058-00290-042069", "shrug_state_id": 5, "shrug_district_id": 58, "shrug_subdist_id": 290.0, "direct_zone_overlap": false, "hazard_zone_flag": 0, "hazard_zone_label": "Outside Candidate Hazard-Based Red Zone", "nearest_hazard_distance_m": 910.1, "dist_to_nearest_redzone_m": 910.1, "proximity_band": "500 m to 1 km", "nearest_zone_id": "RZ-078", "matched_zone_id": null, "matched_zone_label": null, "matched_zone_mh_score": null, "matched_zone_priority": null, "matched_zone_area_m2": null, "data_source": "Census PCA 2011 joined to SHRUG spatial bridge", "join_method": "Exact code-based join: Census Town/Village = SHRUG pc11_village_id", "disclaimer": "Decision Support — Requires Official Verification & Geotechnical Assessment" }, "geometry": { "type": "Point", "coordinates": [ 312826.99796609027544, 3384690.728345960844308 ] } },
{ "type": "Feature", "properties": { "village_id": 42070, "village_name": "Khat", "households": 54, "tot_pop": 271, "pop_male": 146, "pop_female": 125, "pop_sc": 0, "pop_st": 0, "shrid2": "11-05-058-00290-042070", "shrug_state_id": 5, "shrug_district_id": 58, "shrug_subdist_id": 290.0, "direct_zone_overlap": false, "hazard_zone_flag": 0, "hazard_zone_label": "Outside Candidate Hazard-Based Red Zone", "nearest_hazard_distance_m": 257.7, "dist_to_nearest_redzone_m": 257.7, "proximity_band": "Within 500 m", "nearest_zone_id": "RZ-078", "matched_zone_id": null, "matched_zone_label": null, "matched_zone_mh_score": null, "matched_zone_priority": null, "matched_zone_area_m2": null, "data_source": "Census PCA 2011 joined to SHRUG spatial bridge", "join_method": "Exact code-based join: Census Town/Village = SHRUG pc11_village_id", "disclaimer": "Decision Support — Requires Official Verification & Geotechnical Assessment" }, "geometry": { "type": "Point", "coordinates": [ 313818.18516181060113, 3384654.346782697830349 ] } },
{ "type": "Feature", "properties": { "village_id": 42071, "village_name": "Dhani", "households": 48, "tot_pop": 274, "pop_male": 143, "pop_female": 131, "pop_sc": 0, "pop_st": 0, "shrid2": "11-05-058-00290-042071", "shrug_state_id": 5, "shrug_district_id": 58, "shrug_subdist_id": 290.0, "direct_zone_overlap": false, "hazard_zone_flag": 0, "hazard_zone_label": "Outside Candidate Hazard-Based Red Zone", "nearest_hazard_distance_m": 1060.6, "dist_to_nearest_redzone_m": 1060.6, "proximity_band": "1 km to 2 km", "nearest_zone_id": "RZ-078", "matched_zone_id": null, "matched_zone_label": null, "matched_zone_mh_score": null, "matched_zone_priority": null, "matched_zone_area_m2": null, "data_source": "Census PCA 2011 joined to SHRUG spatial bridge", "join_method": "Exact code-based join: Census Town/Village = SHRUG pc11_village_id", "disclaimer": "Decision Support — Requires Official Verification & Geotechnical Assessment" }, "geometry": { "type": "Point", "coordinates": [ 314711.425485094834585, 3384464.197755748406053 ] } },
{ "type": "Feature", "properties": { "village_id": 42072, "village_name": "Khariya", "households": 119, "tot_pop": 574, "pop_male": 291, "pop_female": 283, "pop_sc": 0, "pop_st": 0, "shrid2": "11-05-058-00290-042072", "shrug_state_id": 5, "shrug_district_id": 58, "shrug_subdist_id": 290.0, "direct_zone_overlap": false, "hazard_zone_flag": 0, "hazard_zone_label": "Outside Candidate Hazard-Based Red Zone", "nearest_hazard_distance_m": 1117.8, "dist_to_nearest_redzone_m": 1117.8, "proximity_band": "1 km to 2 km", "nearest_zone_id": "RZ-078", "matched_zone_id": null, "matched_zone_label": null, "matched_zone_mh_score": null, "matched_zone_priority": null, "matched_zone_area_m2": null, "data_source": "Census PCA 2011 joined to SHRUG spatial bridge", "join_method": "Exact code-based join: Census Town/Village = SHRUG pc11_village_id", "disclaimer": "Decision Support — Requires Official Verification & Geotechnical Assessment" }, "geometry": { "type": "Point", "coordinates": [ 314129.92480259865988, 3383851.943346273619682 ] } },
{ "type": "Feature", "properties": { "village_id": 42073, "village_name": "Dharwal Gaon", "households": 17, "tot_pop": 84, "pop_male": 40, "pop_female": 44, "pop_sc": 0, "pop_st": 0, "shrid2": "11-05-058-00290-042073", "shrug_state_id": 5, "shrug_district_id": 58, "shrug_subdist_id": 290.0, "direct_zone_overlap": false, "hazard_zone_flag": 0, "hazard_zone_label": "Outside Candidate Hazard-Based Red Zone", "nearest_hazard_distance_m": 905.1, "dist_to_nearest_redzone_m": 905.1, "proximity_band": "500 m to 1 km", "nearest_zone_id": "RZ-078", "matched_zone_id": null, "matched_zone_label": null, "matched_zone_mh_score": null, "matched_zone_priority": null, "matched_zone_area_m2": null, "data_source": "Census PCA 2011 joined to SHRUG spatial bridge", "join_method": "Exact code-based join: Census Town/Village = SHRUG pc11_village_id", "disclaimer": "Decision Support — Requires Official Verification & Geotechnical Assessment" }, "geometry": { "type": "Point", "coordinates": [ 313279.654966797912493, 3384108.492820241488516 ] } },
{ "type": "Feature", "properties": { "village_id": 42074, "village_name": "Rabigram", "households": 50, "tot_pop": 273, "pop_male": 138, "pop_female": 135, "pop_sc": 0, "pop_st": 0, "shrid2": "11-05-058-00290-042074", "shrug_state_id": 5, "shrug_district_id": 58, "shrug_subdist_id": 290.0, "direct_zone_overlap": false, "hazard_zone_flag": 0, "hazard_zone_label": "Outside Candidate Hazard-Based Red Zone", "nearest_hazard_distance_m": 1560.7, "dist_to_nearest_redzone_m": 1560.7, "proximity_band": "1 km to 2 km", "nearest_zone_id": "RZ-078", "matched_zone_id": null, "matched_zone_label": null, "matched_zone_mh_score": null, "matched_zone_priority": null, "matched_zone_area_m2": null, "data_source": "Census PCA 2011 joined to SHRUG spatial bridge", "join_method": "Exact code-based join: Census Town/Village = SHRUG pc11_village_id", "disclaimer": "Decision Support — Requires Official Verification & Geotechnical Assessment" }, "geometry": { "type": "Point", "coordinates": [ 313260.77568273153156, 3383408.614416447002441 ] } },
{ "type": "Feature", "properties": { "village_id": 42075, "village_name": "Maikhanda", "households": 186, "tot_pop": 926, "pop_male": 470, "pop_female": 456, "pop_sc": 738, "pop_st": 48, "shrid2": "11-05-058-00290-042075", "shrug_state_id": 5, "shrug_district_id": 58, "shrug_subdist_id": 290.0, "direct_zone_overlap": false, "hazard_zone_flag": 0, "hazard_zone_label": "Outside Candidate Hazard-Based Red Zone", "nearest_hazard_distance_m": 1606.4, "dist_to_nearest_redzone_m": 1606.4, "proximity_band": "1 km to 2 km", "nearest_zone_id": "RZ-261", "matched_zone_id": null, "matched_zone_label": null, "matched_zone_mh_score": null, "matched_zone_priority": null, "matched_zone_area_m2": null, "data_source": "Census PCA 2011 joined to SHRUG spatial bridge", "join_method": "Exact code-based join: Census Town/Village = SHRUG pc11_village_id", "disclaimer": "Decision Support — Requires Official Verification & Geotechnical Assessment" }, "geometry": { "type": "Point", "coordinates": [ 315022.087968453182839, 3383495.477942289318889 ] } },
{ "type": "Feature", "properties": { "village_id": 42076, "village_name": "Byung", "households": 31, "tot_pop": 149, "pop_male": 78, "pop_female": 71, "pop_sc": 0, "pop_st": 0, "shrid2": "11-05-058-00290-042076", "shrug_state_id": 5, "shrug_district_id": 58, "shrug_subdist_id": 290.0, "direct_zone_overlap": false, "hazard_zone_flag": 0, "hazard_zone_label": "Outside Candidate Hazard-Based Red Zone", "nearest_hazard_distance_m": 1527.7, "dist_to_nearest_redzone_m": 1527.7, "proximity_band": "1 km to 2 km", "nearest_zone_id": "RZ-261", "matched_zone_id": null, "matched_zone_label": null, "matched_zone_mh_score": null, "matched_zone_priority": null, "matched_zone_area_m2": null, "data_source": "Census PCA 2011 joined to SHRUG spatial bridge", "join_method": "Exact code-based join: Census Town/Village = SHRUG pc11_village_id", "disclaimer": "Decision Support — Requires Official Verification & Geotechnical Assessment" }, "geometry": { "type": "Point", "coordinates": [ 315313.772182896384038, 3382606.77257404755801 ] } },
{ "type": "Feature", "properties": { "village_id": 42077, "village_name": "Rail", "households": 16, "tot_pop": 71, "pop_male": 39, "pop_female": 32, "pop_sc": 0, "pop_st": 0, "shrid2": "11-05-058-00290-042077", "shrug_state_id": 5, "shrug_district_id": 58, "shrug_subdist_id": 290.0, "direct_zone_overlap": false, "hazard_zone_flag": 0, "hazard_zone_label": "Outside Candidate Hazard-Based Red Zone", "nearest_hazard_distance_m": 596.1, "dist_to_nearest_redzone_m": 596.1, "proximity_band": "500 m to 1 km", "nearest_zone_id": "RZ-244", "matched_zone_id": null, "matched_zone_label": null, "matched_zone_mh_score": null, "matched_zone_priority": null, "matched_zone_area_m2": null, "data_source": "Census PCA 2011 joined to SHRUG spatial bridge", "join_method": "Exact code-based join: Census Town/Village = SHRUG pc11_village_id", "disclaimer": "Decision Support — Requires Official Verification & Geotechnical Assessment" }, "geometry": { "type": "Point", "coordinates": [ 313157.509547408204526, 3386029.017950391862541 ] } },
{ "type": "Feature", "properties": { "village_id": 42079, "village_name": "Jalmalla", "households": 84, "tot_pop": 543, "pop_male": 267, "pop_female": 276, "pop_sc": 0, "pop_st": 0, "shrid2": "11-05-058-00290-042079", "shrug_state_id": 5, "shrug_district_id": 58, "shrug_subdist_id": 290.0, "direct_zone_overlap": false, "hazard_zone_flag": 0, "hazard_zone_label": "Outside Candidate Hazard-Based Red Zone", "nearest_hazard_distance_m": 1220.8, "dist_to_nearest_redzone_m": 1220.8, "proximity_band": "1 km to 2 km", "nearest_zone_id": "RZ-045", "matched_zone_id": null, "matched_zone_label": null, "matched_zone_mh_score": null, "matched_zone_priority": null, "matched_zone_area_m2": null, "data_source": "Census PCA 2011 joined to SHRUG spatial bridge", "join_method": "Exact code-based join: Census Town/Village = SHRUG pc11_village_id", "disclaimer": "Decision Support — Requires Official Verification & Geotechnical Assessment" }, "geometry": { "type": "Point", "coordinates": [ 315454.89714448020095, 3386263.85357468854636 ] } },
{ "type": "Feature", "properties": { "village_id": 42080, "village_name": "Jaltalla", "households": 79, "tot_pop": 373, "pop_male": 197, "pop_female": 176, "pop_sc": 8, "pop_st": 0, "shrid2": "11-05-058-00290-042080", "shrug_state_id": 5, "shrug_district_id": 58, "shrug_subdist_id": 290.0, "direct_zone_overlap": false, "hazard_zone_flag": 0, "hazard_zone_label": "Outside Candidate Hazard-Based Red Zone", "nearest_hazard_distance_m": 349.1, "dist_to_nearest_redzone_m": 349.1, "proximity_band": "Within 500 m", "nearest_zone_id": "RZ-045", "matched_zone_id": null, "matched_zone_label": null, "matched_zone_mh_score": null, "matched_zone_priority": null, "matched_zone_area_m2": null, "data_source": "Census PCA 2011 joined to SHRUG spatial bridge", "join_method": "Exact code-based join: Census Town/Village = SHRUG pc11_village_id", "disclaimer": "Decision Support — Requires Official Verification & Geotechnical Assessment" }, "geometry": { "type": "Point", "coordinates": [ 316219.249853074783459, 3386773.348666158039123 ] } },
{ "type": "Feature", "properties": { "village_id": 42081, "village_name": "Chaumasi", "households": 57, "tot_pop": 284, "pop_male": 135, "pop_female": 149, "pop_sc": 0, "pop_st": 0, "shrid2": "11-05-058-00290-042081", "shrug_state_id": 5, "shrug_district_id": 58, "shrug_subdist_id": 290.0, "direct_zone_overlap": false, "hazard_zone_flag": 0, "hazard_zone_label": "Outside Candidate Hazard-Based Red Zone", "nearest_hazard_distance_m": 379.1, "dist_to_nearest_redzone_m": 379.1, "proximity_band": "Within 500 m", "nearest_zone_id": "RZ-177", "matched_zone_id": null, "matched_zone_label": null, "matched_zone_mh_score": null, "matched_zone_priority": null, "matched_zone_area_m2": null, "data_source": "Census PCA 2011 joined to SHRUG spatial bridge", "join_method": "Exact code-based join: Census Town/Village = SHRUG pc11_village_id", "disclaimer": "Decision Support — Requires Official Verification & Geotechnical Assessment" }, "geometry": { "type": "Point", "coordinates": [ 315546.865963358432055, 3388132.043239480350167 ] } },
{ "type": "Feature", "properties": { "village_id": 42082, "village_name": "Chilond", "households": 60, "tot_pop": 353, "pop_male": 185, "pop_female": 168, "pop_sc": 0, "pop_st": 0, "shrid2": "11-05-058-00290-042082", "shrug_state_id": 5, "shrug_district_id": 58, "shrug_subdist_id": 290.0, "direct_zone_overlap": false, "hazard_zone_flag": 0, "hazard_zone_label": "Outside Candidate Hazard-Based Red Zone", "nearest_hazard_distance_m": 1127.2, "dist_to_nearest_redzone_m": 1127.2, "proximity_band": "1 km to 2 km", "nearest_zone_id": "RZ-095", "matched_zone_id": null, "matched_zone_label": null, "matched_zone_mh_score": null, "matched_zone_priority": null, "matched_zone_area_m2": null, "data_source": "Census PCA 2011 joined to SHRUG spatial bridge", "join_method": "Exact code-based join: Census Town/Village = SHRUG pc11_village_id", "disclaimer": "Decision Support — Requires Official Verification & Geotechnical Assessment" }, "geometry": { "type": "Point", "coordinates": [ 317055.622420353465714, 3387938.531334537547082 ] } },
{ "type": "Feature", "properties": { "village_id": 42083, "village_name": "Syansu", "households": 47, "tot_pop": 229, "pop_male": 107, "pop_female": 122, "pop_sc": 0, "pop_st": 0, "shrid2": "11-05-058-00290-042083", "shrug_state_id": 5, "shrug_district_id": 58, "shrug_subdist_id": 290.0, "direct_zone_overlap": false, "hazard_zone_flag": 0, "hazard_zone_label": "Outside Candidate Hazard-Based Red Zone", "nearest_hazard_distance_m": 882.9, "dist_to_nearest_redzone_m": 882.9, "proximity_band": "500 m to 1 km", "nearest_zone_id": "RZ-095", "matched_zone_id": null, "matched_zone_label": null, "matched_zone_mh_score": null, "matched_zone_priority": null, "matched_zone_area_m2": null, "data_source": "Census PCA 2011 joined to SHRUG spatial bridge", "join_method": "Exact code-based join: Census Town/Village = SHRUG pc11_village_id", "disclaimer": "Decision Support — Requires Official Verification & Geotechnical Assessment" }, "geometry": { "type": "Point", "coordinates": [ 317761.352317751792725, 3385912.523447825573385 ] } },
{ "type": "Feature", "properties": { "village_id": 42084, "village_name": "Khunnu", "households": 53, "tot_pop": 270, "pop_male": 128, "pop_female": 142, "pop_sc": 0, "pop_st": 0, "shrid2": "11-05-058-00290-042084", "shrug_state_id": 5, "shrug_district_id": 58, "shrug_subdist_id": 290.0, "direct_zone_overlap": false, "hazard_zone_flag": 0, "hazard_zone_label": "Outside Candidate Hazard-Based Red Zone", "nearest_hazard_distance_m": 1145.6, "dist_to_nearest_redzone_m": 1145.6, "proximity_band": "1 km to 2 km", "nearest_zone_id": "RZ-045", "matched_zone_id": null, "matched_zone_label": null, "matched_zone_mh_score": null, "matched_zone_priority": null, "matched_zone_area_m2": null, "data_source": "Census PCA 2011 joined to SHRUG spatial bridge", "join_method": "Exact code-based join: Census Town/Village = SHRUG pc11_village_id", "disclaimer": "Decision Support — Requires Official Verification & Geotechnical Assessment" }, "geometry": { "type": "Point", "coordinates": [ 316243.700069269514643, 3385665.580565478652716 ] } },
{ "type": "Feature", "properties": { "village_id": 42085, "village_name": "Kotma", "households": 126, "tot_pop": 565, "pop_male": 293, "pop_female": 272, "pop_sc": 255, "pop_st": 0, "shrid2": "11-05-058-00290-042085", "shrug_state_id": 5, "shrug_district_id": 58, "shrug_subdist_id": 290.0, "direct_zone_overlap": false, "hazard_zone_flag": 0, "hazard_zone_label": "Outside Candidate Hazard-Based Red Zone", "nearest_hazard_distance_m": 1361.0, "dist_to_nearest_redzone_m": 1361.0, "proximity_band": "1 km to 2 km", "nearest_zone_id": "RZ-261", "matched_zone_id": null, "matched_zone_label": null, "matched_zone_mh_score": null, "matched_zone_priority": null, "matched_zone_area_m2": null, "data_source": "Census PCA 2011 joined to SHRUG spatial bridge", "join_method": "Exact code-based join: Census Town/Village = SHRUG pc11_village_id", "disclaimer": "Decision Support — Requires Official Verification & Geotechnical Assessment" }, "geometry": { "type": "Point", "coordinates": [ 316024.299586311215535, 3384651.865335914306343 ] } },
{ "type": "Feature", "properties": { "village_id": 42086, "village_name": "Kabiltha", "households": 62, "tot_pop": 341, "pop_male": 182, "pop_female": 159, "pop_sc": 0, "pop_st": 0, "shrid2": "11-05-058-00290-042086", "shrug_state_id": 5, "shrug_district_id": 58, "shrug_subdist_id": 290.0, "direct_zone_overlap": false, "hazard_zone_flag": 0, "hazard_zone_label": "Outside Candidate Hazard-Based Red Zone", "nearest_hazard_distance_m": 349.6, "dist_to_nearest_redzone_m": 349.6, "proximity_band": "Within 500 m", "nearest_zone_id": "RZ-261", "matched_zone_id": null, "matched_zone_label": null, "matched_zone_mh_score": null, "matched_zone_priority": null, "matched_zone_area_m2": null, "data_source": "Census PCA 2011 joined to SHRUG spatial bridge", "join_method": "Exact code-based join: Census Town/Village = SHRUG pc11_village_id", "disclaimer": "Decision Support — Requires Official Verification & Geotechnical Assessment" }, "geometry": { "type": "Point", "coordinates": [ 316459.051488312659785, 3383735.189551985822618 ] } },
{ "type": "Feature", "properties": { "village_id": 42087, "village_name": "Kalimath", "households": 111, "tot_pop": 545, "pop_male": 275, "pop_female": 270, "pop_sc": 152, "pop_st": 0, "shrid2": "11-05-058-00290-042087", "shrug_state_id": 5, "shrug_district_id": 58, "shrug_subdist_id": 290.0, "direct_zone_overlap": false, "hazard_zone_flag": 0, "hazard_zone_label": "Outside Candidate Hazard-Based Red Zone", "nearest_hazard_distance_m": 730.3, "dist_to_nearest_redzone_m": 730.3, "proximity_band": "500 m to 1 km", "nearest_zone_id": "RZ-261", "matched_zone_id": null, "matched_zone_label": null, "matched_zone_mh_score": null, "matched_zone_priority": null, "matched_zone_area_m2": null, "data_source": "Census PCA 2011 joined to SHRUG spatial bridge", "join_method": "Exact code-based join: Census Town/Village = SHRUG pc11_village_id", "disclaimer": "Decision Support — Requires Official Verification & Geotechnical Assessment" }, "geometry": { "type": "Point", "coordinates": [ 316502.941371763125062, 3382668.228218724485487 ] } },
{ "type": "Feature", "properties": { "village_id": 42088, "village_name": "Byunkhi", "households": 77, "tot_pop": 355, "pop_male": 173, "pop_female": 182, "pop_sc": 0, "pop_st": 0, "shrid2": "11-05-058-00290-042088", "shrug_state_id": 5, "shrug_district_id": 58, "shrug_subdist_id": 290.0, "direct_zone_overlap": false, "hazard_zone_flag": 0, "hazard_zone_label": "Outside Candidate Hazard-Based Red Zone", "nearest_hazard_distance_m": 1061.0, "dist_to_nearest_redzone_m": 1061.0, "proximity_band": "1 km to 2 km", "nearest_zone_id": "RZ-261", "matched_zone_id": null, "matched_zone_label": null, "matched_zone_mh_score": null, "matched_zone_priority": null, "matched_zone_area_m2": null, "data_source": "Census PCA 2011 joined to SHRUG spatial bridge", "join_method": "Exact code-based join: Census Town/Village = SHRUG pc11_village_id", "disclaimer": "Decision Support — Requires Official Verification & Geotechnical Assessment" }, "geometry": { "type": "Point", "coordinates": [ 317857.538228250807151, 3383546.07606695080176 ] } },
{ "type": "Feature", "properties": { "village_id": 42089, "village_name": "Kunjethi", "households": 72, "tot_pop": 389, "pop_male": 186, "pop_female": 203, "pop_sc": 187, "pop_st": 0, "shrid2": "11-05-058-00290-042089", "shrug_state_id": 5, "shrug_district_id": 58, "shrug_subdist_id": 290.0, "direct_zone_overlap": false, "hazard_zone_flag": 0, "hazard_zone_label": "Outside Candidate Hazard-Based Red Zone", "nearest_hazard_distance_m": 2351.2, "dist_to_nearest_redzone_m": 2351.2, "proximity_band": "2 km to 5 km", "nearest_zone_id": "RZ-261", "matched_zone_id": null, "matched_zone_label": null, "matched_zone_mh_score": null, "matched_zone_priority": null, "matched_zone_area_m2": null, "data_source": "Census PCA 2011 joined to SHRUG spatial bridge", "join_method": "Exact code-based join: Census Town/Village = SHRUG pc11_village_id", "disclaimer": "Decision Support — Requires Official Verification & Geotechnical Assessment" }, "geometry": { "type": "Point", "coordinates": [ 317973.034648364002351, 3381378.700241937302053 ] } },
{ "type": "Feature", "properties": { "village_id": 42091, "village_name": "Jurani", "households": 20, "tot_pop": 99, "pop_male": 50, "pop_female": 49, "pop_sc": 30, "pop_st": 0, "shrid2": "11-05-058-00290-042091", "shrug_state_id": 5, "shrug_district_id": 58, "shrug_subdist_id": 290.0, "direct_zone_overlap": false, "hazard_zone_flag": 0, "hazard_zone_label": "Outside Candidate Hazard-Based Red Zone", "nearest_hazard_distance_m": 1792.3, "dist_to_nearest_redzone_m": 1792.3, "proximity_band": "1 km to 2 km", "nearest_zone_id": "RZ-261", "matched_zone_id": null, "matched_zone_label": null, "matched_zone_mh_score": null, "matched_zone_priority": null, "matched_zone_area_m2": null, "data_source": "Census PCA 2011 joined to SHRUG spatial bridge", "join_method": "Exact code-based join: Census Town/Village = SHRUG pc11_village_id", "disclaimer": "Decision Support — Requires Official Verification & Geotechnical Assessment" }, "geometry": { "type": "Point", "coordinates": [ 315962.322177303140052, 3381723.342171594500542 ] } },
{ "type": "Feature", "properties": { "village_id": 42092, "village_name": "Gwita", "households": 6, "tot_pop": 28, "pop_male": 19, "pop_female": 9, "pop_sc": 0, "pop_st": 0, "shrid2": "11-05-058-00290-042092", "shrug_state_id": 5, "shrug_district_id": 58, "shrug_subdist_id": 290.0, "direct_zone_overlap": false, "hazard_zone_flag": 0, "hazard_zone_label": "Outside Candidate Hazard-Based Red Zone", "nearest_hazard_distance_m": 1979.6, "dist_to_nearest_redzone_m": 1979.6, "proximity_band": "1 km to 2 km", "nearest_zone_id": "RZ-261", "matched_zone_id": null, "matched_zone_label": null, "matched_zone_mh_score": null, "matched_zone_priority": null, "matched_zone_area_m2": null, "data_source": "Census PCA 2011 joined to SHRUG spatial bridge", "join_method": "Exact code-based join: Census Town/Village = SHRUG pc11_village_id", "disclaimer": "Decision Support — Requires Official Verification & Geotechnical Assessment" }, "geometry": { "type": "Point", "coordinates": [ 315184.745520816300996, 3382031.583940255921334 ] } },
{ "type": "Feature", "properties": { "village_id": 42093, "village_name": "Korkhimalli", "households": 9, "tot_pop": 51, "pop_male": 27, "pop_female": 24, "pop_sc": 0, "pop_st": 0, "shrid2": "11-05-058-00290-042093", "shrug_state_id": 5, "shrug_district_id": 58, "shrug_subdist_id": 290.0, "direct_zone_overlap": false, "hazard_zone_flag": 0, "hazard_zone_label": "Outside Candidate Hazard-Based Red Zone", "nearest_hazard_distance_m": 2249.5, "dist_to_nearest_redzone_m": 2249.5, "proximity_band": "2 km to 5 km", "nearest_zone_id": "RZ-261", "matched_zone_id": null, "matched_zone_label": null, "matched_zone_mh_score": null, "matched_zone_priority": null, "matched_zone_area_m2": null, "data_source": "Census PCA 2011 joined to SHRUG spatial bridge", "join_method": "Exact code-based join: Census Town/Village = SHRUG pc11_village_id", "disclaimer": "Decision Support — Requires Official Verification & Geotechnical Assessment" }, "geometry": { "type": "Point", "coordinates": [ 314469.345642861386295, 3382750.281200443394482 ] } },
{ "type": "Feature", "properties": { "village_id": 42094, "village_name": "Korkhitalli", "households": 17, "tot_pop": 98, "pop_male": 49, "pop_female": 49, "pop_sc": 0, "pop_st": 0, "shrid2": "11-05-058-00290-042094", "shrug_state_id": 5, "shrug_district_id": 58, "shrug_subdist_id": 290.0, "direct_zone_overlap": false, "hazard_zone_flag": 0, "hazard_zone_label": "Outside Candidate Hazard-Based Red Zone", "nearest_hazard_distance_m": 2514.3, "dist_to_nearest_redzone_m": 2514.3, "proximity_band": "2 km to 5 km", "nearest_zone_id": "RZ-078", "matched_zone_id": null, "matched_zone_label": null, "matched_zone_mh_score": null, "matched_zone_priority": null, "matched_zone_area_m2": null, "data_source": "Census PCA 2011 joined to SHRUG spatial bridge", "join_method": "Exact code-based join: Census Town/Village = SHRUG pc11_village_id", "disclaimer": "Decision Support — Requires Official Verification & Geotechnical Assessment" }, "geometry": { "type": "Point", "coordinates": [ 313980.300564545730595, 3382398.238593961577863 ] } },
{ "type": "Feature", "properties": { "village_id": 42095, "village_name": "Semkwerala", "households": 8, "tot_pop": 33, "pop_male": 14, "pop_female": 19, "pop_sc": 0, "pop_st": 0, "shrid2": "11-05-058-00290-042095", "shrug_state_id": 5, "shrug_district_id": 58, "shrug_subdist_id": 290.0, "direct_zone_overlap": false, "hazard_zone_flag": 0, "hazard_zone_label": "Outside Candidate Hazard-Based Red Zone", "nearest_hazard_distance_m": 3131.4, "dist_to_nearest_redzone_m": 3131.4, "proximity_band": "2 km to 5 km", "nearest_zone_id": "RZ-078", "matched_zone_id": null, "matched_zone_label": null, "matched_zone_mh_score": null, "matched_zone_priority": null, "matched_zone_area_m2": null, "data_source": "Census PCA 2011 joined to SHRUG spatial bridge", "join_method": "Exact code-based join: Census Town/Village = SHRUG pc11_village_id", "disclaimer": "Decision Support — Requires Official Verification & Geotechnical Assessment" }, "geometry": { "type": "Point", "coordinates": [ 313789.1535311085172, 3381770.386280550155789 ] } },
{ "type": "Feature", "properties": { "village_id": 42096, "village_name": "Tyuri", "households": 99, "tot_pop": 460, "pop_male": 220, "pop_female": 240, "pop_sc": 0, "pop_st": 0, "shrid2": "11-05-058-00290-042096", "shrug_state_id": 5, "shrug_district_id": 58, "shrug_subdist_id": 290.0, "direct_zone_overlap": false, "hazard_zone_flag": 0, "hazard_zone_label": "Outside Candidate Hazard-Based Red Zone", "nearest_hazard_distance_m": 3602.8, "dist_to_nearest_redzone_m": 3602.8, "proximity_band": "2 km to 5 km", "nearest_zone_id": "RZ-261", "matched_zone_id": null, "matched_zone_label": null, "matched_zone_mh_score": null, "matched_zone_priority": null, "matched_zone_area_m2": null, "data_source": "Census PCA 2011 joined to SHRUG spatial bridge", "join_method": "Exact code-based join: Census Town/Village = SHRUG pc11_village_id", "disclaimer": "Decision Support — Requires Official Verification & Geotechnical Assessment" }, "geometry": { "type": "Point", "coordinates": [ 314224.165926888235845, 3380703.1628522654064 ] } },
{ "type": "Feature", "properties": { "village_id": 42097, "village_name": "Khumera", "households": 213, "tot_pop": 1050, "pop_male": 507, "pop_female": 543, "pop_sc": 421, "pop_st": 0, "shrid2": "11-05-058-00290-042097", "shrug_state_id": 5, "shrug_district_id": 58, "shrug_subdist_id": 290.0, "direct_zone_overlap": false, "hazard_zone_flag": 0, "hazard_zone_label": "Outside Candidate Hazard-Based Red Zone", "nearest_hazard_distance_m": 2559.3, "dist_to_nearest_redzone_m": 2559.3, "proximity_band": "2 km to 5 km", "nearest_zone_id": "RZ-261", "matched_zone_id": null, "matched_zone_label": null, "matched_zone_mh_score": null, "matched_zone_priority": null, "matched_zone_area_m2": null, "data_source": "Census PCA 2011 joined to SHRUG spatial bridge", "join_method": "Exact code-based join: Census Town/Village = SHRUG pc11_village_id", "disclaimer": "Decision Support — Requires Official Verification & Geotechnical Assessment" }, "geometry": { "type": "Point", "coordinates": [ 314862.475609553512186, 3381533.792781914118677 ] } },
{ "type": "Feature", "properties": { "village_id": 42098, "village_name": "Barasu", "households": 146, "tot_pop": 1128, "pop_male": 652, "pop_female": 476, "pop_sc": 153, "pop_st": 0, "shrid2": "11-05-058-00290-042098", "shrug_state_id": 5, "shrug_district_id": 58, "shrug_subdist_id": 290.0, "direct_zone_overlap": false, "hazard_zone_flag": 0, "hazard_zone_label": "Outside Candidate Hazard-Based Red Zone", "nearest_hazard_distance_m": 2649.6, "dist_to_nearest_redzone_m": 2649.6, "proximity_band": "2 km to 5 km", "nearest_zone_id": "RZ-261", "matched_zone_id": null, "matched_zone_label": null, "matched_zone_mh_score": null, "matched_zone_priority": null, "matched_zone_area_m2": null, "data_source": "Census PCA 2011 joined to SHRUG spatial bridge", "join_method": "Exact code-based join: Census Town/Village = SHRUG pc11_village_id", "disclaimer": "Decision Support — Requires Official Verification & Geotechnical Assessment" }, "geometry": { "type": "Point", "coordinates": [ 315476.878862461657263, 3381000.852174961939454 ] } },
{ "type": "Feature", "properties": { "village_id": 42099, "village_name": "Bhetsem", "households": 199, "tot_pop": 1011, "pop_male": 521, "pop_female": 490, "pop_sc": 458, "pop_st": 0, "shrid2": "11-05-058-00290-042099", "shrug_state_id": 5, "shrug_district_id": 58, "shrug_subdist_id": 290.0, "direct_zone_overlap": false, "hazard_zone_flag": 0, "hazard_zone_label": "Outside Candidate Hazard-Based Red Zone", "nearest_hazard_distance_m": 2246.7, "dist_to_nearest_redzone_m": 2246.7, "proximity_band": "2 km to 5 km", "nearest_zone_id": "RZ-261", "matched_zone_id": null, "matched_zone_label": null, "matched_zone_mh_score": null, "matched_zone_priority": null, "matched_zone_area_m2": null, "data_source": "Census PCA 2011 joined to SHRUG spatial bridge", "join_method": "Exact code-based join: Census Town/Village = SHRUG pc11_village_id", "disclaimer": "Decision Support — Requires Official Verification & Geotechnical Assessment" }, "geometry": { "type": "Point", "coordinates": [ 316638.202564675419126, 3381141.224360744003206 ] } },
{ "type": "Feature", "properties": { "village_id": 42100, "village_name": "Hyuna", "households": 21, "tot_pop": 85, "pop_male": 51, "pop_female": 34, "pop_sc": 0, "pop_st": 0, "shrid2": "11-05-058-00290-042100", "shrug_state_id": 5, "shrug_district_id": 58, "shrug_subdist_id": 290.0, "direct_zone_overlap": false, "hazard_zone_flag": 0, "hazard_zone_label": "Outside Candidate Hazard-Based Red Zone", "nearest_hazard_distance_m": 3052.1, "dist_to_nearest_redzone_m": 3052.1, "proximity_band": "2 km to 5 km", "nearest_zone_id": "RZ-261", "matched_zone_id": null, "matched_zone_label": null, "matched_zone_mh_score": null, "matched_zone_priority": null, "matched_zone_area_m2": null, "data_source": "Census PCA 2011 joined to SHRUG spatial bridge", "join_method": "Exact code-based join: Census Town/Village = SHRUG pc11_village_id", "disclaimer": "Decision Support — Requires Official Verification & Geotechnical Assessment" }, "geometry": { "type": "Point", "coordinates": [ 317484.110703538754024, 3380442.353918668348342 ] } },
{ "type": "Feature", "properties": { "village_id": 42101, "village_name": "Nala", "households": 257, "tot_pop": 1189, "pop_male": 600, "pop_female": 589, "pop_sc": 464, "pop_st": 0, "shrid2": "11-05-058-00290-042101", "shrug_state_id": 5, "shrug_district_id": 58, "shrug_subdist_id": 290.0, "direct_zone_overlap": false, "hazard_zone_flag": 0, "hazard_zone_label": "Outside Candidate Hazard-Based Red Zone", "nearest_hazard_distance_m": 3587.0, "dist_to_nearest_redzone_m": 3587.0, "proximity_band": "2 km to 5 km", "nearest_zone_id": "RZ-261", "matched_zone_id": null, "matched_zone_label": null, "matched_zone_mh_score": null, "matched_zone_priority": null, "matched_zone_area_m2": null, "data_source": "Census PCA 2011 joined to SHRUG spatial bridge", "join_method": "Exact code-based join: Census Town/Village = SHRUG pc11_village_id", "disclaimer": "Decision Support — Requires Official Verification & Geotechnical Assessment" }, "geometry": { "type": "Point", "coordinates": [ 317156.054894318454899, 3379836.024724620394409 ] } },
{ "type": "Feature", "properties": { "village_id": 42102, "village_name": "Kothera", "households": 32, "tot_pop": 149, "pop_male": 73, "pop_female": 76, "pop_sc": 0, "pop_st": 0, "shrid2": "11-05-058-00290-042102", "shrug_state_id": 5, "shrug_district_id": 58, "shrug_subdist_id": 290.0, "direct_zone_overlap": false, "hazard_zone_flag": 0, "hazard_zone_label": "Outside Candidate Hazard-Based Red Zone", "nearest_hazard_distance_m": 3008.7, "dist_to_nearest_redzone_m": 3008.7, "proximity_band": "2 km to 5 km", "nearest_zone_id": "RZ-261", "matched_zone_id": null, "matched_zone_label": null, "matched_zone_mh_score": null, "matched_zone_priority": null, "matched_zone_area_m2": null, "data_source": "Census PCA 2011 joined to SHRUG spatial bridge", "join_method": "Exact code-based join: Census Town/Village = SHRUG pc11_village_id", "disclaimer": "Decision Support — Requires Official Verification & Geotechnical Assessment" }, "geometry": { "type": "Point", "coordinates": [ 316233.278184808092192, 3380405.090494079049677 ] } },
{ "type": "Feature", "properties": { "village_id": 42103, "village_name": "Deosal", "households": 53, "tot_pop": 209, "pop_male": 104, "pop_female": 105, "pop_sc": 2, "pop_st": 0, "shrid2": "11-05-058-00290-042103", "shrug_state_id": 5, "shrug_district_id": 58, "shrug_subdist_id": 290.0, "direct_zone_overlap": false, "hazard_zone_flag": 0, "hazard_zone_label": "Outside Candidate Hazard-Based Red Zone", "nearest_hazard_distance_m": 3723.0, "dist_to_nearest_redzone_m": 3723.0, "proximity_band": "2 km to 5 km", "nearest_zone_id": "RZ-261", "matched_zone_id": null, "matched_zone_label": null, "matched_zone_mh_score": null, "matched_zone_priority": null, "matched_zone_area_m2": null, "data_source": "Census PCA 2011 joined to SHRUG spatial bridge", "join_method": "Exact code-based join: Census Town/Village = SHRUG pc11_village_id", "disclaimer": "Decision Support — Requires Official Verification & Geotechnical Assessment" }, "geometry": { "type": "Point", "coordinates": [ 315400.815168986853678, 3379872.55540775693953 ] } },
{ "type": "Feature", "properties": { "village_id": 42104, "village_name": "Rudrpur", "households": 124, "tot_pop": 629, "pop_male": 320, "pop_female": 309, "pop_sc": 56, "pop_st": 0, "shrid2": "11-05-058-00290-042104", "shrug_state_id": 5, "shrug_district_id": 58, "shrug_subdist_id": 290.0, "direct_zone_overlap": false, "hazard_zone_flag": 0, "hazard_zone_label": "Outside Candidate Hazard-Based Red Zone", "nearest_hazard_distance_m": 3991.4, "dist_to_nearest_redzone_m": 3991.4, "proximity_band": "2 km to 5 km", "nearest_zone_id": "RZ-261", "matched_zone_id": null, "matched_zone_label": null, "matched_zone_mh_score": null, "matched_zone_priority": null, "matched_zone_area_m2": null, "data_source": "Census PCA 2011 joined to SHRUG spatial bridge", "join_method": "Exact code-based join: Census Town/Village = SHRUG pc11_village_id", "disclaimer": "Decision Support — Requires Official Verification & Geotechnical Assessment" }, "geometry": { "type": "Point", "coordinates": [ 316202.392513773404062, 3379419.157327476888895 ] } },
{ "type": "Feature", "properties": { "village_id": 42105, "village_name": "Gadi", "households": 24, "tot_pop": 99, "pop_male": 52, "pop_female": 47, "pop_sc": 2, "pop_st": 0, "shrid2": "11-05-058-00290-042105", "shrug_state_id": 5, "shrug_district_id": 58, "shrug_subdist_id": 290.0, "direct_zone_overlap": false, "hazard_zone_flag": 0, "hazard_zone_label": "Outside Candidate Hazard-Based Red Zone", "nearest_hazard_distance_m": 3943.8, "dist_to_nearest_redzone_m": 3943.8, "proximity_band": "2 km to 5 km", "nearest_zone_id": "RZ-048", "matched_zone_id": null, "matched_zone_label": null, "matched_zone_mh_score": null, "matched_zone_priority": null, "matched_zone_area_m2": null, "data_source": "Census PCA 2011 joined to SHRUG spatial bridge", "join_method": "Exact code-based join: Census Town/Village = SHRUG pc11_village_id", "disclaimer": "Decision Support — Requires Official Verification & Geotechnical Assessment" }, "geometry": { "type": "Point", "coordinates": [ 317737.375542058493011, 3379312.545242485590279 ] } },
{ "type": "Feature", "properties": { "village_id": 42106, "village_name": "Guptkashi", "households": 277, "tot_pop": 1130, "pop_male": 583, "pop_female": 547, "pop_sc": 39, "pop_st": 4, "shrid2": "11-05-058-00290-042106", "shrug_state_id": 5, "shrug_district_id": 58, "shrug_subdist_id": 290.0, "direct_zone_overlap": false, "hazard_zone_flag": 0, "hazard_zone_label": "Outside Candidate Hazard-Based Red Zone", "nearest_hazard_distance_m": 4025.3, "dist_to_nearest_redzone_m": 4025.3, "proximity_band": "2 km to 5 km", "nearest_zone_id": "RZ-048", "matched_zone_id": null, "matched_zone_label": null, "matched_zone_mh_score": null, "matched_zone_priority": null, "matched_zone_area_m2": null, "data_source": "Census PCA 2011 joined to SHRUG spatial bridge", "join_method": "Exact code-based join: Census Town/Village = SHRUG pc11_village_id", "disclaimer": "Decision Support — Requires Official Verification & Geotechnical Assessment" }, "geometry": { "type": "Point", "coordinates": [ 316821.096705735486466, 3378738.193788754753768 ] } },
{ "type": "Feature", "properties": { "village_id": 42107, "village_name": "Dewar", "households": 187, "tot_pop": 865, "pop_male": 411, "pop_female": 454, "pop_sc": 119, "pop_st": 0, "shrid2": "11-05-058-00290-042107", "shrug_state_id": 5, "shrug_district_id": 58, "shrug_subdist_id": 290.0, "direct_zone_overlap": false, "hazard_zone_flag": 0, "hazard_zone_label": "Outside Candidate Hazard-Based Red Zone", "nearest_hazard_distance_m": 4773.9, "dist_to_nearest_redzone_m": 4773.9, "proximity_band": "2 km to 5 km", "nearest_zone_id": "RZ-048", "matched_zone_id": null, "matched_zone_label": null, "matched_zone_mh_score": null, "matched_zone_priority": null, "matched_zone_area_m2": null, "data_source": "Census PCA 2011 joined to SHRUG spatial bridge", "join_method": "Exact code-based join: Census Town/Village = SHRUG pc11_village_id", "disclaimer": "Decision Support — Requires Official Verification & Geotechnical Assessment" }, "geometry": { "type": "Point", "coordinates": [ 315781.431846311257686, 3378681.732164663262665 ] } },
{ "type": "Feature", "properties": { "village_id": 42108, "village_name": "Sankari", "households": 198, "tot_pop": 901, "pop_male": 466, "pop_female": 435, "pop_sc": 7, "pop_st": 0, "shrid2": "11-05-058-00290-042108", "shrug_state_id": 5, "shrug_district_id": 58, "shrug_subdist_id": 290.0, "direct_zone_overlap": false, "hazard_zone_flag": 0, "hazard_zone_label": "Outside Candidate Hazard-Based Red Zone", "nearest_hazard_distance_m": 3828.7, "dist_to_nearest_redzone_m": 3828.7, "proximity_band": "2 km to 5 km", "nearest_zone_id": "RZ-048", "matched_zone_id": null, "matched_zone_label": null, "matched_zone_mh_score": null, "matched_zone_priority": null, "matched_zone_area_m2": null, "data_source": "Census PCA 2011 joined to SHRUG spatial bridge", "join_method": "Exact code-based join: Census Town/Village = SHRUG pc11_village_id", "disclaimer": "Decision Support — Requires Official Verification & Geotechnical Assessment" }, "geometry": { "type": "Point", "coordinates": [ 316502.802146985311992, 3378066.382489533163607 ] } },
{ "type": "Feature", "properties": { "village_id": 42109, "village_name": "Bhainsari", "households": 51, "tot_pop": 232, "pop_male": 112, "pop_female": 120, "pop_sc": 0, "pop_st": 0, "shrid2": "11-05-058-00290-042109", "shrug_state_id": 5, "shrug_district_id": 58, "shrug_subdist_id": 290.0, "direct_zone_overlap": false, "hazard_zone_flag": 0, "hazard_zone_label": "Outside Candidate Hazard-Based Red Zone", "nearest_hazard_distance_m": 3322.5, "dist_to_nearest_redzone_m": 3322.5, "proximity_band": "2 km to 5 km", "nearest_zone_id": "RZ-048", "matched_zone_id": null, "matched_zone_label": null, "matched_zone_mh_score": null, "matched_zone_priority": null, "matched_zone_area_m2": null, "data_source": "Census PCA 2011 joined to SHRUG spatial bridge", "join_method": "Exact code-based join: Census Town/Village = SHRUG pc11_village_id", "disclaimer": "Decision Support — Requires Official Verification & Geotechnical Assessment" }, "geometry": { "type": "Point", "coordinates": [ 317549.768598835507873, 3378444.616522861178964 ] } },
{ "type": "Feature", "properties": { "village_id": 42110, "village_name": "Asama", "households": 2, "tot_pop": 10, "pop_male": 7, "pop_female": 3, "pop_sc": 0, "pop_st": 0, "shrid2": "11-05-058-00290-042110", "shrug_state_id": 5, "shrug_district_id": 58, "shrug_subdist_id": 290.0, "direct_zone_overlap": false, "hazard_zone_flag": 0, "hazard_zone_label": "Outside Candidate Hazard-Based Red Zone", "nearest_hazard_distance_m": 3004.2, "dist_to_nearest_redzone_m": 3004.2, "proximity_band": "2 km to 5 km", "nearest_zone_id": "RZ-048", "matched_zone_id": null, "matched_zone_label": null, "matched_zone_mh_score": null, "matched_zone_priority": null, "matched_zone_area_m2": null, "data_source": "Census PCA 2011 joined to SHRUG spatial bridge", "join_method": "Exact code-based join: Census Town/Village = SHRUG pc11_village_id", "disclaimer": "Decision Support — Requires Official Verification & Geotechnical Assessment" }, "geometry": { "type": "Point", "coordinates": [ 317297.620113999699242, 3377749.836046330165118 ] } },
{ "type": "Feature", "properties": { "village_id": 42111, "village_name": "Semtalli", "households": 44, "tot_pop": 205, "pop_male": 112, "pop_female": 93, "pop_sc": 22, "pop_st": 0, "shrid2": "11-05-058-00290-042111", "shrug_state_id": 5, "shrug_district_id": 58, "shrug_subdist_id": 290.0, "direct_zone_overlap": false, "hazard_zone_flag": 0, "hazard_zone_label": "Outside Candidate Hazard-Based Red Zone", "nearest_hazard_distance_m": 2722.0, "dist_to_nearest_redzone_m": 2722.0, "proximity_band": "2 km to 5 km", "nearest_zone_id": "RZ-048", "matched_zone_id": null, "matched_zone_label": null, "matched_zone_mh_score": null, "matched_zone_priority": null, "matched_zone_area_m2": null, "data_source": "Census PCA 2011 joined to SHRUG spatial bridge", "join_method": "Exact code-based join: Census Town/Village = SHRUG pc11_village_id", "disclaimer": "Decision Support — Requires Official Verification & Geotechnical Assessment" }, "geometry": { "type": "Point", "coordinates": [ 317286.885011021047831, 3377244.20445679500699 ] } },
{ "type": "Feature", "properties": { "village_id": 42112, "village_name": "Thaglasi", "households": 14, "tot_pop": 77, "pop_male": 36, "pop_female": 41, "pop_sc": 0, "pop_st": 0, "shrid2": "11-05-058-00290-042112", "shrug_state_id": 5, "shrug_district_id": 58, "shrug_subdist_id": 290.0, "direct_zone_overlap": false, "hazard_zone_flag": 0, "hazard_zone_label": "Outside Candidate Hazard-Based Red Zone", "nearest_hazard_distance_m": 1782.6, "dist_to_nearest_redzone_m": 1782.6, "proximity_band": "1 km to 2 km", "nearest_zone_id": "RZ-095", "matched_zone_id": null, "matched_zone_label": null, "matched_zone_mh_score": null, "matched_zone_priority": null, "matched_zone_area_m2": null, "data_source": "Census PCA 2011 joined to SHRUG spatial bridge", "join_method": "Exact code-based join: Census Town/Village = SHRUG pc11_village_id", "disclaimer": "Decision Support — Requires Official Verification & Geotechnical Assessment" }, "geometry": { "type": "Point", "coordinates": [ 319270.359682146692649, 3386383.664892422035336 ] } },
{ "type": "Feature", "properties": { "village_id": 42113, "village_name": "Dharsemi", "households": 8, "tot_pop": 42, "pop_male": 25, "pop_female": 17, "pop_sc": 0, "pop_st": 0, "shrid2": "11-05-058-00290-042113", "shrug_state_id": 5, "shrug_district_id": 58, "shrug_subdist_id": 290.0, "direct_zone_overlap": false, "hazard_zone_flag": 0, "hazard_zone_label": "Outside Candidate Hazard-Based Red Zone", "nearest_hazard_distance_m": 2627.4, "dist_to_nearest_redzone_m": 2627.4, "proximity_band": "2 km to 5 km", "nearest_zone_id": "RZ-048", "matched_zone_id": null, "matched_zone_label": null, "matched_zone_mh_score": null, "matched_zone_priority": null, "matched_zone_area_m2": null, "data_source": "Census PCA 2011 joined to SHRUG spatial bridge", "join_method": "Exact code-based join: Census Town/Village = SHRUG pc11_village_id", "disclaimer": "Decision Support — Requires Official Verification & Geotechnical Assessment" }, "geometry": { "type": "Point", "coordinates": [ 317222.529413285898045, 3376914.383059998042881 ] } },
{ "type": "Feature", "properties": { "village_id": 42114, "village_name": "Rauchak Chauki", "households": 5, "tot_pop": 9, "pop_male": 5, "pop_female": 4, "pop_sc": 2, "pop_st": 0, "shrid2": "11-05-058-00290-042114", "shrug_state_id": 5, "shrug_district_id": 58, "shrug_subdist_id": 290.0, "direct_zone_overlap": false, "hazard_zone_flag": 0, "hazard_zone_label": "Outside Candidate Hazard-Based Red Zone", "nearest_hazard_distance_m": 2399.4, "dist_to_nearest_redzone_m": 2399.4, "proximity_band": "2 km to 5 km", "nearest_zone_id": "RZ-261", "matched_zone_id": null, "matched_zone_label": null, "matched_zone_mh_score": null, "matched_zone_priority": null, "matched_zone_area_m2": null, "data_source": "Census PCA 2011 joined to SHRUG spatial bridge", "join_method": "Exact code-based join: Census Town/Village = SHRUG pc11_village_id", "disclaimer": "Decision Support — Requires Official Verification & Geotechnical Assessment" }, "geometry": { "type": "Point", "coordinates": [ 319181.026796778372955, 3383752.232233502436429 ] } },
{ "type": "Feature", "properties": { "village_id": 42115, "village_name": "Paundar", "households": 9, "tot_pop": 33, "pop_male": 17, "pop_female": 16, "pop_sc": 0, "pop_st": 0, "shrid2": "11-05-058-00290-042115", "shrug_state_id": 5, "shrug_district_id": 58, "shrug_subdist_id": 290.0, "direct_zone_overlap": false, "hazard_zone_flag": 0, "hazard_zone_label": "Outside Candidate Hazard-Based Red Zone", "nearest_hazard_distance_m": 1218.8, "dist_to_nearest_redzone_m": 1218.8, "proximity_band": "1 km to 2 km", "nearest_zone_id": "RZ-280", "matched_zone_id": null, "matched_zone_label": null, "matched_zone_mh_score": null, "matched_zone_priority": null, "matched_zone_area_m2": null, "data_source": "Census PCA 2011 joined to SHRUG spatial bridge", "join_method": "Exact code-based join: Census Town/Village = SHRUG pc11_village_id", "disclaimer": "Decision Support — Requires Official Verification & Geotechnical Assessment" }, "geometry": { "type": "Point", "coordinates": [ 320423.676613982475828, 3384333.412997187115252 ] } },
{ "type": "Feature", "properties": { "village_id": 42116, "village_name": "Uniyara", "households": 125, "tot_pop": 566, "pop_male": 259, "pop_female": 307, "pop_sc": 0, "pop_st": 0, "shrid2": "11-05-058-00290-042116", "shrug_state_id": 5, "shrug_district_id": 58, "shrug_subdist_id": 290.0, "direct_zone_overlap": false, "hazard_zone_flag": 0, "hazard_zone_label": "Outside Candidate Hazard-Based Red Zone", "nearest_hazard_distance_m": 569.5, "dist_to_nearest_redzone_m": 569.5, "proximity_band": "500 m to 1 km", "nearest_zone_id": "RZ-280", "matched_zone_id": null, "matched_zone_label": null, "matched_zone_mh_score": null, "matched_zone_priority": null, "matched_zone_area_m2": null, "data_source": "Census PCA 2011 joined to SHRUG spatial bridge", "join_method": "Exact code-based join: Census Town/Village = SHRUG pc11_village_id", "disclaimer": "Decision Support — Requires Official Verification & Geotechnical Assessment" }, "geometry": { "type": "Point", "coordinates": [ 321792.70030190772377, 3384574.915536576416343 ] } },
{ "type": "Feature", "properties": { "village_id": 42117, "village_name": "Ransi Tarsali", "households": 154, "tot_pop": 964, "pop_male": 455, "pop_female": 509, "pop_sc": 0, "pop_st": 0, "shrid2": "11-05-058-00290-042117", "shrug_state_id": 5, "shrug_district_id": 58, "shrug_subdist_id": 290.0, "direct_zone_overlap": false, "hazard_zone_flag": 0, "hazard_zone_label": "Outside Candidate Hazard-Based Red Zone", "nearest_hazard_distance_m": 504.9, "dist_to_nearest_redzone_m": 504.9, "proximity_band": "500 m to 1 km", "nearest_zone_id": "RZ-073", "matched_zone_id": null, "matched_zone_label": null, "matched_zone_mh_score": null, "matched_zone_priority": null, "matched_zone_area_m2": null, "data_source": "Census PCA 2011 joined to SHRUG spatial bridge", "join_method": "Exact code-based join: Census Town/Village = SHRUG pc11_village_id", "disclaimer": "Decision Support — Requires Official Verification & Geotechnical Assessment" }, "geometry": { "type": "Point", "coordinates": [ 323451.889241726777982, 3385735.049529207870364 ] } },
{ "type": "Feature", "properties": { "village_id": 42118, "village_name": "Gaundar", "households": 45, "tot_pop": 294, "pop_male": 145, "pop_female": 149, "pop_sc": 0, "pop_st": 0, "shrid2": "11-05-058-00290-042118", "shrug_state_id": 5, "shrug_district_id": 58, "shrug_subdist_id": 290.0, "direct_zone_overlap": false, "hazard_zone_flag": 0, "hazard_zone_label": "Outside Candidate Hazard-Based Red Zone", "nearest_hazard_distance_m": 486.4, "dist_to_nearest_redzone_m": 486.4, "proximity_band": "Within 500 m", "nearest_zone_id": "RZ-145", "matched_zone_id": null, "matched_zone_label": null, "matched_zone_mh_score": null, "matched_zone_priority": null, "matched_zone_area_m2": null, "data_source": "Census PCA 2011 joined to SHRUG spatial bridge", "join_method": "Exact code-based join: Census Town/Village = SHRUG pc11_village_id", "disclaimer": "Decision Support — Requires Official Verification & Geotechnical Assessment" }, "geometry": { "type": "Point", "coordinates": [ 325472.92029154940974, 3387374.531614124774933 ] } },
{ "type": "Feature", "properties": { "village_id": 42119, "village_name": "Raulek", "households": 242, "tot_pop": 1207, "pop_male": 577, "pop_female": 630, "pop_sc": 361, "pop_st": 0, "shrid2": "11-05-058-00290-042119", "shrug_state_id": 5, "shrug_district_id": 58, "shrug_subdist_id": 290.0, "direct_zone_overlap": false, "hazard_zone_flag": 0, "hazard_zone_label": "Outside Candidate Hazard-Based Red Zone", "nearest_hazard_distance_m": 1731.3, "dist_to_nearest_redzone_m": 1731.3, "proximity_band": "1 km to 2 km", "nearest_zone_id": "RZ-280", "matched_zone_id": null, "matched_zone_label": null, "matched_zone_mh_score": null, "matched_zone_priority": null, "matched_zone_area_m2": null, "data_source": "Census PCA 2011 joined to SHRUG spatial bridge", "join_method": "Exact code-based join: Census Town/Village = SHRUG pc11_village_id", "disclaimer": "Decision Support — Requires Official Verification & Geotechnical Assessment" }, "geometry": { "type": "Point", "coordinates": [ 320505.629868572170381, 3382619.799824647605419 ] } },
{ "type": "Feature", "properties": { "village_id": 42120, "village_name": "Kheti Nadla", "households": 27, "tot_pop": 113, "pop_male": 51, "pop_female": 62, "pop_sc": 0, "pop_st": 0, "shrid2": "11-05-058-00290-042120", "shrug_state_id": 5, "shrug_district_id": 58, "shrug_subdist_id": 290.0, "direct_zone_overlap": false, "hazard_zone_flag": 0, "hazard_zone_label": "Outside Candidate Hazard-Based Red Zone", "nearest_hazard_distance_m": 2564.6, "dist_to_nearest_redzone_m": 2564.6, "proximity_band": "2 km to 5 km", "nearest_zone_id": "RZ-261", "matched_zone_id": null, "matched_zone_label": null, "matched_zone_mh_score": null, "matched_zone_priority": null, "matched_zone_area_m2": null, "data_source": "Census PCA 2011 joined to SHRUG spatial bridge", "join_method": "Exact code-based join: Census Town/Village = SHRUG pc11_village_id", "disclaimer": "Decision Support — Requires Official Verification & Geotechnical Assessment" }, "geometry": { "type": "Point", "coordinates": [ 318932.971139279310592, 3381991.29263901989907 ] } },
{ "type": "Feature", "properties": { "village_id": 42121, "village_name": "Jaggi Bagwan", "households": 115, "tot_pop": 561, "pop_male": 282, "pop_female": 279, "pop_sc": 0, "pop_st": 0, "shrid2": "11-05-058-00290-042121", "shrug_state_id": 5, "shrug_district_id": 58, "shrug_subdist_id": 290.0, "direct_zone_overlap": false, "hazard_zone_flag": 0, "hazard_zone_label": "Outside Candidate Hazard-Based Red Zone", "nearest_hazard_distance_m": 3593.0, "dist_to_nearest_redzone_m": 3593.0, "proximity_band": "2 km to 5 km", "nearest_zone_id": "RZ-261", "matched_zone_id": null, "matched_zone_label": null, "matched_zone_mh_score": null, "matched_zone_priority": null, "matched_zone_area_m2": null, "data_source": "Census PCA 2011 joined to SHRUG spatial bridge", "join_method": "Exact code-based join: Census Town/Village = SHRUG pc11_village_id", "disclaimer": "Decision Support — Requires Official Verification & Geotechnical Assessment" }, "geometry": { "type": "Point", "coordinates": [ 318822.813953413628042, 3380446.747878161724657 ] } },
{ "type": "Feature", "properties": { "village_id": 42122, "village_name": "Bedulaban", "households": 82, "tot_pop": 455, "pop_male": 226, "pop_female": 229, "pop_sc": 0, "pop_st": 0, "shrid2": "11-05-058-00290-042122", "shrug_state_id": 5, "shrug_district_id": 58, "shrug_subdist_id": 290.0, "direct_zone_overlap": false, "hazard_zone_flag": 0, "hazard_zone_label": "Outside Candidate Hazard-Based Red Zone", "nearest_hazard_distance_m": 2565.8, "dist_to_nearest_redzone_m": 2565.8, "proximity_band": "2 km to 5 km", "nearest_zone_id": "RZ-091", "matched_zone_id": null, "matched_zone_label": null, "matched_zone_mh_score": null, "matched_zone_priority": null, "matched_zone_area_m2": null, "data_source": "Census PCA 2011 joined to SHRUG spatial bridge", "join_method": "Exact code-based join: Census Town/Village = SHRUG pc11_village_id", "disclaimer": "Decision Support — Requires Official Verification & Geotechnical Assessment" }, "geometry": { "type": "Point", "coordinates": [ 319790.768228038446978, 3381166.003434527199715 ] } },
{ "type": "Feature", "properties": { "village_id": 42123, "village_name": "Kunjalpur", "households": 11, "tot_pop": 48, "pop_male": 24, "pop_female": 24, "pop_sc": 26, "pop_st": 0, "shrid2": "11-05-058-00290-042123", "shrug_state_id": 5, "shrug_district_id": 58, "shrug_subdist_id": 290.0, "direct_zone_overlap": false, "hazard_zone_flag": 0, "hazard_zone_label": "Outside Candidate Hazard-Based Red Zone", "nearest_hazard_distance_m": 1776.4, "dist_to_nearest_redzone_m": 1776.4, "proximity_band": "1 km to 2 km", "nearest_zone_id": "RZ-091", "matched_zone_id": null, "matched_zone_label": null, "matched_zone_mh_score": null, "matched_zone_priority": null, "matched_zone_area_m2": null, "data_source": "Census PCA 2011 joined to SHRUG spatial bridge", "join_method": "Exact code-based join: Census Town/Village = SHRUG pc11_village_id", "disclaimer": "Decision Support — Requires Official Verification & Geotechnical Assessment" }, "geometry": { "type": "Point", "coordinates": [ 320635.491594008752145, 3380996.229785829782486 ] } },
{ "type": "Feature", "properties": { "village_id": 42124, "village_name": "Mansuna", "households": 189, "tot_pop": 888, "pop_male": 418, "pop_female": 470, "pop_sc": 296, "pop_st": 0, "shrid2": "11-05-058-00290-042124", "shrug_state_id": 5, "shrug_district_id": 58, "shrug_subdist_id": 290.0, "direct_zone_overlap": false, "hazard_zone_flag": 0, "hazard_zone_label": "Outside Candidate Hazard-Based Red Zone", "nearest_hazard_distance_m": 1077.8, "dist_to_nearest_redzone_m": 1077.8, "proximity_band": "1 km to 2 km", "nearest_zone_id": "RZ-091", "matched_zone_id": null, "matched_zone_label": null, "matched_zone_mh_score": null, "matched_zone_priority": null, "matched_zone_area_m2": null, "data_source": "Census PCA 2011 joined to SHRUG spatial bridge", "join_method": "Exact code-based join: Census Town/Village = SHRUG pc11_village_id", "disclaimer": "Decision Support — Requires Official Verification & Geotechnical Assessment" }, "geometry": { "type": "Point", "coordinates": [ 321389.736496936879121, 3381000.806910173501819 ] } },
{ "type": "Feature", "properties": { "village_id": 42126, "village_name": "Biroli", "households": 1, "tot_pop": 8, "pop_male": 3, "pop_female": 5, "pop_sc": 7, "pop_st": 0, "shrid2": "11-05-058-00290-042126", "shrug_state_id": 5, "shrug_district_id": 58, "shrug_subdist_id": 290.0, "direct_zone_overlap": false, "hazard_zone_flag": 0, "hazard_zone_label": "Outside Candidate Hazard-Based Red Zone", "nearest_hazard_distance_m": 682.3, "dist_to_nearest_redzone_m": 682.3, "proximity_band": "500 m to 1 km", "nearest_zone_id": "RZ-091", "matched_zone_id": null, "matched_zone_label": null, "matched_zone_mh_score": null, "matched_zone_priority": null, "matched_zone_area_m2": null, "data_source": "Census PCA 2011 joined to SHRUG spatial bridge", "join_method": "Exact code-based join: Census Town/Village = SHRUG pc11_village_id", "disclaimer": "Decision Support — Requires Official Verification & Geotechnical Assessment" }, "geometry": { "type": "Point", "coordinates": [ 321769.712433980661444, 3382041.166398575995117 ] } },
{ "type": "Feature", "properties": { "village_id": 42127, "village_name": "Burua", "households": 71, "tot_pop": 386, "pop_male": 168, "pop_female": 218, "pop_sc": 106, "pop_st": 0, "shrid2": "11-05-058-00290-042127", "shrug_state_id": 5, "shrug_district_id": 58, "shrug_subdist_id": 290.0, "direct_zone_overlap": false, "hazard_zone_flag": 0, "hazard_zone_label": "Outside Candidate Hazard-Based Red Zone", "nearest_hazard_distance_m": 410.6, "dist_to_nearest_redzone_m": 410.6, "proximity_band": "Within 500 m", "nearest_zone_id": "RZ-091", "matched_zone_id": null, "matched_zone_label": null, "matched_zone_mh_score": null, "matched_zone_priority": null, "matched_zone_area_m2": null, "data_source": "Census PCA 2011 joined to SHRUG spatial bridge", "join_method": "Exact code-based join: Census Town/Village = SHRUG pc11_village_id", "disclaimer": "Decision Support — Requires Official Verification & Geotechnical Assessment" }, "geometry": { "type": "Point", "coordinates": [ 322327.884353737346828, 3382109.109171887859702 ] } },
{ "type": "Feature", "properties": { "village_id": 42128, "village_name": "Madali", "households": 2, "tot_pop": 5, "pop_male": 2, "pop_female": 3, "pop_sc": 0, "pop_st": 0, "shrid2": "11-05-058-00290-042128", "shrug_state_id": 5, "shrug_district_id": 58, "shrug_subdist_id": 290.0, "direct_zone_overlap": false, "hazard_zone_flag": 0, "hazard_zone_label": "Outside Candidate Hazard-Based Red Zone", "nearest_hazard_distance_m": 425.1, "dist_to_nearest_redzone_m": 425.1, "proximity_band": "Within 500 m", "nearest_zone_id": "RZ-174", "matched_zone_id": null, "matched_zone_label": null, "matched_zone_mh_score": null, "matched_zone_priority": null, "matched_zone_area_m2": null, "data_source": "Census PCA 2011 joined to SHRUG spatial bridge", "join_method": "Exact code-based join: Census Town/Village = SHRUG pc11_village_id", "disclaimer": "Decision Support — Requires Official Verification & Geotechnical Assessment" }, "geometry": { "type": "Point", "coordinates": [ 322927.591652121860534, 3380954.8063899660483 ] } },
{ "type": "Feature", "properties": { "village_id": 42129, "village_name": "Gadagu", "households": 117, "tot_pop": 601, "pop_male": 275, "pop_female": 326, "pop_sc": 0, "pop_st": 0, "shrid2": "11-05-058-00290-042129", "shrug_state_id": 5, "shrug_district_id": 58, "shrug_subdist_id": 290.0, "direct_zone_overlap": false, "hazard_zone_flag": 0, "hazard_zone_label": "Outside Candidate Hazard-Based Red Zone", "nearest_hazard_distance_m": 330.5, "dist_to_nearest_redzone_m": 330.5, "proximity_band": "Within 500 m", "nearest_zone_id": "RZ-152", "matched_zone_id": null, "matched_zone_label": null, "matched_zone_mh_score": null, "matched_zone_priority": null, "matched_zone_area_m2": null, "data_source": "Census PCA 2011 joined to SHRUG spatial bridge", "join_method": "Exact code-based join: Census Town/Village = SHRUG pc11_village_id", "disclaimer": "Decision Support — Requires Official Verification & Geotechnical Assessment" }, "geometry": { "type": "Point", "coordinates": [ 323703.44008175865747, 3380166.568905673921108 ] } },
{ "type": "Feature", "properties": { "village_id": 42130, "village_name": "Gair", "households": 79, "tot_pop": 431, "pop_male": 210, "pop_female": 221, "pop_sc": 5, "pop_st": 0, "shrid2": "11-05-058-00290-042130", "shrug_state_id": 5, "shrug_district_id": 58, "shrug_subdist_id": 290.0, "direct_zone_overlap": false, "hazard_zone_flag": 0, "hazard_zone_label": "Outside Candidate Hazard-Based Red Zone", "nearest_hazard_distance_m": 1169.4, "dist_to_nearest_redzone_m": 1169.4, "proximity_band": "1 km to 2 km", "nearest_zone_id": "RZ-152", "matched_zone_id": null, "matched_zone_label": null, "matched_zone_mh_score": null, "matched_zone_priority": null, "matched_zone_area_m2": null, "data_source": "Census PCA 2011 joined to SHRUG spatial bridge", "join_method": "Exact code-based join: Census Town/Village = SHRUG pc11_village_id", "disclaimer": "Decision Support — Requires Official Verification & Geotechnical Assessment" }, "geometry": { "type": "Point", "coordinates": [ 322790.619806632981636, 3379914.652037830092013 ] } },
{ "type": "Feature", "properties": { "village_id": 42131, "village_name": "Basti", "households": 15, "tot_pop": 75, "pop_male": 36, "pop_female": 39, "pop_sc": 0, "pop_st": 0, "shrid2": "11-05-058-00290-042131", "shrug_state_id": 5, "shrug_district_id": 58, "shrug_subdist_id": 290.0, "direct_zone_overlap": false, "hazard_zone_flag": 0, "hazard_zone_label": "Outside Candidate Hazard-Based Red Zone", "nearest_hazard_distance_m": 1878.8, "dist_to_nearest_redzone_m": 1878.8, "proximity_band": "1 km to 2 km", "nearest_zone_id": "RZ-091", "matched_zone_id": null, "matched_zone_label": null, "matched_zone_mh_score": null, "matched_zone_priority": null, "matched_zone_area_m2": null, "data_source": "Census PCA 2011 joined to SHRUG spatial bridge", "join_method": "Exact code-based join: Census Town/Village = SHRUG pc11_village_id", "disclaimer": "Decision Support — Requires Official Verification & Geotechnical Assessment" }, "geometry": { "type": "Point", "coordinates": [ 321867.03716401476413, 3379704.715713726822287 ] } },
{ "type": "Feature", "properties": { "village_id": 42132, "village_name": "Giriya", "households": 122, "tot_pop": 611, "pop_male": 292, "pop_female": 319, "pop_sc": 51, "pop_st": 0, "shrid2": "11-05-058-00290-042132", "shrug_state_id": 5, "shrug_district_id": 58, "shrug_subdist_id": 290.0, "direct_zone_overlap": false, "hazard_zone_flag": 0, "hazard_zone_label": "Outside Candidate Hazard-Based Red Zone", "nearest_hazard_distance_m": 1872.5, "dist_to_nearest_redzone_m": 1872.5, "proximity_band": "1 km to 2 km", "nearest_zone_id": "RZ-091", "matched_zone_id": null, "matched_zone_label": null, "matched_zone_mh_score": null, "matched_zone_priority": null, "matched_zone_area_m2": null, "data_source": "Census PCA 2011 joined to SHRUG spatial bridge", "join_method": "Exact code-based join: Census Town/Village = SHRUG pc11_village_id", "disclaimer": "Decision Support — Requires Official Verification & Geotechnical Assessment" }, "geometry": { "type": "Point", "coordinates": [ 320992.901360040705185, 3380215.627862411551178 ] } },
{ "type": "Feature", "properties": { "village_id": 42133, "village_name": "Fanphaj", "households": 110, "tot_pop": 574, "pop_male": 276, "pop_female": 298, "pop_sc": 0, "pop_st": 0, "shrid2": "11-05-058-00290-042133", "shrug_state_id": 5, "shrug_district_id": 58, "shrug_subdist_id": 290.0, "direct_zone_overlap": false, "hazard_zone_flag": 0, "hazard_zone_label": "Outside Candidate Hazard-Based Red Zone", "nearest_hazard_distance_m": 2662.6, "dist_to_nearest_redzone_m": 2662.6, "proximity_band": "2 km to 5 km", "nearest_zone_id": "RZ-091", "matched_zone_id": null, "matched_zone_label": null, "matched_zone_mh_score": null, "matched_zone_priority": null, "matched_zone_area_m2": null, "data_source": "Census PCA 2011 joined to SHRUG spatial bridge", "join_method": "Exact code-based join: Census Town/Village = SHRUG pc11_village_id", "disclaimer": "Decision Support — Requires Official Verification & Geotechnical Assessment" }, "geometry": { "type": "Point", "coordinates": [ 320864.011286758293863, 3379303.368438489735126 ] } },
{ "type": "Feature", "properties": { "village_id": 42134, "village_name": "Saruna", "households": 27, "tot_pop": 123, "pop_male": 58, "pop_female": 65, "pop_sc": 0, "pop_st": 0, "shrid2": "11-05-058-00290-042134", "shrug_state_id": 5, "shrug_district_id": 58, "shrug_subdist_id": 290.0, "direct_zone_overlap": false, "hazard_zone_flag": 0, "hazard_zone_label": "Outside Candidate Hazard-Based Red Zone", "nearest_hazard_distance_m": 2574.5, "dist_to_nearest_redzone_m": 2574.5, "proximity_band": "2 km to 5 km", "nearest_zone_id": "RZ-091", "matched_zone_id": null, "matched_zone_label": null, "matched_zone_mh_score": null, "matched_zone_priority": null, "matched_zone_area_m2": null, "data_source": "Census PCA 2011 joined to SHRUG spatial bridge", "join_method": "Exact code-based join: Census Town/Village = SHRUG pc11_village_id", "disclaimer": "Decision Support — Requires Official Verification & Geotechnical Assessment" }, "geometry": { "type": "Point", "coordinates": [ 320172.884556454548147, 3380121.951125819701701 ] } },
{ "type": "Feature", "properties": { "village_id": 42135, "village_name": "Pali", "households": 61, "tot_pop": 283, "pop_male": 136, "pop_female": 147, "pop_sc": 0, "pop_st": 0, "shrid2": "11-05-058-00290-042135", "shrug_state_id": 5, "shrug_district_id": 58, "shrug_subdist_id": 290.0, "direct_zone_overlap": false, "hazard_zone_flag": 0, "hazard_zone_label": "Outside Candidate Hazard-Based Red Zone", "nearest_hazard_distance_m": 3425.8, "dist_to_nearest_redzone_m": 3425.8, "proximity_band": "2 km to 5 km", "nearest_zone_id": "RZ-091", "matched_zone_id": null, "matched_zone_label": null, "matched_zone_mh_score": null, "matched_zone_priority": null, "matched_zone_area_m2": null, "data_source": "Census PCA 2011 joined to SHRUG spatial bridge", "join_method": "Exact code-based join: Census Town/Village = SHRUG pc11_village_id", "disclaimer": "Decision Support — Requires Official Verification & Geotechnical Assessment" }, "geometry": { "type": "Point", "coordinates": [ 319555.124036969908047, 3379518.040547732263803 ] } },
{ "type": "Feature", "properties": { "village_id": 42136, "village_name": "Chunni", "households": 59, "tot_pop": 286, "pop_male": 161, "pop_female": 125, "pop_sc": 9, "pop_st": 0, "shrid2": "11-05-058-00290-042136", "shrug_state_id": 5, "shrug_district_id": 58, "shrug_subdist_id": 290.0, "direct_zone_overlap": false, "hazard_zone_flag": 0, "hazard_zone_label": "Outside Candidate Hazard-Based Red Zone", "nearest_hazard_distance_m": 2663.2, "dist_to_nearest_redzone_m": 2663.2, "proximity_band": "2 km to 5 km", "nearest_zone_id": "RZ-048", "matched_zone_id": null, "matched_zone_label": null, "matched_zone_mh_score": null, "matched_zone_priority": null, "matched_zone_area_m2": null, "data_source": "Census PCA 2011 joined to SHRUG spatial bridge", "join_method": "Exact code-based join: Census Town/Village = SHRUG pc11_village_id", "disclaimer": "Decision Support — Requires Official Verification & Geotechnical Assessment" }, "geometry": { "type": "Point", "coordinates": [ 319019.111468239221722, 3378443.038119866978377 ] } },
{ "type": "Feature", "properties": { "village_id": 42137, "village_name": "Mangoli", "households": 54, "tot_pop": 246, "pop_male": 124, "pop_female": 122, "pop_sc": 0, "pop_st": 0, "shrid2": "11-05-058-00290-042137", "shrug_state_id": 5, "shrug_district_id": 58, "shrug_subdist_id": 290.0, "direct_zone_overlap": false, "hazard_zone_flag": 0, "hazard_zone_label": "Outside Candidate Hazard-Based Red Zone", "nearest_hazard_distance_m": 2635.9, "dist_to_nearest_redzone_m": 2635.9, "proximity_band": "2 km to 5 km", "nearest_zone_id": "RZ-048", "matched_zone_id": null, "matched_zone_label": null, "matched_zone_mh_score": null, "matched_zone_priority": null, "matched_zone_area_m2": null, "data_source": "Census PCA 2011 joined to SHRUG spatial bridge", "join_method": "Exact code-based join: Census Town/Village = SHRUG pc11_village_id", "disclaimer": "Decision Support — Requires Official Verification & Geotechnical Assessment" }, "geometry": { "type": "Point", "coordinates": [ 319578.386581581667997, 3378485.07048496324569 ] } },
{ "type": "Feature", "properties": { "village_id": 42138, "village_name": "Ukhimath", "households": 511, "tot_pop": 2296, "pop_male": 1184, "pop_female": 1112, "pop_sc": 461, "pop_st": 35, "shrid2": "11-05-058-00290-042138", "shrug_state_id": 5, "shrug_district_id": 58, "shrug_subdist_id": 290.0, "direct_zone_overlap": false, "hazard_zone_flag": 0, "hazard_zone_label": "Outside Candidate Hazard-Based Red Zone", "nearest_hazard_distance_m": 2709.1, "dist_to_nearest_redzone_m": 2709.1, "proximity_band": "2 km to 5 km", "nearest_zone_id": "RZ-048", "matched_zone_id": null, "matched_zone_label": null, "matched_zone_mh_score": null, "matched_zone_priority": null, "matched_zone_area_m2": null, "data_source": "Census PCA 2011 joined to SHRUG spatial bridge", "join_method": "Exact code-based join: Census Town/Village = SHRUG pc11_village_id", "disclaimer": "Decision Support — Requires Official Verification & Geotechnical Assessment" }, "geometry": { "type": "Point", "coordinates": [ 320841.942320431408007, 3378284.154402347281575 ] } },
{ "type": "Feature", "properties": { "village_id": 42139, "village_name": "Dilmi", "households": 17, "tot_pop": 88, "pop_male": 41, "pop_female": 47, "pop_sc": 0, "pop_st": 0, "shrid2": "11-05-058-00290-042139", "shrug_state_id": 5, "shrug_district_id": 58, "shrug_subdist_id": 290.0, "direct_zone_overlap": false, "hazard_zone_flag": 0, "hazard_zone_label": "Outside Candidate Hazard-Based Red Zone", "nearest_hazard_distance_m": 2979.9, "dist_to_nearest_redzone_m": 2979.9, "proximity_band": "2 km to 5 km", "nearest_zone_id": "RZ-048", "matched_zone_id": null, "matched_zone_label": null, "matched_zone_mh_score": null, "matched_zone_priority": null, "matched_zone_area_m2": null, "data_source": "Census PCA 2011 joined to SHRUG spatial bridge", "join_method": "Exact code-based join: Census Town/Village = SHRUG pc11_village_id", "disclaimer": "Decision Support — Requires Official Verification & Geotechnical Assessment" }, "geometry": { "type": "Point", "coordinates": [ 321867.2033187947236, 3377844.449872391764075 ] } },
{ "type": "Feature", "properties": { "village_id": 42140, "village_name": "Sari", "households": 137, "tot_pop": 784, "pop_male": 369, "pop_female": 415, "pop_sc": 78, "pop_st": 0, "shrid2": "11-05-058-00290-042140", "shrug_state_id": 5, "shrug_district_id": 58, "shrug_subdist_id": 290.0, "direct_zone_overlap": false, "hazard_zone_flag": 0, "hazard_zone_label": "Outside Candidate Hazard-Based Red Zone", "nearest_hazard_distance_m": 2840.9, "dist_to_nearest_redzone_m": 2840.9, "proximity_band": "2 km to 5 km", "nearest_zone_id": "RZ-152", "matched_zone_id": null, "matched_zone_label": null, "matched_zone_mh_score": null, "matched_zone_priority": null, "matched_zone_area_m2": null, "data_source": "Census PCA 2011 joined to SHRUG spatial bridge", "join_method": "Exact code-based join: Census Town/Village = SHRUG pc11_village_id", "disclaimer": "Decision Support — Requires Official Verification & Geotechnical Assessment" }, "geometry": { "type": "Point", "coordinates": [ 322803.640052387898322, 3377822.875867903232574 ] } },
{ "type": "Feature", "properties": { "village_id": 42141, "village_name": "Daira", "households": 92, "tot_pop": 406, "pop_male": 206, "pop_female": 200, "pop_sc": 58, "pop_st": 0, "shrid2": "11-05-058-00290-042141", "shrug_state_id": 5, "shrug_district_id": 58, "shrug_subdist_id": 290.0, "direct_zone_overlap": false, "hazard_zone_flag": 0, "hazard_zone_label": "Outside Candidate Hazard-Based Red Zone", "nearest_hazard_distance_m": 3716.7, "dist_to_nearest_redzone_m": 3716.7, "proximity_band": "2 km to 5 km", "nearest_zone_id": "RZ-152", "matched_zone_id": null, "matched_zone_label": null, "matched_zone_mh_score": null, "matched_zone_priority": null, "matched_zone_area_m2": null, "data_source": "Census PCA 2011 joined to SHRUG spatial bridge", "join_method": "Exact code-based join: Census Town/Village = SHRUG pc11_village_id", "disclaimer": "Decision Support — Requires Official Verification & Geotechnical Assessment" }, "geometry": { "type": "Point", "coordinates": [ 324158.890145283308811, 3376774.001730734016746 ] } },
{ "type": "Feature", "properties": { "village_id": 42142, "village_name": "Barangali", "households": 40, "tot_pop": 206, "pop_male": 99, "pop_female": 107, "pop_sc": 0, "pop_st": 0, "shrid2": "11-05-058-00290-042142", "shrug_state_id": 5, "shrug_district_id": 58, "shrug_subdist_id": 290.0, "direct_zone_overlap": false, "hazard_zone_flag": 0, "hazard_zone_label": "Outside Candidate Hazard-Based Red Zone", "nearest_hazard_distance_m": 3461.5, "dist_to_nearest_redzone_m": 3461.5, "proximity_band": "2 km to 5 km", "nearest_zone_id": "RZ-048", "matched_zone_id": null, "matched_zone_label": null, "matched_zone_mh_score": null, "matched_zone_priority": null, "matched_zone_area_m2": null, "data_source": "Census PCA 2011 joined to SHRUG spatial bridge", "join_method": "Exact code-based join: Census Town/Village = SHRUG pc11_village_id", "disclaimer": "Decision Support — Requires Official Verification & Geotechnical Assessment" }, "geometry": { "type": "Point", "coordinates": [ 323082.173526416998357, 3376325.971243571024388 ] } },
{ "type": "Feature", "properties": { "village_id": 42143, "village_name": "Karokhi", "households": 143, "tot_pop": 749, "pop_male": 365, "pop_female": 384, "pop_sc": 67, "pop_st": 15, "shrid2": "11-05-058-00290-042143", "shrug_state_id": 5, "shrug_district_id": 58, "shrug_subdist_id": 290.0, "direct_zone_overlap": false, "hazard_zone_flag": 0, "hazard_zone_label": "Outside Candidate Hazard-Based Red Zone", "nearest_hazard_distance_m": 1881.2, "dist_to_nearest_redzone_m": 1881.2, "proximity_band": "1 km to 2 km", "nearest_zone_id": "RZ-048", "matched_zone_id": null, "matched_zone_label": null, "matched_zone_mh_score": null, "matched_zone_priority": null, "matched_zone_area_m2": null, "data_source": "Census PCA 2011 joined to SHRUG spatial bridge", "join_method": "Exact code-based join: Census Town/Village = SHRUG pc11_village_id", "disclaimer": "Decision Support — Requires Official Verification & Geotechnical Assessment" }, "geometry": { "type": "Point", "coordinates": [ 321380.788695821887814, 3376595.107396019622684 ] } },
{ "type": "Feature", "properties": { "village_id": 42144, "village_name": "Kantha", "households": 5, "tot_pop": 33, "pop_male": 15, "pop_female": 18, "pop_sc": 0, "pop_st": 0, "shrid2": "11-05-058-00290-042144", "shrug_state_id": 5, "shrug_district_id": 58, "shrug_subdist_id": 290.0, "direct_zone_overlap": false, "hazard_zone_flag": 0, "hazard_zone_label": "Outside Candidate Hazard-Based Red Zone", "nearest_hazard_distance_m": 1472.7, "dist_to_nearest_redzone_m": 1472.7, "proximity_band": "1 km to 2 km", "nearest_zone_id": "RZ-048", "matched_zone_id": null, "matched_zone_label": null, "matched_zone_mh_score": null, "matched_zone_priority": null, "matched_zone_area_m2": null, "data_source": "Census PCA 2011 joined to SHRUG spatial bridge", "join_method": "Exact code-based join: Census Town/Village = SHRUG pc11_village_id", "disclaimer": "Decision Support — Requires Official Verification & Geotechnical Assessment" }, "geometry": { "type": "Point", "coordinates": [ 320510.405616062926129, 3377047.423545252066106 ] } },
{ "type": "Feature", "properties": { "village_id": 42145, "village_name": "Painj", "households": 55, "tot_pop": 264, "pop_male": 118, "pop_female": 146, "pop_sc": 0, "pop_st": 0, "shrid2": "11-05-058-00290-042145", "shrug_state_id": 5, "shrug_district_id": 58, "shrug_subdist_id": 290.0, "direct_zone_overlap": false, "hazard_zone_flag": 0, "hazard_zone_label": "Outside Candidate Hazard-Based Red Zone", "nearest_hazard_distance_m": 972.2, "dist_to_nearest_redzone_m": 972.2, "proximity_band": "500 m to 1 km", "nearest_zone_id": "RZ-048", "matched_zone_id": null, "matched_zone_label": null, "matched_zone_mh_score": null, "matched_zone_priority": null, "matched_zone_area_m2": null, "data_source": "Census PCA 2011 joined to SHRUG spatial bridge", "join_method": "Exact code-based join: Census Town/Village = SHRUG pc11_village_id", "disclaimer": "Decision Support — Requires Official Verification & Geotechnical Assessment" }, "geometry": { "type": "Point", "coordinates": [ 319673.010899884975515, 3376821.599983999505639 ] } },
{ "type": "Feature", "properties": { "village_id": 42146, "village_name": "Bhatwari", "households": 123, "tot_pop": 504, "pop_male": 256, "pop_female": 248, "pop_sc": 3, "pop_st": 1, "shrid2": "11-05-058-00290-042146", "shrug_state_id": 5, "shrug_district_id": 58, "shrug_subdist_id": 290.0, "direct_zone_overlap": false, "hazard_zone_flag": 0, "hazard_zone_label": "Outside Candidate Hazard-Based Red Zone", "nearest_hazard_distance_m": 2026.8, "dist_to_nearest_redzone_m": 2026.8, "proximity_band": "2 km to 5 km", "nearest_zone_id": "RZ-048", "matched_zone_id": null, "matched_zone_label": null, "matched_zone_mh_score": null, "matched_zone_priority": null, "matched_zone_area_m2": null, "data_source": "Census PCA 2011 joined to SHRUG spatial bridge", "join_method": "Exact code-based join: Census Town/Village = SHRUG pc11_village_id", "disclaimer": "Decision Support — Requires Official Verification & Geotechnical Assessment" }, "geometry": { "type": "Point", "coordinates": [ 318464.03122081287438, 3377511.262438653968275 ] } },
{ "type": "Feature", "properties": { "village_id": 42147, "village_name": "Sansari", "households": 34, "tot_pop": 211, "pop_male": 129, "pop_female": 82, "pop_sc": 0, "pop_st": 0, "shrid2": "11-05-058-00290-042147", "shrug_state_id": 5, "shrug_district_id": 58, "shrug_subdist_id": 290.0, "direct_zone_overlap": false, "hazard_zone_flag": 0, "hazard_zone_label": "Outside Candidate Hazard-Based Red Zone", "nearest_hazard_distance_m": 1547.3, "dist_to_nearest_redzone_m": 1547.3, "proximity_band": "1 km to 2 km", "nearest_zone_id": "RZ-048", "matched_zone_id": null, "matched_zone_label": null, "matched_zone_mh_score": null, "matched_zone_priority": null, "matched_zone_area_m2": null, "data_source": "Census PCA 2011 joined to SHRUG spatial bridge", "join_method": "Exact code-based join: Census Town/Village = SHRUG pc11_village_id", "disclaimer": "Decision Support — Requires Official Verification & Geotechnical Assessment" }, "geometry": { "type": "Point", "coordinates": [ 318424.42650658718776, 3376826.341205311473459 ] } },
{ "type": "Feature", "properties": { "village_id": 42148, "village_name": "Kimana", "households": 88, "tot_pop": 393, "pop_male": 192, "pop_female": 201, "pop_sc": 0, "pop_st": 0, "shrid2": "11-05-058-00290-042148", "shrug_state_id": 5, "shrug_district_id": 58, "shrug_subdist_id": 290.0, "direct_zone_overlap": false, "hazard_zone_flag": 0, "hazard_zone_label": "Outside Candidate Hazard-Based Red Zone", "nearest_hazard_distance_m": 763.6, "dist_to_nearest_redzone_m": 763.6, "proximity_band": "500 m to 1 km", "nearest_zone_id": "RZ-048", "matched_zone_id": null, "matched_zone_label": null, "matched_zone_mh_score": null, "matched_zone_priority": null, "matched_zone_area_m2": null, "data_source": "Census PCA 2011 joined to SHRUG spatial bridge", "join_method": "Exact code-based join: Census Town/Village = SHRUG pc11_village_id", "disclaimer": "Decision Support — Requires Official Verification & Geotechnical Assessment" }, "geometry": { "type": "Point", "coordinates": [ 318884.251760114217177, 3376036.842068079859018 ] } },
{ "type": "Feature", "properties": { "village_id": 42149, "village_name": "Raudu", "households": 13, "tot_pop": 54, "pop_male": 24, "pop_female": 30, "pop_sc": 0, "pop_st": 0, "shrid2": "11-05-058-00290-042149", "shrug_state_id": 5, "shrug_district_id": 58, "shrug_subdist_id": 290.0, "direct_zone_overlap": false, "hazard_zone_flag": 0, "hazard_zone_label": "Outside Candidate Hazard-Based Red Zone", "nearest_hazard_distance_m": 1804.1, "dist_to_nearest_redzone_m": 1804.1, "proximity_band": "1 km to 2 km", "nearest_zone_id": "RZ-048", "matched_zone_id": null, "matched_zone_label": null, "matched_zone_mh_score": null, "matched_zone_priority": null, "matched_zone_area_m2": null, "data_source": "Census PCA 2011 joined to SHRUG spatial bridge", "join_method": "Exact code-based join: Census Town/Village = SHRUG pc11_village_id", "disclaimer": "Decision Support — Requires Official Verification & Geotechnical Assessment" }, "geometry": { "type": "Point", "coordinates": [ 321455.631110830698162, 3375935.747075201943517 ] } },
{ "type": "Feature", "properties": { "village_id": 42150, "village_name": "Gundagwar", "households": 5, "tot_pop": 30, "pop_male": 16, "pop_female": 14, "pop_sc": 0, "pop_st": 0, "shrid2": "11-05-058-00290-042150", "shrug_state_id": 5, "shrug_district_id": 58, "shrug_subdist_id": 290.0, "direct_zone_overlap": false, "hazard_zone_flag": 0, "hazard_zone_label": "Outside Candidate Hazard-Based Red Zone", "nearest_hazard_distance_m": 3096.0, "dist_to_nearest_redzone_m": 3096.0, "proximity_band": "2 km to 5 km", "nearest_zone_id": "RZ-048", "matched_zone_id": null, "matched_zone_label": null, "matched_zone_mh_score": null, "matched_zone_priority": null, "matched_zone_area_m2": null, "data_source": "Census PCA 2011 joined to SHRUG spatial bridge", "join_method": "Exact code-based join: Census Town/Village = SHRUG pc11_village_id", "disclaimer": "Decision Support — Requires Official Verification & Geotechnical Assessment" }, "geometry": { "type": "Point", "coordinates": [ 322716.710075788025279, 3375166.750210859812796 ] } },
{ "type": "Feature", "properties": { "village_id": 42151, "village_name": "Kanda", "households": 35, "tot_pop": 195, "pop_male": 83, "pop_female": 112, "pop_sc": 0, "pop_st": 0, "shrid2": "11-05-058-00290-042151", "shrug_state_id": 5, "shrug_district_id": 58, "shrug_subdist_id": 290.0, "direct_zone_overlap": false, "hazard_zone_flag": 0, "hazard_zone_label": "Outside Candidate Hazard-Based Red Zone", "nearest_hazard_distance_m": 4218.2, "dist_to_nearest_redzone_m": 4218.2, "proximity_band": "2 km to 5 km", "nearest_zone_id": "RZ-048", "matched_zone_id": null, "matched_zone_label": null, "matched_zone_mh_score": null, "matched_zone_priority": null, "matched_zone_area_m2": null, "data_source": "Census PCA 2011 joined to SHRUG spatial bridge", "join_method": "Exact code-based join: Census Town/Village = SHRUG pc11_village_id", "disclaimer": "Decision Support — Requires Official Verification & Geotechnical Assessment" }, "geometry": { "type": "Point", "coordinates": [ 323868.590624821605161, 3375451.310968367382884 ] } },
{ "type": "Feature", "properties": { "village_id": 42152, "village_name": "Huddu", "households": 68, "tot_pop": 361, "pop_male": 180, "pop_female": 181, "pop_sc": 87, "pop_st": 0, "shrid2": "11-05-058-00290-042152", "shrug_state_id": 5, "shrug_district_id": 58, "shrug_subdist_id": 290.0, "direct_zone_overlap": false, "hazard_zone_flag": 0, "hazard_zone_label": "Outside Candidate Hazard-Based Red Zone", "nearest_hazard_distance_m": 4552.6, "dist_to_nearest_redzone_m": 4552.6, "proximity_band": "2 km to 5 km", "nearest_zone_id": "RZ-149", "matched_zone_id": null, "matched_zone_label": null, "matched_zone_mh_score": null, "matched_zone_priority": null, "matched_zone_area_m2": null, "data_source": "Census PCA 2011 joined to SHRUG spatial bridge", "join_method": "Exact code-based join: Census Town/Village = SHRUG pc11_village_id", "disclaimer": "Decision Support — Requires Official Verification & Geotechnical Assessment" }, "geometry": { "type": "Point", "coordinates": [ 324279.305772532708943, 3375934.622534926049411 ] } },
{ "type": "Feature", "properties": { "village_id": 42153, "village_name": "Ushara", "households": 96, "tot_pop": 544, "pop_male": 269, "pop_female": 275, "pop_sc": 0, "pop_st": 0, "shrid2": "11-05-058-00290-042153", "shrug_state_id": 5, "shrug_district_id": 58, "shrug_subdist_id": 290.0, "direct_zone_overlap": false, "hazard_zone_flag": 0, "hazard_zone_label": "Outside Candidate Hazard-Based Red Zone", "nearest_hazard_distance_m": 3723.3, "dist_to_nearest_redzone_m": 3723.3, "proximity_band": "2 km to 5 km", "nearest_zone_id": "RZ-149", "matched_zone_id": null, "matched_zone_label": null, "matched_zone_mh_score": null, "matched_zone_priority": null, "matched_zone_area_m2": null, "data_source": "Census PCA 2011 joined to SHRUG spatial bridge", "join_method": "Exact code-based join: Census Town/Village = SHRUG pc11_village_id", "disclaimer": "Decision Support — Requires Official Verification & Geotechnical Assessment" }, "geometry": { "type": "Point", "coordinates": [ 325190.315061628352851, 3376247.596394201740623 ] } },
{ "type": "Feature", "properties": { "village_id": 42154, "village_name": "Bhankund", "households": 3, "tot_pop": 16, "pop_male": 10, "pop_female": 6, "pop_sc": 0, "pop_st": 0, "shrid2": "11-05-058-00290-042154", "shrug_state_id": 5, "shrug_district_id": 58, "shrug_subdist_id": 290.0, "direct_zone_overlap": false, "hazard_zone_flag": 0, "hazard_zone_label": "Outside Candidate Hazard-Based Red Zone", "nearest_hazard_distance_m": 4417.9, "dist_to_nearest_redzone_m": 4417.9, "proximity_band": "2 km to 5 km", "nearest_zone_id": "RZ-149", "matched_zone_id": null, "matched_zone_label": null, "matched_zone_mh_score": null, "matched_zone_priority": null, "matched_zone_area_m2": null, "data_source": "Census PCA 2011 joined to SHRUG spatial bridge", "join_method": "Exact code-based join: Census Town/Village = SHRUG pc11_village_id", "disclaimer": "Decision Support — Requires Official Verification & Geotechnical Assessment" }, "geometry": { "type": "Point", "coordinates": [ 324909.656975566293113, 3375593.794078649487346 ] } },
{ "type": "Feature", "properties": { "village_id": 42160, "village_name": "Gujargwar", "households": 11, "tot_pop": 52, "pop_male": 30, "pop_female": 22, "pop_sc": 0, "pop_st": 0, "shrid2": "11-05-058-00290-042160", "shrug_state_id": 5, "shrug_district_id": 58, "shrug_subdist_id": 290.0, "direct_zone_overlap": false, "hazard_zone_flag": 0, "hazard_zone_label": "Outside Candidate Hazard-Based Red Zone", "nearest_hazard_distance_m": 4799.4, "dist_to_nearest_redzone_m": 4799.4, "proximity_band": "2 km to 5 km", "nearest_zone_id": "RZ-048", "matched_zone_id": null, "matched_zone_label": null, "matched_zone_mh_score": null, "matched_zone_priority": null, "matched_zone_area_m2": null, "data_source": "Census PCA 2011 joined to SHRUG spatial bridge", "join_method": "Exact code-based join: Census Town/Village = SHRUG pc11_village_id", "disclaimer": "Decision Support — Requires Official Verification & Geotechnical Assessment" }, "geometry": { "type": "Point", "coordinates": [ 324334.105595086584799, 3374555.111534129828215 ] } },
{ "type": "Feature", "properties": { "village_id": 42161, "village_name": "Dilangwar", "households": 14, "tot_pop": 83, "pop_male": 43, "pop_female": 40, "pop_sc": 0, "pop_st": 0, "shrid2": "11-05-058-00290-042161", "shrug_state_id": 5, "shrug_district_id": 58, "shrug_subdist_id": 290.0, "direct_zone_overlap": false, "hazard_zone_flag": 0, "hazard_zone_label": "Outside Candidate Hazard-Based Red Zone", "nearest_hazard_distance_m": 4837.9, "dist_to_nearest_redzone_m": 4837.9, "proximity_band": "2 km to 5 km", "nearest_zone_id": "RZ-048", "matched_zone_id": null, "matched_zone_label": null, "matched_zone_mh_score": null, "matched_zone_priority": null, "matched_zone_area_m2": null, "data_source": "Census PCA 2011 joined to SHRUG spatial bridge", "join_method": "Exact code-based join: Census Town/Village = SHRUG pc11_village_id", "disclaimer": "Decision Support — Requires Official Verification & Geotechnical Assessment" }, "geometry": { "type": "Point", "coordinates": [ 324052.268353806110099, 3373602.410620570648462 ] } },
{ "type": "Feature", "properties": { "village_id": 42162, "village_name": "Makku", "households": 211, "tot_pop": 950, "pop_male": 445, "pop_female": 505, "pop_sc": 236, "pop_st": 0, "shrid2": "11-05-058-00290-042162", "shrug_state_id": 5, "shrug_district_id": 58, "shrug_subdist_id": 290.0, "direct_zone_overlap": false, "hazard_zone_flag": 0, "hazard_zone_label": "Outside Candidate Hazard-Based Red Zone", "nearest_hazard_distance_m": 2910.3, "dist_to_nearest_redzone_m": 2910.3, "proximity_band": "2 km to 5 km", "nearest_zone_id": "RZ-048", "matched_zone_id": null, "matched_zone_label": null, "matched_zone_mh_score": null, "matched_zone_priority": null, "matched_zone_area_m2": null, "data_source": "Census PCA 2011 joined to SHRUG spatial bridge", "join_method": "Exact code-based join: Census Town/Village = SHRUG pc11_village_id", "disclaimer": "Decision Support — Requires Official Verification & Geotechnical Assessment" }, "geometry": { "type": "Point", "coordinates": [ 322192.93778185476549, 3374194.892140029929578 ] } },
{ "type": "Feature", "properties": { "village_id": 42163, "village_name": "Silgoth", "households": 3, "tot_pop": 12, "pop_male": 4, "pop_female": 8, "pop_sc": 0, "pop_st": 0, "shrid2": "11-05-058-00290-042163", "shrug_state_id": 5, "shrug_district_id": 58, "shrug_subdist_id": 290.0, "direct_zone_overlap": false, "hazard_zone_flag": 0, "hazard_zone_label": "Outside Candidate Hazard-Based Red Zone", "nearest_hazard_distance_m": 1814.0, "dist_to_nearest_redzone_m": 1814.0, "proximity_band": "1 km to 2 km", "nearest_zone_id": "RZ-048", "matched_zone_id": null, "matched_zone_label": null, "matched_zone_mh_score": null, "matched_zone_priority": null, "matched_zone_area_m2": null, "data_source": "Census PCA 2011 joined to SHRUG spatial bridge", "join_method": "Exact code-based join: Census Town/Village = SHRUG pc11_village_id", "disclaimer": "Decision Support — Requires Official Verification & Geotechnical Assessment" }, "geometry": { "type": "Point", "coordinates": [ 321220.224240515206475, 3374702.20247813500464 ] } },
{ "type": "Feature", "properties": { "village_id": 42164, "village_name": "Semar", "households": 10, "tot_pop": 34, "pop_male": 18, "pop_female": 16, "pop_sc": 0, "pop_st": 0, "shrid2": "11-05-058-00290-042164", "shrug_state_id": 5, "shrug_district_id": 58, "shrug_subdist_id": 290.0, "direct_zone_overlap": false, "hazard_zone_flag": 0, "hazard_zone_label": "Outside Candidate Hazard-Based Red Zone", "nearest_hazard_distance_m": 1302.2, "dist_to_nearest_redzone_m": 1302.2, "proximity_band": "1 km to 2 km", "nearest_zone_id": "RZ-048", "matched_zone_id": null, "matched_zone_label": null, "matched_zone_mh_score": null, "matched_zone_priority": null, "matched_zone_area_m2": null, "data_source": "Census PCA 2011 joined to SHRUG spatial bridge", "join_method": "Exact code-based join: Census Town/Village = SHRUG pc11_village_id", "disclaimer": "Decision Support — Requires Official Verification & Geotechnical Assessment" }, "geometry": { "type": "Point", "coordinates": [ 320858.416838841687422, 3375122.576675100717694 ] } },
{ "type": "Feature", "properties": { "village_id": 42165, "village_name": "Dungar semala", "households": 110, "tot_pop": 580, "pop_male": 285, "pop_female": 295, "pop_sc": 259, "pop_st": 0, "shrid2": "11-05-058-00290-042165", "shrug_state_id": 5, "shrug_district_id": 58, "shrug_subdist_id": 290.0, "direct_zone_overlap": false, "hazard_zone_flag": 0, "hazard_zone_label": "Outside Candidate Hazard-Based Red Zone", "nearest_hazard_distance_m": 310.8, "dist_to_nearest_redzone_m": 310.8, "proximity_band": "Within 500 m", "nearest_zone_id": "RZ-048", "matched_zone_id": null, "matched_zone_label": null, "matched_zone_mh_score": null, "matched_zone_priority": null, "matched_zone_area_m2": null, "data_source": "Census PCA 2011 joined to SHRUG spatial bridge", "join_method": "Exact code-based join: Census Town/Village = SHRUG pc11_village_id", "disclaimer": "Decision Support — Requires Official Verification & Geotechnical Assessment" }, "geometry": { "type": "Point", "coordinates": [ 319901.371653964743018, 3375428.994609886780381 ] } },
{ "type": "Feature", "properties": { "village_id": 42166, "village_name": "Pathali", "households": 91, "tot_pop": 522, "pop_male": 252, "pop_female": 270, "pop_sc": 0, "pop_st": 6, "shrid2": "11-05-058-00290-042166", "shrug_state_id": 5, "shrug_district_id": 58, "shrug_subdist_id": 290.0, "direct_zone_overlap": false, "hazard_zone_flag": 0, "hazard_zone_label": "Outside Candidate Hazard-Based Red Zone", "nearest_hazard_distance_m": 1098.6, "dist_to_nearest_redzone_m": 1098.6, "proximity_band": "1 km to 2 km", "nearest_zone_id": "RZ-048", "matched_zone_id": null, "matched_zone_label": null, "matched_zone_mh_score": null, "matched_zone_priority": null, "matched_zone_area_m2": null, "data_source": "Census PCA 2011 joined to SHRUG spatial bridge", "join_method": "Exact code-based join: Census Town/Village = SHRUG pc11_village_id", "disclaimer": "Decision Support — Requires Official Verification & Geotechnical Assessment" }, "geometry": { "type": "Point", "coordinates": [ 318648.228785279789008, 3375112.989256726112217 ] } },
{ "type": "Feature", "properties": { "village_id": 42167, "village_name": "Kundaliya", "households": 19, "tot_pop": 89, "pop_male": 43, "pop_female": 46, "pop_sc": 0, "pop_st": 0, "shrid2": "11-05-058-00290-042167", "shrug_state_id": 5, "shrug_district_id": 58, "shrug_subdist_id": 290.0, "direct_zone_overlap": false, "hazard_zone_flag": 0, "hazard_zone_label": "Outside Candidate Hazard-Based Red Zone", "nearest_hazard_distance_m": 1049.1, "dist_to_nearest_redzone_m": 1049.1, "proximity_band": "1 km to 2 km", "nearest_zone_id": "RZ-048", "matched_zone_id": null, "matched_zone_label": null, "matched_zone_mh_score": null, "matched_zone_priority": null, "matched_zone_area_m2": null, "data_source": "Census PCA 2011 joined to SHRUG spatial bridge", "join_method": "Exact code-based join: Census Town/Village = SHRUG pc11_village_id", "disclaimer": "Decision Support — Requires Official Verification & Geotechnical Assessment" }, "geometry": { "type": "Point", "coordinates": [ 319611.26608138915617, 3374567.712080267257988 ] } },
{ "type": "Feature", "properties": { "village_id": 42168, "village_name": "Garwali", "households": 22, "tot_pop": 112, "pop_male": 54, "pop_female": 58, "pop_sc": 0, "pop_st": 0, "shrid2": "11-05-058-00290-042168", "shrug_state_id": 5, "shrug_district_id": 58, "shrug_subdist_id": 290.0, "direct_zone_overlap": false, "hazard_zone_flag": 0, "hazard_zone_label": "Outside Candidate Hazard-Based Red Zone", "nearest_hazard_distance_m": 1590.8, "dist_to_nearest_redzone_m": 1590.8, "proximity_band": "1 km to 2 km", "nearest_zone_id": "RZ-048", "matched_zone_id": null, "matched_zone_label": null, "matched_zone_mh_score": null, "matched_zone_priority": null, "matched_zone_area_m2": null, "data_source": "Census PCA 2011 joined to SHRUG spatial bridge", "join_method": "Exact code-based join: Census Town/Village = SHRUG pc11_village_id", "disclaimer": "Decision Support — Requires Official Verification & Geotechnical Assessment" }, "geometry": { "type": "Point", "coordinates": [ 318597.235450711916201, 3374402.081735551357269 ] } },
{ "type": "Feature", "properties": { "village_id": 42169, "village_name": "Chinagwar", "households": 2, "tot_pop": 8, "pop_male": 5, "pop_female": 3, "pop_sc": 0, "pop_st": 0, "shrid2": "11-05-058-00290-042169", "shrug_state_id": 5, "shrug_district_id": 58, "shrug_subdist_id": 290.0, "direct_zone_overlap": false, "hazard_zone_flag": 0, "hazard_zone_label": "Outside Candidate Hazard-Based Red Zone", "nearest_hazard_distance_m": 1490.1, "dist_to_nearest_redzone_m": 1490.1, "proximity_band": "1 km to 2 km", "nearest_zone_id": "RZ-048", "matched_zone_id": null, "matched_zone_label": null, "matched_zone_mh_score": null, "matched_zone_priority": null, "matched_zone_area_m2": null, "data_source": "Census PCA 2011 joined to SHRUG spatial bridge", "join_method": "Exact code-based join: Census Town/Village = SHRUG pc11_village_id", "disclaimer": "Decision Support — Requires Official Verification & Geotechnical Assessment" }, "geometry": { "type": "Point", "coordinates": [ 319744.892313088406809, 3374129.438126299064606 ] } },
{ "type": "Feature", "properties": { "village_id": 42170, "village_name": "Bhingi", "households": 62, "tot_pop": 273, "pop_male": 144, "pop_female": 129, "pop_sc": 5, "pop_st": 0, "shrid2": "11-05-058-00290-042170", "shrug_state_id": 5, "shrug_district_id": 58, "shrug_subdist_id": 290.0, "direct_zone_overlap": false, "hazard_zone_flag": 0, "hazard_zone_label": "Outside Candidate Hazard-Based Red Zone", "nearest_hazard_distance_m": 2121.3, "dist_to_nearest_redzone_m": 2121.3, "proximity_band": "2 km to 5 km", "nearest_zone_id": "RZ-048", "matched_zone_id": null, "matched_zone_label": null, "matched_zone_mh_score": null, "matched_zone_priority": null, "matched_zone_area_m2": null, "data_source": "Census PCA 2011 joined to SHRUG spatial bridge", "join_method": "Exact code-based join: Census Town/Village = SHRUG pc11_village_id", "disclaimer": "Decision Support — Requires Official Verification & Geotechnical Assessment" }, "geometry": { "type": "Point", "coordinates": [ 321110.977500737295486, 3374075.262419324368238 ] } },
{ "type": "Feature", "properties": { "village_id": 42171, "village_name": "Lakshman Gwar", "households": 7, "tot_pop": 34, "pop_male": 16, "pop_female": 18, "pop_sc": 0, "pop_st": 0, "shrid2": "11-05-058-00290-042171", "shrug_state_id": 5, "shrug_district_id": 58, "shrug_subdist_id": 290.0, "direct_zone_overlap": false, "hazard_zone_flag": 0, "hazard_zone_label": "Outside Candidate Hazard-Based Red Zone", "nearest_hazard_distance_m": 1992.5, "dist_to_nearest_redzone_m": 1992.5, "proximity_band": "1 km to 2 km", "nearest_zone_id": "RZ-048", "matched_zone_id": null, "matched_zone_label": null, "matched_zone_mh_score": null, "matched_zone_priority": null, "matched_zone_area_m2": null, "data_source": "Census PCA 2011 joined to SHRUG spatial bridge", "join_method": "Exact code-based join: Census Town/Village = SHRUG pc11_village_id", "disclaimer": "Decision Support — Requires Official Verification & Geotechnical Assessment" }, "geometry": { "type": "Point", "coordinates": [ 320173.672957984439563, 3373693.331018675584346 ] } },
{ "type": "Feature", "properties": { "village_id": 42172, "village_name": "Tankila", "households": 25, "tot_pop": 104, "pop_male": 52, "pop_female": 52, "pop_sc": 0, "pop_st": 0, "shrid2": "11-05-058-00290-042172", "shrug_state_id": 5, "shrug_district_id": 58, "shrug_subdist_id": 290.0, "direct_zone_overlap": false, "hazard_zone_flag": 0, "hazard_zone_label": "Outside Candidate Hazard-Based Red Zone", "nearest_hazard_distance_m": 2050.4, "dist_to_nearest_redzone_m": 2050.4, "proximity_band": "2 km to 5 km", "nearest_zone_id": "RZ-048", "matched_zone_id": null, "matched_zone_label": null, "matched_zone_mh_score": null, "matched_zone_priority": null, "matched_zone_area_m2": null, "data_source": "Census PCA 2011 joined to SHRUG spatial bridge", "join_method": "Exact code-based join: Census Town/Village = SHRUG pc11_village_id", "disclaimer": "Decision Support — Requires Official Verification & Geotechnical Assessment" }, "geometry": { "type": "Point", "coordinates": [ 318930.320735935820267, 3373687.45052616391331 ] } },
{ "type": "Feature", "properties": { "village_id": 42173, "village_name": "Parkandi", "households": 418, "tot_pop": 1699, "pop_male": 789, "pop_female": 910, "pop_sc": 121, "pop_st": 0, "shrid2": "11-05-058-00290-042173", "shrug_state_id": 5, "shrug_district_id": 58, "shrug_subdist_id": 290.0, "direct_zone_overlap": false, "hazard_zone_flag": 0, "hazard_zone_label": "Outside Candidate Hazard-Based Red Zone", "nearest_hazard_distance_m": 2234.5, "dist_to_nearest_redzone_m": 2234.5, "proximity_band": "2 km to 5 km", "nearest_zone_id": "RZ-048", "matched_zone_id": null, "matched_zone_label": null, "matched_zone_mh_score": null, "matched_zone_priority": null, "matched_zone_area_m2": null, "data_source": "Census PCA 2011 joined to SHRUG spatial bridge", "join_method": "Exact code-based join: Census Town/Village = SHRUG pc11_village_id", "disclaimer": "Decision Support — Requires Official Verification & Geotechnical Assessment" }, "geometry": { "type": "Point", "coordinates": [ 318298.324539518216625, 3373818.32455453183502 ] } },
{ "type": "Feature", "properties": { "village_id": 42174, "village_name": "Giwari Gaon", "households": 45, "tot_pop": 197, "pop_male": 128, "pop_female": 69, "pop_sc": 0, "pop_st": 0, "shrid2": "11-05-058-00290-042174", "shrug_state_id": 5, "shrug_district_id": 58, "shrug_subdist_id": 290.0, "direct_zone_overlap": false, "hazard_zone_flag": 0, "hazard_zone_label": "Outside Candidate Hazard-Based Red Zone", "nearest_hazard_distance_m": 3067.2, "dist_to_nearest_redzone_m": 3067.2, "proximity_band": "2 km to 5 km", "nearest_zone_id": "RZ-153", "matched_zone_id": null, "matched_zone_label": null, "matched_zone_mh_score": null, "matched_zone_priority": null, "matched_zone_area_m2": null, "data_source": "Census PCA 2011 joined to SHRUG spatial bridge", "join_method": "Exact code-based join: Census Town/Village = SHRUG pc11_village_id", "disclaimer": "Decision Support — Requires Official Verification & Geotechnical Assessment" }, "geometry": { "type": "Point", "coordinates": [ 318280.349722399958409, 3372735.840286080725491 ] } },
{ "type": "Feature", "properties": { "village_id": 42175, "village_name": "Kyark", "households": 21, "tot_pop": 109, "pop_male": 50, "pop_female": 59, "pop_sc": 0, "pop_st": 0, "shrid2": "11-05-058-00290-042175", "shrug_state_id": 5, "shrug_district_id": 58, "shrug_subdist_id": 290.0, "direct_zone_overlap": false, "hazard_zone_flag": 0, "hazard_zone_label": "Outside Candidate Hazard-Based Red Zone", "nearest_hazard_distance_m": 2397.6, "dist_to_nearest_redzone_m": 2397.6, "proximity_band": "2 km to 5 km", "nearest_zone_id": "RZ-048", "matched_zone_id": null, "matched_zone_label": null, "matched_zone_mh_score": null, "matched_zone_priority": null, "matched_zone_area_m2": null, "data_source": "Census PCA 2011 joined to SHRUG spatial bridge", "join_method": "Exact code-based join: Census Town/Village = SHRUG pc11_village_id", "disclaimer": "Decision Support — Requires Official Verification & Geotechnical Assessment" }, "geometry": { "type": "Point", "coordinates": [ 319103.036718632327393, 3373276.463216810952872 ] } },
{ "type": "Feature", "properties": { "village_id": 42176, "village_name": "Kuher", "households": 8, "tot_pop": 42, "pop_male": 22, "pop_female": 20, "pop_sc": 0, "pop_st": 0, "shrid2": "11-05-058-00290-042176", "shrug_state_id": 5, "shrug_district_id": 58, "shrug_subdist_id": 290.0, "direct_zone_overlap": false, "hazard_zone_flag": 0, "hazard_zone_label": "Outside Candidate Hazard-Based Red Zone", "nearest_hazard_distance_m": 2715.2, "dist_to_nearest_redzone_m": 2715.2, "proximity_band": "2 km to 5 km", "nearest_zone_id": "RZ-048", "matched_zone_id": null, "matched_zone_label": null, "matched_zone_mh_score": null, "matched_zone_priority": null, "matched_zone_area_m2": null, "data_source": "Census PCA 2011 joined to SHRUG spatial bridge", "join_method": "Exact code-based join: Census Town/Village = SHRUG pc11_village_id", "disclaimer": "Decision Support — Requires Official Verification & Geotechnical Assessment" }, "geometry": { "type": "Point", "coordinates": [ 319511.669484058162197, 3372903.894532760605216 ] } },
{ "type": "Feature", "properties": { "village_id": 42177, "village_name": "Pailing", "households": 73, "tot_pop": 286, "pop_male": 116, "pop_female": 170, "pop_sc": 0, "pop_st": 0, "shrid2": "11-05-058-00290-042177", "shrug_state_id": 5, "shrug_district_id": 58, "shrug_subdist_id": 290.0, "direct_zone_overlap": false, "hazard_zone_flag": 0, "hazard_zone_label": "Outside Candidate Hazard-Based Red Zone", "nearest_hazard_distance_m": 2335.4, "dist_to_nearest_redzone_m": 2335.4, "proximity_band": "2 km to 5 km", "nearest_zone_id": "RZ-153", "matched_zone_id": null, "matched_zone_label": null, "matched_zone_mh_score": null, "matched_zone_priority": null, "matched_zone_area_m2": null, "data_source": "Census PCA 2011 joined to SHRUG spatial bridge", "join_method": "Exact code-based join: Census Town/Village = SHRUG pc11_village_id", "disclaimer": "Decision Support — Requires Official Verification & Geotechnical Assessment" }, "geometry": { "type": "Point", "coordinates": [ 319519.211061900306959, 3372147.278470549732447 ] } },
{ "type": "Feature", "properties": { "village_id": 42178, "village_name": "Uthind", "households": 86, "tot_pop": 352, "pop_male": 161, "pop_female": 191, "pop_sc": 0, "pop_st": 0, "shrid2": "11-05-058-00290-042178", "shrug_state_id": 5, "shrug_district_id": 58, "shrug_subdist_id": 290.0, "direct_zone_overlap": false, "hazard_zone_flag": 0, "hazard_zone_label": "Outside Candidate Hazard-Based Red Zone", "nearest_hazard_distance_m": 2880.0, "dist_to_nearest_redzone_m": 2880.0, "proximity_band": "2 km to 5 km", "nearest_zone_id": "RZ-048", "matched_zone_id": null, "matched_zone_label": null, "matched_zone_mh_score": null, "matched_zone_priority": null, "matched_zone_area_m2": null, "data_source": "Census PCA 2011 joined to SHRUG spatial bridge", "join_method": "Exact code-based join: Census Town/Village = SHRUG pc11_village_id", "disclaimer": "Decision Support — Requires Official Verification & Geotechnical Assessment" }, "geometry": { "type": "Point", "coordinates": [ 320766.230051491875201, 3372960.290884092450142 ] } },
{ "type": "Feature", "properties": { "village_id": 42179, "village_name": "Kail", "households": 19, "tot_pop": 112, "pop_male": 58, "pop_female": 54, "pop_sc": 0, "pop_st": 0, "shrid2": "11-05-058-00290-042179", "shrug_state_id": 5, "shrug_district_id": 58, "shrug_subdist_id": 290.0, "direct_zone_overlap": false, "hazard_zone_flag": 0, "hazard_zone_label": "Outside Candidate Hazard-Based Red Zone", "nearest_hazard_distance_m": 3525.1, "dist_to_nearest_redzone_m": 3525.1, "proximity_band": "2 km to 5 km", "nearest_zone_id": "RZ-048", "matched_zone_id": null, "matched_zone_label": null, "matched_zone_mh_score": null, "matched_zone_priority": null, "matched_zone_area_m2": null, "data_source": "Census PCA 2011 joined to SHRUG spatial bridge", "join_method": "Exact code-based join: Census Town/Village = SHRUG pc11_village_id", "disclaimer": "Decision Support — Requires Official Verification & Geotechnical Assessment" }, "geometry": { "type": "Point", "coordinates": [ 322171.166455396800302, 3373149.2260427842848 ] } },
{ "type": "Feature", "properties": { "village_id": 42180, "village_name": "Jagpura", "households": 45, "tot_pop": 229, "pop_male": 114, "pop_female": 115, "pop_sc": 0, "pop_st": 0, "shrid2": "11-05-058-00290-042180", "shrug_state_id": 5, "shrug_district_id": 58, "shrug_subdist_id": 290.0, "direct_zone_overlap": false, "hazard_zone_flag": 0, "hazard_zone_label": "Outside Candidate Hazard-Based Red Zone", "nearest_hazard_distance_m": 4201.4, "dist_to_nearest_redzone_m": 4201.4, "proximity_band": "2 km to 5 km", "nearest_zone_id": "RZ-048", "matched_zone_id": null, "matched_zone_label": null, "matched_zone_mh_score": null, "matched_zone_priority": null, "matched_zone_area_m2": null, "data_source": "Census PCA 2011 joined to SHRUG spatial bridge", "join_method": "Exact code-based join: Census Town/Village = SHRUG pc11_village_id", "disclaimer": "Decision Support — Requires Official Verification & Geotechnical Assessment" }, "geometry": { "type": "Point", "coordinates": [ 322869.070675680239219, 3372912.602304304484278 ] } },
{ "type": "Feature", "properties": { "village_id": 42181, "village_name": "Paw", "households": 59, "tot_pop": 288, "pop_male": 127, "pop_female": 161, "pop_sc": 0, "pop_st": 0, "shrid2": "11-05-058-00290-042181", "shrug_state_id": 5, "shrug_district_id": 58, "shrug_subdist_id": 290.0, "direct_zone_overlap": false, "hazard_zone_flag": 0, "hazard_zone_label": "Outside Candidate Hazard-Based Red Zone", "nearest_hazard_distance_m": 4876.7, "dist_to_nearest_redzone_m": 4876.7, "proximity_band": "2 km to 5 km", "nearest_zone_id": "RZ-048", "matched_zone_id": null, "matched_zone_label": null, "matched_zone_mh_score": null, "matched_zone_priority": null, "matched_zone_area_m2": null, "data_source": "Census PCA 2011 joined to SHRUG spatial bridge", "join_method": "Exact code-based join: Census Town/Village = SHRUG pc11_village_id", "disclaimer": "Decision Support — Requires Official Verification & Geotechnical Assessment" }, "geometry": { "type": "Point", "coordinates": [ 323559.044758858741261, 3372696.174519736785442 ] } },
{ "type": "Feature", "properties": { "village_id": 42182, "village_name": "Kirmoriya", "households": 1, "tot_pop": 4, "pop_male": 2, "pop_female": 2, "pop_sc": 0, "pop_st": 0, "shrid2": "11-05-058-00290-042182", "shrug_state_id": 5, "shrug_district_id": 58, "shrug_subdist_id": 290.0, "direct_zone_overlap": false, "hazard_zone_flag": 0, "hazard_zone_label": "Outside Candidate Hazard-Based Red Zone", "nearest_hazard_distance_m": 4965.9, "dist_to_nearest_redzone_m": 4965.9, "proximity_band": "2 km to 5 km", "nearest_zone_id": "RZ-048", "matched_zone_id": null, "matched_zone_label": null, "matched_zone_mh_score": null, "matched_zone_priority": null, "matched_zone_area_m2": null, "data_source": "Census PCA 2011 joined to SHRUG spatial bridge", "join_method": "Exact code-based join: Census Town/Village = SHRUG pc11_village_id", "disclaimer": "Decision Support — Requires Official Verification & Geotechnical Assessment" }, "geometry": { "type": "Point", "coordinates": [ 314983.644224356219638, 3377616.757849059998989 ] } },
{ "type": "Feature", "properties": { "village_id": 42183, "village_name": "Jamalok ", "households": 10, "tot_pop": 54, "pop_male": 25, "pop_female": 29, "pop_sc": 0, "pop_st": 0, "shrid2": "11-05-058-00290-042183", "shrug_state_id": 5, "shrug_district_id": 58, "shrug_subdist_id": 290.0, "direct_zone_overlap": false, "hazard_zone_flag": 0, "hazard_zone_label": "Outside Candidate Hazard-Based Red Zone", "nearest_hazard_distance_m": 3840.6, "dist_to_nearest_redzone_m": 3840.6, "proximity_band": "2 km to 5 km", "nearest_zone_id": "RZ-048", "matched_zone_id": null, "matched_zone_label": null, "matched_zone_mh_score": null, "matched_zone_priority": null, "matched_zone_area_m2": null, "data_source": "Census PCA 2011 joined to SHRUG spatial bridge", "join_method": "Exact code-based join: Census Town/Village = SHRUG pc11_village_id", "disclaimer": "Decision Support — Requires Official Verification & Geotechnical Assessment" }, "geometry": { "type": "Point", "coordinates": [ 316225.714986353938002, 3377637.962832282762975 ] } },
{ "type": "Feature", "properties": { "village_id": 42184, "village_name": "Khal", "households": 2, "tot_pop": 6, "pop_male": 3, "pop_female": 3, "pop_sc": 0, "pop_st": 0, "shrid2": "11-05-058-00290-042184", "shrug_state_id": 5, "shrug_district_id": 58, "shrug_subdist_id": 290.0, "direct_zone_overlap": false, "hazard_zone_flag": 0, "hazard_zone_label": "Outside Candidate Hazard-Based Red Zone", "nearest_hazard_distance_m": 4016.4, "dist_to_nearest_redzone_m": 4016.4, "proximity_band": "2 km to 5 km", "nearest_zone_id": "RZ-048", "matched_zone_id": null, "matched_zone_label": null, "matched_zone_mh_score": null, "matched_zone_priority": null, "matched_zone_area_m2": null, "data_source": "Census PCA 2011 joined to SHRUG spatial bridge", "join_method": "Exact code-based join: Census Town/Village = SHRUG pc11_village_id", "disclaimer": "Decision Support — Requires Official Verification & Geotechnical Assessment" }, "geometry": { "type": "Point", "coordinates": [ 315854.808243262232281, 3377235.595623665023595 ] } },
{ "type": "Feature", "properties": { "village_id": 42185, "village_name": "Lwara", "households": 237, "tot_pop": 1164, "pop_male": 556, "pop_female": 608, "pop_sc": 591, "pop_st": 2, "shrid2": "11-05-058-00290-042185", "shrug_state_id": 5, "shrug_district_id": 58, "shrug_subdist_id": 290.0, "direct_zone_overlap": false, "hazard_zone_flag": 0, "hazard_zone_label": "Outside Candidate Hazard-Based Red Zone", "nearest_hazard_distance_m": 3811.6, "dist_to_nearest_redzone_m": 3811.6, "proximity_band": "2 km to 5 km", "nearest_zone_id": "RZ-048", "matched_zone_id": null, "matched_zone_label": null, "matched_zone_mh_score": null, "matched_zone_priority": null, "matched_zone_area_m2": null, "data_source": "Census PCA 2011 joined to SHRUG spatial bridge", "join_method": "Exact code-based join: Census Town/Village = SHRUG pc11_village_id", "disclaimer": "Decision Support — Requires Official Verification & Geotechnical Assessment" }, "geometry": { "type": "Point", "coordinates": [ 315918.325654917396605, 3376739.704465623013675 ] } },
{ "type": "Feature", "properties": { "village_id": 42186, "village_name": "Dewagana", "households": 44, "tot_pop": 235, "pop_male": 120, "pop_female": 115, "pop_sc": 150, "pop_st": 0, "shrid2": "11-05-058-00290-042186", "shrug_state_id": 5, "shrug_district_id": 58, "shrug_subdist_id": 290.0, "direct_zone_overlap": false, "hazard_zone_flag": 0, "hazard_zone_label": "Outside Candidate Hazard-Based Red Zone", "nearest_hazard_distance_m": 4919.9, "dist_to_nearest_redzone_m": 4919.9, "proximity_band": "2 km to 5 km", "nearest_zone_id": "RZ-048", "matched_zone_id": null, "matched_zone_label": null, "matched_zone_mh_score": null, "matched_zone_priority": null, "matched_zone_area_m2": null, "data_source": "Census PCA 2011 joined to SHRUG spatial bridge", "join_method": "Exact code-based join: Census Town/Village = SHRUG pc11_village_id", "disclaimer": "Decision Support — Requires Official Verification & Geotechnical Assessment" }, "geometry": { "type": "Point", "coordinates": [ 314785.723165226168931, 3376739.312950137071311 ] } },
{ "type": "Feature", "properties": { "village_id": 42187, "village_name": "Salya", "households": 105, "tot_pop": 554, "pop_male": 270, "pop_female": 284, "pop_sc": 254, "pop_st": 7, "shrid2": "11-05-058-00290-042187", "shrug_state_id": 5, "shrug_district_id": 58, "shrug_subdist_id": 290.0, "direct_zone_overlap": false, "hazard_zone_flag": 0, "hazard_zone_label": "Outside Candidate Hazard-Based Red Zone", "nearest_hazard_distance_m": 5769.4, "dist_to_nearest_redzone_m": 5769.4, "proximity_band": "5 km to 10 km", "nearest_zone_id": "RZ-048", "matched_zone_id": null, "matched_zone_label": null, "matched_zone_mh_score": null, "matched_zone_priority": null, "matched_zone_area_m2": null, "data_source": "Census PCA 2011 joined to SHRUG spatial bridge", "join_method": "Exact code-based join: Census Town/Village = SHRUG pc11_village_id", "disclaimer": "Decision Support — Requires Official Verification & Geotechnical Assessment" }, "geometry": { "type": "Point", "coordinates": [ 314006.131186096812598, 3377160.867225475609303 ] } },
{ "type": "Feature", "properties": { "village_id": 42188, "village_name": "Khera", "households": 39, "tot_pop": 234, "pop_male": 112, "pop_female": 122, "pop_sc": 23, "pop_st": 0, "shrid2": "11-05-058-00290-042188", "shrug_state_id": 5, "shrug_district_id": 58, "shrug_subdist_id": 290.0, "direct_zone_overlap": false, "hazard_zone_flag": 0, "hazard_zone_label": "Outside Candidate Hazard-Based Red Zone", "nearest_hazard_distance_m": 6857.5, "dist_to_nearest_redzone_m": 6857.5, "proximity_band": "5 km to 10 km", "nearest_zone_id": "RZ-048", "matched_zone_id": null, "matched_zone_label": null, "matched_zone_mh_score": null, "matched_zone_priority": null, "matched_zone_area_m2": null, "data_source": "Census PCA 2011 joined to SHRUG spatial bridge", "join_method": "Exact code-based join: Census Town/Village = SHRUG pc11_village_id", "disclaimer": "Decision Support — Requires Official Verification & Geotechnical Assessment" }, "geometry": { "type": "Point", "coordinates": [ 312896.060753221332561, 3377173.563420176506042 ] } },
{ "type": "Feature", "properties": { "village_id": 42189, "village_name": "Tulanga", "households": 196, "tot_pop": 936, "pop_male": 462, "pop_female": 474, "pop_sc": 168, "pop_st": 0, "shrid2": "11-05-058-00290-042189", "shrug_state_id": 5, "shrug_district_id": 58, "shrug_subdist_id": 290.0, "direct_zone_overlap": false, "hazard_zone_flag": 0, "hazard_zone_label": "Outside Candidate Hazard-Based Red Zone", "nearest_hazard_distance_m": 6136.5, "dist_to_nearest_redzone_m": 6136.5, "proximity_band": "5 km to 10 km", "nearest_zone_id": "RZ-048", "matched_zone_id": null, "matched_zone_label": null, "matched_zone_mh_score": null, "matched_zone_priority": null, "matched_zone_area_m2": null, "data_source": "Census PCA 2011 joined to SHRUG spatial bridge", "join_method": "Exact code-based join: Census Town/Village = SHRUG pc11_village_id", "disclaimer": "Decision Support — Requires Official Verification & Geotechnical Assessment" }, "geometry": { "type": "Point", "coordinates": [ 313503.592470458999742, 3376286.482150606345385 ] } },
{ "type": "Feature", "properties": { "village_id": 42190, "village_name": "Chaundi", "households": 17, "tot_pop": 95, "pop_male": 56, "pop_female": 39, "pop_sc": 58, "pop_st": 0, "shrid2": "11-05-058-00290-042190", "shrug_state_id": 5, "shrug_district_id": 58, "shrug_subdist_id": 290.0, "direct_zone_overlap": false, "hazard_zone_flag": 0, "hazard_zone_label": "Outside Candidate Hazard-Based Red Zone", "nearest_hazard_distance_m": 5329.3, "dist_to_nearest_redzone_m": 5329.3, "proximity_band": "5 km to 10 km", "nearest_zone_id": "RZ-048", "matched_zone_id": null, "matched_zone_label": null, "matched_zone_mh_score": null, "matched_zone_priority": null, "matched_zone_area_m2": null, "data_source": "Census PCA 2011 joined to SHRUG spatial bridge", "join_method": "Exact code-based join: Census Town/Village = SHRUG pc11_village_id", "disclaimer": "Decision Support — Requires Official Verification & Geotechnical Assessment" }, "geometry": { "type": "Point", "coordinates": [ 314295.202456862898543, 3375840.096844199113548 ] } },
{ "type": "Feature", "properties": { "village_id": 42191, "village_name": "Lwani", "households": 54, "tot_pop": 326, "pop_male": 156, "pop_female": 170, "pop_sc": 58, "pop_st": 8, "shrid2": "11-05-058-00290-042191", "shrug_state_id": 5, "shrug_district_id": 58, "shrug_subdist_id": 290.0, "direct_zone_overlap": false, "hazard_zone_flag": 0, "hazard_zone_label": "Outside Candidate Hazard-Based Red Zone", "nearest_hazard_distance_m": 4671.4, "dist_to_nearest_redzone_m": 4671.4, "proximity_band": "2 km to 5 km", "nearest_zone_id": "RZ-048", "matched_zone_id": null, "matched_zone_label": null, "matched_zone_mh_score": null, "matched_zone_priority": null, "matched_zone_area_m2": null, "data_source": "Census PCA 2011 joined to SHRUG spatial bridge", "join_method": "Exact code-based join: Census Town/Village = SHRUG pc11_village_id", "disclaimer": "Decision Support — Requires Official Verification & Geotechnical Assessment" }, "geometry": { "type": "Point", "coordinates": [ 314956.4977756224107, 3376027.055473295040429 ] } },
{ "type": "Feature", "properties": { "village_id": 42192, "village_name": "Andrawahi", "households": 53, "tot_pop": 184, "pop_male": 81, "pop_female": 103, "pop_sc": 15, "pop_st": 0, "shrid2": "11-05-058-00290-042192", "shrug_state_id": 5, "shrug_district_id": 58, "shrug_subdist_id": 290.0, "direct_zone_overlap": false, "hazard_zone_flag": 0, "hazard_zone_label": "Outside Candidate Hazard-Based Red Zone", "nearest_hazard_distance_m": 4123.7, "dist_to_nearest_redzone_m": 4123.7, "proximity_band": "2 km to 5 km", "nearest_zone_id": "RZ-048", "matched_zone_id": null, "matched_zone_label": null, "matched_zone_mh_score": null, "matched_zone_priority": null, "matched_zone_area_m2": null, "data_source": "Census PCA 2011 joined to SHRUG spatial bridge", "join_method": "Exact code-based join: Census Town/Village = SHRUG pc11_village_id", "disclaimer": "Decision Support — Requires Official Verification & Geotechnical Assessment" }, "geometry": { "type": "Point", "coordinates": [ 315500.999312268802896, 3375890.932381711900234 ] } },
{ "type": "Feature", "properties": { "village_id": 42193, "village_name": "Singoli", "households": 36, "tot_pop": 177, "pop_male": 80, "pop_female": 97, "pop_sc": 81, "pop_st": 0, "shrid2": "11-05-058-00290-042193", "shrug_state_id": 5, "shrug_district_id": 58, "shrug_subdist_id": 290.0, "direct_zone_overlap": false, "hazard_zone_flag": 0, "hazard_zone_label": "Outside Candidate Hazard-Based Red Zone", "nearest_hazard_distance_m": 3254.3, "dist_to_nearest_redzone_m": 3254.3, "proximity_band": "2 km to 5 km", "nearest_zone_id": "RZ-048", "matched_zone_id": null, "matched_zone_label": null, "matched_zone_mh_score": null, "matched_zone_priority": null, "matched_zone_area_m2": null, "data_source": "Census PCA 2011 joined to SHRUG spatial bridge", "join_method": "Exact code-based join: Census Town/Village = SHRUG pc11_village_id", "disclaimer": "Decision Support — Requires Official Verification & Geotechnical Assessment" }, "geometry": { "type": "Point", "coordinates": [ 316379.59734074753942, 3376097.246770728845149 ] } },
{ "type": "Feature", "properties": { "village_id": 42194, "village_name": "Namoli", "households": 10, "tot_pop": 27, "pop_male": 10, "pop_female": 17, "pop_sc": 0, "pop_st": 0, "shrid2": "11-05-058-00290-042194", "shrug_state_id": 5, "shrug_district_id": 58, "shrug_subdist_id": 290.0, "direct_zone_overlap": false, "hazard_zone_flag": 0, "hazard_zone_label": "Outside Candidate Hazard-Based Red Zone", "nearest_hazard_distance_m": 2318.6, "dist_to_nearest_redzone_m": 2318.6, "proximity_band": "2 km to 5 km", "nearest_zone_id": "RZ-048", "matched_zone_id": null, "matched_zone_label": null, "matched_zone_mh_score": null, "matched_zone_priority": null, "matched_zone_area_m2": null, "data_source": "Census PCA 2011 joined to SHRUG spatial bridge", "join_method": "Exact code-based join: Census Town/Village = SHRUG pc11_village_id", "disclaimer": "Decision Support — Requires Official Verification & Geotechnical Assessment" }, "geometry": { "type": "Point", "coordinates": [ 317321.579969613696449, 3376118.517335665412247 ] } },
{ "type": "Feature", "properties": { "village_id": 42195, "village_name": "Akardhar", "households": 4, "tot_pop": 20, "pop_male": 9, "pop_female": 11, "pop_sc": 0, "pop_st": 0, "shrid2": "11-05-058-00290-042195", "shrug_state_id": 5, "shrug_district_id": 58, "shrug_subdist_id": 290.0, "direct_zone_overlap": false, "hazard_zone_flag": 0, "hazard_zone_label": "Outside Candidate Hazard-Based Red Zone", "nearest_hazard_distance_m": 2216.6, "dist_to_nearest_redzone_m": 2216.6, "proximity_band": "2 km to 5 km", "nearest_zone_id": "RZ-048", "matched_zone_id": null, "matched_zone_label": null, "matched_zone_mh_score": null, "matched_zone_priority": null, "matched_zone_area_m2": null, "data_source": "Census PCA 2011 joined to SHRUG spatial bridge", "join_method": "Exact code-based join: Census Town/Village = SHRUG pc11_village_id", "disclaimer": "Decision Support — Requires Official Verification & Geotechnical Assessment" }, "geometry": { "type": "Point", "coordinates": [ 317421.525971686351113, 3375371.240429977420717 ] } },
{ "type": "Feature", "properties": { "village_id": 42196, "village_name": "Lamgondi", "households": 244, "tot_pop": 1175, "pop_male": 586, "pop_female": 589, "pop_sc": 392, "pop_st": 0, "shrid2": "11-05-058-00290-042196", "shrug_state_id": 5, "shrug_district_id": 58, "shrug_subdist_id": 290.0, "direct_zone_overlap": false, "hazard_zone_flag": 0, "hazard_zone_label": "Outside Candidate Hazard-Based Red Zone", "nearest_hazard_distance_m": 3527.0, "dist_to_nearest_redzone_m": 3527.0, "proximity_band": "2 km to 5 km", "nearest_zone_id": "RZ-048", "matched_zone_id": null, "matched_zone_label": null, "matched_zone_mh_score": null, "matched_zone_priority": null, "matched_zone_area_m2": null, "data_source": "Census PCA 2011 joined to SHRUG spatial bridge", "join_method": "Exact code-based join: Census Town/Village = SHRUG pc11_village_id", "disclaimer": "Decision Support — Requires Official Verification & Geotechnical Assessment" }, "geometry": { "type": "Point", "coordinates": [ 316105.025108855625149, 3375386.485273479949683 ] } },
{ "type": "Feature", "properties": { "village_id": 42197, "village_name": "Phali Phasalat", "households": 65, "tot_pop": 305, "pop_male": 150, "pop_female": 155, "pop_sc": 26, "pop_st": 0, "shrid2": "11-05-058-00290-042197", "shrug_state_id": 5, "shrug_district_id": 58, "shrug_subdist_id": 290.0, "direct_zone_overlap": false, "hazard_zone_flag": 0, "hazard_zone_label": "Outside Candidate Hazard-Based Red Zone", "nearest_hazard_distance_m": 4256.8, "dist_to_nearest_redzone_m": 4256.8, "proximity_band": "2 km to 5 km", "nearest_zone_id": "RZ-048", "matched_zone_id": null, "matched_zone_label": null, "matched_zone_mh_score": null, "matched_zone_priority": null, "matched_zone_area_m2": null, "data_source": "Census PCA 2011 joined to SHRUG spatial bridge", "join_method": "Exact code-based join: Census Town/Village = SHRUG pc11_village_id", "disclaimer": "Decision Support — Requires Official Verification & Geotechnical Assessment" }, "geometry": { "type": "Point", "coordinates": [ 315399.813250589882955, 3375094.722825857810676 ] } },
{ "type": "Feature", "properties": { "village_id": 42198, "village_name": "Dewali Bhanigram", "households": 248, "tot_pop": 1188, "pop_male": 599, "pop_female": 589, "pop_sc": 389, "pop_st": 0, "shrid2": "11-05-058-00290-042198", "shrug_state_id": 5, "shrug_district_id": 58, "shrug_subdist_id": 290.0, "direct_zone_overlap": false, "hazard_zone_flag": 0, "hazard_zone_label": "Outside Candidate Hazard-Based Red Zone", "nearest_hazard_distance_m": 2542.7, "dist_to_nearest_redzone_m": 2542.7, "proximity_band": "2 km to 5 km", "nearest_zone_id": "RZ-048", "matched_zone_id": null, "matched_zone_label": null, "matched_zone_mh_score": null, "matched_zone_priority": null, "matched_zone_area_m2": null, "data_source": "Census PCA 2011 joined to SHRUG spatial bridge", "join_method": "Exact code-based join: Census Town/Village = SHRUG pc11_village_id", "disclaimer": "Decision Support — Requires Official Verification & Geotechnical Assessment" }, "geometry": { "type": "Point", "coordinates": [ 317382.21143086446682, 3374417.786221557762474 ] } },
{ "type": "Feature", "properties": { "village_id": 42199, "village_name": "Patiyaun", "households": 64, "tot_pop": 249, "pop_male": 116, "pop_female": 133, "pop_sc": 0, "pop_st": 0, "shrid2": "11-05-058-00290-042199", "shrug_state_id": 5, "shrug_district_id": 58, "shrug_subdist_id": 290.0, "direct_zone_overlap": false, "hazard_zone_flag": 0, "hazard_zone_label": "Outside Candidate Hazard-Based Red Zone", "nearest_hazard_distance_m": 7830.8, "dist_to_nearest_redzone_m": 7830.8, "proximity_band": "5 km to 10 km", "nearest_zone_id": "RZ-048", "matched_zone_id": null, "matched_zone_label": null, "matched_zone_mh_score": null, "matched_zone_priority": null, "matched_zone_area_m2": null, "data_source": "Census PCA 2011 joined to SHRUG spatial bridge", "join_method": "Exact code-based join: Census Town/Village = SHRUG pc11_village_id", "disclaimer": "Decision Support — Requires Official Verification & Geotechnical Assessment" }, "geometry": { "type": "Point", "coordinates": [ 312016.602365399710834, 3373761.431647566147149 ] } },
{ "type": "Feature", "properties": { "village_id": 42200, "village_name": "Bareth", "households": 76, "tot_pop": 366, "pop_male": 165, "pop_female": 201, "pop_sc": 110, "pop_st": 0, "shrid2": "11-05-058-00290-042200", "shrug_state_id": 5, "shrug_district_id": 58, "shrug_subdist_id": 290.0, "direct_zone_overlap": false, "hazard_zone_flag": 0, "hazard_zone_label": "Outside Candidate Hazard-Based Red Zone", "nearest_hazard_distance_m": 7169.3, "dist_to_nearest_redzone_m": 7169.3, "proximity_band": "5 km to 10 km", "nearest_zone_id": "RZ-153", "matched_zone_id": null, "matched_zone_label": null, "matched_zone_mh_score": null, "matched_zone_priority": null, "matched_zone_area_m2": null, "data_source": "Census PCA 2011 joined to SHRUG spatial bridge", "join_method": "Exact code-based join: Census Town/Village = SHRUG pc11_village_id", "disclaimer": "Decision Support — Requires Official Verification & Geotechnical Assessment" }, "geometry": { "type": "Point", "coordinates": [ 312755.758698111865669, 3373154.589588706381619 ] } },
{ "type": "Feature", "properties": { "village_id": 42201, "village_name": "Jaula", "households": 75, "tot_pop": 341, "pop_male": 163, "pop_female": 178, "pop_sc": 91, "pop_st": 4, "shrid2": "11-05-058-00290-042201", "shrug_state_id": 5, "shrug_district_id": 58, "shrug_subdist_id": 290.0, "direct_zone_overlap": false, "hazard_zone_flag": 0, "hazard_zone_label": "Outside Candidate Hazard-Based Red Zone", "nearest_hazard_distance_m": 7564.1, "dist_to_nearest_redzone_m": 7564.1, "proximity_band": "5 km to 10 km", "nearest_zone_id": "RZ-153", "matched_zone_id": null, "matched_zone_label": null, "matched_zone_mh_score": null, "matched_zone_priority": null, "matched_zone_area_m2": null, "data_source": "Census PCA 2011 joined to SHRUG spatial bridge", "join_method": "Exact code-based join: Census Town/Village = SHRUG pc11_village_id", "disclaimer": "Decision Support — Requires Official Verification & Geotechnical Assessment" }, "geometry": { "type": "Point", "coordinates": [ 311993.026728619355708, 3372450.995507396757603 ] } },
{ "type": "Feature", "properties": { "village_id": 42202, "village_name": "Tal Jamana", "households": 94, "tot_pop": 540, "pop_male": 286, "pop_female": 254, "pop_sc": 222, "pop_st": 0, "shrid2": "11-05-058-00290-042202", "shrug_state_id": 5, "shrug_district_id": 58, "shrug_subdist_id": 290.0, "direct_zone_overlap": false, "hazard_zone_flag": 0, "hazard_zone_label": "Outside Candidate Hazard-Based Red Zone", "nearest_hazard_distance_m": 6600.8, "dist_to_nearest_redzone_m": 6600.8, "proximity_band": "5 km to 10 km", "nearest_zone_id": "RZ-048", "matched_zone_id": null, "matched_zone_label": null, "matched_zone_mh_score": null, "matched_zone_priority": null, "matched_zone_area_m2": null, "data_source": "Census PCA 2011 joined to SHRUG spatial bridge", "join_method": "Exact code-based join: Census Town/Village = SHRUG pc11_village_id", "disclaimer": "Decision Support — Requires Official Verification & Geotechnical Assessment" }, "geometry": { "type": "Point", "coordinates": [ 313343.340497849276289, 3373587.536631057504565 ] } },
{ "type": "Feature", "properties": { "village_id": 42203, "village_name": "Paula Kundalia", "households": 36, "tot_pop": 163, "pop_male": 87, "pop_female": 76, "pop_sc": 19, "pop_st": 0, "shrid2": "11-05-058-00290-042203", "shrug_state_id": 5, "shrug_district_id": 58, "shrug_subdist_id": 290.0, "direct_zone_overlap": false, "hazard_zone_flag": 0, "hazard_zone_label": "Outside Candidate Hazard-Based Red Zone", "nearest_hazard_distance_m": 5451.1, "dist_to_nearest_redzone_m": 5451.1, "proximity_band": "5 km to 10 km", "nearest_zone_id": "RZ-048", "matched_zone_id": null, "matched_zone_label": null, "matched_zone_mh_score": null, "matched_zone_priority": null, "matched_zone_area_m2": null, "data_source": "Census PCA 2011 joined to SHRUG spatial bridge", "join_method": "Exact code-based join: Census Town/Village = SHRUG pc11_village_id", "disclaimer": "Decision Support — Requires Official Verification & Geotechnical Assessment" }, "geometry": { "type": "Point", "coordinates": [ 314356.171816793386824, 3374216.982477603945881 ] } },
{ "type": "Feature", "properties": { "village_id": 42204, "village_name": "Himola", "households": 3, "tot_pop": 19, "pop_male": 8, "pop_female": 11, "pop_sc": 0, "pop_st": 0, "shrid2": "11-05-058-00290-042204", "shrug_state_id": 5, "shrug_district_id": 58, "shrug_subdist_id": 290.0, "direct_zone_overlap": false, "hazard_zone_flag": 0, "hazard_zone_label": "Outside Candidate Hazard-Based Red Zone", "nearest_hazard_distance_m": 4164.0, "dist_to_nearest_redzone_m": 4164.0, "proximity_band": "2 km to 5 km", "nearest_zone_id": "RZ-048", "matched_zone_id": null, "matched_zone_label": null, "matched_zone_mh_score": null, "matched_zone_priority": null, "matched_zone_area_m2": null, "data_source": "Census PCA 2011 joined to SHRUG spatial bridge", "join_method": "Exact code-based join: Census Town/Village = SHRUG pc11_village_id", "disclaimer": "Decision Support — Requires Official Verification & Geotechnical Assessment" }, "geometry": { "type": "Point", "coordinates": [ 315586.909123190969694, 3374598.677088734228164 ] } },
{ "type": "Feature", "properties": { "village_id": 42205, "village_name": "Brambari", "households": 95, "tot_pop": 459, "pop_male": 203, "pop_female": 256, "pop_sc": 0, "pop_st": 0, "shrid2": "11-05-058-00290-042205", "shrug_state_id": 5, "shrug_district_id": 58, "shrug_subdist_id": 290.0, "direct_zone_overlap": false, "hazard_zone_flag": 0, "hazard_zone_label": "Outside Candidate Hazard-Based Red Zone", "nearest_hazard_distance_m": 3055.6, "dist_to_nearest_redzone_m": 3055.6, "proximity_band": "2 km to 5 km", "nearest_zone_id": "RZ-048", "matched_zone_id": null, "matched_zone_label": null, "matched_zone_mh_score": null, "matched_zone_priority": null, "matched_zone_area_m2": null, "data_source": "Census PCA 2011 joined to SHRUG spatial bridge", "join_method": "Exact code-based join: Census Town/Village = SHRUG pc11_village_id", "disclaimer": "Decision Support — Requires Official Verification & Geotechnical Assessment" }, "geometry": { "type": "Point", "coordinates": [ 316922.9132335659815, 3374189.19524107966572 ] } },
{ "type": "Feature", "properties": { "village_id": 42206, "village_name": "Temariapalla", "households": 19, "tot_pop": 75, "pop_male": 33, "pop_female": 42, "pop_sc": 0, "pop_st": 0, "shrid2": "11-05-058-00290-042206", "shrug_state_id": 5, "shrug_district_id": 58, "shrug_subdist_id": 290.0, "direct_zone_overlap": false, "hazard_zone_flag": 0, "hazard_zone_label": "Outside Candidate Hazard-Based Red Zone", "nearest_hazard_distance_m": 3527.9, "dist_to_nearest_redzone_m": 3527.9, "proximity_band": "2 km to 5 km", "nearest_zone_id": "RZ-048", "matched_zone_id": null, "matched_zone_label": null, "matched_zone_mh_score": null, "matched_zone_priority": null, "matched_zone_area_m2": null, "data_source": "Census PCA 2011 joined to SHRUG spatial bridge", "join_method": "Exact code-based join: Census Town/Village = SHRUG pc11_village_id", "disclaimer": "Decision Support — Requires Official Verification & Geotechnical Assessment" }, "geometry": { "type": "Point", "coordinates": [ 317034.166061905445531, 3373221.599467882886529 ] } },
{ "type": "Feature", "properties": { "village_id": 42207, "village_name": "Tat Laga Phegu", "households": 5, "tot_pop": 23, "pop_male": 13, "pop_female": 10, "pop_sc": 0, "pop_st": 0, "shrid2": "11-05-058-00290-042207", "shrug_state_id": 5, "shrug_district_id": 58, "shrug_subdist_id": 290.0, "direct_zone_overlap": false, "hazard_zone_flag": 0, "hazard_zone_label": "Outside Candidate Hazard-Based Red Zone", "nearest_hazard_distance_m": 3886.5, "dist_to_nearest_redzone_m": 3886.5, "proximity_band": "2 km to 5 km", "nearest_zone_id": "RZ-048", "matched_zone_id": null, "matched_zone_label": null, "matched_zone_mh_score": null, "matched_zone_priority": null, "matched_zone_area_m2": null, "data_source": "Census PCA 2011 joined to SHRUG spatial bridge", "join_method": "Exact code-based join: Census Town/Village = SHRUG pc11_village_id", "disclaimer": "Decision Support — Requires Official Verification & Geotechnical Assessment" }, "geometry": { "type": "Point", "coordinates": [ 316297.179025578487199, 3373608.227258105296642 ] } },
{ "type": "Feature", "properties": { "village_id": 42208, "village_name": "Phegu", "households": 199, "tot_pop": 860, "pop_male": 404, "pop_female": 456, "pop_sc": 510, "pop_st": 0, "shrid2": "11-05-058-00290-042208", "shrug_state_id": 5, "shrug_district_id": 58, "shrug_subdist_id": 290.0, "direct_zone_overlap": false, "hazard_zone_flag": 0, "hazard_zone_label": "Outside Candidate Hazard-Based Red Zone", "nearest_hazard_distance_m": 4175.8, "dist_to_nearest_redzone_m": 4175.8, "proximity_band": "2 km to 5 km", "nearest_zone_id": "RZ-048", "matched_zone_id": null, "matched_zone_label": null, "matched_zone_mh_score": null, "matched_zone_priority": null, "matched_zone_area_m2": null, "data_source": "Census PCA 2011 joined to SHRUG spatial bridge", "join_method": "Exact code-based join: Census Town/Village = SHRUG pc11_village_id", "disclaimer": "Decision Support — Requires Official Verification & Geotechnical Assessment" }, "geometry": { "type": "Point", "coordinates": [ 315745.64374164264882, 3374070.277473921887577 ] } },
{ "type": "Feature", "properties": { "village_id": 42209, "village_name": "Nag Jagayi", "households": 178, "tot_pop": 895, "pop_male": 437, "pop_female": 458, "pop_sc": 230, "pop_st": 0, "shrid2": "11-05-058-00290-042209", "shrug_state_id": 5, "shrug_district_id": 58, "shrug_subdist_id": 290.0, "direct_zone_overlap": false, "hazard_zone_flag": 0, "hazard_zone_label": "Outside Candidate Hazard-Based Red Zone", "nearest_hazard_distance_m": 4666.2, "dist_to_nearest_redzone_m": 4666.2, "proximity_band": "2 km to 5 km", "nearest_zone_id": "RZ-048", "matched_zone_id": null, "matched_zone_label": null, "matched_zone_mh_score": null, "matched_zone_priority": null, "matched_zone_area_m2": null, "data_source": "Census PCA 2011 joined to SHRUG spatial bridge", "join_method": "Exact code-based join: Census Town/Village = SHRUG pc11_village_id", "disclaimer": "Decision Support — Requires Official Verification & Geotechnical Assessment" }, "geometry": { "type": "Point", "coordinates": [ 315482.621252371929586, 3373467.808784774504602 ] } },
{ "type": "Feature", "properties": { "village_id": 42210, "village_name": "Tinsoli", "households": 114, "tot_pop": 483, "pop_male": 209, "pop_female": 274, "pop_sc": 184, "pop_st": 0, "shrid2": "11-05-058-00290-042210", "shrug_state_id": 5, "shrug_district_id": 58, "shrug_subdist_id": 290.0, "direct_zone_overlap": false, "hazard_zone_flag": 0, "hazard_zone_label": "Outside Candidate Hazard-Based Red Zone", "nearest_hazard_distance_m": 5613.5, "dist_to_nearest_redzone_m": 5613.5, "proximity_band": "5 km to 10 km", "nearest_zone_id": "RZ-048", "matched_zone_id": null, "matched_zone_label": null, "matched_zone_mh_score": null, "matched_zone_priority": null, "matched_zone_area_m2": null, "data_source": "Census PCA 2011 joined to SHRUG spatial bridge", "join_method": "Exact code-based join: Census Town/Village = SHRUG pc11_village_id", "disclaimer": "Decision Support — Requires Official Verification & Geotechnical Assessment" }, "geometry": { "type": "Point", "coordinates": [ 314507.547293866227847, 3373308.479644588194788 ] } },
{ "type": "Feature", "properties": { "village_id": 42211, "village_name": "Bhatwari", "households": 62, "tot_pop": 260, "pop_male": 133, "pop_female": 127, "pop_sc": 57, "pop_st": 0, "shrid2": "11-05-058-00290-042211", "shrug_state_id": 5, "shrug_district_id": 58, "shrug_subdist_id": 290.0, "direct_zone_overlap": false, "hazard_zone_flag": 0, "hazard_zone_label": "Outside Candidate Hazard-Based Red Zone", "nearest_hazard_distance_m": 6759.8, "dist_to_nearest_redzone_m": 6759.8, "proximity_band": "5 km to 10 km", "nearest_zone_id": "RZ-153", "matched_zone_id": null, "matched_zone_label": null, "matched_zone_mh_score": null, "matched_zone_priority": null, "matched_zone_area_m2": null, "data_source": "Census PCA 2011 joined to SHRUG spatial bridge", "join_method": "Exact code-based join: Census Town/Village = SHRUG pc11_village_id", "disclaimer": "Decision Support — Requires Official Verification & Geotechnical Assessment" }, "geometry": { "type": "Point", "coordinates": [ 312603.067440496641211, 3371764.856627538334578 ] } },
{ "type": "Feature", "properties": { "village_id": 42212, "village_name": "Dungar", "households": 56, "tot_pop": 260, "pop_male": 114, "pop_female": 146, "pop_sc": 52, "pop_st": 0, "shrid2": "11-05-058-00290-042212", "shrug_state_id": 5, "shrug_district_id": 58, "shrug_subdist_id": 290.0, "direct_zone_overlap": false, "hazard_zone_flag": 0, "hazard_zone_label": "Outside Candidate Hazard-Based Red Zone", "nearest_hazard_distance_m": 5319.6, "dist_to_nearest_redzone_m": 5319.6, "proximity_band": "5 km to 10 km", "nearest_zone_id": "RZ-153", "matched_zone_id": null, "matched_zone_label": null, "matched_zone_mh_score": null, "matched_zone_priority": null, "matched_zone_area_m2": null, "data_source": "Census PCA 2011 joined to SHRUG spatial bridge", "join_method": "Exact code-based join: Census Town/Village = SHRUG pc11_village_id", "disclaimer": "Decision Support — Requires Official Verification & Geotechnical Assessment" }, "geometry": { "type": "Point", "coordinates": [ 314264.605281436932273, 3372047.155188759788871 ] } },
{ "type": "Feature", "properties": { "village_id": 42214, "village_name": "Basti", "households": 218, "tot_pop": 1074, "pop_male": 526, "pop_female": 548, "pop_sc": 356, "pop_st": 0, "shrid2": "11-05-058-00290-042214", "shrug_state_id": 5, "shrug_district_id": 58, "shrug_subdist_id": 290.0, "direct_zone_overlap": false, "hazard_zone_flag": 0, "hazard_zone_label": "Outside Candidate Hazard-Based Red Zone", "nearest_hazard_distance_m": 3091.7, "dist_to_nearest_redzone_m": 3091.7, "proximity_band": "2 km to 5 km", "nearest_zone_id": "RZ-153", "matched_zone_id": null, "matched_zone_label": null, "matched_zone_mh_score": null, "matched_zone_priority": null, "matched_zone_area_m2": null, "data_source": "Census PCA 2011 joined to SHRUG spatial bridge", "join_method": "Exact code-based join: Census Town/Village = SHRUG pc11_village_id", "disclaimer": "Decision Support — Requires Official Verification & Geotechnical Assessment" }, "geometry": { "type": "Point", "coordinates": [ 316461.014088826370426, 3371409.673230732325464 ] } },
{ "type": "Feature", "properties": { "village_id": 42215, "village_name": "Damar", "households": 99, "tot_pop": 515, "pop_male": 260, "pop_female": 255, "pop_sc": 108, "pop_st": 0, "shrid2": "11-05-058-00290-042215", "shrug_state_id": 5, "shrug_district_id": 58, "shrug_subdist_id": 290.0, "direct_zone_overlap": false, "hazard_zone_flag": 0, "hazard_zone_label": "Outside Candidate Hazard-Based Red Zone", "nearest_hazard_distance_m": 4225.8, "dist_to_nearest_redzone_m": 4225.8, "proximity_band": "2 km to 5 km", "nearest_zone_id": "RZ-153", "matched_zone_id": null, "matched_zone_label": null, "matched_zone_mh_score": null, "matched_zone_priority": null, "matched_zone_area_m2": null, "data_source": "Census PCA 2011 joined to SHRUG spatial bridge", "join_method": "Exact code-based join: Census Town/Village = SHRUG pc11_village_id", "disclaimer": "Decision Support — Requires Official Verification & Geotechnical Assessment" }, "geometry": { "type": "Point", "coordinates": [ 315717.499522224185057, 3372316.396864708978683 ] } },
{ "type": "Feature", "properties": { "village_id": 42216, "village_name": "Temariyawala", "households": 21, "tot_pop": 76, "pop_male": 33, "pop_female": 43, "pop_sc": 25, "pop_st": 0, "shrid2": "11-05-058-00290-042216", "shrug_state_id": 5, "shrug_district_id": 58, "shrug_subdist_id": 290.0, "direct_zone_overlap": false, "hazard_zone_flag": 0, "hazard_zone_label": "Outside Candidate Hazard-Based Red Zone", "nearest_hazard_distance_m": 4113.3, "dist_to_nearest_redzone_m": 4113.3, "proximity_band": "2 km to 5 km", "nearest_zone_id": "RZ-153", "matched_zone_id": null, "matched_zone_label": null, "matched_zone_mh_score": null, "matched_zone_priority": null, "matched_zone_area_m2": null, "data_source": "Census PCA 2011 joined to SHRUG spatial bridge", "join_method": "Exact code-based join: Census Town/Village = SHRUG pc11_village_id", "disclaimer": "Decision Support — Requires Official Verification & Geotechnical Assessment" }, "geometry": { "type": "Point", "coordinates": [ 316272.884492208715528, 3372749.426890913397074 ] } },
{ "type": "Feature", "properties": { "village_id": 42217, "village_name": "Jalai Sursal", "households": 304, "tot_pop": 1361, "pop_male": 638, "pop_female": 723, "pop_sc": 330, "pop_st": 6, "shrid2": "11-05-058-00290-042217", "shrug_state_id": 5, "shrug_district_id": 58, "shrug_subdist_id": 290.0, "direct_zone_overlap": false, "hazard_zone_flag": 0, "hazard_zone_label": "Outside Candidate Hazard-Based Red Zone", "nearest_hazard_distance_m": 2255.6, "dist_to_nearest_redzone_m": 2255.6, "proximity_band": "2 km to 5 km", "nearest_zone_id": "RZ-153", "matched_zone_id": null, "matched_zone_label": null, "matched_zone_mh_score": null, "matched_zone_priority": null, "matched_zone_area_m2": null, "data_source": "Census PCA 2011 joined to SHRUG spatial bridge", "join_method": "Exact code-based join: Census Town/Village = SHRUG pc11_village_id", "disclaimer": "Decision Support — Requires Official Verification & Geotechnical Assessment" }, "geometry": { "type": "Point", "coordinates": [ 317579.354425653000362, 3371425.05129420850426 ] } },
{ "type": "Feature", "properties": { "village_id": 42218, "village_name": "Auring", "households": 46, "tot_pop": 214, "pop_male": 102, "pop_female": 112, "pop_sc": 0, "pop_st": 0, "shrid2": "11-05-058-00290-042218", "shrug_state_id": 5, "shrug_district_id": 58, "shrug_subdist_id": 290.0, "direct_zone_overlap": false, "hazard_zone_flag": 0, "hazard_zone_label": "Outside Candidate Hazard-Based Red Zone", "nearest_hazard_distance_m": 1150.8, "dist_to_nearest_redzone_m": 1150.8, "proximity_band": "1 km to 2 km", "nearest_zone_id": "RZ-153", "matched_zone_id": null, "matched_zone_label": null, "matched_zone_mh_score": null, "matched_zone_priority": null, "matched_zone_area_m2": null, "data_source": "Census PCA 2011 joined to SHRUG spatial bridge", "join_method": "Exact code-based join: Census Town/Village = SHRUG pc11_village_id", "disclaimer": "Decision Support — Requires Official Verification & Geotechnical Assessment" }, "geometry": { "type": "Point", "coordinates": [ 318932.844987337535713, 3370932.000423038844019 ] } },
{ "type": "Feature", "properties": { "village_id": 42219, "village_name": "Bhiri", "households": 138, "tot_pop": 587, "pop_male": 320, "pop_female": 267, "pop_sc": 173, "pop_st": 0, "shrid2": "11-05-058-00290-042219", "shrug_state_id": 5, "shrug_district_id": 58, "shrug_subdist_id": 290.0, "direct_zone_overlap": false, "hazard_zone_flag": 0, "hazard_zone_label": "Outside Candidate Hazard-Based Red Zone", "nearest_hazard_distance_m": 1714.5, "dist_to_nearest_redzone_m": 1714.5, "proximity_band": "1 km to 2 km", "nearest_zone_id": "RZ-153", "matched_zone_id": null, "matched_zone_label": null, "matched_zone_mh_score": null, "matched_zone_priority": null, "matched_zone_area_m2": null, "data_source": "Census PCA 2011 joined to SHRUG spatial bridge", "join_method": "Exact code-based join: Census Town/Village = SHRUG pc11_village_id", "disclaimer": "Decision Support — Requires Official Verification & Geotechnical Assessment" }, "geometry": { "type": "Point", "coordinates": [ 317379.552856495138258, 3370125.780214895959944 ] } },
{ "type": "Feature", "properties": { "village_id": 42221, "village_name": "Birondewal", "households": 222, "tot_pop": 923, "pop_male": 446, "pop_female": 477, "pop_sc": 485, "pop_st": 0, "shrid2": "11-05-058-00290-042221", "shrug_state_id": 5, "shrug_district_id": 58, "shrug_subdist_id": 290.0, "direct_zone_overlap": false, "hazard_zone_flag": 0, "hazard_zone_label": "Outside Candidate Hazard-Based Red Zone", "nearest_hazard_distance_m": 2924.1, "dist_to_nearest_redzone_m": 2924.1, "proximity_band": "2 km to 5 km", "nearest_zone_id": "RZ-153", "matched_zone_id": null, "matched_zone_label": null, "matched_zone_mh_score": null, "matched_zone_priority": null, "matched_zone_area_m2": null, "data_source": "Census PCA 2011 joined to SHRUG spatial bridge", "join_method": "Exact code-based join: Census Town/Village = SHRUG pc11_village_id", "disclaimer": "Decision Support — Requires Official Verification & Geotechnical Assessment" }, "geometry": { "type": "Point", "coordinates": [ 316248.810852629540022, 3370572.069798557087779 ] } },
{ "type": "Feature", "properties": { "village_id": 42222, "village_name": "Gair", "households": 46, "tot_pop": 202, "pop_male": 81, "pop_female": 121, "pop_sc": 20, "pop_st": 0, "shrid2": "11-05-058-00290-042222", "shrug_state_id": 5, "shrug_district_id": 58, "shrug_subdist_id": 290.0, "direct_zone_overlap": false, "hazard_zone_flag": 0, "hazard_zone_label": "Outside Candidate Hazard-Based Red Zone", "nearest_hazard_distance_m": 934.2, "dist_to_nearest_redzone_m": 934.2, "proximity_band": "500 m to 1 km", "nearest_zone_id": "RZ-153", "matched_zone_id": null, "matched_zone_label": null, "matched_zone_mh_score": null, "matched_zone_priority": null, "matched_zone_area_m2": null, "data_source": "Census PCA 2011 joined to SHRUG spatial bridge", "join_method": "Exact code-based join: Census Town/Village = SHRUG pc11_village_id", "disclaimer": "Decision Support — Requires Official Verification & Geotechnical Assessment" }, "geometry": { "type": "Point", "coordinates": [ 318145.72961701976601, 3369417.050772167742252 ] } },
{ "type": "Feature", "properties": { "village_id": 42223, "village_name": "Kandara", "households": 294, "tot_pop": 1418, "pop_male": 687, "pop_female": 731, "pop_sc": 456, "pop_st": 7, "shrid2": "11-05-058-00290-042223", "shrug_state_id": 5, "shrug_district_id": 58, "shrug_subdist_id": 290.0, "direct_zone_overlap": false, "hazard_zone_flag": 0, "hazard_zone_label": "Outside Candidate Hazard-Based Red Zone", "nearest_hazard_distance_m": 1397.8, "dist_to_nearest_redzone_m": 1397.8, "proximity_band": "1 km to 2 km", "nearest_zone_id": "RZ-153", "matched_zone_id": null, "matched_zone_label": null, "matched_zone_mh_score": null, "matched_zone_priority": null, "matched_zone_area_m2": null, "data_source": "Census PCA 2011 joined to SHRUG spatial bridge", "join_method": "Exact code-based join: Census Town/Village = SHRUG pc11_village_id", "disclaimer": "Decision Support — Requires Official Verification & Geotechnical Assessment" }, "geometry": { "type": "Point", "coordinates": [ 318176.82784202019684, 3368581.62497771717608 ] } },
{ "type": "Feature", "properties": { "village_id": 42224, "village_name": "Raigu", "households": 8, "tot_pop": 37, "pop_male": 16, "pop_female": 21, "pop_sc": 0, "pop_st": 0, "shrid2": "11-05-058-00290-042224", "shrug_state_id": 5, "shrug_district_id": 58, "shrug_subdist_id": 290.0, "direct_zone_overlap": false, "hazard_zone_flag": 0, "hazard_zone_label": "Outside Candidate Hazard-Based Red Zone", "nearest_hazard_distance_m": 1128.6, "dist_to_nearest_redzone_m": 1128.6, "proximity_band": "1 km to 2 km", "nearest_zone_id": "RZ-153", "matched_zone_id": null, "matched_zone_label": null, "matched_zone_mh_score": null, "matched_zone_priority": null, "matched_zone_area_m2": null, "data_source": "Census PCA 2011 joined to SHRUG spatial bridge", "join_method": "Exact code-based join: Census Town/Village = SHRUG pc11_village_id", "disclaimer": "Decision Support — Requires Official Verification & Geotechnical Assessment" }, "geometry": { "type": "Point", "coordinates": [ 318798.12087049416732, 3368577.300540890078992 ] } },
{ "type": "Feature", "properties": { "village_id": 42225, "village_name": "Kanyas", "households": 28, "tot_pop": 90, "pop_male": 32, "pop_female": 58, "pop_sc": 0, "pop_st": 0, "shrid2": "11-05-058-00290-042225", "shrug_state_id": 5, "shrug_district_id": 58, "shrug_subdist_id": 290.0, "direct_zone_overlap": false, "hazard_zone_flag": 0, "hazard_zone_label": "Outside Candidate Hazard-Based Red Zone", "nearest_hazard_distance_m": 858.8, "dist_to_nearest_redzone_m": 858.8, "proximity_band": "500 m to 1 km", "nearest_zone_id": "RZ-153", "matched_zone_id": null, "matched_zone_label": null, "matched_zone_mh_score": null, "matched_zone_priority": null, "matched_zone_area_m2": null, "data_source": "Census PCA 2011 joined to SHRUG spatial bridge", "join_method": "Exact code-based join: Census Town/Village = SHRUG pc11_village_id", "disclaimer": "Decision Support — Requires Official Verification & Geotechnical Assessment" }, "geometry": { "type": "Point", "coordinates": [ 319446.336728456313722, 3368869.925089082214981 ] } },
{ "type": "Feature", "properties": { "village_id": 42226, "village_name": "Daula", "households": 59, "tot_pop": 249, "pop_male": 107, "pop_female": 142, "pop_sc": 0, "pop_st": 0, "shrid2": "11-05-058-00290-042226", "shrug_state_id": 5, "shrug_district_id": 58, "shrug_subdist_id": 290.0, "direct_zone_overlap": false, "hazard_zone_flag": 0, "hazard_zone_label": "Outside Candidate Hazard-Based Red Zone", "nearest_hazard_distance_m": 1311.5, "dist_to_nearest_redzone_m": 1311.5, "proximity_band": "1 km to 2 km", "nearest_zone_id": "RZ-153", "matched_zone_id": null, "matched_zone_label": null, "matched_zone_mh_score": null, "matched_zone_priority": null, "matched_zone_area_m2": null, "data_source": "Census PCA 2011 joined to SHRUG spatial bridge", "join_method": "Exact code-based join: Census Town/Village = SHRUG pc11_village_id", "disclaimer": "Decision Support — Requires Official Verification & Geotechnical Assessment" }, "geometry": { "type": "Point", "coordinates": [ 320193.331159684574232, 3368858.97563057905063 ] } },
{ "type": "Feature", "properties": { "village_id": 42227, "village_name": "Jaikhanda", "households": 29, "tot_pop": 103, "pop_male": 46, "pop_female": 57, "pop_sc": 0, "pop_st": 0, "shrid2": "11-05-058-00290-042227", "shrug_state_id": 5, "shrug_district_id": 58, "shrug_subdist_id": 290.0, "direct_zone_overlap": false, "hazard_zone_flag": 0, "hazard_zone_label": "Outside Candidate Hazard-Based Red Zone", "nearest_hazard_distance_m": 2842.7, "dist_to_nearest_redzone_m": 2842.7, "proximity_band": "2 km to 5 km", "nearest_zone_id": "RZ-153", "matched_zone_id": null, "matched_zone_label": null, "matched_zone_mh_score": null, "matched_zone_priority": null, "matched_zone_area_m2": null, "data_source": "Census PCA 2011 joined to SHRUG spatial bridge", "join_method": "Exact code-based join: Census Town/Village = SHRUG pc11_village_id", "disclaimer": "Decision Support — Requires Official Verification & Geotechnical Assessment" }, "geometry": { "type": "Point", "coordinates": [ 321933.480084571521729, 3368788.383246134966612 ] } },
{ "type": "Feature", "properties": { "village_id": 42228, "village_name": "Akhauri", "households": 103, "tot_pop": 474, "pop_male": 223, "pop_female": 251, "pop_sc": 120, "pop_st": 0, "shrid2": "11-05-058-00290-042228", "shrug_state_id": 5, "shrug_district_id": 58, "shrug_subdist_id": 290.0, "direct_zone_overlap": false, "hazard_zone_flag": 0, "hazard_zone_label": "Outside Candidate Hazard-Based Red Zone", "nearest_hazard_distance_m": 4106.5, "dist_to_nearest_redzone_m": 4106.5, "proximity_band": "2 km to 5 km", "nearest_zone_id": "RZ-153", "matched_zone_id": null, "matched_zone_label": null, "matched_zone_mh_score": null, "matched_zone_priority": null, "matched_zone_area_m2": null, "data_source": "Census PCA 2011 joined to SHRUG spatial bridge", "join_method": "Exact code-based join: Census Town/Village = SHRUG pc11_village_id", "disclaimer": "Decision Support — Requires Official Verification & Geotechnical Assessment" }, "geometry": { "type": "Point", "coordinates": [ 323065.308780983323231, 3368214.830834817141294 ] } },
{ "type": "Feature", "properties": { "village_id": 42229, "village_name": "Sena garhsari", "households": 42, "tot_pop": 201, "pop_male": 106, "pop_female": 95, "pop_sc": 0, "pop_st": 0, "shrid2": "11-05-058-00290-042229", "shrug_state_id": 5, "shrug_district_id": 58, "shrug_subdist_id": 290.0, "direct_zone_overlap": false, "hazard_zone_flag": 0, "hazard_zone_label": "Outside Candidate Hazard-Based Red Zone", "nearest_hazard_distance_m": 3726.0, "dist_to_nearest_redzone_m": 3726.0, "proximity_band": "2 km to 5 km", "nearest_zone_id": "RZ-153", "matched_zone_id": null, "matched_zone_label": null, "matched_zone_mh_score": null, "matched_zone_priority": null, "matched_zone_area_m2": null, "data_source": "Census PCA 2011 joined to SHRUG spatial bridge", "join_method": "Exact code-based join: Census Town/Village = SHRUG pc11_village_id", "disclaimer": "Decision Support — Requires Official Verification & Geotechnical Assessment" }, "geometry": { "type": "Point", "coordinates": [ 322380.465906480909325, 3367736.304889297578484 ] } },
{ "type": "Feature", "properties": { "village_id": 42230, "village_name": "Balsundi", "households": 33, "tot_pop": 167, "pop_male": 84, "pop_female": 83, "pop_sc": 0, "pop_st": 0, "shrid2": "11-05-058-00290-042230", "shrug_state_id": 5, "shrug_district_id": 58, "shrug_subdist_id": 290.0, "direct_zone_overlap": false, "hazard_zone_flag": 0, "hazard_zone_label": "Outside Candidate Hazard-Based Red Zone", "nearest_hazard_distance_m": 2275.2, "dist_to_nearest_redzone_m": 2275.2, "proximity_band": "2 km to 5 km", "nearest_zone_id": "RZ-153", "matched_zone_id": null, "matched_zone_label": null, "matched_zone_mh_score": null, "matched_zone_priority": null, "matched_zone_area_m2": null, "data_source": "Census PCA 2011 joined to SHRUG spatial bridge", "join_method": "Exact code-based join: Census Town/Village = SHRUG pc11_village_id", "disclaimer": "Decision Support — Requires Official Verification & Geotechnical Assessment" }, "geometry": { "type": "Point", "coordinates": [ 321001.297273901524022, 3368313.276455011218786 ] } },
{ "type": "Feature", "properties": { "village_id": 42231, "village_name": "Karnsili", "households": 84, "tot_pop": 334, "pop_male": 158, "pop_female": 176, "pop_sc": 90, "pop_st": 0, "shrid2": "11-05-058-00290-042231", "shrug_state_id": 5, "shrug_district_id": 58, "shrug_subdist_id": 290.0, "direct_zone_overlap": false, "hazard_zone_flag": 0, "hazard_zone_label": "Outside Candidate Hazard-Based Red Zone", "nearest_hazard_distance_m": 3183.5, "dist_to_nearest_redzone_m": 3183.5, "proximity_band": "2 km to 5 km", "nearest_zone_id": "RZ-153", "matched_zone_id": null, "matched_zone_label": null, "matched_zone_mh_score": null, "matched_zone_priority": null, "matched_zone_area_m2": null, "data_source": "Census PCA 2011 joined to SHRUG spatial bridge", "join_method": "Exact code-based join: Census Town/Village = SHRUG pc11_village_id", "disclaimer": "Decision Support — Requires Official Verification & Geotechnical Assessment" }, "geometry": { "type": "Point", "coordinates": [ 321334.887779825367033, 3367355.498798040207475 ] } },
{ "type": "Feature", "properties": { "village_id": 42232, "village_name": "Kyunja", "households": 245, "tot_pop": 1028, "pop_male": 466, "pop_female": 562, "pop_sc": 348, "pop_st": 0, "shrid2": "11-05-058-00290-042232", "shrug_state_id": 5, "shrug_district_id": 58, "shrug_subdist_id": 290.0, "direct_zone_overlap": false, "hazard_zone_flag": 0, "hazard_zone_label": "Outside Candidate Hazard-Based Red Zone", "nearest_hazard_distance_m": 2007.0, "dist_to_nearest_redzone_m": 2007.0, "proximity_band": "2 km to 5 km", "nearest_zone_id": "RZ-153", "matched_zone_id": null, "matched_zone_label": null, "matched_zone_mh_score": null, "matched_zone_priority": null, "matched_zone_area_m2": null, "data_source": "Census PCA 2011 joined to SHRUG spatial bridge", "join_method": "Exact code-based join: Census Town/Village = SHRUG pc11_village_id", "disclaimer": "Decision Support — Requires Official Verification & Geotechnical Assessment" }, "geometry": { "type": "Point", "coordinates": [ 319802.051186600525398, 3367778.024701272603124 ] } },
{ "type": "Feature", "properties": { "village_id": 42233, "village_name": "Ajaipur", "households": 15, "tot_pop": 74, "pop_male": 34, "pop_female": 40, "pop_sc": 21, "pop_st": 0, "shrid2": "11-05-058-00290-042233", "shrug_state_id": 5, "shrug_district_id": 58, "shrug_subdist_id": 290.0, "direct_zone_overlap": false, "hazard_zone_flag": 0, "hazard_zone_label": "Outside Candidate Hazard-Based Red Zone", "nearest_hazard_distance_m": 2523.6, "dist_to_nearest_redzone_m": 2523.6, "proximity_band": "2 km to 5 km", "nearest_zone_id": "RZ-153", "matched_zone_id": null, "matched_zone_label": null, "matched_zone_mh_score": null, "matched_zone_priority": null, "matched_zone_area_m2": null, "data_source": "Census PCA 2011 joined to SHRUG spatial bridge", "join_method": "Exact code-based join: Census Town/Village = SHRUG pc11_village_id", "disclaimer": "Decision Support — Requires Official Verification & Geotechnical Assessment" }, "geometry": { "type": "Point", "coordinates": [ 319414.949812056263909, 3367168.567622584756464 ] } },
{ "type": "Feature", "properties": { "village_id": 42234, "village_name": "Asondadian", "households": 48, "tot_pop": 206, "pop_male": 97, "pop_female": 109, "pop_sc": 0, "pop_st": 0, "shrid2": "11-05-058-00290-042234", "shrug_state_id": 5, "shrug_district_id": 58, "shrug_subdist_id": 290.0, "direct_zone_overlap": false, "hazard_zone_flag": 0, "hazard_zone_label": "Outside Candidate Hazard-Based Red Zone", "nearest_hazard_distance_m": 3026.8, "dist_to_nearest_redzone_m": 3026.8, "proximity_band": "2 km to 5 km", "nearest_zone_id": "RZ-153", "matched_zone_id": null, "matched_zone_label": null, "matched_zone_mh_score": null, "matched_zone_priority": null, "matched_zone_area_m2": null, "data_source": "Census PCA 2011 joined to SHRUG spatial bridge", "join_method": "Exact code-based join: Census Town/Village = SHRUG pc11_village_id", "disclaimer": "Decision Support — Requires Official Verification & Geotechnical Assessment" }, "geometry": { "type": "Point", "coordinates": [ 319038.948196906771045, 3366652.32691814051941 ] } },
{ "type": "Feature", "properties": { "village_id": 42235, "village_name": "Sera", "households": 26, "tot_pop": 127, "pop_male": 57, "pop_female": 70, "pop_sc": 115, "pop_st": 0, "shrid2": "11-05-058-00290-042235", "shrug_state_id": 5, "shrug_district_id": 58, "shrug_subdist_id": 290.0, "direct_zone_overlap": false, "hazard_zone_flag": 0, "hazard_zone_label": "Outside Candidate Hazard-Based Red Zone", "nearest_hazard_distance_m": 3153.7, "dist_to_nearest_redzone_m": 3153.7, "proximity_band": "2 km to 5 km", "nearest_zone_id": "RZ-153", "matched_zone_id": null, "matched_zone_label": null, "matched_zone_mh_score": null, "matched_zone_priority": null, "matched_zone_area_m2": null, "data_source": "Census PCA 2011 joined to SHRUG spatial bridge", "join_method": "Exact code-based join: Census Town/Village = SHRUG pc11_village_id", "disclaimer": "Decision Support — Requires Official Verification & Geotechnical Assessment" }, "geometry": { "type": "Point", "coordinates": [ 318293.389805354527198, 3366615.665511584375054 ] } },
{ "type": "Feature", "properties": { "village_id": 42236, "village_name": "Kunjethi", "households": 8, "tot_pop": 31, "pop_male": 15, "pop_female": 16, "pop_sc": 4, "pop_st": 0, "shrid2": "11-05-058-00290-042236", "shrug_state_id": 5, "shrug_district_id": 58, "shrug_subdist_id": 290.0, "direct_zone_overlap": false, "hazard_zone_flag": 0, "hazard_zone_label": "Outside Candidate Hazard-Based Red Zone", "nearest_hazard_distance_m": 3500.8, "dist_to_nearest_redzone_m": 3500.8, "proximity_band": "2 km to 5 km", "nearest_zone_id": "RZ-153", "matched_zone_id": null, "matched_zone_label": null, "matched_zone_mh_score": null, "matched_zone_priority": null, "matched_zone_area_m2": null, "data_source": "Census PCA 2011 joined to SHRUG spatial bridge", "join_method": "Exact code-based join: Census Town/Village = SHRUG pc11_village_id", "disclaimer": "Decision Support — Requires Official Verification & Geotechnical Assessment" }, "geometry": { "type": "Point", "coordinates": [ 318883.85308524640277, 3366181.899964661803097 ] } },
{ "type": "Feature", "properties": { "village_id": 42237, "village_name": "Jaykandi", "households": 65, "tot_pop": 317, "pop_male": 142, "pop_female": 175, "pop_sc": 50, "pop_st": 0, "shrid2": "11-05-058-00290-042237", "shrug_state_id": 5, "shrug_district_id": 58, "shrug_subdist_id": 290.0, "direct_zone_overlap": false, "hazard_zone_flag": 0, "hazard_zone_label": "Outside Candidate Hazard-Based Red Zone", "nearest_hazard_distance_m": 2935.0, "dist_to_nearest_redzone_m": 2935.0, "proximity_band": "2 km to 5 km", "nearest_zone_id": "RZ-153", "matched_zone_id": null, "matched_zone_label": null, "matched_zone_mh_score": null, "matched_zone_priority": null, "matched_zone_area_m2": null, "data_source": "Census PCA 2011 joined to SHRUG spatial bridge", "join_method": "Exact code-based join: Census Town/Village = SHRUG pc11_village_id", "disclaimer": "Decision Support — Requires Official Verification & Geotechnical Assessment" }, "geometry": { "type": "Point", "coordinates": [ 320154.999854859663174, 3366918.379269034136087 ] } },
{ "type": "Feature", "properties": { "village_id": 42238, "village_name": "Mundasu", "households": 11, "tot_pop": 61, "pop_male": 30, "pop_female": 31, "pop_sc": 54, "pop_st": 0, "shrid2": "11-05-058-00290-042238", "shrug_state_id": 5, "shrug_district_id": 58, "shrug_subdist_id": 290.0, "direct_zone_overlap": false, "hazard_zone_flag": 0, "hazard_zone_label": "Outside Candidate Hazard-Based Red Zone", "nearest_hazard_distance_m": 3757.1, "dist_to_nearest_redzone_m": 3757.1, "proximity_band": "2 km to 5 km", "nearest_zone_id": "RZ-153", "matched_zone_id": null, "matched_zone_label": null, "matched_zone_mh_score": null, "matched_zone_priority": null, "matched_zone_area_m2": null, "data_source": "Census PCA 2011 joined to SHRUG spatial bridge", "join_method": "Exact code-based join: Census Town/Village = SHRUG pc11_village_id", "disclaimer": "Decision Support — Requires Official Verification & Geotechnical Assessment" }, "geometry": { "type": "Point", "coordinates": [ 320899.433937946509104, 3366349.603875010740012 ] } },
{ "type": "Feature", "properties": { "village_id": 42240, "village_name": "Bhanaj Gwar", "households": 169, "tot_pop": 835, "pop_male": 420, "pop_female": 415, "pop_sc": 273, "pop_st": 0, "shrid2": "11-05-058-00290-042240", "shrug_state_id": 5, "shrug_district_id": 58, "shrug_subdist_id": 290.0, "direct_zone_overlap": false, "hazard_zone_flag": 0, "hazard_zone_label": "Outside Candidate Hazard-Based Red Zone", "nearest_hazard_distance_m": 5756.7, "dist_to_nearest_redzone_m": 5756.7, "proximity_band": "5 km to 10 km", "nearest_zone_id": "RZ-153", "matched_zone_id": null, "matched_zone_label": null, "matched_zone_mh_score": null, "matched_zone_priority": null, "matched_zone_area_m2": null, "data_source": "Census PCA 2011 joined to SHRUG spatial bridge", "join_method": "Exact code-based join: Census Town/Village = SHRUG pc11_village_id", "disclaimer": "Decision Support — Requires Official Verification & Geotechnical Assessment" }, "geometry": { "type": "Point", "coordinates": [ 323933.447573999292217, 3366413.14744781004265 ] } },
{ "type": "Feature", "properties": { "village_id": 42241, "village_name": "Machkandi", "households": 88, "tot_pop": 381, "pop_male": 163, "pop_female": 218, "pop_sc": 105, "pop_st": 0, "shrid2": "11-05-058-00290-042241", "shrug_state_id": 5, "shrug_district_id": 58, "shrug_subdist_id": 290.0, "direct_zone_overlap": false, "hazard_zone_flag": 0, "hazard_zone_label": "Outside Candidate Hazard-Based Red Zone", "nearest_hazard_distance_m": 4720.4, "dist_to_nearest_redzone_m": 4720.4, "proximity_band": "2 km to 5 km", "nearest_zone_id": "RZ-153", "matched_zone_id": null, "matched_zone_label": null, "matched_zone_mh_score": null, "matched_zone_priority": null, "matched_zone_area_m2": null, "data_source": "Census PCA 2011 joined to SHRUG spatial bridge", "join_method": "Exact code-based join: Census Town/Village = SHRUG pc11_village_id", "disclaimer": "Decision Support — Requires Official Verification & Geotechnical Assessment" }, "geometry": { "type": "Point", "coordinates": [ 322495.063890502380673, 3366339.78271219599992 ] } },
{ "type": "Feature", "properties": { "village_id": 42242, "village_name": "Jawari", "households": 29, "tot_pop": 122, "pop_male": 58, "pop_female": 64, "pop_sc": 0, "pop_st": 0, "shrid2": "11-05-058-00290-042242", "shrug_state_id": 5, "shrug_district_id": 58, "shrug_subdist_id": 290.0, "direct_zone_overlap": false, "hazard_zone_flag": 0, "hazard_zone_label": "Outside Candidate Hazard-Based Red Zone", "nearest_hazard_distance_m": 4533.0, "dist_to_nearest_redzone_m": 4533.0, "proximity_band": "2 km to 5 km", "nearest_zone_id": "RZ-153", "matched_zone_id": null, "matched_zone_label": null, "matched_zone_mh_score": null, "matched_zone_priority": null, "matched_zone_area_m2": null, "data_source": "Census PCA 2011 joined to SHRUG spatial bridge", "join_method": "Exact code-based join: Census Town/Village = SHRUG pc11_village_id", "disclaimer": "Decision Support — Requires Official Verification & Geotechnical Assessment" }, "geometry": { "type": "Point", "coordinates": [ 321415.907046707463451, 3365748.050019928254187 ] } },
{ "type": "Feature", "properties": { "village_id": 42243, "village_name": "Kandi", "households": 158, "tot_pop": 734, "pop_male": 378, "pop_female": 356, "pop_sc": 499, "pop_st": 0, "shrid2": "11-05-058-00290-042243", "shrug_state_id": 5, "shrug_district_id": 58, "shrug_subdist_id": 290.0, "direct_zone_overlap": false, "hazard_zone_flag": 0, "hazard_zone_label": "Outside Candidate Hazard-Based Red Zone", "nearest_hazard_distance_m": 5043.2, "dist_to_nearest_redzone_m": 5043.2, "proximity_band": "5 km to 10 km", "nearest_zone_id": "RZ-153", "matched_zone_id": null, "matched_zone_label": null, "matched_zone_mh_score": null, "matched_zone_priority": null, "matched_zone_area_m2": null, "data_source": "Census PCA 2011 joined to SHRUG spatial bridge", "join_method": "Exact code-based join: Census Town/Village = SHRUG pc11_village_id", "disclaimer": "Decision Support — Requires Official Verification & Geotechnical Assessment" }, "geometry": { "type": "Point", "coordinates": [ 321452.430896232952364, 3365187.66757008433342 ] } },
{ "type": "Feature", "properties": { "village_id": 42244, "village_name": "Tewri", "households": 79, "tot_pop": 374, "pop_male": 194, "pop_female": 180, "pop_sc": 5, "pop_st": 0, "shrid2": "11-05-058-00290-042244", "shrug_state_id": 5, "shrug_district_id": 58, "shrug_subdist_id": 290.0, "direct_zone_overlap": false, "hazard_zone_flag": 0, "hazard_zone_label": "Outside Candidate Hazard-Based Red Zone", "nearest_hazard_distance_m": 5419.4, "dist_to_nearest_redzone_m": 5419.4, "proximity_band": "5 km to 10 km", "nearest_zone_id": "RZ-153", "matched_zone_id": null, "matched_zone_label": null, "matched_zone_mh_score": null, "matched_zone_priority": null, "matched_zone_area_m2": null, "data_source": "Census PCA 2011 joined to SHRUG spatial bridge", "join_method": "Exact code-based join: Census Town/Village = SHRUG pc11_village_id", "disclaimer": "Decision Support — Requires Official Verification & Geotechnical Assessment" }, "geometry": { "type": "Point", "coordinates": [ 322711.471054046298377, 3365586.636061068158597 ] } },
{ "type": "Feature", "properties": { "village_id": 42245, "village_name": "Kalai", "households": 28, "tot_pop": 136, "pop_male": 55, "pop_female": 81, "pop_sc": 0, "pop_st": 0, "shrid2": "11-05-058-00290-042245", "shrug_state_id": 5, "shrug_district_id": 58, "shrug_subdist_id": 290.0, "direct_zone_overlap": false, "hazard_zone_flag": 0, "hazard_zone_label": "Outside Candidate Hazard-Based Red Zone", "nearest_hazard_distance_m": 6513.0, "dist_to_nearest_redzone_m": 6513.0, "proximity_band": "5 km to 10 km", "nearest_zone_id": "RZ-153", "matched_zone_id": null, "matched_zone_label": null, "matched_zone_mh_score": null, "matched_zone_priority": null, "matched_zone_area_m2": null, "data_source": "Census PCA 2011 joined to SHRUG spatial bridge", "join_method": "Exact code-based join: Census Town/Village = SHRUG pc11_village_id", "disclaimer": "Decision Support — Requires Official Verification & Geotechnical Assessment" }, "geometry": { "type": "Point", "coordinates": [ 323794.916497558471747, 3365104.434643354266882 ] } },
{ "type": "Feature", "properties": { "village_id": 42246, "village_name": "Kontha", "households": 86, "tot_pop": 389, "pop_male": 169, "pop_female": 220, "pop_sc": 82, "pop_st": 0, "shrid2": "11-05-058-00290-042246", "shrug_state_id": 5, "shrug_district_id": 58, "shrug_subdist_id": 290.0, "direct_zone_overlap": false, "hazard_zone_flag": 0, "hazard_zone_label": "Outside Candidate Hazard-Based Red Zone", "nearest_hazard_distance_m": 6644.0, "dist_to_nearest_redzone_m": 6644.0, "proximity_band": "5 km to 10 km", "nearest_zone_id": "RZ-153", "matched_zone_id": null, "matched_zone_label": null, "matched_zone_mh_score": null, "matched_zone_priority": null, "matched_zone_area_m2": null, "data_source": "Census PCA 2011 joined to SHRUG spatial bridge", "join_method": "Exact code-based join: Census Town/Village = SHRUG pc11_village_id", "disclaimer": "Decision Support — Requires Official Verification & Geotechnical Assessment" }, "geometry": { "type": "Point", "coordinates": [ 324486.883066622307524, 3365674.701395939104259 ] } },
{ "type": "Feature", "properties": { "village_id": 42247, "village_name": "Kera Malla", "households": 96, "tot_pop": 476, "pop_male": 251, "pop_female": 225, "pop_sc": 170, "pop_st": 0, "shrid2": "11-05-058-00290-042247", "shrug_state_id": 5, "shrug_district_id": 58, "shrug_subdist_id": 290.0, "direct_zone_overlap": false, "hazard_zone_flag": 0, "hazard_zone_label": "Outside Candidate Hazard-Based Red Zone", "nearest_hazard_distance_m": 7339.0, "dist_to_nearest_redzone_m": 7339.0, "proximity_band": "5 km to 10 km", "nearest_zone_id": "RZ-153", "matched_zone_id": null, "matched_zone_label": null, "matched_zone_mh_score": null, "matched_zone_priority": null, "matched_zone_area_m2": null, "data_source": "Census PCA 2011 joined to SHRUG spatial bridge", "join_method": "Exact code-based join: Census Town/Village = SHRUG pc11_village_id", "disclaimer": "Decision Support — Requires Official Verification & Geotechnical Assessment" }, "geometry": { "type": "Point", "coordinates": [ 324771.945593711338006, 3364932.738709474913776 ] } },
{ "type": "Feature", "properties": { "village_id": 42248, "village_name": "Kera Talla", "households": 35, "tot_pop": 223, "pop_male": 103, "pop_female": 120, "pop_sc": 12, "pop_st": 0, "shrid2": "11-05-058-00290-042248", "shrug_state_id": 5, "shrug_district_id": 58, "shrug_subdist_id": 290.0, "direct_zone_overlap": false, "hazard_zone_flag": 0, "hazard_zone_label": "Outside Candidate Hazard-Based Red Zone", "nearest_hazard_distance_m": 8008.8, "dist_to_nearest_redzone_m": 8008.8, "proximity_band": "5 km to 10 km", "nearest_zone_id": "RZ-153", "matched_zone_id": null, "matched_zone_label": null, "matched_zone_mh_score": null, "matched_zone_priority": null, "matched_zone_area_m2": null, "data_source": "Census PCA 2011 joined to SHRUG spatial bridge", "join_method": "Exact code-based join: Census Town/Village = SHRUG pc11_village_id", "disclaimer": "Decision Support — Requires Official Verification & Geotechnical Assessment" }, "geometry": { "type": "Point", "coordinates": [ 324989.869874096242711, 3364184.441642581485212 ] } },
{ "type": "Feature", "properties": { "village_id": 42249, "village_name": "Dungri", "households": 66, "tot_pop": 262, "pop_male": 120, "pop_female": 142, "pop_sc": 0, "pop_st": 2, "shrid2": "11-05-058-00290-042249", "shrug_state_id": 5, "shrug_district_id": 58, "shrug_subdist_id": 290.0, "direct_zone_overlap": false, "hazard_zone_flag": 0, "hazard_zone_label": "Outside Candidate Hazard-Based Red Zone", "nearest_hazard_distance_m": 7459.0, "dist_to_nearest_redzone_m": 7459.0, "proximity_band": "5 km to 10 km", "nearest_zone_id": "RZ-153", "matched_zone_id": null, "matched_zone_label": null, "matched_zone_mh_score": null, "matched_zone_priority": null, "matched_zone_area_m2": null, "data_source": "Census PCA 2011 joined to SHRUG spatial bridge", "join_method": "Exact code-based join: Census Town/Village = SHRUG pc11_village_id", "disclaimer": "Decision Support — Requires Official Verification & Geotechnical Assessment" }, "geometry": { "type": "Point", "coordinates": [ 323880.807982523110695, 3363905.097028600983322 ] } },
{ "type": "Feature", "properties": { "village_id": 42250, "village_name": "Moli", "households": 37, "tot_pop": 148, "pop_male": 66, "pop_female": 82, "pop_sc": 0, "pop_st": 0, "shrid2": "11-05-058-00290-042250", "shrug_state_id": 5, "shrug_district_id": 58, "shrug_subdist_id": 290.0, "direct_zone_overlap": false, "hazard_zone_flag": 0, "hazard_zone_label": "Outside Candidate Hazard-Based Red Zone", "nearest_hazard_distance_m": 6063.8, "dist_to_nearest_redzone_m": 6063.8, "proximity_band": "5 km to 10 km", "nearest_zone_id": "RZ-153", "matched_zone_id": null, "matched_zone_label": null, "matched_zone_mh_score": null, "matched_zone_priority": null, "matched_zone_area_m2": null, "data_source": "Census PCA 2011 joined to SHRUG spatial bridge", "join_method": "Exact code-based join: Census Town/Village = SHRUG pc11_village_id", "disclaimer": "Decision Support — Requires Official Verification & Geotechnical Assessment" }, "geometry": { "type": "Point", "coordinates": [ 322822.009079383220524, 3364846.930692228022963 ] } },
{ "type": "Feature", "properties": { "village_id": 42251, "village_name": "Baraw Talla", "households": 24, "tot_pop": 120, "pop_male": 61, "pop_female": 59, "pop_sc": 40, "pop_st": 0, "shrid2": "11-05-058-00290-042251", "shrug_state_id": 5, "shrug_district_id": 58, "shrug_subdist_id": 290.0, "direct_zone_overlap": false, "hazard_zone_flag": 0, "hazard_zone_label": "Outside Candidate Hazard-Based Red Zone", "nearest_hazard_distance_m": 6041.0, "dist_to_nearest_redzone_m": 6041.0, "proximity_band": "5 km to 10 km", "nearest_zone_id": "RZ-153", "matched_zone_id": null, "matched_zone_label": null, "matched_zone_mh_score": null, "matched_zone_priority": null, "matched_zone_area_m2": null, "data_source": "Census PCA 2011 joined to SHRUG spatial bridge", "join_method": "Exact code-based join: Census Town/Village = SHRUG pc11_village_id", "disclaimer": "Decision Support — Requires Official Verification & Geotechnical Assessment" }, "geometry": { "type": "Point", "coordinates": [ 322118.496218201355077, 3364412.85017393482849 ] } },
{ "type": "Feature", "properties": { "village_id": 42252, "village_name": "Baraw Bichalla", "households": 22, "tot_pop": 83, "pop_male": 36, "pop_female": 47, "pop_sc": 0, "pop_st": 0, "shrid2": "11-05-058-00290-042252", "shrug_state_id": 5, "shrug_district_id": 58, "shrug_subdist_id": 290.0, "direct_zone_overlap": false, "hazard_zone_flag": 0, "hazard_zone_label": "Outside Candidate Hazard-Based Red Zone", "nearest_hazard_distance_m": 7268.6, "dist_to_nearest_redzone_m": 7268.6, "proximity_band": "5 km to 10 km", "nearest_zone_id": "RZ-153", "matched_zone_id": null, "matched_zone_label": null, "matched_zone_mh_score": null, "matched_zone_priority": null, "matched_zone_area_m2": null, "data_source": "Census PCA 2011 joined to SHRUG spatial bridge", "join_method": "Exact code-based join: Census Town/Village = SHRUG pc11_village_id", "disclaimer": "Decision Support — Requires Official Verification & Geotechnical Assessment" }, "geometry": { "type": "Point", "coordinates": [ 322970.20490845059976, 3363489.964045255444944 ] } },
{ "type": "Feature", "properties": { "village_id": 42253, "village_name": "Baraw Malla", "households": 131, "tot_pop": 505, "pop_male": 218, "pop_female": 287, "pop_sc": 95, "pop_st": 0, "shrid2": "11-05-058-00290-042253", "shrug_state_id": 5, "shrug_district_id": 58, "shrug_subdist_id": 290.0, "direct_zone_overlap": false, "hazard_zone_flag": 0, "hazard_zone_label": "Outside Candidate Hazard-Based Red Zone", "nearest_hazard_distance_m": 8497.6, "dist_to_nearest_redzone_m": 8497.6, "proximity_band": "5 km to 10 km", "nearest_zone_id": "RZ-153", "matched_zone_id": null, "matched_zone_label": null, "matched_zone_mh_score": null, "matched_zone_priority": null, "matched_zone_area_m2": null, "data_source": "Census PCA 2011 joined to SHRUG spatial bridge", "join_method": "Exact code-based join: Census Town/Village = SHRUG pc11_village_id", "disclaimer": "Decision Support — Requires Official Verification & Geotechnical Assessment" }, "geometry": { "type": "Point", "coordinates": [ 323938.522506469744258, 3362653.181709434371442 ] } },
{ "type": "Feature", "properties": { "village_id": 42254, "village_name": "Kinjani", "households": 219, "tot_pop": 1020, "pop_male": 474, "pop_female": 546, "pop_sc": 0, "pop_st": 0, "shrid2": "11-05-058-00290-042254", "shrug_state_id": 5, "shrug_district_id": 58, "shrug_subdist_id": 290.0, "direct_zone_overlap": false, "hazard_zone_flag": 0, "hazard_zone_label": "Outside Candidate Hazard-Based Red Zone", "nearest_hazard_distance_m": 8654.7, "dist_to_nearest_redzone_m": 8654.7, "proximity_band": "5 km to 10 km", "nearest_zone_id": "RZ-165", "matched_zone_id": null, "matched_zone_label": null, "matched_zone_mh_score": null, "matched_zone_priority": null, "matched_zone_area_m2": null, "data_source": "Census PCA 2011 joined to SHRUG spatial bridge", "join_method": "Exact code-based join: Census Town/Village = SHRUG pc11_village_id", "disclaimer": "Decision Support — Requires Official Verification & Geotechnical Assessment" }, "geometry": { "type": "Point", "coordinates": [ 324828.622374733793549, 3363038.866124709602445 ] } },
{ "type": "Feature", "properties": { "village_id": 42255, "village_name": "Kyark Barsuri", "households": 204, "tot_pop": 934, "pop_male": 406, "pop_female": 528, "pop_sc": 224, "pop_st": 0, "shrid2": "11-05-058-00290-042255", "shrug_state_id": 5, "shrug_district_id": 58, "shrug_subdist_id": 290.0, "direct_zone_overlap": false, "hazard_zone_flag": 0, "hazard_zone_label": "Outside Candidate Hazard-Based Red Zone", "nearest_hazard_distance_m": 5954.6, "dist_to_nearest_redzone_m": 5954.6, "proximity_band": "5 km to 10 km", "nearest_zone_id": "RZ-153", "matched_zone_id": null, "matched_zone_label": null, "matched_zone_mh_score": null, "matched_zone_priority": null, "matched_zone_area_m2": null, "data_source": "Census PCA 2011 joined to SHRUG spatial bridge", "join_method": "Exact code-based join: Census Town/Village = SHRUG pc11_village_id", "disclaimer": "Decision Support — Requires Official Verification & Geotechnical Assessment" }, "geometry": { "type": "Point", "coordinates": [ 313130.374175603676122, 3370419.46016819216311 ] } },
{ "type": "Feature", "properties": { "village_id": 42256, "village_name": "Naini Pondar", "households": 64, "tot_pop": 325, "pop_male": 157, "pop_female": 168, "pop_sc": 0, "pop_st": 0, "shrid2": "11-05-058-00290-042256", "shrug_state_id": 5, "shrug_district_id": 58, "shrug_subdist_id": 290.0, "direct_zone_overlap": false, "hazard_zone_flag": 0, "hazard_zone_label": "Outside Candidate Hazard-Based Red Zone", "nearest_hazard_distance_m": 4735.8, "dist_to_nearest_redzone_m": 4735.8, "proximity_band": "2 km to 5 km", "nearest_zone_id": "RZ-153", "matched_zone_id": null, "matched_zone_label": null, "matched_zone_mh_score": null, "matched_zone_priority": null, "matched_zone_area_m2": null, "data_source": "Census PCA 2011 joined to SHRUG spatial bridge", "join_method": "Exact code-based join: Census Town/Village = SHRUG pc11_village_id", "disclaimer": "Decision Support — Requires Official Verification & Geotechnical Assessment" }, "geometry": { "type": "Point", "coordinates": [ 314384.351834009285085, 3370562.974540394265205 ] } },
{ "type": "Feature", "properties": { "village_id": 42257, "village_name": "Sangur", "households": 43, "tot_pop": 173, "pop_male": 72, "pop_female": 101, "pop_sc": 0, "pop_st": 0, "shrid2": "11-05-058-00290-042257", "shrug_state_id": 5, "shrug_district_id": 58, "shrug_subdist_id": 290.0, "direct_zone_overlap": false, "hazard_zone_flag": 0, "hazard_zone_label": "Outside Candidate Hazard-Based Red Zone", "nearest_hazard_distance_m": 3835.2, "dist_to_nearest_redzone_m": 3835.2, "proximity_band": "2 km to 5 km", "nearest_zone_id": "RZ-153", "matched_zone_id": null, "matched_zone_label": null, "matched_zone_mh_score": null, "matched_zone_priority": null, "matched_zone_area_m2": null, "data_source": "Census PCA 2011 joined to SHRUG spatial bridge", "join_method": "Exact code-based join: Census Town/Village = SHRUG pc11_village_id", "disclaimer": "Decision Support — Requires Official Verification & Geotechnical Assessment" }, "geometry": { "type": "Point", "coordinates": [ 315371.458323960425332, 3370818.746717462781817 ] } },
{ "type": "Feature", "properties": { "village_id": 42258, "village_name": "Pali", "households": 64, "tot_pop": 286, "pop_male": 130, "pop_female": 156, "pop_sc": 17, "pop_st": 0, "shrid2": "11-05-058-00290-042258", "shrug_state_id": 5, "shrug_district_id": 58, "shrug_subdist_id": 290.0, "direct_zone_overlap": false, "hazard_zone_flag": 0, "hazard_zone_label": "Outside Candidate Hazard-Based Red Zone", "nearest_hazard_distance_m": 3234.8, "dist_to_nearest_redzone_m": 3234.8, "proximity_band": "2 km to 5 km", "nearest_zone_id": "RZ-153", "matched_zone_id": null, "matched_zone_label": null, "matched_zone_mh_score": null, "matched_zone_priority": null, "matched_zone_area_m2": null, "data_source": "Census PCA 2011 joined to SHRUG spatial bridge", "join_method": "Exact code-based join: Census Town/Village = SHRUG pc11_village_id", "disclaimer": "Decision Support — Requires Official Verification & Geotechnical Assessment" }, "geometry": { "type": "Point", "coordinates": [ 315808.211389750242233, 3369770.691829667892307 ] } },
{ "type": "Feature", "properties": { "village_id": 42259, "village_name": "Ryasun", "households": 32, "tot_pop": 164, "pop_male": 76, "pop_female": 88, "pop_sc": 0, "pop_st": 0, "shrid2": "11-05-058-00290-042259", "shrug_state_id": 5, "shrug_district_id": 58, "shrug_subdist_id": 290.0, "direct_zone_overlap": false, "hazard_zone_flag": 0, "hazard_zone_label": "Outside Candidate Hazard-Based Red Zone", "nearest_hazard_distance_m": 2951.0, "dist_to_nearest_redzone_m": 2951.0, "proximity_band": "2 km to 5 km", "nearest_zone_id": "RZ-153", "matched_zone_id": null, "matched_zone_label": null, "matched_zone_mh_score": null, "matched_zone_priority": null, "matched_zone_area_m2": null, "data_source": "Census PCA 2011 joined to SHRUG spatial bridge", "join_method": "Exact code-based join: Census Town/Village = SHRUG pc11_village_id", "disclaimer": "Decision Support — Requires Official Verification & Geotechnical Assessment" }, "geometry": { "type": "Point", "coordinates": [ 316155.774611102009658, 3369065.93306243326515 ] } },
{ "type": "Feature", "properties": { "village_id": 42260, "village_name": "Dalsingi", "households": 169, "tot_pop": 775, "pop_male": 359, "pop_female": 416, "pop_sc": 287, "pop_st": 3, "shrid2": "11-05-058-00290-042260", "shrug_state_id": 5, "shrug_district_id": 58, "shrug_subdist_id": 290.0, "direct_zone_overlap": false, "hazard_zone_flag": 0, "hazard_zone_label": "Outside Candidate Hazard-Based Red Zone", "nearest_hazard_distance_m": 4005.2, "dist_to_nearest_redzone_m": 4005.2, "proximity_band": "2 km to 5 km", "nearest_zone_id": "RZ-153", "matched_zone_id": null, "matched_zone_label": null, "matched_zone_mh_score": null, "matched_zone_priority": null, "matched_zone_area_m2": null, "data_source": "Census PCA 2011 joined to SHRUG spatial bridge", "join_method": "Exact code-based join: Census Town/Village = SHRUG pc11_village_id", "disclaimer": "Decision Support — Requires Official Verification & Geotechnical Assessment" }, "geometry": { "type": "Point", "coordinates": [ 315080.038209503749385, 3369094.741384336259216 ] } },
{ "type": "Feature", "properties": { "village_id": 42261, "village_name": "Korl(Kaushalpur)", "households": 98, "tot_pop": 407, "pop_male": 196, "pop_female": 211, "pop_sc": 273, "pop_st": 0, "shrid2": "11-05-058-00290-042261", "shrug_state_id": 5, "shrug_district_id": 58, "shrug_subdist_id": 290.0, "direct_zone_overlap": false, "hazard_zone_flag": 0, "hazard_zone_label": "Outside Candidate Hazard-Based Red Zone", "nearest_hazard_distance_m": 4901.8, "dist_to_nearest_redzone_m": 4901.8, "proximity_band": "2 km to 5 km", "nearest_zone_id": "RZ-153", "matched_zone_id": null, "matched_zone_label": null, "matched_zone_mh_score": null, "matched_zone_priority": null, "matched_zone_area_m2": null, "data_source": "Census PCA 2011 joined to SHRUG spatial bridge", "join_method": "Exact code-based join: Census Town/Village = SHRUG pc11_village_id", "disclaimer": "Decision Support — Requires Official Verification & Geotechnical Assessment" }, "geometry": { "type": "Point", "coordinates": [ 314209.93244032538496, 3368857.574607368558645 ] } },
{ "type": "Feature", "properties": { "village_id": 42262, "village_name": "Kund", "households": 38, "tot_pop": 217, "pop_male": 110, "pop_female": 107, "pop_sc": 43, "pop_st": 0, "shrid2": "11-05-058-00290-042262", "shrug_state_id": 5, "shrug_district_id": 58, "shrug_subdist_id": 290.0, "direct_zone_overlap": false, "hazard_zone_flag": 0, "hazard_zone_label": "Outside Candidate Hazard-Based Red Zone", "nearest_hazard_distance_m": 4169.4, "dist_to_nearest_redzone_m": 4169.4, "proximity_band": "2 km to 5 km", "nearest_zone_id": "RZ-153", "matched_zone_id": null, "matched_zone_label": null, "matched_zone_mh_score": null, "matched_zone_priority": null, "matched_zone_area_m2": null, "data_source": "Census PCA 2011 joined to SHRUG spatial bridge", "join_method": "Exact code-based join: Census Town/Village = SHRUG pc11_village_id", "disclaimer": "Decision Support — Requires Official Verification & Geotechnical Assessment" }, "geometry": { "type": "Point", "coordinates": [ 315172.597744000435341, 3368127.082224320620298 ] } },
{ "type": "Feature", "properties": { "village_id": 42263, "village_name": "Chandrapuri", "households": 39, "tot_pop": 201, "pop_male": 99, "pop_female": 102, "pop_sc": 135, "pop_st": 0, "shrid2": "11-05-058-00290-042263", "shrug_state_id": 5, "shrug_district_id": 58, "shrug_subdist_id": 290.0, "direct_zone_overlap": false, "hazard_zone_flag": 0, "hazard_zone_label": "Outside Candidate Hazard-Based Red Zone", "nearest_hazard_distance_m": 3323.6, "dist_to_nearest_redzone_m": 3323.6, "proximity_band": "2 km to 5 km", "nearest_zone_id": "RZ-153", "matched_zone_id": null, "matched_zone_label": null, "matched_zone_mh_score": null, "matched_zone_priority": null, "matched_zone_area_m2": null, "data_source": "Census PCA 2011 joined to SHRUG spatial bridge", "join_method": "Exact code-based join: Census Town/Village = SHRUG pc11_village_id", "disclaimer": "Decision Support — Requires Official Verification & Geotechnical Assessment" }, "geometry": { "type": "Point", "coordinates": [ 315970.428046051296405, 3368410.639557518996298 ] } },
{ "type": "Feature", "properties": { "village_id": 42264, "village_name": "Gawni Chak Bachwar", "households": 1, "tot_pop": 5, "pop_male": 3, "pop_female": 2, "pop_sc": 0, "pop_st": 0, "shrid2": "11-05-058-00290-042264", "shrug_state_id": 5, "shrug_district_id": 58, "shrug_subdist_id": 290.0, "direct_zone_overlap": false, "hazard_zone_flag": 0, "hazard_zone_label": "Outside Candidate Hazard-Based Red Zone", "nearest_hazard_distance_m": 2370.3, "dist_to_nearest_redzone_m": 2370.3, "proximity_band": "2 km to 5 km", "nearest_zone_id": "RZ-153", "matched_zone_id": null, "matched_zone_label": null, "matched_zone_mh_score": null, "matched_zone_priority": null, "matched_zone_area_m2": null, "data_source": "Census PCA 2011 joined to SHRUG spatial bridge", "join_method": "Exact code-based join: Census Town/Village = SHRUG pc11_village_id", "disclaimer": "Decision Support — Requires Official Verification & Geotechnical Assessment" }, "geometry": { "type": "Point", "coordinates": [ 316875.116340444306843, 3368719.340829487424344 ] } },
{ "type": "Feature", "properties": { "village_id": 42265, "village_name": "Matkhani", "households": 15, "tot_pop": 77, "pop_male": 35, "pop_female": 42, "pop_sc": 0, "pop_st": 0, "shrid2": "11-05-058-00290-042265", "shrug_state_id": 5, "shrug_district_id": 58, "shrug_subdist_id": 290.0, "direct_zone_overlap": false, "hazard_zone_flag": 0, "hazard_zone_label": "Outside Candidate Hazard-Based Red Zone", "nearest_hazard_distance_m": 1986.2, "dist_to_nearest_redzone_m": 1986.2, "proximity_band": "1 km to 2 km", "nearest_zone_id": "RZ-153", "matched_zone_id": null, "matched_zone_label": null, "matched_zone_mh_score": null, "matched_zone_priority": null, "matched_zone_area_m2": null, "data_source": "Census PCA 2011 joined to SHRUG spatial bridge", "join_method": "Exact code-based join: Census Town/Village = SHRUG pc11_village_id", "disclaimer": "Decision Support — Requires Official Verification & Geotechnical Assessment" }, "geometry": { "type": "Point", "coordinates": [ 317689.52452943183016, 3368224.867652381304651 ] } },
{ "type": "Feature", "properties": { "village_id": 42266, "village_name": "Duwarkhu", "households": 10, "tot_pop": 56, "pop_male": 22, "pop_female": 34, "pop_sc": 0, "pop_st": 0, "shrid2": "11-05-058-00290-042266", "shrug_state_id": 5, "shrug_district_id": 58, "shrug_subdist_id": 290.0, "direct_zone_overlap": false, "hazard_zone_flag": 0, "hazard_zone_label": "Outside Candidate Hazard-Based Red Zone", "nearest_hazard_distance_m": 1962.6, "dist_to_nearest_redzone_m": 1962.6, "proximity_band": "1 km to 2 km", "nearest_zone_id": "RZ-153", "matched_zone_id": null, "matched_zone_label": null, "matched_zone_mh_score": null, "matched_zone_priority": null, "matched_zone_area_m2": null, "data_source": "Census PCA 2011 joined to SHRUG spatial bridge", "join_method": "Exact code-based join: Census Town/Village = SHRUG pc11_village_id", "disclaimer": "Decision Support — Requires Official Verification & Geotechnical Assessment" }, "geometry": { "type": "Point", "coordinates": [ 318571.135692166455556, 3367773.985981149598956 ] } },
{ "type": "Feature", "properties": { "village_id": 42267, "village_name": "Bhatwari Sunar", "households": 103, "tot_pop": 433, "pop_male": 206, "pop_female": 227, "pop_sc": 20, "pop_st": 3, "shrid2": "11-05-058-00290-042267", "shrug_state_id": 5, "shrug_district_id": 58, "shrug_subdist_id": 290.0, "direct_zone_overlap": false, "hazard_zone_flag": 0, "hazard_zone_label": "Outside Candidate Hazard-Based Red Zone", "nearest_hazard_distance_m": 2954.8, "dist_to_nearest_redzone_m": 2954.8, "proximity_band": "2 km to 5 km", "nearest_zone_id": "RZ-153", "matched_zone_id": null, "matched_zone_label": null, "matched_zone_mh_score": null, "matched_zone_priority": null, "matched_zone_area_m2": null, "data_source": "Census PCA 2011 joined to SHRUG spatial bridge", "join_method": "Exact code-based join: Census Town/Village = SHRUG pc11_village_id", "disclaimer": "Decision Support — Requires Official Verification & Geotechnical Assessment" }, "geometry": { "type": "Point", "coordinates": [ 316782.157979979063384, 3367775.901860063429922 ] } },
{ "type": "Feature", "properties": { "village_id": 42268, "village_name": "Naili", "households": 42, "tot_pop": 239, "pop_male": 119, "pop_female": 120, "pop_sc": 0, "pop_st": 0, "shrid2": "11-05-058-00290-042268", "shrug_state_id": 5, "shrug_district_id": 58, "shrug_subdist_id": 290.0, "direct_zone_overlap": false, "hazard_zone_flag": 0, "hazard_zone_label": "Outside Candidate Hazard-Based Red Zone", "nearest_hazard_distance_m": 3906.8, "dist_to_nearest_redzone_m": 3906.8, "proximity_band": "2 km to 5 km", "nearest_zone_id": "RZ-153", "matched_zone_id": null, "matched_zone_label": null, "matched_zone_mh_score": null, "matched_zone_priority": null, "matched_zone_area_m2": null, "data_source": "Census PCA 2011 joined to SHRUG spatial bridge", "join_method": "Exact code-based join: Census Town/Village = SHRUG pc11_village_id", "disclaimer": "Decision Support — Requires Official Verification & Geotechnical Assessment" }, "geometry": { "type": "Point", "coordinates": [ 315684.907535710837692, 3367681.455484135076404 ] } },
{ "type": "Feature", "properties": { "village_id": 42269, "village_name": "Guna Kyark", "households": 11, "tot_pop": 57, "pop_male": 32, "pop_female": 25, "pop_sc": 20, "pop_st": 0, "shrid2": "11-05-058-00290-042269", "shrug_state_id": 5, "shrug_district_id": 58, "shrug_subdist_id": 290.0, "direct_zone_overlap": false, "hazard_zone_flag": 0, "hazard_zone_label": "Outside Candidate Hazard-Based Red Zone", "nearest_hazard_distance_m": 4295.1, "dist_to_nearest_redzone_m": 4295.1, "proximity_band": "2 km to 5 km", "nearest_zone_id": "RZ-153", "matched_zone_id": null, "matched_zone_label": null, "matched_zone_mh_score": null, "matched_zone_priority": null, "matched_zone_area_m2": null, "data_source": "Census PCA 2011 joined to SHRUG spatial bridge", "join_method": "Exact code-based join: Census Town/Village = SHRUG pc11_village_id", "disclaimer": "Decision Support — Requires Official Verification & Geotechnical Assessment" }, "geometry": { "type": "Point", "coordinates": [ 315536.367457013111562, 3367198.138518833555281 ] } },
{ "type": "Feature", "properties": { "village_id": 42270, "village_name": "Phalai", "households": 214, "tot_pop": 929, "pop_male": 440, "pop_female": 489, "pop_sc": 268, "pop_st": 0, "shrid2": "11-05-058-00290-042270", "shrug_state_id": 5, "shrug_district_id": 58, "shrug_subdist_id": 290.0, "direct_zone_overlap": false, "hazard_zone_flag": 0, "hazard_zone_label": "Outside Candidate Hazard-Based Red Zone", "nearest_hazard_distance_m": 4742.1, "dist_to_nearest_redzone_m": 4742.1, "proximity_band": "2 km to 5 km", "nearest_zone_id": "RZ-153", "matched_zone_id": null, "matched_zone_label": null, "matched_zone_mh_score": null, "matched_zone_priority": null, "matched_zone_area_m2": null, "data_source": "Census PCA 2011 joined to SHRUG spatial bridge", "join_method": "Exact code-based join: Census Town/Village = SHRUG pc11_village_id", "disclaimer": "Decision Support — Requires Official Verification & Geotechnical Assessment" }, "geometry": { "type": "Point", "coordinates": [ 315345.746910456859041, 3366708.940097515936941 ] } },
{ "type": "Feature", "properties": { "village_id": 42271, "village_name": "Hat", "households": 91, "tot_pop": 395, "pop_male": 163, "pop_female": 232, "pop_sc": 46, "pop_st": 0, "shrid2": "11-05-058-00290-042271", "shrug_state_id": 5, "shrug_district_id": 58, "shrug_subdist_id": 290.0, "direct_zone_overlap": false, "hazard_zone_flag": 0, "hazard_zone_label": "Outside Candidate Hazard-Based Red Zone", "nearest_hazard_distance_m": 5461.3, "dist_to_nearest_redzone_m": 5461.3, "proximity_band": "5 km to 10 km", "nearest_zone_id": "RZ-153", "matched_zone_id": null, "matched_zone_label": null, "matched_zone_mh_score": null, "matched_zone_priority": null, "matched_zone_area_m2": null, "data_source": "Census PCA 2011 joined to SHRUG spatial bridge", "join_method": "Exact code-based join: Census Town/Village = SHRUG pc11_village_id", "disclaimer": "Decision Support — Requires Official Verification & Geotechnical Assessment" }, "geometry": { "type": "Point", "coordinates": [ 314852.658738071972039, 3366175.920878068078309 ] } },
{ "type": "Feature", "properties": { "village_id": 42273, "village_name": "Koti", "households": 40, "tot_pop": 149, "pop_male": 62, "pop_female": 87, "pop_sc": 0, "pop_st": 0, "shrid2": "11-05-058-00290-042273", "shrug_state_id": 5, "shrug_district_id": 58, "shrug_subdist_id": 290.0, "direct_zone_overlap": false, "hazard_zone_flag": 0, "hazard_zone_label": "Outside Candidate Hazard-Based Red Zone", "nearest_hazard_distance_m": 7054.0, "dist_to_nearest_redzone_m": 7054.0, "proximity_band": "5 km to 10 km", "nearest_zone_id": "RZ-153", "matched_zone_id": null, "matched_zone_label": null, "matched_zone_mh_score": null, "matched_zone_priority": null, "matched_zone_area_m2": null, "data_source": "Census PCA 2011 joined to SHRUG spatial bridge", "join_method": "Exact code-based join: Census Town/Village = SHRUG pc11_village_id", "disclaimer": "Decision Support — Requires Official Verification & Geotechnical Assessment" }, "geometry": { "type": "Point", "coordinates": [ 312781.006172297813464, 3366430.413414753507823 ] } },
{ "type": "Feature", "properties": { "village_id": 42274, "village_name": "Dangi", "households": 232, "tot_pop": 934, "pop_male": 423, "pop_female": 511, "pop_sc": 322, "pop_st": 0, "shrid2": "11-05-058-00290-042274", "shrug_state_id": 5, "shrug_district_id": 58, "shrug_subdist_id": 290.0, "direct_zone_overlap": false, "hazard_zone_flag": 0, "hazard_zone_label": "Outside Candidate Hazard-Based Red Zone", "nearest_hazard_distance_m": 6544.3, "dist_to_nearest_redzone_m": 6544.3, "proximity_band": "5 km to 10 km", "nearest_zone_id": "RZ-153", "matched_zone_id": null, "matched_zone_label": null, "matched_zone_mh_score": null, "matched_zone_priority": null, "matched_zone_area_m2": null, "data_source": "Census PCA 2011 joined to SHRUG spatial bridge", "join_method": "Exact code-based join: Census Town/Village = SHRUG pc11_village_id", "disclaimer": "Decision Support — Requires Official Verification & Geotechnical Assessment" }, "geometry": { "type": "Point", "coordinates": [ 312937.782780242734589, 3367320.873402068391442 ] } },
{ "type": "Feature", "properties": { "village_id": 42275, "village_name": "Sogna", "households": 59, "tot_pop": 243, "pop_male": 107, "pop_female": 136, "pop_sc": 133, "pop_st": 0, "shrid2": "11-05-058-00290-042275", "shrug_state_id": 5, "shrug_district_id": 58, "shrug_subdist_id": 290.0, "direct_zone_overlap": false, "hazard_zone_flag": 0, "hazard_zone_label": "Outside Candidate Hazard-Based Red Zone", "nearest_hazard_distance_m": 6754.9, "dist_to_nearest_redzone_m": 6754.9, "proximity_band": "5 km to 10 km", "nearest_zone_id": "RZ-153", "matched_zone_id": null, "matched_zone_label": null, "matched_zone_mh_score": null, "matched_zone_priority": null, "matched_zone_area_m2": null, "data_source": "Census PCA 2011 joined to SHRUG spatial bridge", "join_method": "Exact code-based join: Census Town/Village = SHRUG pc11_village_id", "disclaimer": "Decision Support — Requires Official Verification & Geotechnical Assessment" }, "geometry": { "type": "Point", "coordinates": [ 312590.480883634532802, 3367678.687064927071333 ] } },
{ "type": "Feature", "properties": { "village_id": 42276, "village_name": "Sindhata", "households": 92, "tot_pop": 380, "pop_male": 187, "pop_female": 193, "pop_sc": 69, "pop_st": 0, "shrid2": "11-05-058-00290-042276", "shrug_state_id": 5, "shrug_district_id": 58, "shrug_subdist_id": 290.0, "direct_zone_overlap": false, "hazard_zone_flag": 0, "hazard_zone_label": "Outside Candidate Hazard-Based Red Zone", "nearest_hazard_distance_m": 7772.5, "dist_to_nearest_redzone_m": 7772.5, "proximity_band": "5 km to 10 km", "nearest_zone_id": "RZ-153", "matched_zone_id": null, "matched_zone_label": null, "matched_zone_mh_score": null, "matched_zone_priority": null, "matched_zone_area_m2": null, "data_source": "Census PCA 2011 joined to SHRUG spatial bridge", "join_method": "Exact code-based join: Census Town/Village = SHRUG pc11_village_id", "disclaimer": "Decision Support — Requires Official Verification & Geotechnical Assessment" }, "geometry": { "type": "Point", "coordinates": [ 311802.504709013213869, 3366851.405182078015059 ] } },
{ "type": "Feature", "properties": { "village_id": 42277, "village_name": "Dadoli", "households": 194, "tot_pop": 788, "pop_male": 335, "pop_female": 453, "pop_sc": 131, "pop_st": 0, "shrid2": "11-05-058-00290-042277", "shrug_state_id": 5, "shrug_district_id": 58, "shrug_subdist_id": 290.0, "direct_zone_overlap": false, "hazard_zone_flag": 0, "hazard_zone_label": "Outside Candidate Hazard-Based Red Zone", "nearest_hazard_distance_m": 8905.7, "dist_to_nearest_redzone_m": 8905.7, "proximity_band": "5 km to 10 km", "nearest_zone_id": "RZ-153", "matched_zone_id": null, "matched_zone_label": null, "matched_zone_mh_score": null, "matched_zone_priority": null, "matched_zone_area_m2": null, "data_source": "Census PCA 2011 joined to SHRUG spatial bridge", "join_method": "Exact code-based join: Census Town/Village = SHRUG pc11_village_id", "disclaimer": "Decision Support — Requires Official Verification & Geotechnical Assessment" }, "geometry": { "type": "Point", "coordinates": [ 311010.08073887694627, 3365832.866496043745428 ] } },
{ "type": "Feature", "properties": { "village_id": 42278, "village_name": "Silla Baman Gaon", "households": 314, "tot_pop": 1391, "pop_male": 658, "pop_female": 733, "pop_sc": 727, "pop_st": 3, "shrid2": "11-05-058-00290-042278", "shrug_state_id": 5, "shrug_district_id": 58, "shrug_subdist_id": 290.0, "direct_zone_overlap": false, "hazard_zone_flag": 0, "hazard_zone_label": "Outside Candidate Hazard-Based Red Zone", "nearest_hazard_distance_m": 7791.4, "dist_to_nearest_redzone_m": 7791.4, "proximity_band": "5 km to 10 km", "nearest_zone_id": "RZ-153", "matched_zone_id": null, "matched_zone_label": null, "matched_zone_mh_score": null, "matched_zone_priority": null, "matched_zone_area_m2": null, "data_source": "Census PCA 2011 joined to SHRUG spatial bridge", "join_method": "Exact code-based join: Census Town/Village = SHRUG pc11_village_id", "disclaimer": "Decision Support — Requires Official Verification & Geotechnical Assessment" }, "geometry": { "type": "Point", "coordinates": [ 312216.70194375119172, 3365922.056203621439636 ] } },
{ "type": "Feature", "properties": { "village_id": 42279, "village_name": "Gadanu", "households": 47, "tot_pop": 182, "pop_male": 83, "pop_female": 99, "pop_sc": 59, "pop_st": 0, "shrid2": "11-05-058-00290-042279", "shrug_state_id": 5, "shrug_district_id": 58, "shrug_subdist_id": 290.0, "direct_zone_overlap": false, "hazard_zone_flag": 0, "hazard_zone_label": "Outside Candidate Hazard-Based Red Zone", "nearest_hazard_distance_m": 9235.3, "dist_to_nearest_redzone_m": 9235.3, "proximity_band": "5 km to 10 km", "nearest_zone_id": "RZ-153", "matched_zone_id": null, "matched_zone_label": null, "matched_zone_mh_score": null, "matched_zone_priority": null, "matched_zone_area_m2": null, "data_source": "Census PCA 2011 joined to SHRUG spatial bridge", "join_method": "Exact code-based join: Census Town/Village = SHRUG pc11_village_id", "disclaimer": "Decision Support — Requires Official Verification & Geotechnical Assessment" }, "geometry": { "type": "Point", "coordinates": [ 311403.298048402764834, 3364489.268802465870976 ] } },
{ "type": "Feature", "properties": { "village_id": 42280, "village_name": "Chamarara", "households": 14, "tot_pop": 47, "pop_male": 22, "pop_female": 25, "pop_sc": 0, "pop_st": 0, "shrid2": "11-05-058-00290-042280", "shrug_state_id": 5, "shrug_district_id": 58, "shrug_subdist_id": 290.0, "direct_zone_overlap": false, "hazard_zone_flag": 0, "hazard_zone_label": "Outside Candidate Hazard-Based Red Zone", "nearest_hazard_distance_m": 8230.5, "dist_to_nearest_redzone_m": 8230.5, "proximity_band": "5 km to 10 km", "nearest_zone_id": "RZ-153", "matched_zone_id": null, "matched_zone_label": null, "matched_zone_mh_score": null, "matched_zone_priority": null, "matched_zone_area_m2": null, "data_source": "Census PCA 2011 joined to SHRUG spatial bridge", "join_method": "Exact code-based join: Census Town/Village = SHRUG pc11_village_id", "disclaimer": "Decision Support — Requires Official Verification & Geotechnical Assessment" }, "geometry": { "type": "Point", "coordinates": [ 312439.447904271073639, 3364765.563494607806206 ] } },
{ "type": "Feature", "properties": { "village_id": 42281, "village_name": "Mahardhar", "households": 34, "tot_pop": 160, "pop_male": 88, "pop_female": 72, "pop_sc": 109, "pop_st": 0, "shrid2": "11-05-058-00290-042281", "shrug_state_id": 5, "shrug_district_id": 58, "shrug_subdist_id": 290.0, "direct_zone_overlap": false, "hazard_zone_flag": 0, "hazard_zone_label": "Outside Candidate Hazard-Based Red Zone", "nearest_hazard_distance_m": 7272.9, "dist_to_nearest_redzone_m": 7272.9, "proximity_band": "5 km to 10 km", "nearest_zone_id": "RZ-153", "matched_zone_id": null, "matched_zone_label": null, "matched_zone_mh_score": null, "matched_zone_priority": null, "matched_zone_area_m2": null, "data_source": "Census PCA 2011 joined to SHRUG spatial bridge", "join_method": "Exact code-based join: Census Town/Village = SHRUG pc11_village_id", "disclaimer": "Decision Support — Requires Official Verification & Geotechnical Assessment" }, "geometry": { "type": "Point", "coordinates": [ 313264.283406273229048, 3365262.200009312946349 ] } },
{ "type": "Feature", "properties": { "village_id": 42282, "village_name": "Ginwala", "households": 76, "tot_pop": 379, "pop_male": 172, "pop_female": 207, "pop_sc": 0, "pop_st": 0, "shrid2": "11-05-058-00290-042282", "shrug_state_id": 5, "shrug_district_id": 58, "shrug_subdist_id": 290.0, "direct_zone_overlap": false, "hazard_zone_flag": 0, "hazard_zone_label": "Outside Candidate Hazard-Based Red Zone", "nearest_hazard_distance_m": 4116.6, "dist_to_nearest_redzone_m": 4116.6, "proximity_band": "2 km to 5 km", "nearest_zone_id": "RZ-153", "matched_zone_id": null, "matched_zone_label": null, "matched_zone_mh_score": null, "matched_zone_priority": null, "matched_zone_area_m2": null, "data_source": "Census PCA 2011 joined to SHRUG spatial bridge", "join_method": "Exact code-based join: Census Town/Village = SHRUG pc11_village_id", "disclaimer": "Decision Support — Requires Official Verification & Geotechnical Assessment" }, "geometry": { "type": "Point", "coordinates": [ 316089.657158854417503, 3366810.731552735436708 ] } },
{ "type": "Feature", "properties": { "village_id": 42283, "village_name": "Gabni Gaon", "households": 85, "tot_pop": 380, "pop_male": 207, "pop_female": 173, "pop_sc": 51, "pop_st": 0, "shrid2": "11-05-058-00290-042283", "shrug_state_id": 5, "shrug_district_id": 58, "shrug_subdist_id": 290.0, "direct_zone_overlap": false, "hazard_zone_flag": 0, "hazard_zone_label": "Outside Candidate Hazard-Based Red Zone", "nearest_hazard_distance_m": 3460.2, "dist_to_nearest_redzone_m": 3460.2, "proximity_band": "2 km to 5 km", "nearest_zone_id": "RZ-153", "matched_zone_id": null, "matched_zone_label": null, "matched_zone_mh_score": null, "matched_zone_priority": null, "matched_zone_area_m2": null, "data_source": "Census PCA 2011 joined to SHRUG spatial bridge", "join_method": "Exact code-based join: Census Town/Village = SHRUG pc11_village_id", "disclaimer": "Decision Support — Requires Official Verification & Geotechnical Assessment" }, "geometry": { "type": "Point", "coordinates": [ 316597.119986371602863, 3367230.890010873787105 ] } },
{ "type": "Feature", "properties": { "village_id": 42284, "village_name": "Butola Gaon", "households": 61, "tot_pop": 253, "pop_male": 110, "pop_female": 143, "pop_sc": 1, "pop_st": 0, "shrid2": "11-05-058-00290-042284", "shrug_state_id": 5, "shrug_district_id": 58, "shrug_subdist_id": 290.0, "direct_zone_overlap": false, "hazard_zone_flag": 0, "hazard_zone_label": "Outside Candidate Hazard-Based Red Zone", "nearest_hazard_distance_m": 2916.3, "dist_to_nearest_redzone_m": 2916.3, "proximity_band": "2 km to 5 km", "nearest_zone_id": "RZ-153", "matched_zone_id": null, "matched_zone_label": null, "matched_zone_mh_score": null, "matched_zone_priority": null, "matched_zone_area_m2": null, "data_source": "Census PCA 2011 joined to SHRUG spatial bridge", "join_method": "Exact code-based join: Census Town/Village = SHRUG pc11_village_id", "disclaimer": "Decision Support — Requires Official Verification & Geotechnical Assessment" }, "geometry": { "type": "Point", "coordinates": [ 317278.746416281908751, 3367356.513516970910132 ] } },
{ "type": "Feature", "properties": { "village_id": 42285, "village_name": "Kakola", "households": 30, "tot_pop": 141, "pop_male": 68, "pop_female": 73, "pop_sc": 0, "pop_st": 0, "shrid2": "11-05-058-00290-042285", "shrug_state_id": 5, "shrug_district_id": 58, "shrug_subdist_id": 290.0, "direct_zone_overlap": false, "hazard_zone_flag": 0, "hazard_zone_label": "Outside Candidate Hazard-Based Red Zone", "nearest_hazard_distance_m": 2623.1, "dist_to_nearest_redzone_m": 2623.1, "proximity_band": "2 km to 5 km", "nearest_zone_id": "RZ-153", "matched_zone_id": null, "matched_zone_label": null, "matched_zone_mh_score": null, "matched_zone_priority": null, "matched_zone_area_m2": null, "data_source": "Census PCA 2011 joined to SHRUG spatial bridge", "join_method": "Exact code-based join: Census Town/Village = SHRUG pc11_village_id", "disclaimer": "Decision Support — Requires Official Verification & Geotechnical Assessment" }, "geometry": { "type": "Point", "coordinates": [ 317919.598041082615964, 3367308.479050907772034 ] } },
{ "type": "Feature", "properties": { "village_id": 42286, "village_name": "Gugali", "households": 30, "tot_pop": 114, "pop_male": 46, "pop_female": 68, "pop_sc": 0, "pop_st": 0, "shrid2": "11-05-058-00290-042286", "shrug_state_id": 5, "shrug_district_id": 58, "shrug_subdist_id": 290.0, "direct_zone_overlap": false, "hazard_zone_flag": 0, "hazard_zone_label": "Outside Candidate Hazard-Based Red Zone", "nearest_hazard_distance_m": 2596.8, "dist_to_nearest_redzone_m": 2596.8, "proximity_band": "2 km to 5 km", "nearest_zone_id": "RZ-153", "matched_zone_id": null, "matched_zone_label": null, "matched_zone_mh_score": null, "matched_zone_priority": null, "matched_zone_area_m2": null, "data_source": "Census PCA 2011 joined to SHRUG spatial bridge", "join_method": "Exact code-based join: Census Town/Village = SHRUG pc11_village_id", "disclaimer": "Decision Support — Requires Official Verification & Geotechnical Assessment" }, "geometry": { "type": "Point", "coordinates": [ 318482.595805316697806, 3367143.340926710050553 ] } },
{ "type": "Feature", "properties": { "village_id": 42287, "village_name": "Mahar Gaon", "households": 14, "tot_pop": 80, "pop_male": 47, "pop_female": 33, "pop_sc": 41, "pop_st": 0, "shrid2": "11-05-058-00290-042287", "shrug_state_id": 5, "shrug_district_id": 58, "shrug_subdist_id": 290.0, "direct_zone_overlap": false, "hazard_zone_flag": 0, "hazard_zone_label": "Outside Candidate Hazard-Based Red Zone", "nearest_hazard_distance_m": 3146.7, "dist_to_nearest_redzone_m": 3146.7, "proximity_band": "2 km to 5 km", "nearest_zone_id": "RZ-153", "matched_zone_id": null, "matched_zone_label": null, "matched_zone_mh_score": null, "matched_zone_priority": null, "matched_zone_area_m2": null, "data_source": "Census PCA 2011 joined to SHRUG spatial bridge", "join_method": "Exact code-based join: Census Town/Village = SHRUG pc11_village_id", "disclaimer": "Decision Support — Requires Official Verification & Geotechnical Assessment" }, "geometry": { "type": "Point", "coordinates": [ 317497.198972234502435, 3366937.903154093772173 ] } },
{ "type": "Feature", "properties": { "village_id": 42288, "village_name": "Shishi", "households": 39, "tot_pop": 178, "pop_male": 80, "pop_female": 98, "pop_sc": 0, "pop_st": 0, "shrid2": "11-05-058-00290-042288", "shrug_state_id": 5, "shrug_district_id": 58, "shrug_subdist_id": 290.0, "direct_zone_overlap": false, "hazard_zone_flag": 0, "hazard_zone_label": "Outside Candidate Hazard-Based Red Zone", "nearest_hazard_distance_m": 3817.6, "dist_to_nearest_redzone_m": 3817.6, "proximity_band": "2 km to 5 km", "nearest_zone_id": "RZ-153", "matched_zone_id": null, "matched_zone_label": null, "matched_zone_mh_score": null, "matched_zone_priority": null, "matched_zone_area_m2": null, "data_source": "Census PCA 2011 joined to SHRUG spatial bridge", "join_method": "Exact code-based join: Census Town/Village = SHRUG pc11_village_id", "disclaimer": "Decision Support — Requires Official Verification & Geotechnical Assessment" }, "geometry": { "type": "Point", "coordinates": [ 316681.211649496806785, 3366679.262046039104462 ] } },
{ "type": "Feature", "properties": { "village_id": 42289, "village_name": "Tondala", "households": 126, "tot_pop": 489, "pop_male": 219, "pop_female": 270, "pop_sc": 5, "pop_st": 0, "shrid2": "11-05-058-00290-042289", "shrug_state_id": 5, "shrug_district_id": 58, "shrug_subdist_id": 290.0, "direct_zone_overlap": false, "hazard_zone_flag": 0, "hazard_zone_label": "Outside Candidate Hazard-Based Red Zone", "nearest_hazard_distance_m": 3823.2, "dist_to_nearest_redzone_m": 3823.2, "proximity_band": "2 km to 5 km", "nearest_zone_id": "RZ-153", "matched_zone_id": null, "matched_zone_label": null, "matched_zone_mh_score": null, "matched_zone_priority": null, "matched_zone_area_m2": null, "data_source": "Census PCA 2011 joined to SHRUG spatial bridge", "join_method": "Exact code-based join: Census Town/Village = SHRUG pc11_village_id", "disclaimer": "Decision Support — Requires Official Verification & Geotechnical Assessment" }, "geometry": { "type": "Point", "coordinates": [ 317024.644836668274365, 3366431.752974206581712 ] } },
{ "type": "Feature", "properties": { "village_id": 42290, "village_name": "Kala Kot", "households": 35, "tot_pop": 168, "pop_male": 84, "pop_female": 84, "pop_sc": 5, "pop_st": 0, "shrid2": "11-05-058-00290-042290", "shrug_state_id": 5, "shrug_district_id": 58, "shrug_subdist_id": 290.0, "direct_zone_overlap": false, "hazard_zone_flag": 0, "hazard_zone_label": "Outside Candidate Hazard-Based Red Zone", "nearest_hazard_distance_m": 3628.0, "dist_to_nearest_redzone_m": 3628.0, "proximity_band": "2 km to 5 km", "nearest_zone_id": "RZ-153", "matched_zone_id": null, "matched_zone_label": null, "matched_zone_mh_score": null, "matched_zone_priority": null, "matched_zone_area_m2": null, "data_source": "Census PCA 2011 joined to SHRUG spatial bridge", "join_method": "Exact code-based join: Census Town/Village = SHRUG pc11_village_id", "disclaimer": "Decision Support — Requires Official Verification & Geotechnical Assessment" }, "geometry": { "type": "Point", "coordinates": [ 317620.863947535399348, 3366341.229189877863973 ] } },
{ "type": "Feature", "properties": { "village_id": 42291, "village_name": "Dhar", "households": 46, "tot_pop": 207, "pop_male": 97, "pop_female": 110, "pop_sc": 0, "pop_st": 0, "shrid2": "11-05-058-00290-042291", "shrug_state_id": 5, "shrug_district_id": 58, "shrug_subdist_id": 290.0, "direct_zone_overlap": false, "hazard_zone_flag": 0, "hazard_zone_label": "Outside Candidate Hazard-Based Red Zone", "nearest_hazard_distance_m": 4407.9, "dist_to_nearest_redzone_m": 4407.9, "proximity_band": "2 km to 5 km", "nearest_zone_id": "RZ-153", "matched_zone_id": null, "matched_zone_label": null, "matched_zone_mh_score": null, "matched_zone_priority": null, "matched_zone_area_m2": null, "data_source": "Census PCA 2011 joined to SHRUG spatial bridge", "join_method": "Exact code-based join: Census Town/Village = SHRUG pc11_village_id", "disclaimer": "Decision Support — Requires Official Verification & Geotechnical Assessment" }, "geometry": { "type": "Point", "coordinates": [ 316832.83154376182938, 3365865.050130978226662 ] } },
{ "type": "Feature", "properties": { "village_id": 42292, "village_name": "Pillu ", "households": 116, "tot_pop": 507, "pop_male": 215, "pop_female": 292, "pop_sc": 73, "pop_st": 0, "shrid2": "11-05-058-00290-042292", "shrug_state_id": 5, "shrug_district_id": 58, "shrug_subdist_id": 290.0, "direct_zone_overlap": false, "hazard_zone_flag": 0, "hazard_zone_label": "Outside Candidate Hazard-Based Red Zone", "nearest_hazard_distance_m": 4010.5, "dist_to_nearest_redzone_m": 4010.5, "proximity_band": "2 km to 5 km", "nearest_zone_id": "RZ-153", "matched_zone_id": null, "matched_zone_label": null, "matched_zone_mh_score": null, "matched_zone_priority": null, "matched_zone_area_m2": null, "data_source": "Census PCA 2011 joined to SHRUG spatial bridge", "join_method": "Exact code-based join: Census Town/Village = SHRUG pc11_village_id", "disclaimer": "Decision Support — Requires Official Verification & Geotechnical Assessment" }, "geometry": { "type": "Point", "coordinates": [ 318319.586327678989619, 3365734.331100947223604 ] } },
{ "type": "Feature", "properties": { "village_id": 42293, "village_name": "Jahangi", "households": 80, "tot_pop": 332, "pop_male": 135, "pop_female": 197, "pop_sc": 0, "pop_st": 0, "shrid2": "11-05-058-00290-042293", "shrug_state_id": 5, "shrug_district_id": 58, "shrug_subdist_id": 290.0, "direct_zone_overlap": false, "hazard_zone_flag": 0, "hazard_zone_label": "Outside Candidate Hazard-Based Red Zone", "nearest_hazard_distance_m": 4432.6, "dist_to_nearest_redzone_m": 4432.6, "proximity_band": "2 km to 5 km", "nearest_zone_id": "RZ-153", "matched_zone_id": null, "matched_zone_label": null, "matched_zone_mh_score": null, "matched_zone_priority": null, "matched_zone_area_m2": null, "data_source": "Census PCA 2011 joined to SHRUG spatial bridge", "join_method": "Exact code-based join: Census Town/Village = SHRUG pc11_village_id", "disclaimer": "Decision Support — Requires Official Verification & Geotechnical Assessment" }, "geometry": { "type": "Point", "coordinates": [ 318383.108047755551524, 3365295.783181223552674 ] } },
{ "type": "Feature", "properties": { "village_id": 42294, "village_name": "Toliyon", "households": 39, "tot_pop": 175, "pop_male": 82, "pop_female": 93, "pop_sc": 119, "pop_st": 0, "shrid2": "11-05-058-00290-042294", "shrug_state_id": 5, "shrug_district_id": 58, "shrug_subdist_id": 290.0, "direct_zone_overlap": false, "hazard_zone_flag": 0, "hazard_zone_label": "Outside Candidate Hazard-Based Red Zone", "nearest_hazard_distance_m": 4938.4, "dist_to_nearest_redzone_m": 4938.4, "proximity_band": "2 km to 5 km", "nearest_zone_id": "RZ-153", "matched_zone_id": null, "matched_zone_label": null, "matched_zone_mh_score": null, "matched_zone_priority": null, "matched_zone_area_m2": null, "data_source": "Census PCA 2011 joined to SHRUG spatial bridge", "join_method": "Exact code-based join: Census Town/Village = SHRUG pc11_village_id", "disclaimer": "Decision Support — Requires Official Verification & Geotechnical Assessment" }, "geometry": { "type": "Point", "coordinates": [ 317282.000564055517316, 3365065.131395590491593 ] } },
{ "type": "Feature", "properties": { "village_id": 42295, "village_name": "Tilsari", "households": 44, "tot_pop": 153, "pop_male": 63, "pop_female": 90, "pop_sc": 19, "pop_st": 0, "shrid2": "11-05-058-00290-042295", "shrug_state_id": 5, "shrug_district_id": 58, "shrug_subdist_id": 290.0, "direct_zone_overlap": false, "hazard_zone_flag": 0, "hazard_zone_label": "Outside Candidate Hazard-Based Red Zone", "nearest_hazard_distance_m": 5203.8, "dist_to_nearest_redzone_m": 5203.8, "proximity_band": "5 km to 10 km", "nearest_zone_id": "RZ-153", "matched_zone_id": null, "matched_zone_label": null, "matched_zone_mh_score": null, "matched_zone_priority": null, "matched_zone_area_m2": null, "data_source": "Census PCA 2011 joined to SHRUG spatial bridge", "join_method": "Exact code-based join: Census Town/Village = SHRUG pc11_village_id", "disclaimer": "Decision Support — Requires Official Verification & Geotechnical Assessment" }, "geometry": { "type": "Point", "coordinates": [ 316496.934055188554339, 3365140.35251783952117 ] } },
{ "type": "Feature", "properties": { "village_id": 42296, "village_name": "Onga Laga Kamsal", "households": 22, "tot_pop": 90, "pop_male": 41, "pop_female": 49, "pop_sc": 0, "pop_st": 0, "shrid2": "11-05-058-00290-042296", "shrug_state_id": 5, "shrug_district_id": 58, "shrug_subdist_id": 290.0, "direct_zone_overlap": false, "hazard_zone_flag": 0, "hazard_zone_label": "Outside Candidate Hazard-Based Red Zone", "nearest_hazard_distance_m": 5630.9, "dist_to_nearest_redzone_m": 5630.9, "proximity_band": "5 km to 10 km", "nearest_zone_id": "RZ-153", "matched_zone_id": null, "matched_zone_label": null, "matched_zone_mh_score": null, "matched_zone_priority": null, "matched_zone_area_m2": null, "data_source": "Census PCA 2011 joined to SHRUG spatial bridge", "join_method": "Exact code-based join: Census Town/Village = SHRUG pc11_village_id", "disclaimer": "Decision Support — Requires Official Verification & Geotechnical Assessment" }, "geometry": { "type": "Point", "coordinates": [ 315751.844941946561448, 3365109.775479975156486 ] } },
{ "type": "Feature", "properties": { "village_id": 42297, "village_name": "Kamsal", "households": 144, "tot_pop": 632, "pop_male": 311, "pop_female": 321, "pop_sc": 462, "pop_st": 0, "shrid2": "11-05-058-00290-042297", "shrug_state_id": 5, "shrug_district_id": 58, "shrug_subdist_id": 290.0, "direct_zone_overlap": false, "hazard_zone_flag": 0, "hazard_zone_label": "Outside Candidate Hazard-Based Red Zone", "nearest_hazard_distance_m": 5902.8, "dist_to_nearest_redzone_m": 5902.8, "proximity_band": "5 km to 10 km", "nearest_zone_id": "RZ-153", "matched_zone_id": null, "matched_zone_label": null, "matched_zone_mh_score": null, "matched_zone_priority": null, "matched_zone_area_m2": null, "data_source": "Census PCA 2011 joined to SHRUG spatial bridge", "join_method": "Exact code-based join: Census Town/Village = SHRUG pc11_village_id", "disclaimer": "Decision Support — Requires Official Verification & Geotechnical Assessment" }, "geometry": { "type": "Point", "coordinates": [ 316103.545686326455325, 3364559.92574606416747 ] } },
{ "type": "Feature", "properties": { "village_id": 42298, "village_name": "Jagoth", "households": 147, "tot_pop": 658, "pop_male": 329, "pop_female": 329, "pop_sc": 341, "pop_st": 0, "shrid2": "11-05-058-00290-042298", "shrug_state_id": 5, "shrug_district_id": 58, "shrug_subdist_id": 290.0, "direct_zone_overlap": false, "hazard_zone_flag": 0, "hazard_zone_label": "Outside Candidate Hazard-Based Red Zone", "nearest_hazard_distance_m": 5931.2, "dist_to_nearest_redzone_m": 5931.2, "proximity_band": "5 km to 10 km", "nearest_zone_id": "RZ-153", "matched_zone_id": null, "matched_zone_label": null, "matched_zone_mh_score": null, "matched_zone_priority": null, "matched_zone_area_m2": null, "data_source": "Census PCA 2011 joined to SHRUG spatial bridge", "join_method": "Exact code-based join: Census Town/Village = SHRUG pc11_village_id", "disclaimer": "Decision Support — Requires Official Verification & Geotechnical Assessment" }, "geometry": { "type": "Point", "coordinates": [ 317162.989989930880256, 3364053.564418624620885 ] } },
{ "type": "Feature", "properties": { "village_id": 42299, "village_name": "Banjgadu", "households": 34, "tot_pop": 139, "pop_male": 61, "pop_female": 78, "pop_sc": 10, "pop_st": 0, "shrid2": "11-05-058-00290-042299", "shrug_state_id": 5, "shrug_district_id": 58, "shrug_subdist_id": 290.0, "direct_zone_overlap": false, "hazard_zone_flag": 0, "hazard_zone_label": "Outside Candidate Hazard-Based Red Zone", "nearest_hazard_distance_m": 5036.9, "dist_to_nearest_redzone_m": 5036.9, "proximity_band": "5 km to 10 km", "nearest_zone_id": "RZ-153", "matched_zone_id": null, "matched_zone_label": null, "matched_zone_mh_score": null, "matched_zone_priority": null, "matched_zone_area_m2": null, "data_source": "Census PCA 2011 joined to SHRUG spatial bridge", "join_method": "Exact code-based join: Census Town/Village = SHRUG pc11_village_id", "disclaimer": "Decision Support — Requires Official Verification & Geotechnical Assessment" }, "geometry": { "type": "Point", "coordinates": [ 318263.850204500544351, 3364702.778176058549434 ] } },
{ "type": "Feature", "properties": { "village_id": 42301, "village_name": "F-2", "households": 1, "tot_pop": 1, "pop_male": 1, "pop_female": 0, "pop_sc": 0, "pop_st": 0, "shrid2": "11-05-058-00290-042301", "shrug_state_id": 5, "shrug_district_id": 58, "shrug_subdist_id": 290.0, "direct_zone_overlap": false, "hazard_zone_flag": 0, "hazard_zone_label": "Outside Candidate Hazard-Based Red Zone", "nearest_hazard_distance_m": 7977.6, "dist_to_nearest_redzone_m": 7977.6, "proximity_band": "5 km to 10 km", "nearest_zone_id": "RZ-153", "matched_zone_id": null, "matched_zone_label": null, "matched_zone_mh_score": null, "matched_zone_priority": null, "matched_zone_area_m2": null, "data_source": "Census PCA 2011 joined to SHRUG spatial bridge", "join_method": "Exact code-based join: Census Town/Village = SHRUG pc11_village_id", "disclaimer": "Decision Support — Requires Official Verification & Geotechnical Assessment" }, "geometry": { "type": "Point", "coordinates": [ 322832.344068256788887, 3362597.659910639282316 ] } },
{ "type": "Feature", "properties": { "village_id": 42302, "village_name": "Mosar", "households": 69, "tot_pop": 318, "pop_male": 125, "pop_female": 193, "pop_sc": 64, "pop_st": 1, "shrid2": "11-05-058-00291-042302", "shrug_state_id": 5, "shrug_district_id": 58, "shrug_subdist_id": 291.0, "direct_zone_overlap": false, "hazard_zone_flag": 0, "hazard_zone_label": "Outside Candidate Hazard-Based Red Zone", "nearest_hazard_distance_m": 10000.4, "dist_to_nearest_redzone_m": 10000.4, "proximity_band": "Beyond 10 km", "nearest_zone_id": "RZ-250", "matched_zone_id": null, "matched_zone_label": null, "matched_zone_mh_score": null, "matched_zone_priority": null, "matched_zone_area_m2": null, "data_source": "Census PCA 2011 joined to SHRUG spatial bridge", "join_method": "Exact code-based join: Census Town/Village = SHRUG pc11_village_id", "disclaimer": "Decision Support — Requires Official Verification & Geotechnical Assessment" }, "geometry": { "type": "Point", "coordinates": [ 299205.588893363485113, 3359787.993738831020892 ] } },
{ "type": "Feature", "properties": { "village_id": 42303, "village_name": "Mahar Gaon", "households": 35, "tot_pop": 157, "pop_male": 65, "pop_female": 92, "pop_sc": 20, "pop_st": 0, "shrid2": "11-05-058-00291-042303", "shrug_state_id": 5, "shrug_district_id": 58, "shrug_subdist_id": 291.0, "direct_zone_overlap": false, "hazard_zone_flag": 0, "hazard_zone_label": "Outside Candidate Hazard-Based Red Zone", "nearest_hazard_distance_m": 10087.1, "dist_to_nearest_redzone_m": 10087.1, "proximity_band": "Beyond 10 km", "nearest_zone_id": "RZ-250", "matched_zone_id": null, "matched_zone_label": null, "matched_zone_mh_score": null, "matched_zone_priority": null, "matched_zone_area_m2": null, "data_source": "Census PCA 2011 joined to SHRUG spatial bridge", "join_method": "Exact code-based join: Census Town/Village = SHRUG pc11_village_id", "disclaimer": "Decision Support — Requires Official Verification & Geotechnical Assessment" }, "geometry": { "type": "Point", "coordinates": [ 298361.141857383481693, 3359450.07251799153164 ] } },
{ "type": "Feature", "properties": { "village_id": 42304, "village_name": "Math Gaon", "households": 145, "tot_pop": 629, "pop_male": 251, "pop_female": 378, "pop_sc": 36, "pop_st": 0, "shrid2": "11-05-058-00291-042304", "shrug_state_id": 5, "shrug_district_id": 58, "shrug_subdist_id": 291.0, "direct_zone_overlap": false, "hazard_zone_flag": 0, "hazard_zone_label": "Outside Candidate Hazard-Based Red Zone", "nearest_hazard_distance_m": 9050.5, "dist_to_nearest_redzone_m": 9050.5, "proximity_band": "5 km to 10 km", "nearest_zone_id": "RZ-250", "matched_zone_id": null, "matched_zone_label": null, "matched_zone_mh_score": null, "matched_zone_priority": null, "matched_zone_area_m2": null, "data_source": "Census PCA 2011 joined to SHRUG spatial bridge", "join_method": "Exact code-based join: Census Town/Village = SHRUG pc11_village_id", "disclaimer": "Decision Support — Requires Official Verification & Geotechnical Assessment" }, "geometry": { "type": "Point", "coordinates": [ 298995.68062637897674, 3358617.877100815530866 ] } },
{ "type": "Feature", "properties": { "village_id": 42305, "village_name": "Saunda", "households": 178, "tot_pop": 710, "pop_male": 318, "pop_female": 392, "pop_sc": 20, "pop_st": 0, "shrid2": "11-05-058-00291-042305", "shrug_state_id": 5, "shrug_district_id": 58, "shrug_subdist_id": 291.0, "direct_zone_overlap": false, "hazard_zone_flag": 0, "hazard_zone_label": "Outside Candidate Hazard-Based Red Zone", "nearest_hazard_distance_m": 8607.5, "dist_to_nearest_redzone_m": 8607.5, "proximity_band": "5 km to 10 km", "nearest_zone_id": "RZ-250", "matched_zone_id": null, "matched_zone_label": null, "matched_zone_mh_score": null, "matched_zone_priority": null, "matched_zone_area_m2": null, "data_source": "Census PCA 2011 joined to SHRUG spatial bridge", "join_method": "Exact code-based join: Census Town/Village = SHRUG pc11_village_id", "disclaimer": "Decision Support — Requires Official Verification & Geotechnical Assessment" }, "geometry": { "type": "Point", "coordinates": [ 300133.711529898806475, 3358672.546567889396101 ] } },
{ "type": "Feature", "properties": { "village_id": 42306, "village_name": "Sakanyana", "households": 62, "tot_pop": 255, "pop_male": 108, "pop_female": 147, "pop_sc": 86, "pop_st": 0, "shrid2": "11-05-058-00291-042306", "shrug_state_id": 5, "shrug_district_id": 58, "shrug_subdist_id": 291.0, "direct_zone_overlap": false, "hazard_zone_flag": 0, "hazard_zone_label": "Outside Candidate Hazard-Based Red Zone", "nearest_hazard_distance_m": 7346.6, "dist_to_nearest_redzone_m": 7346.6, "proximity_band": "5 km to 10 km", "nearest_zone_id": "RZ-250", "matched_zone_id": null, "matched_zone_label": null, "matched_zone_mh_score": null, "matched_zone_priority": null, "matched_zone_area_m2": null, "data_source": "Census PCA 2011 joined to SHRUG spatial bridge", "join_method": "Exact code-based join: Census Town/Village = SHRUG pc11_village_id", "disclaimer": "Decision Support — Requires Official Verification & Geotechnical Assessment" }, "geometry": { "type": "Point", "coordinates": [ 301817.912622974254191, 3357880.023603286128491 ] } },
{ "type": "Feature", "properties": { "village_id": 42307, "village_name": "Thapala", "households": 24, "tot_pop": 99, "pop_male": 36, "pop_female": 63, "pop_sc": 0, "pop_st": 0, "shrid2": "11-05-058-00291-042307", "shrug_state_id": 5, "shrug_district_id": 58, "shrug_subdist_id": 291.0, "direct_zone_overlap": false, "hazard_zone_flag": 0, "hazard_zone_label": "Outside Candidate Hazard-Based Red Zone", "nearest_hazard_distance_m": 6671.2, "dist_to_nearest_redzone_m": 6671.2, "proximity_band": "5 km to 10 km", "nearest_zone_id": "RZ-250", "matched_zone_id": null, "matched_zone_label": null, "matched_zone_mh_score": null, "matched_zone_priority": null, "matched_zone_area_m2": null, "data_source": "Census PCA 2011 joined to SHRUG spatial bridge", "join_method": "Exact code-based join: Census Town/Village = SHRUG pc11_village_id", "disclaimer": "Decision Support — Requires Official Verification & Geotechnical Assessment" }, "geometry": { "type": "Point", "coordinates": [ 301215.071547025116161, 3357011.13026344915852 ] } },
{ "type": "Feature", "properties": { "village_id": 42308, "village_name": "Timali", "households": 101, "tot_pop": 375, "pop_male": 168, "pop_female": 207, "pop_sc": 67, "pop_st": 0, "shrid2": "11-05-058-00291-042308", "shrug_state_id": 5, "shrug_district_id": 58, "shrug_subdist_id": 291.0, "direct_zone_overlap": false, "hazard_zone_flag": 0, "hazard_zone_label": "Outside Candidate Hazard-Based Red Zone", "nearest_hazard_distance_m": 7762.9, "dist_to_nearest_redzone_m": 7762.9, "proximity_band": "5 km to 10 km", "nearest_zone_id": "RZ-250", "matched_zone_id": null, "matched_zone_label": null, "matched_zone_mh_score": null, "matched_zone_priority": null, "matched_zone_area_m2": null, "data_source": "Census PCA 2011 joined to SHRUG spatial bridge", "join_method": "Exact code-based join: Census Town/Village = SHRUG pc11_village_id", "disclaimer": "Decision Support — Requires Official Verification & Geotechnical Assessment" }, "geometry": { "type": "Point", "coordinates": [ 299613.205752660171129, 3357487.941802181303501 ] } },
{ "type": "Feature", "properties": { "village_id": 42309, "village_name": "Dhaunda", "households": 179, "tot_pop": 843, "pop_male": 373, "pop_female": 470, "pop_sc": 191, "pop_st": 0, "shrid2": "11-05-058-00291-042309", "shrug_state_id": 5, "shrug_district_id": 58, "shrug_subdist_id": 291.0, "direct_zone_overlap": false, "hazard_zone_flag": 0, "hazard_zone_label": "Outside Candidate Hazard-Based Red Zone", "nearest_hazard_distance_m": 8715.6, "dist_to_nearest_redzone_m": 8715.6, "proximity_band": "5 km to 10 km", "nearest_zone_id": "RZ-250", "matched_zone_id": null, "matched_zone_label": null, "matched_zone_mh_score": null, "matched_zone_priority": null, "matched_zone_area_m2": null, "data_source": "Census PCA 2011 joined to SHRUG spatial bridge", "join_method": "Exact code-based join: Census Town/Village = SHRUG pc11_village_id", "disclaimer": "Decision Support — Requires Official Verification & Geotechnical Assessment" }, "geometry": { "type": "Point", "coordinates": [ 298187.765011213603429, 3357699.777957317885011 ] } },
{ "type": "Feature", "properties": { "village_id": 42310, "village_name": "Chaura Sirai", "households": 38, "tot_pop": 164, "pop_male": 84, "pop_female": 80, "pop_sc": 5, "pop_st": 0, "shrid2": "11-05-058-00291-042310", "shrug_state_id": 5, "shrug_district_id": 58, "shrug_subdist_id": 291.0, "direct_zone_overlap": false, "hazard_zone_flag": 0, "hazard_zone_label": "Outside Candidate Hazard-Based Red Zone", "nearest_hazard_distance_m": 8515.2, "dist_to_nearest_redzone_m": 8515.2, "proximity_band": "5 km to 10 km", "nearest_zone_id": "RZ-250", "matched_zone_id": null, "matched_zone_label": null, "matched_zone_mh_score": null, "matched_zone_priority": null, "matched_zone_area_m2": null, "data_source": "Census PCA 2011 joined to SHRUG spatial bridge", "join_method": "Exact code-based join: Census Town/Village = SHRUG pc11_village_id", "disclaimer": "Decision Support — Requires Official Verification & Geotechnical Assessment" }, "geometry": { "type": "Point", "coordinates": [ 296288.175372527912259, 3355410.178795616608113 ] } },
{ "type": "Feature", "properties": { "village_id": 42311, "village_name": "Bhyuta", "households": 49, "tot_pop": 185, "pop_male": 88, "pop_female": 97, "pop_sc": 60, "pop_st": 4, "shrid2": "11-05-058-00291-042311", "shrug_state_id": 5, "shrug_district_id": 58, "shrug_subdist_id": 291.0, "direct_zone_overlap": false, "hazard_zone_flag": 0, "hazard_zone_label": "Outside Candidate Hazard-Based Red Zone", "nearest_hazard_distance_m": 7595.6, "dist_to_nearest_redzone_m": 7595.6, "proximity_band": "5 km to 10 km", "nearest_zone_id": "RZ-250", "matched_zone_id": null, "matched_zone_label": null, "matched_zone_mh_score": null, "matched_zone_priority": null, "matched_zone_area_m2": null, "data_source": "Census PCA 2011 joined to SHRUG spatial bridge", "join_method": "Exact code-based join: Census Town/Village = SHRUG pc11_village_id", "disclaimer": "Decision Support — Requires Official Verification & Geotechnical Assessment" }, "geometry": { "type": "Point", "coordinates": [ 297403.832930494449101, 3355385.829274355433881 ] } },
{ "type": "Feature", "properties": { "village_id": 42312, "village_name": "Kaphna", "households": 93, "tot_pop": 394, "pop_male": 179, "pop_female": 215, "pop_sc": 1, "pop_st": 0, "shrid2": "11-05-058-00291-042312", "shrug_state_id": 5, "shrug_district_id": 58, "shrug_subdist_id": 291.0, "direct_zone_overlap": false, "hazard_zone_flag": 0, "hazard_zone_label": "Outside Candidate Hazard-Based Red Zone", "nearest_hazard_distance_m": 6186.6, "dist_to_nearest_redzone_m": 6186.6, "proximity_band": "5 km to 10 km", "nearest_zone_id": "RZ-250", "matched_zone_id": null, "matched_zone_label": null, "matched_zone_mh_score": null, "matched_zone_priority": null, "matched_zone_area_m2": null, "data_source": "Census PCA 2011 joined to SHRUG spatial bridge", "join_method": "Exact code-based join: Census Town/Village = SHRUG pc11_village_id", "disclaimer": "Decision Support — Requires Official Verification & Geotechnical Assessment" }, "geometry": { "type": "Point", "coordinates": [ 300224.008781709126197, 3356021.133590048644692 ] } },
{ "type": "Feature", "properties": { "village_id": 42313, "village_name": "Saurakhal", "households": 117, "tot_pop": 551, "pop_male": 257, "pop_female": 294, "pop_sc": 233, "pop_st": 0, "shrid2": "11-05-058-00291-042313", "shrug_state_id": 5, "shrug_district_id": 58, "shrug_subdist_id": 291.0, "direct_zone_overlap": false, "hazard_zone_flag": 0, "hazard_zone_label": "Outside Candidate Hazard-Based Red Zone", "nearest_hazard_distance_m": 5713.6, "dist_to_nearest_redzone_m": 5713.6, "proximity_band": "5 km to 10 km", "nearest_zone_id": "RZ-250", "matched_zone_id": null, "matched_zone_label": null, "matched_zone_mh_score": null, "matched_zone_priority": null, "matched_zone_area_m2": null, "data_source": "Census PCA 2011 joined to SHRUG spatial bridge", "join_method": "Exact code-based join: Census Town/Village = SHRUG pc11_village_id", "disclaimer": "Decision Support — Requires Official Verification & Geotechnical Assessment" }, "geometry": { "type": "Point", "coordinates": [ 300077.217724481597543, 3355362.012568886391819 ] } },
{ "type": "Feature", "properties": { "village_id": 42314, "village_name": "Satani", "households": 101, "tot_pop": 399, "pop_male": 168, "pop_female": 231, "pop_sc": 25, "pop_st": 0, "shrid2": "11-05-058-00291-042314", "shrug_state_id": 5, "shrug_district_id": 58, "shrug_subdist_id": 291.0, "direct_zone_overlap": false, "hazard_zone_flag": 0, "hazard_zone_label": "Outside Candidate Hazard-Based Red Zone", "nearest_hazard_distance_m": 5023.8, "dist_to_nearest_redzone_m": 5023.8, "proximity_band": "5 km to 10 km", "nearest_zone_id": "RZ-250", "matched_zone_id": null, "matched_zone_label": null, "matched_zone_mh_score": null, "matched_zone_priority": null, "matched_zone_area_m2": null, "data_source": "Census PCA 2011 joined to SHRUG spatial bridge", "join_method": "Exact code-based join: Census Town/Village = SHRUG pc11_village_id", "disclaimer": "Decision Support — Requires Official Verification & Geotechnical Assessment" }, "geometry": { "type": "Point", "coordinates": [ 300287.987055413599592, 3354658.947970136534423 ] } },
{ "type": "Feature", "properties": { "village_id": 42315, "village_name": "Syari", "households": 30, "tot_pop": 113, "pop_male": 48, "pop_female": 65, "pop_sc": 62, "pop_st": 0, "shrid2": "11-05-058-00291-042315", "shrug_state_id": 5, "shrug_district_id": 58, "shrug_subdist_id": 291.0, "direct_zone_overlap": false, "hazard_zone_flag": 0, "hazard_zone_label": "Outside Candidate Hazard-Based Red Zone", "nearest_hazard_distance_m": 4623.7, "dist_to_nearest_redzone_m": 4623.7, "proximity_band": "2 km to 5 km", "nearest_zone_id": "RZ-250", "matched_zone_id": null, "matched_zone_label": null, "matched_zone_mh_score": null, "matched_zone_priority": null, "matched_zone_area_m2": null, "data_source": "Census PCA 2011 joined to SHRUG spatial bridge", "join_method": "Exact code-based join: Census Town/Village = SHRUG pc11_village_id", "disclaimer": "Decision Support — Requires Official Verification & Geotechnical Assessment" }, "geometry": { "type": "Point", "coordinates": [ 300110.717710646335036, 3353968.344824120402336 ] } },
{ "type": "Feature", "properties": { "village_id": 42316, "village_name": "Khargad", "households": 66, "tot_pop": 218, "pop_male": 93, "pop_female": 125, "pop_sc": 8, "pop_st": 0, "shrid2": "11-05-058-00291-042316", "shrug_state_id": 5, "shrug_district_id": 58, "shrug_subdist_id": 291.0, "direct_zone_overlap": false, "hazard_zone_flag": 0, "hazard_zone_label": "Outside Candidate Hazard-Based Red Zone", "nearest_hazard_distance_m": 4064.4, "dist_to_nearest_redzone_m": 4064.4, "proximity_band": "2 km to 5 km", "nearest_zone_id": "RZ-250", "matched_zone_id": null, "matched_zone_label": null, "matched_zone_mh_score": null, "matched_zone_priority": null, "matched_zone_area_m2": null, "data_source": "Census PCA 2011 joined to SHRUG spatial bridge", "join_method": "Exact code-based join: Census Town/Village = SHRUG pc11_village_id", "disclaimer": "Decision Support — Requires Official Verification & Geotechnical Assessment" }, "geometry": { "type": "Point", "coordinates": [ 300097.439237069920637, 3353094.140610119793564 ] } },
{ "type": "Feature", "properties": { "village_id": 42317, "village_name": "Bansi", "households": 137, "tot_pop": 563, "pop_male": 244, "pop_female": 319, "pop_sc": 81, "pop_st": 0, "shrid2": "11-05-058-00291-042317", "shrug_state_id": 5, "shrug_district_id": 58, "shrug_subdist_id": 291.0, "direct_zone_overlap": false, "hazard_zone_flag": 0, "hazard_zone_label": "Outside Candidate Hazard-Based Red Zone", "nearest_hazard_distance_m": 6301.5, "dist_to_nearest_redzone_m": 6301.5, "proximity_band": "5 km to 10 km", "nearest_zone_id": "RZ-250", "matched_zone_id": null, "matched_zone_label": null, "matched_zone_mh_score": null, "matched_zone_priority": null, "matched_zone_area_m2": null, "data_source": "Census PCA 2011 joined to SHRUG spatial bridge", "join_method": "Exact code-based join: Census Town/Village = SHRUG pc11_village_id", "disclaimer": "Decision Support — Requires Official Verification & Geotechnical Assessment" }, "geometry": { "type": "Point", "coordinates": [ 298273.220288726733997, 3354389.2773646437563 ] } },
{ "type": "Feature", "properties": { "village_id": 42318, "village_name": "Sera", "households": 32, "tot_pop": 104, "pop_male": 46, "pop_female": 58, "pop_sc": 0, "pop_st": 0, "shrid2": "11-05-058-00291-042318", "shrug_state_id": 5, "shrug_district_id": 58, "shrug_subdist_id": 291.0, "direct_zone_overlap": false, "hazard_zone_flag": 0, "hazard_zone_label": "Outside Candidate Hazard-Based Red Zone", "nearest_hazard_distance_m": 6286.8, "dist_to_nearest_redzone_m": 6286.8, "proximity_band": "5 km to 10 km", "nearest_zone_id": "RZ-250", "matched_zone_id": null, "matched_zone_label": null, "matched_zone_mh_score": null, "matched_zone_priority": null, "matched_zone_area_m2": null, "data_source": "Census PCA 2011 joined to SHRUG spatial bridge", "join_method": "Exact code-based join: Census Town/Village = SHRUG pc11_village_id", "disclaimer": "Decision Support — Requires Official Verification & Geotechnical Assessment" }, "geometry": { "type": "Point", "coordinates": [ 297515.504527893208433, 3352958.569580988027155 ] } },
{ "type": "Feature", "properties": { "village_id": 42319, "village_name": "Paparasu", "households": 29, "tot_pop": 102, "pop_male": 42, "pop_female": 60, "pop_sc": 0, "pop_st": 0, "shrid2": "11-05-058-00291-042319", "shrug_state_id": 5, "shrug_district_id": 58, "shrug_subdist_id": 291.0, "direct_zone_overlap": false, "hazard_zone_flag": 0, "hazard_zone_label": "Outside Candidate Hazard-Based Red Zone", "nearest_hazard_distance_m": 3577.8, "dist_to_nearest_redzone_m": 3577.8, "proximity_band": "2 km to 5 km", "nearest_zone_id": "RZ-250", "matched_zone_id": null, "matched_zone_label": null, "matched_zone_mh_score": null, "matched_zone_priority": null, "matched_zone_area_m2": null, "data_source": "Census PCA 2011 joined to SHRUG spatial bridge", "join_method": "Exact code-based join: Census Town/Village = SHRUG pc11_village_id", "disclaimer": "Decision Support — Requires Official Verification & Geotechnical Assessment" }, "geometry": { "type": "Point", "coordinates": [ 299903.024015675764531, 3349669.533225475344807 ] } },
{ "type": "Feature", "properties": { "village_id": 42320, "village_name": "Narkota", "households": 83, "tot_pop": 357, "pop_male": 165, "pop_female": 192, "pop_sc": 16, "pop_st": 0, "shrid2": "11-05-058-00291-042320", "shrug_state_id": 5, "shrug_district_id": 58, "shrug_subdist_id": 291.0, "direct_zone_overlap": false, "hazard_zone_flag": 0, "hazard_zone_label": "Outside Candidate Hazard-Based Red Zone", "nearest_hazard_distance_m": 321.5, "dist_to_nearest_redzone_m": 321.5, "proximity_band": "Within 500 m", "nearest_zone_id": "RZ-250", "matched_zone_id": null, "matched_zone_label": null, "matched_zone_mh_score": null, "matched_zone_priority": null, "matched_zone_area_m2": null, "data_source": "Census PCA 2011 joined to SHRUG spatial bridge", "join_method": "Exact code-based join: Census Town/Village = SHRUG pc11_village_id", "disclaimer": "Decision Support — Requires Official Verification & Geotechnical Assessment" }, "geometry": { "type": "Point", "coordinates": [ 303642.483221564791165, 3350273.663382126484066 ] } },
{ "type": "Feature", "properties": { "village_id": 42321, "village_name": "Naugaon Laga Bolani", "households": 14, "tot_pop": 59, "pop_male": 26, "pop_female": 33, "pop_sc": 0, "pop_st": 0, "shrid2": "11-05-058-00291-042321", "shrug_state_id": 5, "shrug_district_id": 58, "shrug_subdist_id": 291.0, "direct_zone_overlap": false, "hazard_zone_flag": 0, "hazard_zone_label": "Outside Candidate Hazard-Based Red Zone", "nearest_hazard_distance_m": 1326.8, "dist_to_nearest_redzone_m": 1326.8, "proximity_band": "1 km to 2 km", "nearest_zone_id": "RZ-250", "matched_zone_id": null, "matched_zone_label": null, "matched_zone_mh_score": null, "matched_zone_priority": null, "matched_zone_area_m2": null, "data_source": "Census PCA 2011 joined to SHRUG spatial bridge", "join_method": "Exact code-based join: Census Town/Village = SHRUG pc11_village_id", "disclaimer": "Decision Support — Requires Official Verification & Geotechnical Assessment" }, "geometry": { "type": "Point", "coordinates": [ 302982.138891193608288, 3349233.707073367200792 ] } },
{ "type": "Feature", "properties": { "village_id": 42322, "village_name": "Khankra", "households": 24, "tot_pop": 94, "pop_male": 39, "pop_female": 55, "pop_sc": 2, "pop_st": 0, "shrid2": "11-05-058-00291-042322", "shrug_state_id": 5, "shrug_district_id": 58, "shrug_subdist_id": 291.0, "direct_zone_overlap": false, "hazard_zone_flag": 0, "hazard_zone_label": "Outside Candidate Hazard-Based Red Zone", "nearest_hazard_distance_m": 2184.3, "dist_to_nearest_redzone_m": 2184.3, "proximity_band": "2 km to 5 km", "nearest_zone_id": "RZ-250", "matched_zone_id": null, "matched_zone_label": null, "matched_zone_mh_score": null, "matched_zone_priority": null, "matched_zone_area_m2": null, "data_source": "Census PCA 2011 joined to SHRUG spatial bridge", "join_method": "Exact code-based join: Census Town/Village = SHRUG pc11_village_id", "disclaimer": "Decision Support — Requires Official Verification & Geotechnical Assessment" }, "geometry": { "type": "Point", "coordinates": [ 301875.895997712970711, 3348917.694643183611333 ] } },
{ "type": "Feature", "properties": { "village_id": 42323, "village_name": "Dejimanda", "households": 35, "tot_pop": 143, "pop_male": 72, "pop_female": 71, "pop_sc": 9, "pop_st": 0, "shrid2": "11-05-058-00291-042323", "shrug_state_id": 5, "shrug_district_id": 58, "shrug_subdist_id": 291.0, "direct_zone_overlap": false, "hazard_zone_flag": 0, "hazard_zone_label": "Outside Candidate Hazard-Based Red Zone", "nearest_hazard_distance_m": 3062.0, "dist_to_nearest_redzone_m": 3062.0, "proximity_band": "2 km to 5 km", "nearest_zone_id": "RZ-250", "matched_zone_id": null, "matched_zone_label": null, "matched_zone_mh_score": null, "matched_zone_priority": null, "matched_zone_area_m2": null, "data_source": "Census PCA 2011 joined to SHRUG spatial bridge", "join_method": "Exact code-based join: Census Town/Village = SHRUG pc11_village_id", "disclaimer": "Decision Support — Requires Official Verification & Geotechnical Assessment" }, "geometry": { "type": "Point", "coordinates": [ 300782.595299728622194, 3348882.349114010576159 ] } },
{ "type": "Feature", "properties": { "village_id": 42324, "village_name": "Chantikhal", "households": 5, "tot_pop": 30, "pop_male": 17, "pop_female": 13, "pop_sc": 0, "pop_st": 0, "shrid2": "11-05-058-00291-042324", "shrug_state_id": 5, "shrug_district_id": 58, "shrug_subdist_id": 291.0, "direct_zone_overlap": false, "hazard_zone_flag": 0, "hazard_zone_label": "Outside Candidate Hazard-Based Red Zone", "nearest_hazard_distance_m": 4551.3, "dist_to_nearest_redzone_m": 4551.3, "proximity_band": "2 km to 5 km", "nearest_zone_id": "RZ-250", "matched_zone_id": null, "matched_zone_label": null, "matched_zone_mh_score": null, "matched_zone_priority": null, "matched_zone_area_m2": null, "data_source": "Census PCA 2011 joined to SHRUG spatial bridge", "join_method": "Exact code-based join: Census Town/Village = SHRUG pc11_village_id", "disclaimer": "Decision Support — Requires Official Verification & Geotechnical Assessment" }, "geometry": { "type": "Point", "coordinates": [ 299474.299482519971207, 3348167.632705148775131 ] } },
{ "type": "Feature", "properties": { "village_id": 42325, "village_name": "Sirobagarh", "households": 1, "tot_pop": 4, "pop_male": 1, "pop_female": 3, "pop_sc": 0, "pop_st": 0, "shrid2": "11-05-058-00291-042325", "shrug_state_id": 5, "shrug_district_id": 58, "shrug_subdist_id": 291.0, "direct_zone_overlap": false, "hazard_zone_flag": 0, "hazard_zone_label": "Outside Candidate Hazard-Based Red Zone", "nearest_hazard_distance_m": 4159.3, "dist_to_nearest_redzone_m": 4159.3, "proximity_band": "2 km to 5 km", "nearest_zone_id": "RZ-250", "matched_zone_id": null, "matched_zone_label": null, "matched_zone_mh_score": null, "matched_zone_priority": null, "matched_zone_area_m2": null, "data_source": "Census PCA 2011 joined to SHRUG spatial bridge", "join_method": "Exact code-based join: Census Town/Village = SHRUG pc11_village_id", "disclaimer": "Decision Support — Requires Official Verification & Geotechnical Assessment" }, "geometry": { "type": "Point", "coordinates": [ 300668.976968463510275, 3347347.047602867241949 ] } },
{ "type": "Feature", "properties": { "village_id": 42326, "village_name": "Sunau", "households": 30, "tot_pop": 128, "pop_male": 64, "pop_female": 64, "pop_sc": 0, "pop_st": 0, "shrid2": "11-05-058-00291-042326", "shrug_state_id": 5, "shrug_district_id": 58, "shrug_subdist_id": 291.0, "direct_zone_overlap": false, "hazard_zone_flag": 0, "hazard_zone_label": "Outside Candidate Hazard-Based Red Zone", "nearest_hazard_distance_m": 3720.8, "dist_to_nearest_redzone_m": 3720.8, "proximity_band": "2 km to 5 km", "nearest_zone_id": "RZ-250", "matched_zone_id": null, "matched_zone_label": null, "matched_zone_mh_score": null, "matched_zone_priority": null, "matched_zone_area_m2": null, "data_source": "Census PCA 2011 joined to SHRUG spatial bridge", "join_method": "Exact code-based join: Census Town/Village = SHRUG pc11_village_id", "disclaimer": "Decision Support — Requires Official Verification & Geotechnical Assessment" }, "geometry": { "type": "Point", "coordinates": [ 301345.87475860666018, 3347385.127825648523867 ] } },
{ "type": "Feature", "properties": { "village_id": 42327, "village_name": "Rampur", "households": 39, "tot_pop": 197, "pop_male": 100, "pop_female": 97, "pop_sc": 38, "pop_st": 0, "shrid2": "11-05-058-00291-042327", "shrug_state_id": 5, "shrug_district_id": 58, "shrug_subdist_id": 291.0, "direct_zone_overlap": false, "hazard_zone_flag": 0, "hazard_zone_label": "Outside Candidate Hazard-Based Red Zone", "nearest_hazard_distance_m": 3351.6, "dist_to_nearest_redzone_m": 3351.6, "proximity_band": "2 km to 5 km", "nearest_zone_id": "RZ-250", "matched_zone_id": null, "matched_zone_label": null, "matched_zone_mh_score": null, "matched_zone_priority": null, "matched_zone_area_m2": null, "data_source": "Census PCA 2011 joined to SHRUG spatial bridge", "join_method": "Exact code-based join: Census Town/Village = SHRUG pc11_village_id", "disclaimer": "Decision Support — Requires Official Verification & Geotechnical Assessment" }, "geometry": { "type": "Point", "coordinates": [ 301866.260860288050026, 3347509.860394204966724 ] } },
{ "type": "Feature", "properties": { "village_id": 42328, "village_name": "Fateh Pur", "households": 43, "tot_pop": 159, "pop_male": 69, "pop_female": 90, "pop_sc": 7, "pop_st": 0, "shrid2": "11-05-058-00291-042328", "shrug_state_id": 5, "shrug_district_id": 58, "shrug_subdist_id": 291.0, "direct_zone_overlap": false, "hazard_zone_flag": 0, "hazard_zone_label": "Outside Candidate Hazard-Based Red Zone", "nearest_hazard_distance_m": 2959.4, "dist_to_nearest_redzone_m": 2959.4, "proximity_band": "2 km to 5 km", "nearest_zone_id": "RZ-250", "matched_zone_id": null, "matched_zone_label": null, "matched_zone_mh_score": null, "matched_zone_priority": null, "matched_zone_area_m2": null, "data_source": "Census PCA 2011 joined to SHRUG spatial bridge", "join_method": "Exact code-based join: Census Town/Village = SHRUG pc11_village_id", "disclaimer": "Decision Support — Requires Official Verification & Geotechnical Assessment" }, "geometry": { "type": "Point", "coordinates": [ 303297.776955739129335, 3347540.212162975687534 ] } },
{ "type": "Feature", "properties": { "village_id": 42329, "village_name": "Badion", "households": 9, "tot_pop": 33, "pop_male": 11, "pop_female": 22, "pop_sc": 0, "pop_st": 0, "shrid2": "11-05-058-00291-042329", "shrug_state_id": 5, "shrug_district_id": 58, "shrug_subdist_id": 291.0, "direct_zone_overlap": false, "hazard_zone_flag": 0, "hazard_zone_label": "Outside Candidate Hazard-Based Red Zone", "nearest_hazard_distance_m": 3712.8, "dist_to_nearest_redzone_m": 3712.8, "proximity_band": "2 km to 5 km", "nearest_zone_id": "RZ-250", "matched_zone_id": null, "matched_zone_label": null, "matched_zone_mh_score": null, "matched_zone_priority": null, "matched_zone_area_m2": null, "data_source": "Census PCA 2011 joined to SHRUG spatial bridge", "join_method": "Exact code-based join: Census Town/Village = SHRUG pc11_village_id", "disclaimer": "Decision Support — Requires Official Verification & Geotechnical Assessment" }, "geometry": { "type": "Point", "coordinates": [ 303615.57261109421961, 3346791.126842409837991 ] } },
{ "type": "Feature", "properties": { "village_id": 42330, "village_name": "Kleth", "households": 28, "tot_pop": 97, "pop_male": 45, "pop_female": 52, "pop_sc": 4, "pop_st": 0, "shrid2": "11-05-058-00291-042330", "shrug_state_id": 5, "shrug_district_id": 58, "shrug_subdist_id": 291.0, "direct_zone_overlap": false, "hazard_zone_flag": 0, "hazard_zone_label": "Outside Candidate Hazard-Based Red Zone", "nearest_hazard_distance_m": 3920.6, "dist_to_nearest_redzone_m": 3920.6, "proximity_band": "2 km to 5 km", "nearest_zone_id": "RZ-250", "matched_zone_id": null, "matched_zone_label": null, "matched_zone_mh_score": null, "matched_zone_priority": null, "matched_zone_area_m2": null, "data_source": "Census PCA 2011 joined to SHRUG spatial bridge", "join_method": "Exact code-based join: Census Town/Village = SHRUG pc11_village_id", "disclaimer": "Decision Support — Requires Official Verification & Geotechnical Assessment" }, "geometry": { "type": "Point", "coordinates": [ 302288.334453453077003, 3346733.870922063011676 ] } },
{ "type": "Feature", "properties": { "village_id": 42331, "village_name": "Mar Gaon", "households": 10, "tot_pop": 56, "pop_male": 25, "pop_female": 31, "pop_sc": 32, "pop_st": 0, "shrid2": "11-05-058-00291-042331", "shrug_state_id": 5, "shrug_district_id": 58, "shrug_subdist_id": 291.0, "direct_zone_overlap": false, "hazard_zone_flag": 0, "hazard_zone_label": "Outside Candidate Hazard-Based Red Zone", "nearest_hazard_distance_m": 3849.9, "dist_to_nearest_redzone_m": 3849.9, "proximity_band": "2 km to 5 km", "nearest_zone_id": "RZ-250", "matched_zone_id": null, "matched_zone_label": null, "matched_zone_mh_score": null, "matched_zone_priority": null, "matched_zone_area_m2": null, "data_source": "Census PCA 2011 joined to SHRUG spatial bridge", "join_method": "Exact code-based join: Census Town/Village = SHRUG pc11_village_id", "disclaimer": "Decision Support — Requires Official Verification & Geotechnical Assessment" }, "geometry": { "type": "Point", "coordinates": [ 301825.024021622899454, 3346978.01786234928295 ] } },
{ "type": "Feature", "properties": { "village_id": 42332, "village_name": "Nishni", "households": 14, "tot_pop": 58, "pop_male": 26, "pop_female": 32, "pop_sc": 13, "pop_st": 0, "shrid2": "11-05-058-00291-042332", "shrug_state_id": 5, "shrug_district_id": 58, "shrug_subdist_id": 291.0, "direct_zone_overlap": false, "hazard_zone_flag": 0, "hazard_zone_label": "Outside Candidate Hazard-Based Red Zone", "nearest_hazard_distance_m": 4519.6, "dist_to_nearest_redzone_m": 4519.6, "proximity_band": "2 km to 5 km", "nearest_zone_id": "RZ-250", "matched_zone_id": null, "matched_zone_label": null, "matched_zone_mh_score": null, "matched_zone_priority": null, "matched_zone_area_m2": null, "data_source": "Census PCA 2011 joined to SHRUG spatial bridge", "join_method": "Exact code-based join: Census Town/Village = SHRUG pc11_village_id", "disclaimer": "Decision Support — Requires Official Verification & Geotechnical Assessment" }, "geometry": { "type": "Point", "coordinates": [ 300818.921008173027076, 3346776.867038184311241 ] } },
{ "type": "Feature", "properties": { "village_id": 42333, "village_name": "Chamiun", "households": 3, "tot_pop": 11, "pop_male": 4, "pop_female": 7, "pop_sc": 0, "pop_st": 0, "shrid2": "11-05-058-00291-042333", "shrug_state_id": 5, "shrug_district_id": 58, "shrug_subdist_id": 291.0, "direct_zone_overlap": false, "hazard_zone_flag": 0, "hazard_zone_label": "Outside Candidate Hazard-Based Red Zone", "nearest_hazard_distance_m": 4887.7, "dist_to_nearest_redzone_m": 4887.7, "proximity_band": "2 km to 5 km", "nearest_zone_id": "RZ-250", "matched_zone_id": null, "matched_zone_label": null, "matched_zone_mh_score": null, "matched_zone_priority": null, "matched_zone_area_m2": null, "data_source": "Census PCA 2011 joined to SHRUG spatial bridge", "join_method": "Exact code-based join: Census Town/Village = SHRUG pc11_village_id", "disclaimer": "Decision Support — Requires Official Verification & Geotechnical Assessment" }, "geometry": { "type": "Point", "coordinates": [ 300881.24692988343304, 3346299.813426685053855 ] } },
{ "type": "Feature", "properties": { "village_id": 42334, "village_name": "Pandhara", "households": 15, "tot_pop": 66, "pop_male": 26, "pop_female": 40, "pop_sc": 16, "pop_st": 0, "shrid2": "11-05-058-00291-042334", "shrug_state_id": 5, "shrug_district_id": 58, "shrug_subdist_id": 291.0, "direct_zone_overlap": false, "hazard_zone_flag": 0, "hazard_zone_label": "Outside Candidate Hazard-Based Red Zone", "nearest_hazard_distance_m": 4322.9, "dist_to_nearest_redzone_m": 4322.9, "proximity_band": "2 km to 5 km", "nearest_zone_id": "RZ-250", "matched_zone_id": null, "matched_zone_label": null, "matched_zone_mh_score": null, "matched_zone_priority": null, "matched_zone_area_m2": null, "data_source": "Census PCA 2011 joined to SHRUG spatial bridge", "join_method": "Exact code-based join: Census Town/Village = SHRUG pc11_village_id", "disclaimer": "Decision Support — Requires Official Verification & Geotechnical Assessment" }, "geometry": { "type": "Point", "coordinates": [ 301690.698753329343162, 3346520.676951185800135 ] } },
{ "type": "Feature", "properties": { "village_id": 42335, "village_name": "Bagoli Talli", "households": 16, "tot_pop": 54, "pop_male": 23, "pop_female": 31, "pop_sc": 0, "pop_st": 0, "shrid2": "11-05-058-00291-042335", "shrug_state_id": 5, "shrug_district_id": 58, "shrug_subdist_id": 291.0, "direct_zone_overlap": false, "hazard_zone_flag": 0, "hazard_zone_label": "Outside Candidate Hazard-Based Red Zone", "nearest_hazard_distance_m": 4706.1, "dist_to_nearest_redzone_m": 4706.1, "proximity_band": "2 km to 5 km", "nearest_zone_id": "RZ-250", "matched_zone_id": null, "matched_zone_label": null, "matched_zone_mh_score": null, "matched_zone_priority": null, "matched_zone_area_m2": null, "data_source": "Census PCA 2011 joined to SHRUG spatial bridge", "join_method": "Exact code-based join: Census Town/Village = SHRUG pc11_village_id", "disclaimer": "Decision Support — Requires Official Verification & Geotechnical Assessment" }, "geometry": { "type": "Point", "coordinates": [ 301721.330585694522597, 3346095.618970032315701 ] } },
{ "type": "Feature", "properties": { "village_id": 42336, "village_name": "Lauegarh", "households": 7, "tot_pop": 22, "pop_male": 9, "pop_female": 13, "pop_sc": 0, "pop_st": 0, "shrid2": "11-05-058-00291-042336", "shrug_state_id": 5, "shrug_district_id": 58, "shrug_subdist_id": 291.0, "direct_zone_overlap": false, "hazard_zone_flag": 0, "hazard_zone_label": "Outside Candidate Hazard-Based Red Zone", "nearest_hazard_distance_m": 4708.6, "dist_to_nearest_redzone_m": 4708.6, "proximity_band": "2 km to 5 km", "nearest_zone_id": "RZ-250", "matched_zone_id": null, "matched_zone_label": null, "matched_zone_mh_score": null, "matched_zone_priority": null, "matched_zone_area_m2": null, "data_source": "Census PCA 2011 joined to SHRUG spatial bridge", "join_method": "Exact code-based join: Census Town/Village = SHRUG pc11_village_id", "disclaimer": "Decision Support — Requires Official Verification & Geotechnical Assessment" }, "geometry": { "type": "Point", "coordinates": [ 302468.631291642435826, 3345879.494690866209567 ] } },
{ "type": "Feature", "properties": { "village_id": 42337, "village_name": "Shiv Puri", "households": 17, "tot_pop": 69, "pop_male": 26, "pop_female": 43, "pop_sc": 3, "pop_st": 0, "shrid2": "11-05-058-00291-042337", "shrug_state_id": 5, "shrug_district_id": 58, "shrug_subdist_id": 291.0, "direct_zone_overlap": false, "hazard_zone_flag": 0, "hazard_zone_label": "Outside Candidate Hazard-Based Red Zone", "nearest_hazard_distance_m": 4227.3, "dist_to_nearest_redzone_m": 4227.3, "proximity_band": "2 km to 5 km", "nearest_zone_id": "RZ-250", "matched_zone_id": null, "matched_zone_label": null, "matched_zone_mh_score": null, "matched_zone_priority": null, "matched_zone_area_m2": null, "data_source": "Census PCA 2011 joined to SHRUG spatial bridge", "join_method": "Exact code-based join: Census Town/Village = SHRUG pc11_village_id", "disclaimer": "Decision Support — Requires Official Verification & Geotechnical Assessment" }, "geometry": { "type": "Point", "coordinates": [ 303046.980296390829608, 3346284.465261122677475 ] } },
{ "type": "Feature", "properties": { "village_id": 42338, "village_name": "Bam Siv", "households": 83, "tot_pop": 338, "pop_male": 143, "pop_female": 195, "pop_sc": 49, "pop_st": 0, "shrid2": "11-05-058-00291-042338", "shrug_state_id": 5, "shrug_district_id": 58, "shrug_subdist_id": 291.0, "direct_zone_overlap": false, "hazard_zone_flag": 0, "hazard_zone_label": "Outside Candidate Hazard-Based Red Zone", "nearest_hazard_distance_m": 4334.8, "dist_to_nearest_redzone_m": 4334.8, "proximity_band": "2 km to 5 km", "nearest_zone_id": "RZ-250", "matched_zone_id": null, "matched_zone_label": null, "matched_zone_mh_score": null, "matched_zone_priority": null, "matched_zone_area_m2": null, "data_source": "Census PCA 2011 joined to SHRUG spatial bridge", "join_method": "Exact code-based join: Census Town/Village = SHRUG pc11_village_id", "disclaimer": "Decision Support — Requires Official Verification & Geotechnical Assessment" }, "geometry": { "type": "Point", "coordinates": [ 304115.478025446063839, 3346221.015911266207695 ] } },
{ "type": "Feature", "properties": { "village_id": 42339, "village_name": "Gangu Laga Dunga", "households": 1, "tot_pop": 2, "pop_male": 1, "pop_female": 1, "pop_sc": 2, "pop_st": 0, "shrid2": "11-05-058-00291-042339", "shrug_state_id": 5, "shrug_district_id": 58, "shrug_subdist_id": 291.0, "direct_zone_overlap": false, "hazard_zone_flag": 0, "hazard_zone_label": "Outside Candidate Hazard-Based Red Zone", "nearest_hazard_distance_m": 4065.8, "dist_to_nearest_redzone_m": 4065.8, "proximity_band": "2 km to 5 km", "nearest_zone_id": "RZ-250", "matched_zone_id": null, "matched_zone_label": null, "matched_zone_mh_score": null, "matched_zone_priority": null, "matched_zone_area_m2": null, "data_source": "Census PCA 2011 joined to SHRUG spatial bridge", "join_method": "Exact code-based join: Census Town/Village = SHRUG pc11_village_id", "disclaimer": "Decision Support — Requires Official Verification & Geotechnical Assessment" }, "geometry": { "type": "Point", "coordinates": [ 305082.597121602448169, 3346791.444783974438906 ] } },
{ "type": "Feature", "properties": { "village_id": 42340, "village_name": "Dungra", "households": 168, "tot_pop": 676, "pop_male": 273, "pop_female": 403, "pop_sc": 39, "pop_st": 0, "shrid2": "11-05-058-00291-042340", "shrug_state_id": 5, "shrug_district_id": 58, "shrug_subdist_id": 291.0, "direct_zone_overlap": false, "hazard_zone_flag": 0, "hazard_zone_label": "Outside Candidate Hazard-Based Red Zone", "nearest_hazard_distance_m": 5052.2, "dist_to_nearest_redzone_m": 5052.2, "proximity_band": "5 km to 10 km", "nearest_zone_id": "RZ-250", "matched_zone_id": null, "matched_zone_label": null, "matched_zone_mh_score": null, "matched_zone_priority": null, "matched_zone_area_m2": null, "data_source": "Census PCA 2011 joined to SHRUG spatial bridge", "join_method": "Exact code-based join: Census Town/Village = SHRUG pc11_village_id", "disclaimer": "Decision Support — Requires Official Verification & Geotechnical Assessment" }, "geometry": { "type": "Point", "coordinates": [ 306047.371762796770781, 3346187.619406022131443 ] } },
{ "type": "Feature", "properties": { "village_id": 42341, "village_name": "Vara", "households": 35, "tot_pop": 160, "pop_male": 67, "pop_female": 93, "pop_sc": 0, "pop_st": 0, "shrid2": "11-05-058-00291-042341", "shrug_state_id": 5, "shrug_district_id": 58, "shrug_subdist_id": 291.0, "direct_zone_overlap": false, "hazard_zone_flag": 0, "hazard_zone_label": "Outside Candidate Hazard-Based Red Zone", "nearest_hazard_distance_m": 5047.6, "dist_to_nearest_redzone_m": 5047.6, "proximity_band": "5 km to 10 km", "nearest_zone_id": "RZ-250", "matched_zone_id": null, "matched_zone_label": null, "matched_zone_mh_score": null, "matched_zone_priority": null, "matched_zone_area_m2": null, "data_source": "Census PCA 2011 joined to SHRUG spatial bridge", "join_method": "Exact code-based join: Census Town/Village = SHRUG pc11_village_id", "disclaimer": "Decision Support — Requires Official Verification & Geotechnical Assessment" }, "geometry": { "type": "Point", "coordinates": [ 304772.473755162907764, 3345637.482422424480319 ] } },
{ "type": "Feature", "properties": { "village_id": 42343, "village_name": "Chatora", "households": 37, "tot_pop": 163, "pop_male": 75, "pop_female": 88, "pop_sc": 33, "pop_st": 0, "shrid2": "11-05-058-00291-042343", "shrug_state_id": 5, "shrug_district_id": 58, "shrug_subdist_id": 291.0, "direct_zone_overlap": false, "hazard_zone_flag": 0, "hazard_zone_label": "Outside Candidate Hazard-Based Red Zone", "nearest_hazard_distance_m": 4730.2, "dist_to_nearest_redzone_m": 4730.2, "proximity_band": "2 km to 5 km", "nearest_zone_id": "RZ-250", "matched_zone_id": null, "matched_zone_label": null, "matched_zone_mh_score": null, "matched_zone_priority": null, "matched_zone_area_m2": null, "data_source": "Census PCA 2011 joined to SHRUG spatial bridge", "join_method": "Exact code-based join: Census Town/Village = SHRUG pc11_village_id", "disclaimer": "Decision Support — Requires Official Verification & Geotechnical Assessment" }, "geometry": { "type": "Point", "coordinates": [ 303699.359840082586743, 3345776.937043813988566 ] } },
{ "type": "Feature", "properties": { "village_id": 42344, "village_name": "Chauthala", "households": 34, "tot_pop": 119, "pop_male": 45, "pop_female": 74, "pop_sc": 0, "pop_st": 0, "shrid2": "11-05-058-00291-042344", "shrug_state_id": 5, "shrug_district_id": 58, "shrug_subdist_id": 291.0, "direct_zone_overlap": false, "hazard_zone_flag": 0, "hazard_zone_label": "Outside Candidate Hazard-Based Red Zone", "nearest_hazard_distance_m": 4828.9, "dist_to_nearest_redzone_m": 4828.9, "proximity_band": "2 km to 5 km", "nearest_zone_id": "RZ-250", "matched_zone_id": null, "matched_zone_label": null, "matched_zone_mh_score": null, "matched_zone_priority": null, "matched_zone_area_m2": null, "data_source": "Census PCA 2011 joined to SHRUG spatial bridge", "join_method": "Exact code-based join: Census Town/Village = SHRUG pc11_village_id", "disclaimer": "Decision Support — Requires Official Verification & Geotechnical Assessment" }, "geometry": { "type": "Point", "coordinates": [ 303094.324528001248837, 3345678.1971474760212 ] } },
{ "type": "Feature", "properties": { "village_id": 42345, "village_name": "Bagoli Malli", "households": 20, "tot_pop": 67, "pop_male": 35, "pop_female": 32, "pop_sc": 0, "pop_st": 0, "shrid2": "11-05-058-00291-042345", "shrug_state_id": 5, "shrug_district_id": 58, "shrug_subdist_id": 291.0, "direct_zone_overlap": false, "hazard_zone_flag": 0, "hazard_zone_label": "Outside Candidate Hazard-Based Red Zone", "nearest_hazard_distance_m": 5223.5, "dist_to_nearest_redzone_m": 5223.5, "proximity_band": "5 km to 10 km", "nearest_zone_id": "RZ-250", "matched_zone_id": null, "matched_zone_label": null, "matched_zone_mh_score": null, "matched_zone_priority": null, "matched_zone_area_m2": null, "data_source": "Census PCA 2011 joined to SHRUG spatial bridge", "join_method": "Exact code-based join: Census Town/Village = SHRUG pc11_village_id", "disclaimer": "Decision Support — Requires Official Verification & Geotechnical Assessment" }, "geometry": { "type": "Point", "coordinates": [ 301352.145310510066338, 3345686.056621139869094 ] } },
{ "type": "Feature", "properties": { "village_id": 42346, "village_name": "Dhamini", "households": 8, "tot_pop": 24, "pop_male": 10, "pop_female": 14, "pop_sc": 0, "pop_st": 0, "shrid2": "11-05-058-00291-042346", "shrug_state_id": 5, "shrug_district_id": 58, "shrug_subdist_id": 291.0, "direct_zone_overlap": false, "hazard_zone_flag": 0, "hazard_zone_label": "Outside Candidate Hazard-Based Red Zone", "nearest_hazard_distance_m": 5663.3, "dist_to_nearest_redzone_m": 5663.3, "proximity_band": "5 km to 10 km", "nearest_zone_id": "RZ-250", "matched_zone_id": null, "matched_zone_label": null, "matched_zone_mh_score": null, "matched_zone_priority": null, "matched_zone_area_m2": null, "data_source": "Census PCA 2011 joined to SHRUG spatial bridge", "join_method": "Exact code-based join: Census Town/Village = SHRUG pc11_village_id", "disclaimer": "Decision Support — Requires Official Verification & Geotechnical Assessment" }, "geometry": { "type": "Point", "coordinates": [ 301511.693562648491934, 3345153.37330143712461 ] } },
{ "type": "Feature", "properties": { "village_id": 42347, "village_name": "Khabar Sera", "households": 2, "tot_pop": 13, "pop_male": 6, "pop_female": 7, "pop_sc": 0, "pop_st": 0, "shrid2": "11-05-058-00291-042347", "shrug_state_id": 5, "shrug_district_id": 58, "shrug_subdist_id": 291.0, "direct_zone_overlap": false, "hazard_zone_flag": 0, "hazard_zone_label": "Outside Candidate Hazard-Based Red Zone", "nearest_hazard_distance_m": 5325.3, "dist_to_nearest_redzone_m": 5325.3, "proximity_band": "5 km to 10 km", "nearest_zone_id": "RZ-250", "matched_zone_id": null, "matched_zone_label": null, "matched_zone_mh_score": null, "matched_zone_priority": null, "matched_zone_area_m2": null, "data_source": "Census PCA 2011 joined to SHRUG spatial bridge", "join_method": "Exact code-based join: Census Town/Village = SHRUG pc11_village_id", "disclaimer": "Decision Support — Requires Official Verification & Geotechnical Assessment" }, "geometry": { "type": "Point", "coordinates": [ 302540.268191991199274, 3345240.247184494975954 ] } },
{ "type": "Feature", "properties": { "village_id": 42348, "village_name": "Molchada", "households": 14, "tot_pop": 56, "pop_male": 30, "pop_female": 26, "pop_sc": 0, "pop_st": 0, "shrid2": "11-05-058-00291-042348", "shrug_state_id": 5, "shrug_district_id": 58, "shrug_subdist_id": 291.0, "direct_zone_overlap": false, "hazard_zone_flag": 0, "hazard_zone_label": "Outside Candidate Hazard-Based Red Zone", "nearest_hazard_distance_m": 5144.0, "dist_to_nearest_redzone_m": 5144.0, "proximity_band": "5 km to 10 km", "nearest_zone_id": "RZ-250", "matched_zone_id": null, "matched_zone_label": null, "matched_zone_mh_score": null, "matched_zone_priority": null, "matched_zone_area_m2": null, "data_source": "Census PCA 2011 joined to SHRUG spatial bridge", "join_method": "Exact code-based join: Census Town/Village = SHRUG pc11_village_id", "disclaimer": "Decision Support — Requires Official Verification & Geotechnical Assessment" }, "geometry": { "type": "Point", "coordinates": [ 303514.157438724243548, 3345355.438565885648131 ] } },
{ "type": "Feature", "properties": { "village_id": 42349, "village_name": "Kathet Gaon", "households": 16, "tot_pop": 56, "pop_male": 24, "pop_female": 32, "pop_sc": 2, "pop_st": 0, "shrid2": "11-05-058-00291-042349", "shrug_state_id": 5, "shrug_district_id": 58, "shrug_subdist_id": 291.0, "direct_zone_overlap": false, "hazard_zone_flag": 0, "hazard_zone_label": "Outside Candidate Hazard-Based Red Zone", "nearest_hazard_distance_m": 5468.1, "dist_to_nearest_redzone_m": 5468.1, "proximity_band": "5 km to 10 km", "nearest_zone_id": "RZ-250", "matched_zone_id": null, "matched_zone_label": null, "matched_zone_mh_score": null, "matched_zone_priority": null, "matched_zone_area_m2": null, "data_source": "Census PCA 2011 joined to SHRUG spatial bridge", "join_method": "Exact code-based join: Census Town/Village = SHRUG pc11_village_id", "disclaimer": "Decision Support — Requires Official Verification & Geotechnical Assessment" }, "geometry": { "type": "Point", "coordinates": [ 304440.778334764938336, 3345127.877548429649323 ] } },
{ "type": "Feature", "properties": { "village_id": 42350, "village_name": "Batoli", "households": 17, "tot_pop": 68, "pop_male": 26, "pop_female": 42, "pop_sc": 0, "pop_st": 0, "shrid2": "11-05-058-00291-042350", "shrug_state_id": 5, "shrug_district_id": 58, "shrug_subdist_id": 291.0, "direct_zone_overlap": false, "hazard_zone_flag": 0, "hazard_zone_label": "Outside Candidate Hazard-Based Red Zone", "nearest_hazard_distance_m": 5530.2, "dist_to_nearest_redzone_m": 5530.2, "proximity_band": "5 km to 10 km", "nearest_zone_id": "RZ-250", "matched_zone_id": null, "matched_zone_label": null, "matched_zone_mh_score": null, "matched_zone_priority": null, "matched_zone_area_m2": null, "data_source": "Census PCA 2011 joined to SHRUG spatial bridge", "join_method": "Exact code-based join: Census Town/Village = SHRUG pc11_village_id", "disclaimer": "Decision Support — Requires Official Verification & Geotechnical Assessment" }, "geometry": { "type": "Point", "coordinates": [ 305309.611059104674496, 3345303.726436394266784 ] } },
{ "type": "Feature", "properties": { "village_id": 42351, "village_name": "Shri Kot Lagga Dugra", "households": 23, "tot_pop": 116, "pop_male": 43, "pop_female": 73, "pop_sc": 105, "pop_st": 0, "shrid2": "11-05-058-00291-042351", "shrug_state_id": 5, "shrug_district_id": 58, "shrug_subdist_id": 291.0, "direct_zone_overlap": false, "hazard_zone_flag": 0, "hazard_zone_label": "Outside Candidate Hazard-Based Red Zone", "nearest_hazard_distance_m": 6430.9, "dist_to_nearest_redzone_m": 6430.9, "proximity_band": "5 km to 10 km", "nearest_zone_id": "RZ-250", "matched_zone_id": null, "matched_zone_label": null, "matched_zone_mh_score": null, "matched_zone_priority": null, "matched_zone_area_m2": null, "data_source": "Census PCA 2011 joined to SHRUG spatial bridge", "join_method": "Exact code-based join: Census Town/Village = SHRUG pc11_village_id", "disclaimer": "Decision Support — Requires Official Verification & Geotechnical Assessment" }, "geometry": { "type": "Point", "coordinates": [ 307030.568651439156383, 3345181.718234345782548 ] } },
{ "type": "Feature", "properties": { "village_id": 42352, "village_name": "Janta", "households": 19, "tot_pop": 84, "pop_male": 35, "pop_female": 49, "pop_sc": 0, "pop_st": 0, "shrid2": "11-05-058-00291-042352", "shrug_state_id": 5, "shrug_district_id": 58, "shrug_subdist_id": 291.0, "direct_zone_overlap": false, "hazard_zone_flag": 0, "hazard_zone_label": "Outside Candidate Hazard-Based Red Zone", "nearest_hazard_distance_m": 6138.8, "dist_to_nearest_redzone_m": 6138.8, "proximity_band": "5 km to 10 km", "nearest_zone_id": "RZ-250", "matched_zone_id": null, "matched_zone_label": null, "matched_zone_mh_score": null, "matched_zone_priority": null, "matched_zone_area_m2": null, "data_source": "Census PCA 2011 joined to SHRUG spatial bridge", "join_method": "Exact code-based join: Census Town/Village = SHRUG pc11_village_id", "disclaimer": "Decision Support — Requires Official Verification & Geotechnical Assessment" }, "geometry": { "type": "Point", "coordinates": [ 305868.510403687716462, 3344872.246312868315727 ] } },
{ "type": "Feature", "properties": { "village_id": 42353, "village_name": "Deval Urf Bairagana", "households": 11, "tot_pop": 44, "pop_male": 15, "pop_female": 29, "pop_sc": 0, "pop_st": 0, "shrid2": "11-05-058-00291-042353", "shrug_state_id": 5, "shrug_district_id": 58, "shrug_subdist_id": 291.0, "direct_zone_overlap": false, "hazard_zone_flag": 0, "hazard_zone_label": "Outside Candidate Hazard-Based Red Zone", "nearest_hazard_distance_m": 5898.5, "dist_to_nearest_redzone_m": 5898.5, "proximity_band": "5 km to 10 km", "nearest_zone_id": "RZ-250", "matched_zone_id": null, "matched_zone_label": null, "matched_zone_mh_score": null, "matched_zone_priority": null, "matched_zone_area_m2": null, "data_source": "Census PCA 2011 joined to SHRUG spatial bridge", "join_method": "Exact code-based join: Census Town/Village = SHRUG pc11_village_id", "disclaimer": "Decision Support — Requires Official Verification & Geotechnical Assessment" }, "geometry": { "type": "Point", "coordinates": [ 305197.494067394407466, 3344876.417030648328364 ] } },
{ "type": "Feature", "properties": { "village_id": 42354, "village_name": "Sigawal Gaon", "households": 17, "tot_pop": 82, "pop_male": 40, "pop_female": 42, "pop_sc": 29, "pop_st": 0, "shrid2": "11-05-058-00291-042354", "shrug_state_id": 5, "shrug_district_id": 58, "shrug_subdist_id": 291.0, "direct_zone_overlap": false, "hazard_zone_flag": 0, "hazard_zone_label": "Outside Candidate Hazard-Based Red Zone", "nearest_hazard_distance_m": 5940.7, "dist_to_nearest_redzone_m": 5940.7, "proximity_band": "5 km to 10 km", "nearest_zone_id": "RZ-250", "matched_zone_id": null, "matched_zone_label": null, "matched_zone_mh_score": null, "matched_zone_priority": null, "matched_zone_area_m2": null, "data_source": "Census PCA 2011 joined to SHRUG spatial bridge", "join_method": "Exact code-based join: Census Town/Village = SHRUG pc11_village_id", "disclaimer": "Decision Support — Requires Official Verification & Geotechnical Assessment" }, "geometry": { "type": "Point", "coordinates": [ 304415.686434742587153, 3344642.954575852490962 ] } },
{ "type": "Feature", "properties": { "village_id": 42355, "village_name": "Kandai", "households": 47, "tot_pop": 179, "pop_male": 81, "pop_female": 98, "pop_sc": 64, "pop_st": 4, "shrid2": "11-05-058-00291-042355", "shrug_state_id": 5, "shrug_district_id": 58, "shrug_subdist_id": 291.0, "direct_zone_overlap": false, "hazard_zone_flag": 0, "hazard_zone_label": "Outside Candidate Hazard-Based Red Zone", "nearest_hazard_distance_m": 5523.2, "dist_to_nearest_redzone_m": 5523.2, "proximity_band": "5 km to 10 km", "nearest_zone_id": "RZ-250", "matched_zone_id": null, "matched_zone_label": null, "matched_zone_mh_score": null, "matched_zone_priority": null, "matched_zone_area_m2": null, "data_source": "Census PCA 2011 joined to SHRUG spatial bridge", "join_method": "Exact code-based join: Census Town/Village = SHRUG pc11_village_id", "disclaimer": "Decision Support — Requires Official Verification & Geotechnical Assessment" }, "geometry": { "type": "Point", "coordinates": [ 303705.644448166596703, 3344982.970454329159111 ] } },
{ "type": "Feature", "properties": { "village_id": 42356, "village_name": "Nau Gaon Singhwal Gaon", "households": 5, "tot_pop": 15, "pop_male": 5, "pop_female": 10, "pop_sc": 0, "pop_st": 0, "shrid2": "11-05-058-00291-042356", "shrug_state_id": 5, "shrug_district_id": 58, "shrug_subdist_id": 291.0, "direct_zone_overlap": false, "hazard_zone_flag": 0, "hazard_zone_label": "Outside Candidate Hazard-Based Red Zone", "nearest_hazard_distance_m": 5593.8, "dist_to_nearest_redzone_m": 5593.8, "proximity_band": "5 km to 10 km", "nearest_zone_id": "RZ-250", "matched_zone_id": null, "matched_zone_label": null, "matched_zone_mh_score": null, "matched_zone_priority": null, "matched_zone_area_m2": null, "data_source": "Census PCA 2011 joined to SHRUG spatial bridge", "join_method": "Exact code-based join: Census Town/Village = SHRUG pc11_village_id", "disclaimer": "Decision Support — Requires Official Verification & Geotechnical Assessment" }, "geometry": { "type": "Point", "coordinates": [ 302723.168202613014728, 3344943.737837281543761 ] } },
{ "type": "Feature", "properties": { "village_id": 42357, "village_name": "Dhingani", "households": 5, "tot_pop": 11, "pop_male": 6, "pop_female": 5, "pop_sc": 0, "pop_st": 0, "shrid2": "11-05-058-00291-042357", "shrug_state_id": 5, "shrug_district_id": 58, "shrug_subdist_id": 291.0, "direct_zone_overlap": false, "hazard_zone_flag": 0, "hazard_zone_label": "Outside Candidate Hazard-Based Red Zone", "nearest_hazard_distance_m": 6717.0, "dist_to_nearest_redzone_m": 6717.0, "proximity_band": "5 km to 10 km", "nearest_zone_id": "RZ-250", "matched_zone_id": null, "matched_zone_label": null, "matched_zone_mh_score": null, "matched_zone_priority": null, "matched_zone_area_m2": null, "data_source": "Census PCA 2011 joined to SHRUG spatial bridge", "join_method": "Exact code-based join: Census Town/Village = SHRUG pc11_village_id", "disclaimer": "Decision Support — Requires Official Verification & Geotechnical Assessment" }, "geometry": { "type": "Point", "coordinates": [ 301472.532597119046841, 3344059.001101111061871 ] } },
{ "type": "Feature", "properties": { "village_id": 42358, "village_name": "Nawasu", "households": 207, "tot_pop": 837, "pop_male": 386, "pop_female": 451, "pop_sc": 252, "pop_st": 0, "shrid2": "11-05-058-00291-042358", "shrug_state_id": 5, "shrug_district_id": 58, "shrug_subdist_id": 291.0, "direct_zone_overlap": false, "hazard_zone_flag": 0, "hazard_zone_label": "Outside Candidate Hazard-Based Red Zone", "nearest_hazard_distance_m": 6698.6, "dist_to_nearest_redzone_m": 6698.6, "proximity_band": "5 km to 10 km", "nearest_zone_id": "RZ-250", "matched_zone_id": null, "matched_zone_label": null, "matched_zone_mh_score": null, "matched_zone_priority": null, "matched_zone_area_m2": null, "data_source": "Census PCA 2011 joined to SHRUG spatial bridge", "join_method": "Exact code-based join: Census Town/Village = SHRUG pc11_village_id", "disclaimer": "Decision Support — Requires Official Verification & Geotechnical Assessment" }, "geometry": { "type": "Point", "coordinates": [ 300976.781800507567823, 3344247.014061734545976 ] } },
{ "type": "Feature", "properties": { "village_id": 42359, "village_name": "Moltha", "households": 10, "tot_pop": 41, "pop_male": 19, "pop_female": 22, "pop_sc": 0, "pop_st": 0, "shrid2": "11-05-058-00291-042359", "shrug_state_id": 5, "shrug_district_id": 58, "shrug_subdist_id": 291.0, "direct_zone_overlap": false, "hazard_zone_flag": 0, "hazard_zone_label": "Outside Candidate Hazard-Based Red Zone", "nearest_hazard_distance_m": 7085.7, "dist_to_nearest_redzone_m": 7085.7, "proximity_band": "5 km to 10 km", "nearest_zone_id": "RZ-250", "matched_zone_id": null, "matched_zone_label": null, "matched_zone_mh_score": null, "matched_zone_priority": null, "matched_zone_area_m2": null, "data_source": "Census PCA 2011 joined to SHRUG spatial bridge", "join_method": "Exact code-based join: Census Town/Village = SHRUG pc11_village_id", "disclaimer": "Decision Support — Requires Official Verification & Geotechnical Assessment" }, "geometry": { "type": "Point", "coordinates": [ 299820.49836212315131, 3344373.601031080819666 ] } },
{ "type": "Feature", "properties": { "village_id": 42360, "village_name": "Gahad", "households": 3, "tot_pop": 15, "pop_male": 9, "pop_female": 6, "pop_sc": 0, "pop_st": 0, "shrid2": "11-05-058-00291-042360", "shrug_state_id": 5, "shrug_district_id": 58, "shrug_subdist_id": 291.0, "direct_zone_overlap": false, "hazard_zone_flag": 0, "hazard_zone_label": "Outside Candidate Hazard-Based Red Zone", "nearest_hazard_distance_m": 5920.5, "dist_to_nearest_redzone_m": 5920.5, "proximity_band": "5 km to 10 km", "nearest_zone_id": "RZ-250", "matched_zone_id": null, "matched_zone_label": null, "matched_zone_mh_score": null, "matched_zone_priority": null, "matched_zone_area_m2": null, "data_source": "Census PCA 2011 joined to SHRUG spatial bridge", "join_method": "Exact code-based join: Census Town/Village = SHRUG pc11_village_id", "disclaimer": "Decision Support — Requires Official Verification & Geotechnical Assessment" }, "geometry": { "type": "Point", "coordinates": [ 302606.688181551871821, 3344629.113491141237319 ] } },
{ "type": "Feature", "properties": { "village_id": 42361, "village_name": "Juthanwas", "households": 62, "tot_pop": 271, "pop_male": 115, "pop_female": 156, "pop_sc": 63, "pop_st": 8, "shrid2": "11-05-058-00291-042361", "shrug_state_id": 5, "shrug_district_id": 58, "shrug_subdist_id": 291.0, "direct_zone_overlap": false, "hazard_zone_flag": 0, "hazard_zone_label": "Outside Candidate Hazard-Based Red Zone", "nearest_hazard_distance_m": 5977.7, "dist_to_nearest_redzone_m": 5977.7, "proximity_band": "5 km to 10 km", "nearest_zone_id": "RZ-250", "matched_zone_id": null, "matched_zone_label": null, "matched_zone_mh_score": null, "matched_zone_priority": null, "matched_zone_area_m2": null, "data_source": "Census PCA 2011 joined to SHRUG spatial bridge", "join_method": "Exact code-based join: Census Town/Village = SHRUG pc11_village_id", "disclaimer": "Decision Support — Requires Official Verification & Geotechnical Assessment" }, "geometry": { "type": "Point", "coordinates": [ 303538.256909825955518, 3344521.983758146408945 ] } },
{ "type": "Feature", "properties": { "village_id": 42362, "village_name": "Nauna", "households": 27, "tot_pop": 104, "pop_male": 45, "pop_female": 59, "pop_sc": 22, "pop_st": 0, "shrid2": "11-05-058-00291-042362", "shrug_state_id": 5, "shrug_district_id": 58, "shrug_subdist_id": 291.0, "direct_zone_overlap": false, "hazard_zone_flag": 0, "hazard_zone_label": "Outside Candidate Hazard-Based Red Zone", "nearest_hazard_distance_m": 6312.1, "dist_to_nearest_redzone_m": 6312.1, "proximity_band": "5 km to 10 km", "nearest_zone_id": "RZ-250", "matched_zone_id": null, "matched_zone_label": null, "matched_zone_mh_score": null, "matched_zone_priority": null, "matched_zone_area_m2": null, "data_source": "Census PCA 2011 joined to SHRUG spatial bridge", "join_method": "Exact code-based join: Census Town/Village = SHRUG pc11_village_id", "disclaimer": "Decision Support — Requires Official Verification & Geotechnical Assessment" }, "geometry": { "type": "Point", "coordinates": [ 302891.514424971072003, 3344205.465456231031567 ] } },
{ "type": "Feature", "properties": { "village_id": 42363, "village_name": "Dan Kot", "households": 67, "tot_pop": 231, "pop_male": 104, "pop_female": 127, "pop_sc": 80, "pop_st": 0, "shrid2": "11-05-058-00291-042363", "shrug_state_id": 5, "shrug_district_id": 58, "shrug_subdist_id": 291.0, "direct_zone_overlap": false, "hazard_zone_flag": 0, "hazard_zone_label": "Outside Candidate Hazard-Based Red Zone", "nearest_hazard_distance_m": 6509.3, "dist_to_nearest_redzone_m": 6509.3, "proximity_band": "5 km to 10 km", "nearest_zone_id": "RZ-250", "matched_zone_id": null, "matched_zone_label": null, "matched_zone_mh_score": null, "matched_zone_priority": null, "matched_zone_area_m2": null, "data_source": "Census PCA 2011 joined to SHRUG spatial bridge", "join_method": "Exact code-based join: Census Town/Village = SHRUG pc11_village_id", "disclaimer": "Decision Support — Requires Official Verification & Geotechnical Assessment" }, "geometry": { "type": "Point", "coordinates": [ 303371.092857544193976, 3343989.138713348191231 ] } },
{ "type": "Feature", "properties": { "village_id": 42364, "village_name": "Barsuri", "households": 53, "tot_pop": 193, "pop_male": 86, "pop_female": 107, "pop_sc": 14, "pop_st": 0, "shrid2": "11-05-058-00291-042364", "shrug_state_id": 5, "shrug_district_id": 58, "shrug_subdist_id": 291.0, "direct_zone_overlap": false, "hazard_zone_flag": 0, "hazard_zone_label": "Outside Candidate Hazard-Based Red Zone", "nearest_hazard_distance_m": 6559.1, "dist_to_nearest_redzone_m": 6559.1, "proximity_band": "5 km to 10 km", "nearest_zone_id": "RZ-250", "matched_zone_id": null, "matched_zone_label": null, "matched_zone_mh_score": null, "matched_zone_priority": null, "matched_zone_area_m2": null, "data_source": "Census PCA 2011 joined to SHRUG spatial bridge", "join_method": "Exact code-based join: Census Town/Village = SHRUG pc11_village_id", "disclaimer": "Decision Support — Requires Official Verification & Geotechnical Assessment" }, "geometry": { "type": "Point", "coordinates": [ 303896.15603290963918, 3343957.137546284124255 ] } },
{ "type": "Feature", "properties": { "village_id": 42365, "village_name": "Musyagaon", "households": 34, "tot_pop": 131, "pop_male": 57, "pop_female": 74, "pop_sc": 19, "pop_st": 0, "shrid2": "11-05-058-00291-042365", "shrug_state_id": 5, "shrug_district_id": 58, "shrug_subdist_id": 291.0, "direct_zone_overlap": false, "hazard_zone_flag": 0, "hazard_zone_label": "Outside Candidate Hazard-Based Red Zone", "nearest_hazard_distance_m": 6475.7, "dist_to_nearest_redzone_m": 6475.7, "proximity_band": "5 km to 10 km", "nearest_zone_id": "RZ-250", "matched_zone_id": null, "matched_zone_label": null, "matched_zone_mh_score": null, "matched_zone_priority": null, "matched_zone_area_m2": null, "data_source": "Census PCA 2011 joined to SHRUG spatial bridge", "join_method": "Exact code-based join: Census Town/Village = SHRUG pc11_village_id", "disclaimer": "Decision Support — Requires Official Verification & Geotechnical Assessment" }, "geometry": { "type": "Point", "coordinates": [ 304392.219446101109497, 3344097.279431362636387 ] } },
{ "type": "Feature", "properties": { "village_id": 42367, "village_name": "Aak Sera", "households": 12, "tot_pop": 55, "pop_male": 23, "pop_female": 32, "pop_sc": 0, "pop_st": 0, "shrid2": "11-05-058-00291-042367", "shrug_state_id": 5, "shrug_district_id": 58, "shrug_subdist_id": 291.0, "direct_zone_overlap": false, "hazard_zone_flag": 0, "hazard_zone_label": "Outside Candidate Hazard-Based Red Zone", "nearest_hazard_distance_m": 6717.6, "dist_to_nearest_redzone_m": 6717.6, "proximity_band": "5 km to 10 km", "nearest_zone_id": "RZ-250", "matched_zone_id": null, "matched_zone_label": null, "matched_zone_mh_score": null, "matched_zone_priority": null, "matched_zone_area_m2": null, "data_source": "Census PCA 2011 joined to SHRUG spatial bridge", "join_method": "Exact code-based join: Census Town/Village = SHRUG pc11_village_id", "disclaimer": "Decision Support — Requires Official Verification & Geotechnical Assessment" }, "geometry": { "type": "Point", "coordinates": [ 305940.651036405703053, 3344274.67073124460876 ] } },
{ "type": "Feature", "properties": { "village_id": 42368, "village_name": "Mahendra Bagoli", "households": 47, "tot_pop": 194, "pop_male": 82, "pop_female": 112, "pop_sc": 6, "pop_st": 0, "shrid2": "11-05-058-00291-042368", "shrug_state_id": 5, "shrug_district_id": 58, "shrug_subdist_id": 291.0, "direct_zone_overlap": false, "hazard_zone_flag": 0, "hazard_zone_label": "Outside Candidate Hazard-Based Red Zone", "nearest_hazard_distance_m": 6909.4, "dist_to_nearest_redzone_m": 6909.4, "proximity_band": "5 km to 10 km", "nearest_zone_id": "RZ-250", "matched_zone_id": null, "matched_zone_label": null, "matched_zone_mh_score": null, "matched_zone_priority": null, "matched_zone_area_m2": null, "data_source": "Census PCA 2011 joined to SHRUG spatial bridge", "join_method": "Exact code-based join: Census Town/Village = SHRUG pc11_village_id", "disclaimer": "Decision Support — Requires Official Verification & Geotechnical Assessment" }, "geometry": { "type": "Point", "coordinates": [ 306493.503614064888097, 3344313.949465708807111 ] } },
{ "type": "Feature", "properties": { "village_id": 42369, "village_name": "Kamoldi", "households": 60, "tot_pop": 263, "pop_male": 125, "pop_female": 138, "pop_sc": 144, "pop_st": 0, "shrid2": "11-05-058-00291-042369", "shrug_state_id": 5, "shrug_district_id": 58, "shrug_subdist_id": 291.0, "direct_zone_overlap": false, "hazard_zone_flag": 0, "hazard_zone_label": "Outside Candidate Hazard-Based Red Zone", "nearest_hazard_distance_m": 7349.2, "dist_to_nearest_redzone_m": 7349.2, "proximity_band": "5 km to 10 km", "nearest_zone_id": "RZ-250", "matched_zone_id": null, "matched_zone_label": null, "matched_zone_mh_score": null, "matched_zone_priority": null, "matched_zone_area_m2": null, "data_source": "Census PCA 2011 joined to SHRUG spatial bridge", "join_method": "Exact code-based join: Census Town/Village = SHRUG pc11_village_id", "disclaimer": "Decision Support — Requires Official Verification & Geotechnical Assessment" }, "geometry": { "type": "Point", "coordinates": [ 307111.200751324708108, 3344147.768593588843942 ] } },
{ "type": "Feature", "properties": { "village_id": 42370, "village_name": "Pipli", "households": 130, "tot_pop": 560, "pop_male": 241, "pop_female": 319, "pop_sc": 209, "pop_st": 1, "shrid2": "11-05-058-00291-042370", "shrug_state_id": 5, "shrug_district_id": 58, "shrug_subdist_id": 291.0, "direct_zone_overlap": false, "hazard_zone_flag": 0, "hazard_zone_label": "Outside Candidate Hazard-Based Red Zone", "nearest_hazard_distance_m": 7819.4, "dist_to_nearest_redzone_m": 7819.4, "proximity_band": "5 km to 10 km", "nearest_zone_id": "RZ-250", "matched_zone_id": null, "matched_zone_label": null, "matched_zone_mh_score": null, "matched_zone_priority": null, "matched_zone_area_m2": null, "data_source": "Census PCA 2011 joined to SHRUG spatial bridge", "join_method": "Exact code-based join: Census Town/Village = SHRUG pc11_village_id", "disclaimer": "Decision Support — Requires Official Verification & Geotechnical Assessment" }, "geometry": { "type": "Point", "coordinates": [ 307498.255034783098381, 3343831.248169249854982 ] } },
{ "type": "Feature", "properties": { "village_id": 42371, "village_name": "Dobha Doblaga Kafoli", "households": 8, "tot_pop": 41, "pop_male": 18, "pop_female": 23, "pop_sc": 6, "pop_st": 0, "shrid2": "11-05-058-00291-042371", "shrug_state_id": 5, "shrug_district_id": 58, "shrug_subdist_id": 291.0, "direct_zone_overlap": false, "hazard_zone_flag": 0, "hazard_zone_label": "Outside Candidate Hazard-Based Red Zone", "nearest_hazard_distance_m": 7557.1, "dist_to_nearest_redzone_m": 7557.1, "proximity_band": "5 km to 10 km", "nearest_zone_id": "RZ-250", "matched_zone_id": null, "matched_zone_label": null, "matched_zone_mh_score": null, "matched_zone_priority": null, "matched_zone_area_m2": null, "data_source": "Census PCA 2011 joined to SHRUG spatial bridge", "join_method": "Exact code-based join: Census Town/Village = SHRUG pc11_village_id", "disclaimer": "Decision Support — Requires Official Verification & Geotechnical Assessment" }, "geometry": { "type": "Point", "coordinates": [ 308120.769626129535027, 3344587.141915088985115 ] } },
{ "type": "Feature", "properties": { "village_id": 42372, "village_name": "Sakhrori", "households": 58, "tot_pop": 245, "pop_male": 108, "pop_female": 137, "pop_sc": 0, "pop_st": 0, "shrid2": "11-05-058-00291-042372", "shrug_state_id": 5, "shrug_district_id": 58, "shrug_subdist_id": 291.0, "direct_zone_overlap": false, "hazard_zone_flag": 0, "hazard_zone_label": "Outside Candidate Hazard-Based Red Zone", "nearest_hazard_distance_m": 8442.5, "dist_to_nearest_redzone_m": 8442.5, "proximity_band": "5 km to 10 km", "nearest_zone_id": "RZ-250", "matched_zone_id": null, "matched_zone_label": null, "matched_zone_mh_score": null, "matched_zone_priority": null, "matched_zone_area_m2": null, "data_source": "Census PCA 2011 joined to SHRUG spatial bridge", "join_method": "Exact code-based join: Census Town/Village = SHRUG pc11_village_id", "disclaimer": "Decision Support — Requires Official Verification & Geotechnical Assessment" }, "geometry": { "type": "Point", "coordinates": [ 308985.496757713845, 3344156.59569935919717 ] } },
{ "type": "Feature", "properties": { "village_id": 42373, "village_name": "Ban Gaon Talla", "households": 63, "tot_pop": 305, "pop_male": 130, "pop_female": 175, "pop_sc": 75, "pop_st": 1, "shrid2": "11-05-058-00291-042373", "shrug_state_id": 5, "shrug_district_id": 58, "shrug_subdist_id": 291.0, "direct_zone_overlap": false, "hazard_zone_flag": 0, "hazard_zone_label": "Outside Candidate Hazard-Based Red Zone", "nearest_hazard_distance_m": 8911.0, "dist_to_nearest_redzone_m": 8911.0, "proximity_band": "5 km to 10 km", "nearest_zone_id": "RZ-250", "matched_zone_id": null, "matched_zone_label": null, "matched_zone_mh_score": null, "matched_zone_priority": null, "matched_zone_area_m2": null, "data_source": "Census PCA 2011 joined to SHRUG spatial bridge", "join_method": "Exact code-based join: Census Town/Village = SHRUG pc11_village_id", "disclaimer": "Decision Support — Requires Official Verification & Geotechnical Assessment" }, "geometry": { "type": "Point", "coordinates": [ 309530.575592042412609, 3344019.586383040528744 ] } },
{ "type": "Feature", "properties": { "village_id": 42374, "village_name": "Dhar Kot", "households": 47, "tot_pop": 201, "pop_male": 81, "pop_female": 120, "pop_sc": 36, "pop_st": 0, "shrid2": "11-05-058-00291-042374", "shrug_state_id": 5, "shrug_district_id": 58, "shrug_subdist_id": 291.0, "direct_zone_overlap": false, "hazard_zone_flag": 0, "hazard_zone_label": "Outside Candidate Hazard-Based Red Zone", "nearest_hazard_distance_m": 9648.7, "dist_to_nearest_redzone_m": 9648.7, "proximity_band": "5 km to 10 km", "nearest_zone_id": "RZ-250", "matched_zone_id": null, "matched_zone_label": null, "matched_zone_mh_score": null, "matched_zone_priority": null, "matched_zone_area_m2": null, "data_source": "Census PCA 2011 joined to SHRUG spatial bridge", "join_method": "Exact code-based join: Census Town/Village = SHRUG pc11_village_id", "disclaimer": "Decision Support — Requires Official Verification & Geotechnical Assessment" }, "geometry": { "type": "Point", "coordinates": [ 309384.287445851776283, 3342919.725418838206679 ] } },
{ "type": "Feature", "properties": { "village_id": 42375, "village_name": "Syoni", "households": 53, "tot_pop": 195, "pop_male": 81, "pop_female": 114, "pop_sc": 0, "pop_st": 0, "shrid2": "11-05-058-00291-042375", "shrug_state_id": 5, "shrug_district_id": 58, "shrug_subdist_id": 291.0, "direct_zone_overlap": false, "hazard_zone_flag": 0, "hazard_zone_label": "Outside Candidate Hazard-Based Red Zone", "nearest_hazard_distance_m": 8624.3, "dist_to_nearest_redzone_m": 8624.3, "proximity_band": "5 km to 10 km", "nearest_zone_id": "RZ-250", "matched_zone_id": null, "matched_zone_label": null, "matched_zone_mh_score": null, "matched_zone_priority": null, "matched_zone_area_m2": null, "data_source": "Census PCA 2011 joined to SHRUG spatial bridge", "join_method": "Exact code-based join: Census Town/Village = SHRUG pc11_village_id", "disclaimer": "Decision Support — Requires Official Verification & Geotechnical Assessment" }, "geometry": { "type": "Point", "coordinates": [ 308345.896487859194167, 3343424.455031827557832 ] } },
{ "type": "Feature", "properties": { "village_id": 42376, "village_name": "Shyal Khet", "households": 22, "tot_pop": 103, "pop_male": 48, "pop_female": 55, "pop_sc": 75, "pop_st": 0, "shrid2": "11-05-058-00291-042376", "shrug_state_id": 5, "shrug_district_id": 58, "shrug_subdist_id": 291.0, "direct_zone_overlap": false, "hazard_zone_flag": 0, "hazard_zone_label": "Outside Candidate Hazard-Based Red Zone", "nearest_hazard_distance_m": 8493.7, "dist_to_nearest_redzone_m": 8493.7, "proximity_band": "5 km to 10 km", "nearest_zone_id": "RZ-250", "matched_zone_id": null, "matched_zone_label": null, "matched_zone_mh_score": null, "matched_zone_priority": null, "matched_zone_area_m2": null, "data_source": "Census PCA 2011 joined to SHRUG spatial bridge", "join_method": "Exact code-based join: Census Town/Village = SHRUG pc11_village_id", "disclaimer": "Decision Support — Requires Official Verification & Geotechnical Assessment" }, "geometry": { "type": "Point", "coordinates": [ 307414.727768022799864, 3343006.727743533439934 ] } },
{ "type": "Feature", "properties": { "village_id": 42377, "village_name": "Koli", "households": 101, "tot_pop": 430, "pop_male": 190, "pop_female": 240, "pop_sc": 70, "pop_st": 6, "shrid2": "11-05-058-00291-042377", "shrug_state_id": 5, "shrug_district_id": 58, "shrug_subdist_id": 291.0, "direct_zone_overlap": false, "hazard_zone_flag": 0, "hazard_zone_label": "Outside Candidate Hazard-Based Red Zone", "nearest_hazard_distance_m": 7932.4, "dist_to_nearest_redzone_m": 7932.4, "proximity_band": "5 km to 10 km", "nearest_zone_id": "RZ-250", "matched_zone_id": null, "matched_zone_label": null, "matched_zone_mh_score": null, "matched_zone_priority": null, "matched_zone_area_m2": null, "data_source": "Census PCA 2011 joined to SHRUG spatial bridge", "join_method": "Exact code-based join: Census Town/Village = SHRUG pc11_village_id", "disclaimer": "Decision Support — Requires Official Verification & Geotechnical Assessment" }, "geometry": { "type": "Point", "coordinates": [ 306477.561319180298597, 3343182.025652199983597 ] } },
{ "type": "Feature", "properties": { "village_id": 42378, "village_name": "Surari", "households": 58, "tot_pop": 219, "pop_male": 107, "pop_female": 112, "pop_sc": 50, "pop_st": 0, "shrid2": "11-05-058-00291-042378", "shrug_state_id": 5, "shrug_district_id": 58, "shrug_subdist_id": 291.0, "direct_zone_overlap": false, "hazard_zone_flag": 0, "hazard_zone_label": "Outside Candidate Hazard-Based Red Zone", "nearest_hazard_distance_m": 7624.0, "dist_to_nearest_redzone_m": 7624.0, "proximity_band": "5 km to 10 km", "nearest_zone_id": "RZ-250", "matched_zone_id": null, "matched_zone_label": null, "matched_zone_mh_score": null, "matched_zone_priority": null, "matched_zone_area_m2": null, "data_source": "Census PCA 2011 joined to SHRUG spatial bridge", "join_method": "Exact code-based join: Census Town/Village = SHRUG pc11_village_id", "disclaimer": "Decision Support — Requires Official Verification & Geotechnical Assessment" }, "geometry": { "type": "Point", "coordinates": [ 305840.582972060015891, 3343271.395954105537385 ] } },
{ "type": "Feature", "properties": { "village_id": 42379, "village_name": "Thendi", "households": 65, "tot_pop": 223, "pop_male": 88, "pop_female": 135, "pop_sc": 18, "pop_st": 0, "shrid2": "11-05-058-00291-042379", "shrug_state_id": 5, "shrug_district_id": 58, "shrug_subdist_id": 291.0, "direct_zone_overlap": false, "hazard_zone_flag": 0, "hazard_zone_label": "Outside Candidate Hazard-Based Red Zone", "nearest_hazard_distance_m": 7210.4, "dist_to_nearest_redzone_m": 7210.4, "proximity_band": "5 km to 10 km", "nearest_zone_id": "RZ-250", "matched_zone_id": null, "matched_zone_label": null, "matched_zone_mh_score": null, "matched_zone_priority": null, "matched_zone_area_m2": null, "data_source": "Census PCA 2011 joined to SHRUG spatial bridge", "join_method": "Exact code-based join: Census Town/Village = SHRUG pc11_village_id", "disclaimer": "Decision Support — Requires Official Verification & Geotechnical Assessment" }, "geometry": { "type": "Point", "coordinates": [ 305431.371264108573087, 3343576.386961771175265 ] } },
{ "type": "Feature", "properties": { "village_id": 42380, "village_name": "Jutai", "households": 33, "tot_pop": 175, "pop_male": 63, "pop_female": 112, "pop_sc": 33, "pop_st": 0, "shrid2": "11-05-058-00291-042380", "shrug_state_id": 5, "shrug_district_id": 58, "shrug_subdist_id": 291.0, "direct_zone_overlap": false, "hazard_zone_flag": 0, "hazard_zone_label": "Outside Candidate Hazard-Based Red Zone", "nearest_hazard_distance_m": 6905.3, "dist_to_nearest_redzone_m": 6905.3, "proximity_band": "5 km to 10 km", "nearest_zone_id": "RZ-250", "matched_zone_id": null, "matched_zone_label": null, "matched_zone_mh_score": null, "matched_zone_priority": null, "matched_zone_area_m2": null, "data_source": "Census PCA 2011 joined to SHRUG spatial bridge", "join_method": "Exact code-based join: Census Town/Village = SHRUG pc11_village_id", "disclaimer": "Decision Support — Requires Official Verification & Geotechnical Assessment" }, "geometry": { "type": "Point", "coordinates": [ 304906.736499923397787, 3343756.688537619542331 ] } },
{ "type": "Feature", "properties": { "village_id": 42381, "village_name": "Margaon ", "households": 65, "tot_pop": 260, "pop_male": 114, "pop_female": 146, "pop_sc": 68, "pop_st": 0, "shrid2": "11-05-058-00291-042381", "shrug_state_id": 5, "shrug_district_id": 58, "shrug_subdist_id": 291.0, "direct_zone_overlap": false, "hazard_zone_flag": 0, "hazard_zone_label": "Outside Candidate Hazard-Based Red Zone", "nearest_hazard_distance_m": 7457.8, "dist_to_nearest_redzone_m": 7457.8, "proximity_band": "5 km to 10 km", "nearest_zone_id": "RZ-250", "matched_zone_id": null, "matched_zone_label": null, "matched_zone_mh_score": null, "matched_zone_priority": null, "matched_zone_area_m2": null, "data_source": "Census PCA 2011 joined to SHRUG spatial bridge", "join_method": "Exact code-based join: Census Town/Village = SHRUG pc11_village_id", "disclaimer": "Decision Support — Requires Official Verification & Geotechnical Assessment" }, "geometry": { "type": "Point", "coordinates": [ 304457.670354029280134, 3343114.195622452534735 ] } },
{ "type": "Feature", "properties": { "village_id": 42382, "village_name": "Afrai Khet", "households": 16, "tot_pop": 72, "pop_male": 35, "pop_female": 37, "pop_sc": 0, "pop_st": 0, "shrid2": "11-05-058-00291-042382", "shrug_state_id": 5, "shrug_district_id": 58, "shrug_subdist_id": 291.0, "direct_zone_overlap": false, "hazard_zone_flag": 0, "hazard_zone_label": "Outside Candidate Hazard-Based Red Zone", "nearest_hazard_distance_m": 7377.1, "dist_to_nearest_redzone_m": 7377.1, "proximity_band": "5 km to 10 km", "nearest_zone_id": "RZ-250", "matched_zone_id": null, "matched_zone_label": null, "matched_zone_mh_score": null, "matched_zone_priority": null, "matched_zone_area_m2": null, "data_source": "Census PCA 2011 joined to SHRUG spatial bridge", "join_method": "Exact code-based join: Census Town/Village = SHRUG pc11_village_id", "disclaimer": "Decision Support — Requires Official Verification & Geotechnical Assessment" }, "geometry": { "type": "Point", "coordinates": [ 303718.71005935408175, 3343127.679101947229356 ] } },
{ "type": "Feature", "properties": { "village_id": 42383, "village_name": "Dhankot/ Kandadhar", "households": 27, "tot_pop": 111, "pop_male": 51, "pop_female": 60, "pop_sc": 0, "pop_st": 0, "shrid2": "11-05-058-00291-042383", "shrug_state_id": 5, "shrug_district_id": 58, "shrug_subdist_id": 291.0, "direct_zone_overlap": false, "hazard_zone_flag": 0, "hazard_zone_label": "Outside Candidate Hazard-Based Red Zone", "nearest_hazard_distance_m": 6805.9, "dist_to_nearest_redzone_m": 6805.9, "proximity_band": "5 km to 10 km", "nearest_zone_id": "RZ-250", "matched_zone_id": null, "matched_zone_label": null, "matched_zone_mh_score": null, "matched_zone_priority": null, "matched_zone_area_m2": null, "data_source": "Census PCA 2011 joined to SHRUG spatial bridge", "join_method": "Exact code-based join: Census Town/Village = SHRUG pc11_village_id", "disclaimer": "Decision Support — Requires Official Verification & Geotechnical Assessment" }, "geometry": { "type": "Point", "coordinates": [ 302861.778792872501072, 3343712.474698690697551 ] } },
{ "type": "Feature", "properties": { "village_id": 42384, "village_name": "Naukhu", "households": 20, "tot_pop": 87, "pop_male": 40, "pop_female": 47, "pop_sc": 0, "pop_st": 0, "shrid2": "11-05-058-00291-042384", "shrug_state_id": 5, "shrug_district_id": 58, "shrug_subdist_id": 291.0, "direct_zone_overlap": false, "hazard_zone_flag": 0, "hazard_zone_label": "Outside Candidate Hazard-Based Red Zone", "nearest_hazard_distance_m": 7187.2, "dist_to_nearest_redzone_m": 7187.2, "proximity_band": "5 km to 10 km", "nearest_zone_id": "RZ-250", "matched_zone_id": null, "matched_zone_label": null, "matched_zone_mh_score": null, "matched_zone_priority": null, "matched_zone_area_m2": null, "data_source": "Census PCA 2011 joined to SHRUG spatial bridge", "join_method": "Exact code-based join: Census Town/Village = SHRUG pc11_village_id", "disclaimer": "Decision Support — Requires Official Verification & Geotechnical Assessment" }, "geometry": { "type": "Point", "coordinates": [ 302059.340602271491662, 3343434.231312894728035 ] } },
{ "type": "Feature", "properties": { "village_id": 42386, "village_name": "Barkot", "households": 14, "tot_pop": 47, "pop_male": 20, "pop_female": 27, "pop_sc": 3, "pop_st": 0, "shrid2": "11-05-058-00291-042386", "shrug_state_id": 5, "shrug_district_id": 58, "shrug_subdist_id": 291.0, "direct_zone_overlap": false, "hazard_zone_flag": 0, "hazard_zone_label": "Outside Candidate Hazard-Based Red Zone", "nearest_hazard_distance_m": 7728.5, "dist_to_nearest_redzone_m": 7728.5, "proximity_band": "5 km to 10 km", "nearest_zone_id": "RZ-250", "matched_zone_id": null, "matched_zone_label": null, "matched_zone_mh_score": null, "matched_zone_priority": null, "matched_zone_area_m2": null, "data_source": "Census PCA 2011 joined to SHRUG spatial bridge", "join_method": "Exact code-based join: Census Town/Village = SHRUG pc11_village_id", "disclaimer": "Decision Support — Requires Official Verification & Geotechnical Assessment" }, "geometry": { "type": "Point", "coordinates": [ 305118.272100591391791, 3342960.484674234874547 ] } },
{ "type": "Feature", "properties": { "village_id": 42387, "village_name": "Pata", "households": 81, "tot_pop": 357, "pop_male": 153, "pop_female": 204, "pop_sc": 36, "pop_st": 0, "shrid2": "11-05-058-00291-042387", "shrug_state_id": 5, "shrug_district_id": 58, "shrug_subdist_id": 291.0, "direct_zone_overlap": false, "hazard_zone_flag": 0, "hazard_zone_label": "Outside Candidate Hazard-Based Red Zone", "nearest_hazard_distance_m": 9419.5, "dist_to_nearest_redzone_m": 9419.5, "proximity_band": "5 km to 10 km", "nearest_zone_id": "RZ-250", "matched_zone_id": null, "matched_zone_label": null, "matched_zone_mh_score": null, "matched_zone_priority": null, "matched_zone_area_m2": null, "data_source": "Census PCA 2011 joined to SHRUG spatial bridge", "join_method": "Exact code-based join: Census Town/Village = SHRUG pc11_village_id", "disclaimer": "Decision Support — Requires Official Verification & Geotechnical Assessment" }, "geometry": { "type": "Point", "coordinates": [ 308524.060429967066739, 3342586.446416764520109 ] } },
{ "type": "Feature", "properties": { "village_id": 42388, "village_name": "Bansue", "households": 92, "tot_pop": 450, "pop_male": 173, "pop_female": 277, "pop_sc": 68, "pop_st": 0, "shrid2": "11-05-058-00291-042388", "shrug_state_id": 5, "shrug_district_id": 58, "shrug_subdist_id": 291.0, "direct_zone_overlap": false, "hazard_zone_flag": 0, "hazard_zone_label": "Outside Candidate Hazard-Based Red Zone", "nearest_hazard_distance_m": 9533.0, "dist_to_nearest_redzone_m": 9533.0, "proximity_band": "5 km to 10 km", "nearest_zone_id": "RZ-250", "matched_zone_id": null, "matched_zone_label": null, "matched_zone_mh_score": null, "matched_zone_priority": null, "matched_zone_area_m2": null, "data_source": "Census PCA 2011 joined to SHRUG spatial bridge", "join_method": "Exact code-based join: Census Town/Village = SHRUG pc11_village_id", "disclaimer": "Decision Support — Requires Official Verification & Geotechnical Assessment" }, "geometry": { "type": "Point", "coordinates": [ 310191.80353795166593, 3343796.16798592498526 ] } },
{ "type": "Feature", "properties": { "village_id": 42389, "village_name": "Nakar", "households": 4, "tot_pop": 8, "pop_male": 4, "pop_female": 4, "pop_sc": 0, "pop_st": 0, "shrid2": "11-05-058-00291-042389", "shrug_state_id": 5, "shrug_district_id": 58, "shrug_subdist_id": 291.0, "direct_zone_overlap": false, "hazard_zone_flag": 0, "hazard_zone_label": "Outside Candidate Hazard-Based Red Zone", "nearest_hazard_distance_m": 10966.1, "dist_to_nearest_redzone_m": 10966.1, "proximity_band": "Beyond 10 km", "nearest_zone_id": "RZ-250", "matched_zone_id": null, "matched_zone_label": null, "matched_zone_mh_score": null, "matched_zone_priority": null, "matched_zone_area_m2": null, "data_source": "Census PCA 2011 joined to SHRUG spatial bridge", "join_method": "Exact code-based join: Census Town/Village = SHRUG pc11_village_id", "disclaimer": "Decision Support — Requires Official Verification & Geotechnical Assessment" }, "geometry": { "type": "Point", "coordinates": [ 311671.662541422061622, 3343284.36708430480212 ] } },
{ "type": "Feature", "properties": { "village_id": 42390, "village_name": "Ban Gaon Malla", "households": 23, "tot_pop": 128, "pop_male": 59, "pop_female": 69, "pop_sc": 0, "pop_st": 0, "shrid2": "11-05-058-00291-042390", "shrug_state_id": 5, "shrug_district_id": 58, "shrug_subdist_id": 291.0, "direct_zone_overlap": false, "hazard_zone_flag": 0, "hazard_zone_label": "Outside Candidate Hazard-Based Red Zone", "nearest_hazard_distance_m": 10302.8, "dist_to_nearest_redzone_m": 10302.8, "proximity_band": "Beyond 10 km", "nearest_zone_id": "RZ-250", "matched_zone_id": null, "matched_zone_label": null, "matched_zone_mh_score": null, "matched_zone_priority": null, "matched_zone_area_m2": null, "data_source": "Census PCA 2011 joined to SHRUG spatial bridge", "join_method": "Exact code-based join: Census Town/Village = SHRUG pc11_village_id", "disclaimer": "Decision Support — Requires Official Verification & Geotechnical Assessment" }, "geometry": { "type": "Point", "coordinates": [ 310640.019416083930992, 3343156.00566932419315 ] } },
{ "type": "Feature", "properties": { "village_id": 42391, "village_name": "Jundoli", "households": 78, "tot_pop": 343, "pop_male": 154, "pop_female": 189, "pop_sc": 60, "pop_st": 0, "shrid2": "11-05-058-00291-042391", "shrug_state_id": 5, "shrug_district_id": 58, "shrug_subdist_id": 291.0, "direct_zone_overlap": false, "hazard_zone_flag": 0, "hazard_zone_label": "Outside Candidate Hazard-Based Red Zone", "nearest_hazard_distance_m": 10649.0, "dist_to_nearest_redzone_m": 10649.0, "proximity_band": "Beyond 10 km", "nearest_zone_id": "RZ-250", "matched_zone_id": null, "matched_zone_label": null, "matched_zone_mh_score": null, "matched_zone_priority": null, "matched_zone_area_m2": null, "data_source": "Census PCA 2011 joined to SHRUG spatial bridge", "join_method": "Exact code-based join: Census Town/Village = SHRUG pc11_village_id", "disclaimer": "Decision Support — Requires Official Verification & Geotechnical Assessment" }, "geometry": { "type": "Point", "coordinates": [ 310442.189475831284653, 3342499.288685902487487 ] } },
{ "type": "Feature", "properties": { "village_id": 42392, "village_name": "Semalta", "households": 34, "tot_pop": 97, "pop_male": 45, "pop_female": 52, "pop_sc": 0, "pop_st": 0, "shrid2": "11-05-058-00291-042392", "shrug_state_id": 5, "shrug_district_id": 58, "shrug_subdist_id": 291.0, "direct_zone_overlap": false, "hazard_zone_flag": 0, "hazard_zone_label": "Outside Candidate Hazard-Based Red Zone", "nearest_hazard_distance_m": 5557.4, "dist_to_nearest_redzone_m": 5557.4, "proximity_band": "5 km to 10 km", "nearest_zone_id": "RZ-250", "matched_zone_id": null, "matched_zone_label": null, "matched_zone_mh_score": null, "matched_zone_priority": null, "matched_zone_area_m2": null, "data_source": "Census PCA 2011 joined to SHRUG spatial bridge", "join_method": "Exact code-based join: Census Town/Village = SHRUG pc11_village_id", "disclaimer": "Decision Support — Requires Official Verification & Geotechnical Assessment" }, "geometry": { "type": "Point", "coordinates": [ 302234.463336153421551, 3356139.449510144069791 ] } },
{ "type": "Feature", "properties": { "village_id": 42393, "village_name": "Gawana", "households": 51, "tot_pop": 190, "pop_male": 84, "pop_female": 106, "pop_sc": 22, "pop_st": 0, "shrid2": "11-05-058-00291-042393", "shrug_state_id": 5, "shrug_district_id": 58, "shrug_subdist_id": 291.0, "direct_zone_overlap": false, "hazard_zone_flag": 0, "hazard_zone_label": "Outside Candidate Hazard-Based Red Zone", "nearest_hazard_distance_m": 4288.8, "dist_to_nearest_redzone_m": 4288.8, "proximity_band": "2 km to 5 km", "nearest_zone_id": "RZ-250", "matched_zone_id": null, "matched_zone_label": null, "matched_zone_mh_score": null, "matched_zone_priority": null, "matched_zone_area_m2": null, "data_source": "Census PCA 2011 joined to SHRUG spatial bridge", "join_method": "Exact code-based join: Census Town/Village = SHRUG pc11_village_id", "disclaimer": "Decision Support — Requires Official Verification & Geotechnical Assessment" }, "geometry": { "type": "Point", "coordinates": [ 303073.326113104587421, 3354979.742027428001165 ] } },
{ "type": "Feature", "properties": { "village_id": 42394, "village_name": "Dungari", "households": 56, "tot_pop": 230, "pop_male": 96, "pop_female": 134, "pop_sc": 0, "pop_st": 0, "shrid2": "11-05-058-00291-042394", "shrug_state_id": 5, "shrug_district_id": 58, "shrug_subdist_id": 291.0, "direct_zone_overlap": false, "hazard_zone_flag": 0, "hazard_zone_label": "Outside Candidate Hazard-Based Red Zone", "nearest_hazard_distance_m": 4806.7, "dist_to_nearest_redzone_m": 4806.7, "proximity_band": "2 km to 5 km", "nearest_zone_id": "RZ-250", "matched_zone_id": null, "matched_zone_label": null, "matched_zone_mh_score": null, "matched_zone_priority": null, "matched_zone_area_m2": null, "data_source": "Census PCA 2011 joined to SHRUG spatial bridge", "join_method": "Exact code-based join: Census Town/Village = SHRUG pc11_village_id", "disclaimer": "Decision Support — Requires Official Verification & Geotechnical Assessment" }, "geometry": { "type": "Point", "coordinates": [ 301181.426899642916396, 3354974.807508402504027 ] } },
{ "type": "Feature", "properties": { "village_id": 42395, "village_name": "Swili", "households": 24, "tot_pop": 98, "pop_male": 43, "pop_female": 55, "pop_sc": 0, "pop_st": 0, "shrid2": "11-05-058-00291-042395", "shrug_state_id": 5, "shrug_district_id": 58, "shrug_subdist_id": 291.0, "direct_zone_overlap": false, "hazard_zone_flag": 0, "hazard_zone_label": "Outside Candidate Hazard-Based Red Zone", "nearest_hazard_distance_m": 2817.1, "dist_to_nearest_redzone_m": 2817.1, "proximity_band": "2 km to 5 km", "nearest_zone_id": "RZ-250", "matched_zone_id": null, "matched_zone_label": null, "matched_zone_mh_score": null, "matched_zone_priority": null, "matched_zone_area_m2": null, "data_source": "Census PCA 2011 joined to SHRUG spatial bridge", "join_method": "Exact code-based join: Census Town/Village = SHRUG pc11_village_id", "disclaimer": "Decision Support — Requires Official Verification & Geotechnical Assessment" }, "geometry": { "type": "Point", "coordinates": [ 303246.13517099886667, 3353515.933548983652145 ] } },
{ "type": "Feature", "properties": { "village_id": 42396, "village_name": "Lendar Urf Sem", "households": 33, "tot_pop": 118, "pop_male": 58, "pop_female": 60, "pop_sc": 0, "pop_st": 0, "shrid2": "11-05-058-00291-042396", "shrug_state_id": 5, "shrug_district_id": 58, "shrug_subdist_id": 291.0, "direct_zone_overlap": false, "hazard_zone_flag": 0, "hazard_zone_label": "Outside Candidate Hazard-Based Red Zone", "nearest_hazard_distance_m": 3814.9, "dist_to_nearest_redzone_m": 3814.9, "proximity_band": "2 km to 5 km", "nearest_zone_id": "RZ-250", "matched_zone_id": null, "matched_zone_label": null, "matched_zone_mh_score": null, "matched_zone_priority": null, "matched_zone_area_m2": null, "data_source": "Census PCA 2011 joined to SHRUG spatial bridge", "join_method": "Exact code-based join: Census Town/Village = SHRUG pc11_village_id", "disclaimer": "Decision Support — Requires Official Verification & Geotechnical Assessment" }, "geometry": { "type": "Point", "coordinates": [ 304945.635073489742354, 3354195.425009219907224 ] } },
{ "type": "Feature", "properties": { "village_id": 42397, "village_name": "Tarwari", "households": 24, "tot_pop": 147, "pop_male": 71, "pop_female": 76, "pop_sc": 0, "pop_st": 0, "shrid2": "11-05-058-00291-042397", "shrug_state_id": 5, "shrug_district_id": 58, "shrug_subdist_id": 291.0, "direct_zone_overlap": false, "hazard_zone_flag": 0, "hazard_zone_label": "Outside Candidate Hazard-Based Red Zone", "nearest_hazard_distance_m": 4883.0, "dist_to_nearest_redzone_m": 4883.0, "proximity_band": "2 km to 5 km", "nearest_zone_id": "RZ-250", "matched_zone_id": null, "matched_zone_label": null, "matched_zone_mh_score": null, "matched_zone_priority": null, "matched_zone_area_m2": null, "data_source": "Census PCA 2011 joined to SHRUG spatial bridge", "join_method": "Exact code-based join: Census Town/Village = SHRUG pc11_village_id", "disclaimer": "Decision Support — Requires Official Verification & Geotechnical Assessment" }, "geometry": { "type": "Point", "coordinates": [ 305542.960658105323091, 3355095.898043853696436 ] } },
{ "type": "Feature", "properties": { "village_id": 42398, "village_name": "Jawari", "households": 394, "tot_pop": 1793, "pop_male": 830, "pop_female": 963, "pop_sc": 272, "pop_st": 0, "shrid2": "11-05-058-00291-042398", "shrug_state_id": 5, "shrug_district_id": 58, "shrug_subdist_id": 291.0, "direct_zone_overlap": false, "hazard_zone_flag": 0, "hazard_zone_label": "Outside Candidate Hazard-Based Red Zone", "nearest_hazard_distance_m": 5342.6, "dist_to_nearest_redzone_m": 5342.6, "proximity_band": "5 km to 10 km", "nearest_zone_id": "RZ-250", "matched_zone_id": null, "matched_zone_label": null, "matched_zone_mh_score": null, "matched_zone_priority": null, "matched_zone_area_m2": null, "data_source": "Census PCA 2011 joined to SHRUG spatial bridge", "join_method": "Exact code-based join: Census Town/Village = SHRUG pc11_village_id", "disclaimer": "Decision Support — Requires Official Verification & Geotechnical Assessment" }, "geometry": { "type": "Point", "coordinates": [ 306749.602158954483457, 3354874.382259604986757 ] } },
{ "type": "Feature", "properties": { "village_id": 42399, "village_name": "Dharmola", "households": 232, "tot_pop": 1212, "pop_male": 595, "pop_female": 617, "pop_sc": 459, "pop_st": 0, "shrid2": "11-05-058-00291-042399", "shrug_state_id": 5, "shrug_district_id": 58, "shrug_subdist_id": 291.0, "direct_zone_overlap": false, "hazard_zone_flag": 0, "hazard_zone_label": "Outside Candidate Hazard-Based Red Zone", "nearest_hazard_distance_m": 4236.6, "dist_to_nearest_redzone_m": 4236.6, "proximity_band": "2 km to 5 km", "nearest_zone_id": "RZ-250", "matched_zone_id": null, "matched_zone_label": null, "matched_zone_mh_score": null, "matched_zone_priority": null, "matched_zone_area_m2": null, "data_source": "Census PCA 2011 joined to SHRUG spatial bridge", "join_method": "Exact code-based join: Census Town/Village = SHRUG pc11_village_id", "disclaimer": "Decision Support — Requires Official Verification & Geotechnical Assessment" }, "geometry": { "type": "Point", "coordinates": [ 305791.090836855291855, 3354208.097947074100375 ] } },
{ "type": "Feature", "properties": { "village_id": 42400, "village_name": "Dungra", "households": 57, "tot_pop": 205, "pop_male": 84, "pop_female": 121, "pop_sc": 0, "pop_st": 0, "shrid2": "11-05-058-00291-042400", "shrug_state_id": 5, "shrug_district_id": 58, "shrug_subdist_id": 291.0, "direct_zone_overlap": false, "hazard_zone_flag": 0, "hazard_zone_label": "Outside Candidate Hazard-Based Red Zone", "nearest_hazard_distance_m": 4852.4, "dist_to_nearest_redzone_m": 4852.4, "proximity_band": "2 km to 5 km", "nearest_zone_id": "RZ-250", "matched_zone_id": null, "matched_zone_label": null, "matched_zone_mh_score": null, "matched_zone_priority": null, "matched_zone_area_m2": null, "data_source": "Census PCA 2011 joined to SHRUG spatial bridge", "join_method": "Exact code-based join: Census Town/Village = SHRUG pc11_village_id", "disclaimer": "Decision Support — Requires Official Verification & Geotechnical Assessment" }, "geometry": { "type": "Point", "coordinates": [ 306856.514728276757523, 3354120.408586771693081 ] } },
{ "type": "Feature", "properties": { "village_id": 42401, "village_name": "Routhiya", "households": 144, "tot_pop": 743, "pop_male": 360, "pop_female": 383, "pop_sc": 0, "pop_st": 0, "shrid2": "11-05-058-00291-042401", "shrug_state_id": 5, "shrug_district_id": 58, "shrug_subdist_id": 291.0, "direct_zone_overlap": false, "hazard_zone_flag": 0, "hazard_zone_label": "Outside Candidate Hazard-Based Red Zone", "nearest_hazard_distance_m": 3623.8, "dist_to_nearest_redzone_m": 3623.8, "proximity_band": "2 km to 5 km", "nearest_zone_id": "RZ-250", "matched_zone_id": null, "matched_zone_label": null, "matched_zone_mh_score": null, "matched_zone_priority": null, "matched_zone_area_m2": null, "data_source": "Census PCA 2011 joined to SHRUG spatial bridge", "join_method": "Exact code-based join: Census Town/Village = SHRUG pc11_village_id", "disclaimer": "Decision Support — Requires Official Verification & Geotechnical Assessment" }, "geometry": { "type": "Point", "coordinates": [ 305977.313806544640101, 3353262.181490705348551 ] } },
{ "type": "Feature", "properties": { "village_id": 42402, "village_name": "Kotali", "households": 35, "tot_pop": 238, "pop_male": 117, "pop_female": 121, "pop_sc": 38, "pop_st": 0, "shrid2": "11-05-058-00291-042402", "shrug_state_id": 5, "shrug_district_id": 58, "shrug_subdist_id": 291.0, "direct_zone_overlap": false, "hazard_zone_flag": 0, "hazard_zone_label": "Outside Candidate Hazard-Based Red Zone", "nearest_hazard_distance_m": 1047.1, "dist_to_nearest_redzone_m": 1047.1, "proximity_band": "1 km to 2 km", "nearest_zone_id": "RZ-250", "matched_zone_id": null, "matched_zone_label": null, "matched_zone_mh_score": null, "matched_zone_priority": null, "matched_zone_area_m2": null, "data_source": "Census PCA 2011 joined to SHRUG spatial bridge", "join_method": "Exact code-based join: Census Town/Village = SHRUG pc11_village_id", "disclaimer": "Decision Support — Requires Official Verification & Geotechnical Assessment" }, "geometry": { "type": "Point", "coordinates": [ 303499.233630805159919, 3351745.663526023738086 ] } },
{ "type": "Feature", "properties": { "village_id": 42403, "village_name": "Malyasu Talla", "households": 27, "tot_pop": 107, "pop_male": 51, "pop_female": 56, "pop_sc": 0, "pop_st": 0, "shrid2": "11-05-058-00291-042403", "shrug_state_id": 5, "shrug_district_id": 58, "shrug_subdist_id": 291.0, "direct_zone_overlap": false, "hazard_zone_flag": 0, "hazard_zone_label": "Outside Candidate Hazard-Based Red Zone", "nearest_hazard_distance_m": 2978.2, "dist_to_nearest_redzone_m": 2978.2, "proximity_band": "2 km to 5 km", "nearest_zone_id": "RZ-250", "matched_zone_id": null, "matched_zone_label": null, "matched_zone_mh_score": null, "matched_zone_priority": null, "matched_zone_area_m2": null, "data_source": "Census PCA 2011 joined to SHRUG spatial bridge", "join_method": "Exact code-based join: Census Town/Village = SHRUG pc11_village_id", "disclaimer": "Decision Support — Requires Official Verification & Geotechnical Assessment" }, "geometry": { "type": "Point", "coordinates": [ 301513.494592072500382, 3353020.124241784680635 ] } },
{ "type": "Feature", "properties": { "village_id": 42405, "village_name": "Bhains Gaon", "households": 49, "tot_pop": 245, "pop_male": 128, "pop_female": 117, "pop_sc": 0, "pop_st": 0, "shrid2": "11-05-058-00291-042405", "shrug_state_id": 5, "shrug_district_id": 58, "shrug_subdist_id": 291.0, "direct_zone_overlap": false, "hazard_zone_flag": 0, "hazard_zone_label": "Outside Candidate Hazard-Based Red Zone", "nearest_hazard_distance_m": 6800.8, "dist_to_nearest_redzone_m": 6800.8, "proximity_band": "5 km to 10 km", "nearest_zone_id": "RZ-250", "matched_zone_id": null, "matched_zone_label": null, "matched_zone_mh_score": null, "matched_zone_priority": null, "matched_zone_area_m2": null, "data_source": "Census PCA 2011 joined to SHRUG spatial bridge", "join_method": "Exact code-based join: Census Town/Village = SHRUG pc11_village_id", "disclaimer": "Decision Support — Requires Official Verification & Geotechnical Assessment" }, "geometry": { "type": "Point", "coordinates": [ 306830.647193067125045, 3356581.557531611062586 ] } },
{ "type": "Feature", "properties": { "village_id": 42406, "village_name": "Pola", "households": 37, "tot_pop": 129, "pop_male": 59, "pop_female": 70, "pop_sc": 44, "pop_st": 0, "shrid2": "11-05-058-00291-042406", "shrug_state_id": 5, "shrug_district_id": 58, "shrug_subdist_id": 291.0, "direct_zone_overlap": false, "hazard_zone_flag": 0, "hazard_zone_label": "Outside Candidate Hazard-Based Red Zone", "nearest_hazard_distance_m": 8041.5, "dist_to_nearest_redzone_m": 8041.5, "proximity_band": "5 km to 10 km", "nearest_zone_id": "RZ-250", "matched_zone_id": null, "matched_zone_label": null, "matched_zone_mh_score": null, "matched_zone_priority": null, "matched_zone_area_m2": null, "data_source": "Census PCA 2011 joined to SHRUG spatial bridge", "join_method": "Exact code-based join: Census Town/Village = SHRUG pc11_village_id", "disclaimer": "Decision Support — Requires Official Verification & Geotechnical Assessment" }, "geometry": { "type": "Point", "coordinates": [ 308000.033889755024575, 3357306.797592947725207 ] } },
{ "type": "Feature", "properties": { "village_id": 42407, "village_name": "Nari", "households": 127, "tot_pop": 578, "pop_male": 255, "pop_female": 323, "pop_sc": 0, "pop_st": 0, "shrid2": "11-05-058-00291-042407", "shrug_state_id": 5, "shrug_district_id": 58, "shrug_subdist_id": 291.0, "direct_zone_overlap": false, "hazard_zone_flag": 0, "hazard_zone_label": "Outside Candidate Hazard-Based Red Zone", "nearest_hazard_distance_m": 8548.6, "dist_to_nearest_redzone_m": 8548.6, "proximity_band": "5 km to 10 km", "nearest_zone_id": "RZ-250", "matched_zone_id": null, "matched_zone_label": null, "matched_zone_mh_score": null, "matched_zone_priority": null, "matched_zone_area_m2": null, "data_source": "Census PCA 2011 joined to SHRUG spatial bridge", "join_method": "Exact code-based join: Census Town/Village = SHRUG pc11_village_id", "disclaimer": "Decision Support — Requires Official Verification & Geotechnical Assessment" }, "geometry": { "type": "Point", "coordinates": [ 308950.908776321914047, 3357214.082213481422514 ] } },
{ "type": "Feature", "properties": { "village_id": 42408, "village_name": "Syund Dhamak", "households": 68, "tot_pop": 226, "pop_male": 98, "pop_female": 128, "pop_sc": 0, "pop_st": 0, "shrid2": "11-05-058-00291-042408", "shrug_state_id": 5, "shrug_district_id": 58, "shrug_subdist_id": 291.0, "direct_zone_overlap": false, "hazard_zone_flag": 0, "hazard_zone_label": "Outside Candidate Hazard-Based Red Zone", "nearest_hazard_distance_m": 9592.4, "dist_to_nearest_redzone_m": 9592.4, "proximity_band": "5 km to 10 km", "nearest_zone_id": "RZ-250", "matched_zone_id": null, "matched_zone_label": null, "matched_zone_mh_score": null, "matched_zone_priority": null, "matched_zone_area_m2": null, "data_source": "Census PCA 2011 joined to SHRUG spatial bridge", "join_method": "Exact code-based join: Census Town/Village = SHRUG pc11_village_id", "disclaimer": "Decision Support — Requires Official Verification & Geotechnical Assessment" }, "geometry": { "type": "Point", "coordinates": [ 310307.943196844600607, 3357370.571102303918451 ] } },
{ "type": "Feature", "properties": { "village_id": 42409, "village_name": "Satera", "households": 150, "tot_pop": 640, "pop_male": 284, "pop_female": 356, "pop_sc": 56, "pop_st": 0, "shrid2": "11-05-058-00291-042409", "shrug_state_id": 5, "shrug_district_id": 58, "shrug_subdist_id": 291.0, "direct_zone_overlap": false, "hazard_zone_flag": 0, "hazard_zone_label": "Outside Candidate Hazard-Based Red Zone", "nearest_hazard_distance_m": 9169.1, "dist_to_nearest_redzone_m": 9169.1, "proximity_band": "5 km to 10 km", "nearest_zone_id": "RZ-250", "matched_zone_id": null, "matched_zone_label": null, "matched_zone_mh_score": null, "matched_zone_priority": null, "matched_zone_area_m2": null, "data_source": "Census PCA 2011 joined to SHRUG spatial bridge", "join_method": "Exact code-based join: Census Town/Village = SHRUG pc11_village_id", "disclaimer": "Decision Support — Requires Official Verification & Geotechnical Assessment" }, "geometry": { "type": "Point", "coordinates": [ 310292.818872069881763, 3356762.99593613576144 ] } },
{ "type": "Feature", "properties": { "village_id": 42410, "village_name": "Shyupuri", "households": 204, "tot_pop": 931, "pop_male": 449, "pop_female": 482, "pop_sc": 337, "pop_st": 0, "shrid2": "11-05-058-00291-042410", "shrug_state_id": 5, "shrug_district_id": 58, "shrug_subdist_id": 291.0, "direct_zone_overlap": false, "hazard_zone_flag": 0, "hazard_zone_label": "Outside Candidate Hazard-Based Red Zone", "nearest_hazard_distance_m": 8388.5, "dist_to_nearest_redzone_m": 8388.5, "proximity_band": "5 km to 10 km", "nearest_zone_id": "RZ-250", "matched_zone_id": null, "matched_zone_label": null, "matched_zone_mh_score": null, "matched_zone_priority": null, "matched_zone_area_m2": null, "data_source": "Census PCA 2011 joined to SHRUG spatial bridge", "join_method": "Exact code-based join: Census Town/Village = SHRUG pc11_village_id", "disclaimer": "Decision Support — Requires Official Verification & Geotechnical Assessment" }, "geometry": { "type": "Point", "coordinates": [ 309738.342197301331908, 3356211.35726133454591 ] } },
{ "type": "Feature", "properties": { "village_id": 42411, "village_name": "Khatyana", "households": 77, "tot_pop": 284, "pop_male": 124, "pop_female": 160, "pop_sc": 0, "pop_st": 0, "shrid2": "11-05-058-00291-042411", "shrug_state_id": 5, "shrug_district_id": 58, "shrug_subdist_id": 291.0, "direct_zone_overlap": false, "hazard_zone_flag": 0, "hazard_zone_label": "Outside Candidate Hazard-Based Red Zone", "nearest_hazard_distance_m": 7916.7, "dist_to_nearest_redzone_m": 7916.7, "proximity_band": "5 km to 10 km", "nearest_zone_id": "RZ-250", "matched_zone_id": null, "matched_zone_label": null, "matched_zone_mh_score": null, "matched_zone_priority": null, "matched_zone_area_m2": null, "data_source": "Census PCA 2011 joined to SHRUG spatial bridge", "join_method": "Exact code-based join: Census Town/Village = SHRUG pc11_village_id", "disclaimer": "Decision Support — Requires Official Verification & Geotechnical Assessment" }, "geometry": { "type": "Point", "coordinates": [ 308996.060677086818032, 3356314.498129817657173 ] } },
{ "type": "Feature", "properties": { "village_id": 42412, "village_name": "Bauthal Laga Khatyana", "households": 33, "tot_pop": 129, "pop_male": 62, "pop_female": 67, "pop_sc": 0, "pop_st": 0, "shrid2": "11-05-058-00291-042412", "shrug_state_id": 5, "shrug_district_id": 58, "shrug_subdist_id": 291.0, "direct_zone_overlap": false, "hazard_zone_flag": 0, "hazard_zone_label": "Outside Candidate Hazard-Based Red Zone", "nearest_hazard_distance_m": 6842.1, "dist_to_nearest_redzone_m": 6842.1, "proximity_band": "5 km to 10 km", "nearest_zone_id": "RZ-250", "matched_zone_id": null, "matched_zone_label": null, "matched_zone_mh_score": null, "matched_zone_priority": null, "matched_zone_area_m2": null, "data_source": "Census PCA 2011 joined to SHRUG spatial bridge", "join_method": "Exact code-based join: Census Town/Village = SHRUG pc11_village_id", "disclaimer": "Decision Support — Requires Official Verification & Geotechnical Assessment" }, "geometry": { "type": "Point", "coordinates": [ 307927.49526238697581, 3355843.148018847219646 ] } },
{ "type": "Feature", "properties": { "village_id": 42413, "village_name": "Sandar", "households": 84, "tot_pop": 375, "pop_male": 186, "pop_female": 189, "pop_sc": 0, "pop_st": 0, "shrid2": "11-05-058-00291-042413", "shrug_state_id": 5, "shrug_district_id": 58, "shrug_subdist_id": 291.0, "direct_zone_overlap": false, "hazard_zone_flag": 0, "hazard_zone_label": "Outside Candidate Hazard-Based Red Zone", "nearest_hazard_distance_m": 6285.4, "dist_to_nearest_redzone_m": 6285.4, "proximity_band": "5 km to 10 km", "nearest_zone_id": "RZ-250", "matched_zone_id": null, "matched_zone_label": null, "matched_zone_mh_score": null, "matched_zone_priority": null, "matched_zone_area_m2": null, "data_source": "Census PCA 2011 joined to SHRUG spatial bridge", "join_method": "Exact code-based join: Census Town/Village = SHRUG pc11_village_id", "disclaimer": "Decision Support — Requires Official Verification & Geotechnical Assessment" }, "geometry": { "type": "Point", "coordinates": [ 308047.653542057960294, 3354947.398163645062596 ] } },
{ "type": "Feature", "properties": { "village_id": 42414, "village_name": "Kando Laga Darmbari", "households": 4, "tot_pop": 14, "pop_male": 8, "pop_female": 6, "pop_sc": 0, "pop_st": 0, "shrid2": "11-05-058-00291-042414", "shrug_state_id": 5, "shrug_district_id": 58, "shrug_subdist_id": 291.0, "direct_zone_overlap": false, "hazard_zone_flag": 0, "hazard_zone_label": "Outside Candidate Hazard-Based Red Zone", "nearest_hazard_distance_m": 7853.6, "dist_to_nearest_redzone_m": 7853.6, "proximity_band": "5 km to 10 km", "nearest_zone_id": "RZ-250", "matched_zone_id": null, "matched_zone_label": null, "matched_zone_mh_score": null, "matched_zone_priority": null, "matched_zone_area_m2": null, "data_source": "Census PCA 2011 joined to SHRUG spatial bridge", "join_method": "Exact code-based join: Census Town/Village = SHRUG pc11_village_id", "disclaimer": "Decision Support — Requires Official Verification & Geotechnical Assessment" }, "geometry": { "type": "Point", "coordinates": [ 309643.22358289238764, 3355483.160797829739749 ] } },
{ "type": "Feature", "properties": { "village_id": 42415, "village_name": "Darmwari", "households": 74, "tot_pop": 287, "pop_male": 123, "pop_female": 164, "pop_sc": 121, "pop_st": 1, "shrid2": "11-05-058-00291-042415", "shrug_state_id": 5, "shrug_district_id": 58, "shrug_subdist_id": 291.0, "direct_zone_overlap": false, "hazard_zone_flag": 0, "hazard_zone_label": "Outside Candidate Hazard-Based Red Zone", "nearest_hazard_distance_m": 8833.3, "dist_to_nearest_redzone_m": 8833.3, "proximity_band": "5 km to 10 km", "nearest_zone_id": "RZ-220", "matched_zone_id": null, "matched_zone_label": null, "matched_zone_mh_score": null, "matched_zone_priority": null, "matched_zone_area_m2": null, "data_source": "Census PCA 2011 joined to SHRUG spatial bridge", "join_method": "Exact code-based join: Census Town/Village = SHRUG pc11_village_id", "disclaimer": "Decision Support — Requires Official Verification & Geotechnical Assessment" }, "geometry": { "type": "Point", "coordinates": [ 311380.125847614253871, 3356588.714379138778895 ] } },
{ "type": "Feature", "properties": { "village_id": 42416, "village_name": "Kyark Nandala", "households": 40, "tot_pop": 166, "pop_male": 78, "pop_female": 88, "pop_sc": 0, "pop_st": 0, "shrid2": "11-05-058-00291-042416", "shrug_state_id": 5, "shrug_district_id": 58, "shrug_subdist_id": 291.0, "direct_zone_overlap": false, "hazard_zone_flag": 0, "hazard_zone_label": "Outside Candidate Hazard-Based Red Zone", "nearest_hazard_distance_m": 8028.7, "dist_to_nearest_redzone_m": 8028.7, "proximity_band": "5 km to 10 km", "nearest_zone_id": "RZ-220", "matched_zone_id": null, "matched_zone_label": null, "matched_zone_mh_score": null, "matched_zone_priority": null, "matched_zone_area_m2": null, "data_source": "Census PCA 2011 joined to SHRUG spatial bridge", "join_method": "Exact code-based join: Census Town/Village = SHRUG pc11_village_id", "disclaimer": "Decision Support — Requires Official Verification & Geotechnical Assessment" }, "geometry": { "type": "Point", "coordinates": [ 311959.641320078982972, 3355970.64659547386691 ] } },
{ "type": "Feature", "properties": { "village_id": 42417, "village_name": "San", "households": 46, "tot_pop": 167, "pop_male": 81, "pop_female": 86, "pop_sc": 0, "pop_st": 0, "shrid2": "11-05-058-00291-042417", "shrug_state_id": 5, "shrug_district_id": 58, "shrug_subdist_id": 291.0, "direct_zone_overlap": false, "hazard_zone_flag": 0, "hazard_zone_label": "Outside Candidate Hazard-Based Red Zone", "nearest_hazard_distance_m": 8549.9, "dist_to_nearest_redzone_m": 8549.9, "proximity_band": "5 km to 10 km", "nearest_zone_id": "RZ-220", "matched_zone_id": null, "matched_zone_label": null, "matched_zone_mh_score": null, "matched_zone_priority": null, "matched_zone_area_m2": null, "data_source": "Census PCA 2011 joined to SHRUG spatial bridge", "join_method": "Exact code-based join: Census Town/Village = SHRUG pc11_village_id", "disclaimer": "Decision Support — Requires Official Verification & Geotechnical Assessment" }, "geometry": { "type": "Point", "coordinates": [ 311132.542088725196663, 3355418.720892580691725 ] } },
{ "type": "Feature", "properties": { "village_id": 42418, "village_name": "Dhaulsari", "households": 38, "tot_pop": 148, "pop_male": 60, "pop_female": 88, "pop_sc": 0, "pop_st": 0, "shrid2": "11-05-058-00291-042418", "shrug_state_id": 5, "shrug_district_id": 58, "shrug_subdist_id": 291.0, "direct_zone_overlap": false, "hazard_zone_flag": 0, "hazard_zone_label": "Outside Candidate Hazard-Based Red Zone", "nearest_hazard_distance_m": 7896.0, "dist_to_nearest_redzone_m": 7896.0, "proximity_band": "5 km to 10 km", "nearest_zone_id": "RZ-220", "matched_zone_id": null, "matched_zone_label": null, "matched_zone_mh_score": null, "matched_zone_priority": null, "matched_zone_area_m2": null, "data_source": "Census PCA 2011 joined to SHRUG spatial bridge", "join_method": "Exact code-based join: Census Town/Village = SHRUG pc11_village_id", "disclaimer": "Decision Support — Requires Official Verification & Geotechnical Assessment" }, "geometry": { "type": "Point", "coordinates": [ 311645.744984724267852, 3354928.974517230410129 ] } },
{ "type": "Feature", "properties": { "village_id": 42419, "village_name": "Amdala", "households": 40, "tot_pop": 146, "pop_male": 62, "pop_female": 84, "pop_sc": 4, "pop_st": 0, "shrid2": "11-05-058-00291-042419", "shrug_state_id": 5, "shrug_district_id": 58, "shrug_subdist_id": 291.0, "direct_zone_overlap": false, "hazard_zone_flag": 0, "hazard_zone_label": "Outside Candidate Hazard-Based Red Zone", "nearest_hazard_distance_m": 7460.0, "dist_to_nearest_redzone_m": 7460.0, "proximity_band": "5 km to 10 km", "nearest_zone_id": "RZ-220", "matched_zone_id": null, "matched_zone_label": null, "matched_zone_mh_score": null, "matched_zone_priority": null, "matched_zone_area_m2": null, "data_source": "Census PCA 2011 joined to SHRUG spatial bridge", "join_method": "Exact code-based join: Census Town/Village = SHRUG pc11_village_id", "disclaimer": "Decision Support — Requires Official Verification & Geotechnical Assessment" }, "geometry": { "type": "Point", "coordinates": [ 312248.549915959185455, 3355261.124155298341066 ] } },
{ "type": "Feature", "properties": { "village_id": 42420, "village_name": "Dhureli", "households": 37, "tot_pop": 182, "pop_male": 69, "pop_female": 113, "pop_sc": 0, "pop_st": 0, "shrid2": "11-05-058-00291-042420", "shrug_state_id": 5, "shrug_district_id": 58, "shrug_subdist_id": 291.0, "direct_zone_overlap": false, "hazard_zone_flag": 0, "hazard_zone_label": "Outside Candidate Hazard-Based Red Zone", "nearest_hazard_distance_m": 7776.5, "dist_to_nearest_redzone_m": 7776.5, "proximity_band": "5 km to 10 km", "nearest_zone_id": "RZ-220", "matched_zone_id": null, "matched_zone_label": null, "matched_zone_mh_score": null, "matched_zone_priority": null, "matched_zone_area_m2": null, "data_source": "Census PCA 2011 joined to SHRUG spatial bridge", "join_method": "Exact code-based join: Census Town/Village = SHRUG pc11_village_id", "disclaimer": "Decision Support — Requires Official Verification & Geotechnical Assessment" }, "geometry": { "type": "Point", "coordinates": [ 311527.484653359279037, 3354132.169048897456378 ] } },
{ "type": "Feature", "properties": { "village_id": 42421, "village_name": "Kameda", "households": 112, "tot_pop": 448, "pop_male": 181, "pop_female": 267, "pop_sc": 138, "pop_st": 0, "shrid2": "11-05-058-00291-042421", "shrug_state_id": 5, "shrug_district_id": 58, "shrug_subdist_id": 291.0, "direct_zone_overlap": false, "hazard_zone_flag": 0, "hazard_zone_label": "Outside Candidate Hazard-Based Red Zone", "nearest_hazard_distance_m": 7062.2, "dist_to_nearest_redzone_m": 7062.2, "proximity_band": "5 km to 10 km", "nearest_zone_id": "RZ-220", "matched_zone_id": null, "matched_zone_label": null, "matched_zone_mh_score": null, "matched_zone_priority": null, "matched_zone_area_m2": null, "data_source": "Census PCA 2011 joined to SHRUG spatial bridge", "join_method": "Exact code-based join: Census Town/Village = SHRUG pc11_village_id", "disclaimer": "Decision Support — Requires Official Verification & Geotechnical Assessment" }, "geometry": { "type": "Point", "coordinates": [ 312388.414684584713541, 3354527.49482688633725 ] } },
{ "type": "Feature", "properties": { "village_id": 42422, "village_name": "Benji", "households": 38, "tot_pop": 128, "pop_male": 59, "pop_female": 69, "pop_sc": 63, "pop_st": 0, "shrid2": "11-05-058-00291-042422", "shrug_state_id": 5, "shrug_district_id": 58, "shrug_subdist_id": 291.0, "direct_zone_overlap": false, "hazard_zone_flag": 0, "hazard_zone_label": "Outside Candidate Hazard-Based Red Zone", "nearest_hazard_distance_m": 11047.0, "dist_to_nearest_redzone_m": 11047.0, "proximity_band": "Beyond 10 km", "nearest_zone_id": "RZ-153", "matched_zone_id": null, "matched_zone_label": null, "matched_zone_mh_score": null, "matched_zone_priority": null, "matched_zone_area_m2": null, "data_source": "Census PCA 2011 joined to SHRUG spatial bridge", "join_method": "Exact code-based join: Census Town/Village = SHRUG pc11_village_id", "disclaimer": "Decision Support — Requires Official Verification & Geotechnical Assessment" }, "geometry": { "type": "Point", "coordinates": [ 311146.31097466731444, 3361953.385462224949151 ] } },
{ "type": "Feature", "properties": { "village_id": 42423, "village_name": "Gangtal", "households": 36, "tot_pop": 169, "pop_male": 101, "pop_female": 68, "pop_sc": 14, "pop_st": 1, "shrid2": "11-05-058-00291-042423", "shrug_state_id": 5, "shrug_district_id": 58, "shrug_subdist_id": 291.0, "direct_zone_overlap": false, "hazard_zone_flag": 0, "hazard_zone_label": "Outside Candidate Hazard-Based Red Zone", "nearest_hazard_distance_m": 12146.1, "dist_to_nearest_redzone_m": 12146.1, "proximity_band": "Beyond 10 km", "nearest_zone_id": "RZ-153", "matched_zone_id": null, "matched_zone_label": null, "matched_zone_mh_score": null, "matched_zone_priority": null, "matched_zone_area_m2": null, "data_source": "Census PCA 2011 joined to SHRUG spatial bridge", "join_method": "Exact code-based join: Census Town/Village = SHRUG pc11_village_id", "disclaimer": "Decision Support — Requires Official Verification & Geotechnical Assessment" }, "geometry": { "type": "Point", "coordinates": [ 309774.424088455270976, 3361828.514538867399096 ] } },
{ "type": "Feature", "properties": { "village_id": 42424, "village_name": "Dangi", "households": 47, "tot_pop": 127, "pop_male": 44, "pop_female": 83, "pop_sc": 0, "pop_st": 0, "shrid2": "11-05-058-00291-042424", "shrug_state_id": 5, "shrug_district_id": 58, "shrug_subdist_id": 291.0, "direct_zone_overlap": false, "hazard_zone_flag": 0, "hazard_zone_label": "Outside Candidate Hazard-Based Red Zone", "nearest_hazard_distance_m": 11565.3, "dist_to_nearest_redzone_m": 11565.3, "proximity_band": "Beyond 10 km", "nearest_zone_id": "RZ-250", "matched_zone_id": null, "matched_zone_label": null, "matched_zone_mh_score": null, "matched_zone_priority": null, "matched_zone_area_m2": null, "data_source": "Census PCA 2011 joined to SHRUG spatial bridge", "join_method": "Exact code-based join: Census Town/Village = SHRUG pc11_village_id", "disclaimer": "Decision Support — Requires Official Verification & Geotechnical Assessment" }, "geometry": { "type": "Point", "coordinates": [ 309034.289245130203199, 3360809.221230371389538 ] } },
{ "type": "Feature", "properties": { "village_id": 42425, "village_name": "Rampur", "households": 59, "tot_pop": 297, "pop_male": 157, "pop_female": 140, "pop_sc": 54, "pop_st": 0, "shrid2": "11-05-058-00291-042425", "shrug_state_id": 5, "shrug_district_id": 58, "shrug_subdist_id": 291.0, "direct_zone_overlap": false, "hazard_zone_flag": 0, "hazard_zone_label": "Outside Candidate Hazard-Based Red Zone", "nearest_hazard_distance_m": 10916.1, "dist_to_nearest_redzone_m": 10916.1, "proximity_band": "Beyond 10 km", "nearest_zone_id": "RZ-250", "matched_zone_id": null, "matched_zone_label": null, "matched_zone_mh_score": null, "matched_zone_priority": null, "matched_zone_area_m2": null, "data_source": "Census PCA 2011 joined to SHRUG spatial bridge", "join_method": "Exact code-based join: Census Town/Village = SHRUG pc11_village_id", "disclaimer": "Decision Support — Requires Official Verification & Geotechnical Assessment" }, "geometry": { "type": "Point", "coordinates": [ 307845.964865930262022, 3360677.370321171358228 ] } },
{ "type": "Feature", "properties": { "village_id": 42426, "village_name": "Gir Bhuter", "households": 256, "tot_pop": 1144, "pop_male": 562, "pop_female": 582, "pop_sc": 92, "pop_st": 0, "shrid2": "11-05-058-00291-042426", "shrug_state_id": 5, "shrug_district_id": 58, "shrug_subdist_id": 291.0, "direct_zone_overlap": false, "hazard_zone_flag": 0, "hazard_zone_label": "Outside Candidate Hazard-Based Red Zone", "nearest_hazard_distance_m": 9749.3, "dist_to_nearest_redzone_m": 9749.3, "proximity_band": "5 km to 10 km", "nearest_zone_id": "RZ-250", "matched_zone_id": null, "matched_zone_label": null, "matched_zone_mh_score": null, "matched_zone_priority": null, "matched_zone_area_m2": null, "data_source": "Census PCA 2011 joined to SHRUG spatial bridge", "join_method": "Exact code-based join: Census Town/Village = SHRUG pc11_village_id", "disclaimer": "Decision Support — Requires Official Verification & Geotechnical Assessment" }, "geometry": { "type": "Point", "coordinates": [ 307695.387440790422261, 3359460.379359780810773 ] } },
{ "type": "Feature", "properties": { "village_id": 42427, "village_name": "Tilwara", "households": 89, "tot_pop": 455, "pop_male": 232, "pop_female": 223, "pop_sc": 123, "pop_st": 0, "shrid2": "11-05-058-00291-042427", "shrug_state_id": 5, "shrug_district_id": 58, "shrug_subdist_id": 291.0, "direct_zone_overlap": false, "hazard_zone_flag": 0, "hazard_zone_label": "Outside Candidate Hazard-Based Red Zone", "nearest_hazard_distance_m": 8867.8, "dist_to_nearest_redzone_m": 8867.8, "proximity_band": "5 km to 10 km", "nearest_zone_id": "RZ-250", "matched_zone_id": null, "matched_zone_label": null, "matched_zone_mh_score": null, "matched_zone_priority": null, "matched_zone_area_m2": null, "data_source": "Census PCA 2011 joined to SHRUG spatial bridge", "join_method": "Exact code-based join: Census Town/Village = SHRUG pc11_village_id", "disclaimer": "Decision Support — Requires Official Verification & Geotechnical Assessment" }, "geometry": { "type": "Point", "coordinates": [ 306964.15635225456208, 3358827.63596009882167 ] } },
{ "type": "Feature", "properties": { "village_id": 42428, "village_name": "Methana Chhitoli", "households": 103, "tot_pop": 502, "pop_male": 256, "pop_female": 246, "pop_sc": 0, "pop_st": 0, "shrid2": "11-05-058-00291-042428", "shrug_state_id": 5, "shrug_district_id": 58, "shrug_subdist_id": 291.0, "direct_zone_overlap": false, "hazard_zone_flag": 0, "hazard_zone_label": "Outside Candidate Hazard-Based Red Zone", "nearest_hazard_distance_m": 8028.4, "dist_to_nearest_redzone_m": 8028.4, "proximity_band": "5 km to 10 km", "nearest_zone_id": "RZ-250", "matched_zone_id": null, "matched_zone_label": null, "matched_zone_mh_score": null, "matched_zone_priority": null, "matched_zone_area_m2": null, "data_source": "Census PCA 2011 joined to SHRUG spatial bridge", "join_method": "Exact code-based join: Census Town/Village = SHRUG pc11_village_id", "disclaimer": "Decision Support — Requires Official Verification & Geotechnical Assessment" }, "geometry": { "type": "Point", "coordinates": [ 306840.540423377184197, 3357961.945392990950495 ] } },
{ "type": "Feature", "properties": { "village_id": 42429, "village_name": "Tamind", "households": 37, "tot_pop": 141, "pop_male": 45, "pop_female": 96, "pop_sc": 0, "pop_st": 0, "shrid2": "11-05-058-00291-042429", "shrug_state_id": 5, "shrug_district_id": 58, "shrug_subdist_id": 291.0, "direct_zone_overlap": false, "hazard_zone_flag": 0, "hazard_zone_label": "Outside Candidate Hazard-Based Red Zone", "nearest_hazard_distance_m": 8872.0, "dist_to_nearest_redzone_m": 8872.0, "proximity_band": "5 km to 10 km", "nearest_zone_id": "RZ-250", "matched_zone_id": null, "matched_zone_label": null, "matched_zone_mh_score": null, "matched_zone_priority": null, "matched_zone_area_m2": null, "data_source": "Census PCA 2011 joined to SHRUG spatial bridge", "join_method": "Exact code-based join: Census Town/Village = SHRUG pc11_village_id", "disclaimer": "Decision Support — Requires Official Verification & Geotechnical Assessment" }, "geometry": { "type": "Point", "coordinates": [ 308056.722719087381847, 3358261.543474438600242 ] } },
{ "type": "Feature", "properties": { "village_id": 42430, "village_name": "Chauki Barsil", "households": 61, "tot_pop": 292, "pop_male": 129, "pop_female": 163, "pop_sc": 0, "pop_st": 0, "shrid2": "11-05-058-00291-042430", "shrug_state_id": 5, "shrug_district_id": 58, "shrug_subdist_id": 291.0, "direct_zone_overlap": false, "hazard_zone_flag": 0, "hazard_zone_label": "Outside Candidate Hazard-Based Red Zone", "nearest_hazard_distance_m": 9806.2, "dist_to_nearest_redzone_m": 9806.2, "proximity_band": "5 km to 10 km", "nearest_zone_id": "RZ-250", "matched_zone_id": null, "matched_zone_label": null, "matched_zone_mh_score": null, "matched_zone_priority": null, "matched_zone_area_m2": null, "data_source": "Census PCA 2011 joined to SHRUG spatial bridge", "join_method": "Exact code-based join: Census Town/Village = SHRUG pc11_village_id", "disclaimer": "Decision Support — Requires Official Verification & Geotechnical Assessment" }, "geometry": { "type": "Point", "coordinates": [ 309167.016879739239812, 3358642.351108239032328 ] } },
{ "type": "Feature", "properties": { "village_id": 42431, "village_name": "Karndhar", "households": 29, "tot_pop": 110, "pop_male": 47, "pop_female": 63, "pop_sc": 0, "pop_st": 0, "shrid2": "11-05-058-00291-042431", "shrug_state_id": 5, "shrug_district_id": 58, "shrug_subdist_id": 291.0, "direct_zone_overlap": false, "hazard_zone_flag": 0, "hazard_zone_label": "Outside Candidate Hazard-Based Red Zone", "nearest_hazard_distance_m": 10693.4, "dist_to_nearest_redzone_m": 10693.4, "proximity_band": "Beyond 10 km", "nearest_zone_id": "RZ-250", "matched_zone_id": null, "matched_zone_label": null, "matched_zone_mh_score": null, "matched_zone_priority": null, "matched_zone_area_m2": null, "data_source": "Census PCA 2011 joined to SHRUG spatial bridge", "join_method": "Exact code-based join: Census Town/Village = SHRUG pc11_village_id", "disclaimer": "Decision Support — Requires Official Verification & Geotechnical Assessment" }, "geometry": { "type": "Point", "coordinates": [ 308866.131856626307126, 3359900.331555967219174 ] } },
{ "type": "Feature", "properties": { "village_id": 42432, "village_name": "Gunaun", "households": 55, "tot_pop": 244, "pop_male": 125, "pop_female": 119, "pop_sc": 105, "pop_st": 0, "shrid2": "11-05-058-00291-042432", "shrug_state_id": 5, "shrug_district_id": 58, "shrug_subdist_id": 291.0, "direct_zone_overlap": false, "hazard_zone_flag": 0, "hazard_zone_label": "Outside Candidate Hazard-Based Red Zone", "nearest_hazard_distance_m": 12219.4, "dist_to_nearest_redzone_m": 12219.4, "proximity_band": "Beyond 10 km", "nearest_zone_id": "RZ-250", "matched_zone_id": null, "matched_zone_label": null, "matched_zone_mh_score": null, "matched_zone_priority": null, "matched_zone_area_m2": null, "data_source": "Census PCA 2011 joined to SHRUG spatial bridge", "join_method": "Exact code-based join: Census Town/Village = SHRUG pc11_village_id", "disclaimer": "Decision Support — Requires Official Verification & Geotechnical Assessment" }, "geometry": { "type": "Point", "coordinates": [ 310125.651213853911031, 3360912.343520851805806 ] } },
{ "type": "Feature", "properties": { "village_id": 42433, "village_name": "Chopra", "households": 29, "tot_pop": 92, "pop_male": 35, "pop_female": 57, "pop_sc": 0, "pop_st": 0, "shrid2": "11-05-058-00291-042433", "shrug_state_id": 5, "shrug_district_id": 58, "shrug_subdist_id": 291.0, "direct_zone_overlap": false, "hazard_zone_flag": 0, "hazard_zone_label": "Outside Candidate Hazard-Based Red Zone", "nearest_hazard_distance_m": 11553.0, "dist_to_nearest_redzone_m": 11553.0, "proximity_band": "Beyond 10 km", "nearest_zone_id": "RZ-153", "matched_zone_id": null, "matched_zone_label": null, "matched_zone_mh_score": null, "matched_zone_priority": null, "matched_zone_area_m2": null, "data_source": "Census PCA 2011 joined to SHRUG spatial bridge", "join_method": "Exact code-based join: Census Town/Village = SHRUG pc11_village_id", "disclaimer": "Decision Support — Requires Official Verification & Geotechnical Assessment" }, "geometry": { "type": "Point", "coordinates": [ 311336.641913589031901, 3361071.356710591819137 ] } },
{ "type": "Feature", "properties": { "village_id": 42434, "village_name": "Saurbhat Gaon", "households": 119, "tot_pop": 538, "pop_male": 265, "pop_female": 273, "pop_sc": 289, "pop_st": 0, "shrid2": "11-05-058-00291-042434", "shrug_state_id": 5, "shrug_district_id": 58, "shrug_subdist_id": 291.0, "direct_zone_overlap": false, "hazard_zone_flag": 0, "hazard_zone_label": "Outside Candidate Hazard-Based Red Zone", "nearest_hazard_distance_m": 11052.3, "dist_to_nearest_redzone_m": 11052.3, "proximity_band": "Beyond 10 km", "nearest_zone_id": "RZ-220", "matched_zone_id": null, "matched_zone_label": null, "matched_zone_mh_score": null, "matched_zone_priority": null, "matched_zone_area_m2": null, "data_source": "Census PCA 2011 joined to SHRUG spatial bridge", "join_method": "Exact code-based join: Census Town/Village = SHRUG pc11_village_id", "disclaimer": "Decision Support — Requires Official Verification & Geotechnical Assessment" }, "geometry": { "type": "Point", "coordinates": [ 311463.194650625460781, 3360263.948373715393245 ] } },
{ "type": "Feature", "properties": { "village_id": 42435, "village_name": "Bandrikot", "households": 26, "tot_pop": 83, "pop_male": 35, "pop_female": 48, "pop_sc": 0, "pop_st": 0, "shrid2": "11-05-058-00291-042435", "shrug_state_id": 5, "shrug_district_id": 58, "shrug_subdist_id": 291.0, "direct_zone_overlap": false, "hazard_zone_flag": 0, "hazard_zone_label": "Outside Candidate Hazard-Based Red Zone", "nearest_hazard_distance_m": 11808.3, "dist_to_nearest_redzone_m": 11808.3, "proximity_band": "Beyond 10 km", "nearest_zone_id": "RZ-250", "matched_zone_id": null, "matched_zone_label": null, "matched_zone_mh_score": null, "matched_zone_priority": null, "matched_zone_area_m2": null, "data_source": "Census PCA 2011 joined to SHRUG spatial bridge", "join_method": "Exact code-based join: Census Town/Village = SHRUG pc11_village_id", "disclaimer": "Decision Support — Requires Official Verification & Geotechnical Assessment" }, "geometry": { "type": "Point", "coordinates": [ 310251.321026300021913, 3360328.476890259888023 ] } },
{ "type": "Feature", "properties": { "village_id": 42436, "village_name": "Tolib", "households": 65, "tot_pop": 282, "pop_male": 125, "pop_female": 157, "pop_sc": 236, "pop_st": 0, "shrid2": "11-05-058-00291-042436", "shrug_state_id": 5, "shrug_district_id": 58, "shrug_subdist_id": 291.0, "direct_zone_overlap": false, "hazard_zone_flag": 0, "hazard_zone_label": "Outside Candidate Hazard-Based Red Zone", "nearest_hazard_distance_m": 10966.6, "dist_to_nearest_redzone_m": 10966.6, "proximity_band": "Beyond 10 km", "nearest_zone_id": "RZ-250", "matched_zone_id": null, "matched_zone_label": null, "matched_zone_mh_score": null, "matched_zone_priority": null, "matched_zone_area_m2": null, "data_source": "Census PCA 2011 joined to SHRUG spatial bridge", "join_method": "Exact code-based join: Census Town/Village = SHRUG pc11_village_id", "disclaimer": "Decision Support — Requires Official Verification & Geotechnical Assessment" }, "geometry": { "type": "Point", "coordinates": [ 309972.219386277254671, 3359490.553754048421979 ] } },
{ "type": "Feature", "properties": { "village_id": 42437, "village_name": "Kumoli Malkoti", "households": 102, "tot_pop": 442, "pop_male": 210, "pop_female": 232, "pop_sc": 219, "pop_st": 0, "shrid2": "11-05-058-00291-042437", "shrug_state_id": 5, "shrug_district_id": 58, "shrug_subdist_id": 291.0, "direct_zone_overlap": false, "hazard_zone_flag": 0, "hazard_zone_label": "Outside Candidate Hazard-Based Red Zone", "nearest_hazard_distance_m": 11008.5, "dist_to_nearest_redzone_m": 11008.5, "proximity_band": "Beyond 10 km", "nearest_zone_id": "RZ-220", "matched_zone_id": null, "matched_zone_label": null, "matched_zone_mh_score": null, "matched_zone_priority": null, "matched_zone_area_m2": null, "data_source": "Census PCA 2011 joined to SHRUG spatial bridge", "join_method": "Exact code-based join: Census Town/Village = SHRUG pc11_village_id", "disclaimer": "Decision Support — Requires Official Verification & Geotechnical Assessment" }, "geometry": { "type": "Point", "coordinates": [ 310695.279940496431664, 3359387.970660404767841 ] } },
{ "type": "Feature", "properties": { "village_id": 42438, "village_name": "Bawai", "households": 319, "tot_pop": 1285, "pop_male": 563, "pop_female": 722, "pop_sc": 406, "pop_st": 0, "shrid2": "11-05-058-00291-042438", "shrug_state_id": 5, "shrug_district_id": 58, "shrug_subdist_id": 291.0, "direct_zone_overlap": false, "hazard_zone_flag": 0, "hazard_zone_label": "Outside Candidate Hazard-Based Red Zone", "nearest_hazard_distance_m": 10383.4, "dist_to_nearest_redzone_m": 10383.4, "proximity_band": "Beyond 10 km", "nearest_zone_id": "RZ-220", "matched_zone_id": null, "matched_zone_label": null, "matched_zone_mh_score": null, "matched_zone_priority": null, "matched_zone_area_m2": null, "data_source": "Census PCA 2011 joined to SHRUG spatial bridge", "join_method": "Exact code-based join: Census Town/Village = SHRUG pc11_village_id", "disclaimer": "Decision Support — Requires Official Verification & Geotechnical Assessment" }, "geometry": { "type": "Point", "coordinates": [ 311803.717157201492228, 3359661.220219086389989 ] } },
{ "type": "Feature", "properties": { "village_id": 42439, "village_name": "Bamoli", "households": 12, "tot_pop": 40, "pop_male": 18, "pop_female": 22, "pop_sc": 0, "pop_st": 0, "shrid2": "11-05-058-00291-042439", "shrug_state_id": 5, "shrug_district_id": 58, "shrug_subdist_id": 291.0, "direct_zone_overlap": false, "hazard_zone_flag": 0, "hazard_zone_label": "Outside Candidate Hazard-Based Red Zone", "nearest_hazard_distance_m": 9772.8, "dist_to_nearest_redzone_m": 9772.8, "proximity_band": "5 km to 10 km", "nearest_zone_id": "RZ-220", "matched_zone_id": null, "matched_zone_label": null, "matched_zone_mh_score": null, "matched_zone_priority": null, "matched_zone_area_m2": null, "data_source": "Census PCA 2011 joined to SHRUG spatial bridge", "join_method": "Exact code-based join: Census Town/Village = SHRUG pc11_village_id", "disclaimer": "Decision Support — Requires Official Verification & Geotechnical Assessment" }, "geometry": { "type": "Point", "coordinates": [ 311871.957256884779781, 3358853.435732667334378 ] } },
{ "type": "Feature", "properties": { "village_id": 42440, "village_name": "Maikoti", "households": 100, "tot_pop": 347, "pop_male": 152, "pop_female": 195, "pop_sc": 151, "pop_st": 0, "shrid2": "11-05-058-00291-042440", "shrug_state_id": 5, "shrug_district_id": 58, "shrug_subdist_id": 291.0, "direct_zone_overlap": false, "hazard_zone_flag": 0, "hazard_zone_label": "Outside Candidate Hazard-Based Red Zone", "nearest_hazard_distance_m": 10488.0, "dist_to_nearest_redzone_m": 10488.0, "proximity_band": "Beyond 10 km", "nearest_zone_id": "RZ-250", "matched_zone_id": null, "matched_zone_label": null, "matched_zone_mh_score": null, "matched_zone_priority": null, "matched_zone_area_m2": null, "data_source": "Census PCA 2011 joined to SHRUG spatial bridge", "join_method": "Exact code-based join: Census Town/Village = SHRUG pc11_village_id", "disclaimer": "Decision Support — Requires Official Verification & Geotechnical Assessment" }, "geometry": { "type": "Point", "coordinates": [ 310342.598606771556661, 3358574.378866079263389 ] } },
{ "type": "Feature", "properties": { "village_id": 42441, "village_name": "Thalasu", "households": 49, "tot_pop": 226, "pop_male": 114, "pop_female": 112, "pop_sc": 86, "pop_st": 0, "shrid2": "11-05-058-00291-042441", "shrug_state_id": 5, "shrug_district_id": 58, "shrug_subdist_id": 291.0, "direct_zone_overlap": false, "hazard_zone_flag": 0, "hazard_zone_label": "Outside Candidate Hazard-Based Red Zone", "nearest_hazard_distance_m": 10149.5, "dist_to_nearest_redzone_m": 10149.5, "proximity_band": "Beyond 10 km", "nearest_zone_id": "RZ-250", "matched_zone_id": null, "matched_zone_label": null, "matched_zone_mh_score": null, "matched_zone_priority": null, "matched_zone_area_m2": null, "data_source": "Census PCA 2011 joined to SHRUG spatial bridge", "join_method": "Exact code-based join: Census Town/Village = SHRUG pc11_village_id", "disclaimer": "Decision Support — Requires Official Verification & Geotechnical Assessment" }, "geometry": { "type": "Point", "coordinates": [ 310600.256727423344273, 3357868.010778386611491 ] } },
{ "type": "Feature", "properties": { "village_id": 42442, "village_name": "Barsil Pawek", "households": 24, "tot_pop": 79, "pop_male": 29, "pop_female": 50, "pop_sc": 0, "pop_st": 0, "shrid2": "11-05-058-00291-042442", "shrug_state_id": 5, "shrug_district_id": 58, "shrug_subdist_id": 291.0, "direct_zone_overlap": false, "hazard_zone_flag": 0, "hazard_zone_label": "Outside Candidate Hazard-Based Red Zone", "nearest_hazard_distance_m": 9863.3, "dist_to_nearest_redzone_m": 9863.3, "proximity_band": "5 km to 10 km", "nearest_zone_id": "RZ-220", "matched_zone_id": null, "matched_zone_label": null, "matched_zone_mh_score": null, "matched_zone_priority": null, "matched_zone_area_m2": null, "data_source": "Census PCA 2011 joined to SHRUG spatial bridge", "join_method": "Exact code-based join: Census Town/Village = SHRUG pc11_village_id", "disclaimer": "Decision Support — Requires Official Verification & Geotechnical Assessment" }, "geometry": { "type": "Point", "coordinates": [ 311330.40371811989462, 3358357.086480000987649 ] } },
{ "type": "Feature", "properties": { "village_id": 42443, "village_name": "Chamak", "households": 70, "tot_pop": 344, "pop_male": 172, "pop_female": 172, "pop_sc": 38, "pop_st": 0, "shrid2": "11-05-058-00291-042443", "shrug_state_id": 5, "shrug_district_id": 58, "shrug_subdist_id": 291.0, "direct_zone_overlap": false, "hazard_zone_flag": 0, "hazard_zone_label": "Outside Candidate Hazard-Based Red Zone", "nearest_hazard_distance_m": 9054.0, "dist_to_nearest_redzone_m": 9054.0, "proximity_band": "5 km to 10 km", "nearest_zone_id": "RZ-220", "matched_zone_id": null, "matched_zone_label": null, "matched_zone_mh_score": null, "matched_zone_priority": null, "matched_zone_area_m2": null, "data_source": "Census PCA 2011 joined to SHRUG spatial bridge", "join_method": "Exact code-based join: Census Town/Village = SHRUG pc11_village_id", "disclaimer": "Decision Support — Requires Official Verification & Geotechnical Assessment" }, "geometry": { "type": "Point", "coordinates": [ 311920.66736307030078, 3357798.214514290913939 ] } },
{ "type": "Feature", "properties": { "village_id": 42444, "village_name": "Saury", "households": 61, "tot_pop": 260, "pop_male": 115, "pop_female": 145, "pop_sc": 0, "pop_st": 0, "shrid2": "11-05-058-00291-042444", "shrug_state_id": 5, "shrug_district_id": 58, "shrug_subdist_id": 291.0, "direct_zone_overlap": false, "hazard_zone_flag": 0, "hazard_zone_label": "Outside Candidate Hazard-Based Red Zone", "nearest_hazard_distance_m": 5727.1, "dist_to_nearest_redzone_m": 5727.1, "proximity_band": "5 km to 10 km", "nearest_zone_id": "RZ-153", "matched_zone_id": null, "matched_zone_label": null, "matched_zone_mh_score": null, "matched_zone_priority": null, "matched_zone_area_m2": null, "data_source": "Census PCA 2011 joined to SHRUG spatial bridge", "join_method": "Exact code-based join: Census Town/Village = SHRUG pc11_village_id", "disclaimer": "Decision Support — Requires Official Verification & Geotechnical Assessment" }, "geometry": { "type": "Point", "coordinates": [ 314972.223096030647866, 3365650.055723673198372 ] } },
{ "type": "Feature", "properties": { "village_id": 42445, "village_name": "Silkot", "households": 12, "tot_pop": 61, "pop_male": 30, "pop_female": 31, "pop_sc": 0, "pop_st": 0, "shrid2": "11-05-058-00291-042445", "shrug_state_id": 5, "shrug_district_id": 58, "shrug_subdist_id": 291.0, "direct_zone_overlap": false, "hazard_zone_flag": 0, "hazard_zone_label": "Outside Candidate Hazard-Based Red Zone", "nearest_hazard_distance_m": 5048.7, "dist_to_nearest_redzone_m": 5048.7, "proximity_band": "5 km to 10 km", "nearest_zone_id": "RZ-153", "matched_zone_id": null, "matched_zone_label": null, "matched_zone_mh_score": null, "matched_zone_priority": null, "matched_zone_area_m2": null, "data_source": "Census PCA 2011 joined to SHRUG spatial bridge", "join_method": "Exact code-based join: Census Town/Village = SHRUG pc11_village_id", "disclaimer": "Decision Support — Requires Official Verification & Geotechnical Assessment" }, "geometry": { "type": "Point", "coordinates": [ 315682.443169362144545, 3365910.849862874485552 ] } },
{ "type": "Feature", "properties": { "village_id": 42446, "village_name": "Chameli", "households": 48, "tot_pop": 240, "pop_male": 116, "pop_female": 124, "pop_sc": 182, "pop_st": 0, "shrid2": "11-05-058-00291-042446", "shrug_state_id": 5, "shrug_district_id": 58, "shrug_subdist_id": 291.0, "direct_zone_overlap": false, "hazard_zone_flag": 0, "hazard_zone_label": "Outside Candidate Hazard-Based Red Zone", "nearest_hazard_distance_m": 6885.1, "dist_to_nearest_redzone_m": 6885.1, "proximity_band": "5 km to 10 km", "nearest_zone_id": "RZ-153", "matched_zone_id": null, "matched_zone_label": null, "matched_zone_mh_score": null, "matched_zone_priority": null, "matched_zone_area_m2": null, "data_source": "Census PCA 2011 joined to SHRUG spatial bridge", "join_method": "Exact code-based join: Census Town/Village = SHRUG pc11_village_id", "disclaimer": "Decision Support — Requires Official Verification & Geotechnical Assessment" }, "geometry": { "type": "Point", "coordinates": [ 314463.058532735682093, 3364537.643196350429207 ] } },
{ "type": "Feature", "properties": { "village_id": 42447, "village_name": "Amotha", "households": 94, "tot_pop": 498, "pop_male": 279, "pop_female": 219, "pop_sc": 0, "pop_st": 0, "shrid2": "11-05-058-00291-042447", "shrug_state_id": 5, "shrug_district_id": 58, "shrug_subdist_id": 291.0, "direct_zone_overlap": false, "hazard_zone_flag": 0, "hazard_zone_label": "Outside Candidate Hazard-Based Red Zone", "nearest_hazard_distance_m": 6490.2, "dist_to_nearest_redzone_m": 6490.2, "proximity_band": "5 km to 10 km", "nearest_zone_id": "RZ-153", "matched_zone_id": null, "matched_zone_label": null, "matched_zone_mh_score": null, "matched_zone_priority": null, "matched_zone_area_m2": null, "data_source": "Census PCA 2011 joined to SHRUG spatial bridge", "join_method": "Exact code-based join: Census Town/Village = SHRUG pc11_village_id", "disclaimer": "Decision Support — Requires Official Verification & Geotechnical Assessment" }, "geometry": { "type": "Point", "coordinates": [ 314334.712436317233369, 3365211.464157262817025 ] } },
{ "type": "Feature", "properties": { "village_id": 42448, "village_name": "Baniyari", "households": 256, "tot_pop": 1100, "pop_male": 547, "pop_female": 553, "pop_sc": 216, "pop_st": 4, "shrid2": "11-05-058-00291-042448", "shrug_state_id": 5, "shrug_district_id": 58, "shrug_subdist_id": 291.0, "direct_zone_overlap": false, "hazard_zone_flag": 0, "hazard_zone_label": "Outside Candidate Hazard-Based Red Zone", "nearest_hazard_distance_m": 7737.1, "dist_to_nearest_redzone_m": 7737.1, "proximity_band": "5 km to 10 km", "nearest_zone_id": "RZ-153", "matched_zone_id": null, "matched_zone_label": null, "matched_zone_mh_score": null, "matched_zone_priority": null, "matched_zone_area_m2": null, "data_source": "Census PCA 2011 joined to SHRUG spatial bridge", "join_method": "Exact code-based join: Census Town/Village = SHRUG pc11_village_id", "disclaimer": "Decision Support — Requires Official Verification & Geotechnical Assessment" }, "geometry": { "type": "Point", "coordinates": [ 313375.528005187050439, 3364411.297290871385485 ] } },
{ "type": "Feature", "properties": { "village_id": 42449, "village_name": "Nakot", "households": 882, "tot_pop": 3870, "pop_male": 1975, "pop_female": 1895, "pop_sc": 929, "pop_st": 29, "shrid2": "11-05-058-00291-042449", "shrug_state_id": 5, "shrug_district_id": 58, "shrug_subdist_id": 291.0, "direct_zone_overlap": false, "hazard_zone_flag": 0, "hazard_zone_label": "Outside Candidate Hazard-Based Red Zone", "nearest_hazard_distance_m": 9262.0, "dist_to_nearest_redzone_m": 9262.0, "proximity_band": "5 km to 10 km", "nearest_zone_id": "RZ-153", "matched_zone_id": null, "matched_zone_label": null, "matched_zone_mh_score": null, "matched_zone_priority": null, "matched_zone_area_m2": null, "data_source": "Census PCA 2011 joined to SHRUG spatial bridge", "join_method": "Exact code-based join: Census Town/Village = SHRUG pc11_village_id", "disclaimer": "Decision Support — Requires Official Verification & Geotechnical Assessment" }, "geometry": { "type": "Point", "coordinates": [ 312188.876292880508117, 3363449.051705894526094 ] } },
{ "type": "Feature", "properties": { "village_id": 42450, "village_name": "Bhausal", "households": 116, "tot_pop": 583, "pop_male": 284, "pop_female": 299, "pop_sc": 207, "pop_st": 0, "shrid2": "11-05-058-00291-042450", "shrug_state_id": 5, "shrug_district_id": 58, "shrug_subdist_id": 291.0, "direct_zone_overlap": false, "hazard_zone_flag": 0, "hazard_zone_label": "Outside Candidate Hazard-Based Red Zone", "nearest_hazard_distance_m": 8919.0, "dist_to_nearest_redzone_m": 8919.0, "proximity_band": "5 km to 10 km", "nearest_zone_id": "RZ-153", "matched_zone_id": null, "matched_zone_label": null, "matched_zone_mh_score": null, "matched_zone_priority": null, "matched_zone_area_m2": null, "data_source": "Census PCA 2011 joined to SHRUG spatial bridge", "join_method": "Exact code-based join: Census Town/Village = SHRUG pc11_village_id", "disclaimer": "Decision Support — Requires Official Verification & Geotechnical Assessment" }, "geometry": { "type": "Point", "coordinates": [ 313162.086298124340829, 3362973.05796795617789 ] } },
{ "type": "Feature", "properties": { "village_id": 42451, "village_name": "Rumsi", "households": 165, "tot_pop": 698, "pop_male": 318, "pop_female": 380, "pop_sc": 140, "pop_st": 0, "shrid2": "11-05-058-00291-042451", "shrug_state_id": 5, "shrug_district_id": 58, "shrug_subdist_id": 291.0, "direct_zone_overlap": false, "hazard_zone_flag": 0, "hazard_zone_label": "Outside Candidate Hazard-Based Red Zone", "nearest_hazard_distance_m": 7460.3, "dist_to_nearest_redzone_m": 7460.3, "proximity_band": "5 km to 10 km", "nearest_zone_id": "RZ-153", "matched_zone_id": null, "matched_zone_label": null, "matched_zone_mh_score": null, "matched_zone_priority": null, "matched_zone_area_m2": null, "data_source": "Census PCA 2011 joined to SHRUG spatial bridge", "join_method": "Exact code-based join: Census Town/Village = SHRUG pc11_village_id", "disclaimer": "Decision Support — Requires Official Verification & Geotechnical Assessment" }, "geometry": { "type": "Point", "coordinates": [ 314432.029387003625743, 3363813.961769910994917 ] } },
{ "type": "Feature", "properties": { "village_id": 42452, "village_name": "Bareth", "households": 30, "tot_pop": 139, "pop_male": 66, "pop_female": 73, "pop_sc": 60, "pop_st": 0, "shrid2": "11-05-058-00291-042452", "shrug_state_id": 5, "shrug_district_id": 58, "shrug_subdist_id": 291.0, "direct_zone_overlap": false, "hazard_zone_flag": 0, "hazard_zone_label": "Outside Candidate Hazard-Based Red Zone", "nearest_hazard_distance_m": 6669.9, "dist_to_nearest_redzone_m": 6669.9, "proximity_band": "5 km to 10 km", "nearest_zone_id": "RZ-153", "matched_zone_id": null, "matched_zone_label": null, "matched_zone_mh_score": null, "matched_zone_priority": null, "matched_zone_area_m2": null, "data_source": "Census PCA 2011 joined to SHRUG spatial bridge", "join_method": "Exact code-based join: Census Town/Village = SHRUG pc11_village_id", "disclaimer": "Decision Support — Requires Official Verification & Geotechnical Assessment" }, "geometry": { "type": "Point", "coordinates": [ 315914.708367684215773, 3363788.000626294407994 ] } },
{ "type": "Feature", "properties": { "village_id": 42453, "village_name": "Malkhi", "households": 78, "tot_pop": 315, "pop_male": 147, "pop_female": 168, "pop_sc": 0, "pop_st": 0, "shrid2": "11-05-058-00291-042453", "shrug_state_id": 5, "shrug_district_id": 58, "shrug_subdist_id": 291.0, "direct_zone_overlap": false, "hazard_zone_flag": 0, "hazard_zone_label": "Outside Candidate Hazard-Based Red Zone", "nearest_hazard_distance_m": 7024.9, "dist_to_nearest_redzone_m": 7024.9, "proximity_band": "5 km to 10 km", "nearest_zone_id": "RZ-153", "matched_zone_id": null, "matched_zone_label": null, "matched_zone_mh_score": null, "matched_zone_priority": null, "matched_zone_area_m2": null, "data_source": "Census PCA 2011 joined to SHRUG spatial bridge", "join_method": "Exact code-based join: Census Town/Village = SHRUG pc11_village_id", "disclaimer": "Decision Support — Requires Official Verification & Geotechnical Assessment" }, "geometry": { "type": "Point", "coordinates": [ 317367.892685612547211, 3362856.686841591261327 ] } },
{ "type": "Feature", "properties": { "village_id": 42454, "village_name": "Bhatwari", "households": 55, "tot_pop": 216, "pop_male": 95, "pop_female": 121, "pop_sc": 55, "pop_st": 0, "shrid2": "11-05-058-00291-042454", "shrug_state_id": 5, "shrug_district_id": 58, "shrug_subdist_id": 291.0, "direct_zone_overlap": false, "hazard_zone_flag": 0, "hazard_zone_label": "Outside Candidate Hazard-Based Red Zone", "nearest_hazard_distance_m": 7028.5, "dist_to_nearest_redzone_m": 7028.5, "proximity_band": "5 km to 10 km", "nearest_zone_id": "RZ-153", "matched_zone_id": null, "matched_zone_label": null, "matched_zone_mh_score": null, "matched_zone_priority": null, "matched_zone_area_m2": null, "data_source": "Census PCA 2011 joined to SHRUG spatial bridge", "join_method": "Exact code-based join: Census Town/Village = SHRUG pc11_village_id", "disclaimer": "Decision Support — Requires Official Verification & Geotechnical Assessment" }, "geometry": { "type": "Point", "coordinates": [ 316520.151063780009281, 3363118.792486906982958 ] } },
{ "type": "Feature", "properties": { "village_id": 42455, "village_name": "Managu", "households": 155, "tot_pop": 747, "pop_male": 354, "pop_female": 393, "pop_sc": 313, "pop_st": 0, "shrid2": "11-05-058-00291-042455", "shrug_state_id": 5, "shrug_district_id": 58, "shrug_subdist_id": 291.0, "direct_zone_overlap": false, "hazard_zone_flag": 0, "hazard_zone_label": "Outside Candidate Hazard-Based Red Zone", "nearest_hazard_distance_m": 7863.2, "dist_to_nearest_redzone_m": 7863.2, "proximity_band": "5 km to 10 km", "nearest_zone_id": "RZ-153", "matched_zone_id": null, "matched_zone_label": null, "matched_zone_mh_score": null, "matched_zone_priority": null, "matched_zone_area_m2": null, "data_source": "Census PCA 2011 joined to SHRUG spatial bridge", "join_method": "Exact code-based join: Census Town/Village = SHRUG pc11_village_id", "disclaimer": "Decision Support — Requires Official Verification & Geotechnical Assessment" }, "geometry": { "type": "Point", "coordinates": [ 314951.622095586324576, 3362963.860361151397228 ] } },
{ "type": "Feature", "properties": { "village_id": 42456, "village_name": "Khalyo", "households": 21, "tot_pop": 117, "pop_male": 56, "pop_female": 61, "pop_sc": 0, "pop_st": 0, "shrid2": "11-05-058-00291-042456", "shrug_state_id": 5, "shrug_district_id": 58, "shrug_subdist_id": 291.0, "direct_zone_overlap": false, "hazard_zone_flag": 0, "hazard_zone_label": "Outside Candidate Hazard-Based Red Zone", "nearest_hazard_distance_m": 7651.7, "dist_to_nearest_redzone_m": 7651.7, "proximity_band": "5 km to 10 km", "nearest_zone_id": "RZ-153", "matched_zone_id": null, "matched_zone_label": null, "matched_zone_mh_score": null, "matched_zone_priority": null, "matched_zone_area_m2": null, "data_source": "Census PCA 2011 joined to SHRUG spatial bridge", "join_method": "Exact code-based join: Census Town/Village = SHRUG pc11_village_id", "disclaimer": "Decision Support — Requires Official Verification & Geotechnical Assessment" }, "geometry": { "type": "Point", "coordinates": [ 316598.502731686981861, 3362428.162289798259735 ] } },
{ "type": "Feature", "properties": { "village_id": 42457, "village_name": "Syal Dobha", "households": 31, "tot_pop": 149, "pop_male": 79, "pop_female": 70, "pop_sc": 0, "pop_st": 0, "shrid2": "11-05-058-00291-042457", "shrug_state_id": 5, "shrug_district_id": 58, "shrug_subdist_id": 291.0, "direct_zone_overlap": false, "hazard_zone_flag": 0, "hazard_zone_label": "Outside Candidate Hazard-Based Red Zone", "nearest_hazard_distance_m": 8431.9, "dist_to_nearest_redzone_m": 8431.9, "proximity_band": "5 km to 10 km", "nearest_zone_id": "RZ-153", "matched_zone_id": null, "matched_zone_label": null, "matched_zone_mh_score": null, "matched_zone_priority": null, "matched_zone_area_m2": null, "data_source": "Census PCA 2011 joined to SHRUG spatial bridge", "join_method": "Exact code-based join: Census Town/Village = SHRUG pc11_village_id", "disclaimer": "Decision Support — Requires Official Verification & Geotechnical Assessment" }, "geometry": { "type": "Point", "coordinates": [ 315338.245166464941576, 3362104.457937503233552 ] } },
{ "type": "Feature", "properties": { "village_id": 42458, "village_name": "Silli Sera", "households": 80, "tot_pop": 333, "pop_male": 162, "pop_female": 171, "pop_sc": 27, "pop_st": 0, "shrid2": "11-05-058-00291-042458", "shrug_state_id": 5, "shrug_district_id": 58, "shrug_subdist_id": 291.0, "direct_zone_overlap": false, "hazard_zone_flag": 0, "hazard_zone_label": "Outside Candidate Hazard-Based Red Zone", "nearest_hazard_distance_m": 10634.6, "dist_to_nearest_redzone_m": 10634.6, "proximity_band": "Beyond 10 km", "nearest_zone_id": "RZ-153", "matched_zone_id": null, "matched_zone_label": null, "matched_zone_mh_score": null, "matched_zone_priority": null, "matched_zone_area_m2": null, "data_source": "Census PCA 2011 joined to SHRUG spatial bridge", "join_method": "Exact code-based join: Census Town/Village = SHRUG pc11_village_id", "disclaimer": "Decision Support — Requires Official Verification & Geotechnical Assessment" }, "geometry": { "type": "Point", "coordinates": [ 310762.573755191348027, 3363005.356550871860236 ] } },
{ "type": "Feature", "properties": { "village_id": 42459, "village_name": "Dobha", "households": 61, "tot_pop": 273, "pop_male": 127, "pop_female": 146, "pop_sc": 115, "pop_st": 0, "shrid2": "11-05-058-00291-042459", "shrug_state_id": 5, "shrug_district_id": 58, "shrug_subdist_id": 291.0, "direct_zone_overlap": false, "hazard_zone_flag": 0, "hazard_zone_label": "Outside Candidate Hazard-Based Red Zone", "nearest_hazard_distance_m": 9757.1, "dist_to_nearest_redzone_m": 9757.1, "proximity_band": "5 km to 10 km", "nearest_zone_id": "RZ-153", "matched_zone_id": null, "matched_zone_label": null, "matched_zone_mh_score": null, "matched_zone_priority": null, "matched_zone_area_m2": null, "data_source": "Census PCA 2011 joined to SHRUG spatial bridge", "join_method": "Exact code-based join: Census Town/Village = SHRUG pc11_village_id", "disclaimer": "Decision Support — Requires Official Verification & Geotechnical Assessment" }, "geometry": { "type": "Point", "coordinates": [ 312576.595471996348351, 3362371.995742000639439 ] } },
{ "type": "Feature", "properties": { "village_id": 42460, "village_name": "Chond", "households": 30, "tot_pop": 77, "pop_male": 28, "pop_female": 49, "pop_sc": 0, "pop_st": 0, "shrid2": "11-05-058-00291-042460", "shrug_state_id": 5, "shrug_district_id": 58, "shrug_subdist_id": 291.0, "direct_zone_overlap": false, "hazard_zone_flag": 0, "hazard_zone_label": "Outside Candidate Hazard-Based Red Zone", "nearest_hazard_distance_m": 10541.4, "dist_to_nearest_redzone_m": 10541.4, "proximity_band": "Beyond 10 km", "nearest_zone_id": "RZ-153", "matched_zone_id": null, "matched_zone_label": null, "matched_zone_mh_score": null, "matched_zone_priority": null, "matched_zone_area_m2": null, "data_source": "Census PCA 2011 joined to SHRUG spatial bridge", "join_method": "Exact code-based join: Census Town/Village = SHRUG pc11_village_id", "disclaimer": "Decision Support — Requires Official Verification & Geotechnical Assessment" }, "geometry": { "type": "Point", "coordinates": [ 312929.74004291347228, 3361090.967806034721434 ] } },
{ "type": "Feature", "properties": { "village_id": 42461, "village_name": "Bhatwari", "households": 24, "tot_pop": 94, "pop_male": 49, "pop_female": 45, "pop_sc": 0, "pop_st": 0, "shrid2": "11-05-058-00291-042461", "shrug_state_id": 5, "shrug_district_id": 58, "shrug_subdist_id": 291.0, "direct_zone_overlap": false, "hazard_zone_flag": 0, "hazard_zone_label": "Outside Candidate Hazard-Based Red Zone", "nearest_hazard_distance_m": 9551.4, "dist_to_nearest_redzone_m": 9551.4, "proximity_band": "5 km to 10 km", "nearest_zone_id": "RZ-153", "matched_zone_id": null, "matched_zone_label": null, "matched_zone_mh_score": null, "matched_zone_priority": null, "matched_zone_area_m2": null, "data_source": "Census PCA 2011 joined to SHRUG spatial bridge", "join_method": "Exact code-based join: Census Town/Village = SHRUG pc11_village_id", "disclaimer": "Decision Support — Requires Official Verification & Geotechnical Assessment" }, "geometry": { "type": "Point", "coordinates": [ 314513.967258307500742, 3361269.48138335486874 ] } },
{ "type": "Feature", "properties": { "village_id": 42462, "village_name": "Urkholi", "households": 47, "tot_pop": 211, "pop_male": 98, "pop_female": 113, "pop_sc": 69, "pop_st": 0, "shrid2": "11-05-058-00291-042462", "shrug_state_id": 5, "shrug_district_id": 58, "shrug_subdist_id": 291.0, "direct_zone_overlap": false, "hazard_zone_flag": 0, "hazard_zone_label": "Outside Candidate Hazard-Based Red Zone", "nearest_hazard_distance_m": 8994.0, "dist_to_nearest_redzone_m": 8994.0, "proximity_band": "5 km to 10 km", "nearest_zone_id": "RZ-153", "matched_zone_id": null, "matched_zone_label": null, "matched_zone_mh_score": null, "matched_zone_priority": null, "matched_zone_area_m2": null, "data_source": "Census PCA 2011 joined to SHRUG spatial bridge", "join_method": "Exact code-based join: Census Town/Village = SHRUG pc11_village_id", "disclaimer": "Decision Support — Requires Official Verification & Geotechnical Assessment" }, "geometry": { "type": "Point", "coordinates": [ 315744.176427336758934, 3361311.683503093663603 ] } },
{ "type": "Feature", "properties": { "village_id": 42463, "village_name": "Swari Gwans", "households": 270, "tot_pop": 1187, "pop_male": 505, "pop_female": 682, "pop_sc": 215, "pop_st": 0, "shrid2": "11-05-058-00291-042463", "shrug_state_id": 5, "shrug_district_id": 58, "shrug_subdist_id": 291.0, "direct_zone_overlap": false, "hazard_zone_flag": 0, "hazard_zone_label": "Outside Candidate Hazard-Based Red Zone", "nearest_hazard_distance_m": 8789.3, "dist_to_nearest_redzone_m": 8789.3, "proximity_band": "5 km to 10 km", "nearest_zone_id": "RZ-220", "matched_zone_id": null, "matched_zone_label": null, "matched_zone_mh_score": null, "matched_zone_priority": null, "matched_zone_area_m2": null, "data_source": "Census PCA 2011 joined to SHRUG spatial bridge", "join_method": "Exact code-based join: Census Town/Village = SHRUG pc11_village_id", "disclaimer": "Decision Support — Requires Official Verification & Geotechnical Assessment" }, "geometry": { "type": "Point", "coordinates": [ 317474.999554566224106, 3360999.271773720160127 ] } },
{ "type": "Feature", "properties": { "village_id": 42464, "village_name": "Ghimtoli", "households": 57, "tot_pop": 217, "pop_male": 114, "pop_female": 103, "pop_sc": 8, "pop_st": 6, "shrid2": "11-05-058-00291-042464", "shrug_state_id": 5, "shrug_district_id": 58, "shrug_subdist_id": 291.0, "direct_zone_overlap": false, "hazard_zone_flag": 0, "hazard_zone_label": "Outside Candidate Hazard-Based Red Zone", "nearest_hazard_distance_m": 7598.4, "dist_to_nearest_redzone_m": 7598.4, "proximity_band": "5 km to 10 km", "nearest_zone_id": "RZ-220", "matched_zone_id": null, "matched_zone_label": null, "matched_zone_mh_score": null, "matched_zone_priority": null, "matched_zone_area_m2": null, "data_source": "Census PCA 2011 joined to SHRUG spatial bridge", "join_method": "Exact code-based join: Census Town/Village = SHRUG pc11_village_id", "disclaimer": "Decision Support — Requires Official Verification & Geotechnical Assessment" }, "geometry": { "type": "Point", "coordinates": [ 318574.955137831857428, 3359959.003903446253389 ] } },
{ "type": "Feature", "properties": { "village_id": 42465, "village_name": "Kollu Bhannu", "households": 132, "tot_pop": 513, "pop_male": 220, "pop_female": 293, "pop_sc": 17, "pop_st": 0, "shrid2": "11-05-058-00291-042465", "shrug_state_id": 5, "shrug_district_id": 58, "shrug_subdist_id": 291.0, "direct_zone_overlap": false, "hazard_zone_flag": 0, "hazard_zone_label": "Outside Candidate Hazard-Based Red Zone", "nearest_hazard_distance_m": 8393.9, "dist_to_nearest_redzone_m": 8393.9, "proximity_band": "5 km to 10 km", "nearest_zone_id": "RZ-220", "matched_zone_id": null, "matched_zone_label": null, "matched_zone_mh_score": null, "matched_zone_priority": null, "matched_zone_area_m2": null, "data_source": "Census PCA 2011 joined to SHRUG spatial bridge", "join_method": "Exact code-based join: Census Town/Village = SHRUG pc11_village_id", "disclaimer": "Decision Support — Requires Official Verification & Geotechnical Assessment" }, "geometry": { "type": "Point", "coordinates": [ 316577.736065346864052, 3360348.729521050583571 ] } },
{ "type": "Feature", "properties": { "village_id": 42466, "village_name": "Bachhani", "households": 27, "tot_pop": 124, "pop_male": 60, "pop_female": 64, "pop_sc": 29, "pop_st": 0, "shrid2": "11-05-058-00291-042466", "shrug_state_id": 5, "shrug_district_id": 58, "shrug_subdist_id": 291.0, "direct_zone_overlap": false, "hazard_zone_flag": 0, "hazard_zone_label": "Outside Candidate Hazard-Based Red Zone", "nearest_hazard_distance_m": 8945.6, "dist_to_nearest_redzone_m": 8945.6, "proximity_band": "5 km to 10 km", "nearest_zone_id": "RZ-220", "matched_zone_id": null, "matched_zone_label": null, "matched_zone_mh_score": null, "matched_zone_priority": null, "matched_zone_area_m2": null, "data_source": "Census PCA 2011 joined to SHRUG spatial bridge", "join_method": "Exact code-based join: Census Town/Village = SHRUG pc11_village_id", "disclaimer": "Decision Support — Requires Official Verification & Geotechnical Assessment" }, "geometry": { "type": "Point", "coordinates": [ 315295.609323948505335, 3360416.311108630150557 ] } },
{ "type": "Feature", "properties": { "village_id": 42467, "village_name": "Gadil", "households": 34, "tot_pop": 164, "pop_male": 84, "pop_female": 80, "pop_sc": 0, "pop_st": 0, "shrid2": "11-05-058-00291-042467", "shrug_state_id": 5, "shrug_district_id": 58, "shrug_subdist_id": 291.0, "direct_zone_overlap": false, "hazard_zone_flag": 0, "hazard_zone_label": "Outside Candidate Hazard-Based Red Zone", "nearest_hazard_distance_m": 9029.7, "dist_to_nearest_redzone_m": 9029.7, "proximity_band": "5 km to 10 km", "nearest_zone_id": "RZ-220", "matched_zone_id": null, "matched_zone_label": null, "matched_zone_mh_score": null, "matched_zone_priority": null, "matched_zone_area_m2": null, "data_source": "Census PCA 2011 joined to SHRUG spatial bridge", "join_method": "Exact code-based join: Census Town/Village = SHRUG pc11_village_id", "disclaimer": "Decision Support — Requires Official Verification & Geotechnical Assessment" }, "geometry": { "type": "Point", "coordinates": [ 314633.533770826470573, 3360153.017795937135816 ] } },
{ "type": "Feature", "properties": { "village_id": 42468, "village_name": "Phalasi", "households": 163, "tot_pop": 778, "pop_male": 387, "pop_female": 391, "pop_sc": 255, "pop_st": 0, "shrid2": "11-05-058-00291-042468", "shrug_state_id": 5, "shrug_district_id": 58, "shrug_subdist_id": 291.0, "direct_zone_overlap": false, "hazard_zone_flag": 0, "hazard_zone_label": "Outside Candidate Hazard-Based Red Zone", "nearest_hazard_distance_m": 9306.0, "dist_to_nearest_redzone_m": 9306.0, "proximity_band": "5 km to 10 km", "nearest_zone_id": "RZ-220", "matched_zone_id": null, "matched_zone_label": null, "matched_zone_mh_score": null, "matched_zone_priority": null, "matched_zone_area_m2": null, "data_source": "Census PCA 2011 joined to SHRUG spatial bridge", "join_method": "Exact code-based join: Census Town/Village = SHRUG pc11_village_id", "disclaimer": "Decision Support — Requires Official Verification & Geotechnical Assessment" }, "geometry": { "type": "Point", "coordinates": [ 313790.807227369688917, 3359929.609256388619542 ] } },
{ "type": "Feature", "properties": { "village_id": 42469, "village_name": "Bora", "households": 204, "tot_pop": 916, "pop_male": 430, "pop_female": 486, "pop_sc": 512, "pop_st": 0, "shrid2": "11-05-058-00291-042469", "shrug_state_id": 5, "shrug_district_id": 58, "shrug_subdist_id": 291.0, "direct_zone_overlap": false, "hazard_zone_flag": 0, "hazard_zone_label": "Outside Candidate Hazard-Based Red Zone", "nearest_hazard_distance_m": 9348.8, "dist_to_nearest_redzone_m": 9348.8, "proximity_band": "5 km to 10 km", "nearest_zone_id": "RZ-220", "matched_zone_id": null, "matched_zone_label": null, "matched_zone_mh_score": null, "matched_zone_priority": null, "matched_zone_area_m2": null, "data_source": "Census PCA 2011 joined to SHRUG spatial bridge", "join_method": "Exact code-based join: Census Town/Village = SHRUG pc11_village_id", "disclaimer": "Decision Support — Requires Official Verification & Geotechnical Assessment" }, "geometry": { "type": "Point", "coordinates": [ 312996.050713785807602, 3359358.322833563201129 ] } },
{ "type": "Feature", "properties": { "village_id": 42470, "village_name": "Gorna", "households": 95, "tot_pop": 338, "pop_male": 144, "pop_female": 194, "pop_sc": 0, "pop_st": 0, "shrid2": "11-05-058-00291-042470", "shrug_state_id": 5, "shrug_district_id": 58, "shrug_subdist_id": 291.0, "direct_zone_overlap": false, "hazard_zone_flag": 0, "hazard_zone_label": "Outside Candidate Hazard-Based Red Zone", "nearest_hazard_distance_m": 8412.6, "dist_to_nearest_redzone_m": 8412.6, "proximity_band": "5 km to 10 km", "nearest_zone_id": "RZ-220", "matched_zone_id": null, "matched_zone_label": null, "matched_zone_mh_score": null, "matched_zone_priority": null, "matched_zone_area_m2": null, "data_source": "Census PCA 2011 joined to SHRUG spatial bridge", "join_method": "Exact code-based join: Census Town/Village = SHRUG pc11_village_id", "disclaimer": "Decision Support — Requires Official Verification & Geotechnical Assessment" }, "geometry": { "type": "Point", "coordinates": [ 313910.053062195074745, 3358900.405055292882025 ] } },
{ "type": "Feature", "properties": { "village_id": 42471, "village_name": "Malnaun", "households": 51, "tot_pop": 212, "pop_male": 88, "pop_female": 124, "pop_sc": 0, "pop_st": 0, "shrid2": "11-05-058-00291-042471", "shrug_state_id": 5, "shrug_district_id": 58, "shrug_subdist_id": 291.0, "direct_zone_overlap": false, "hazard_zone_flag": 0, "hazard_zone_label": "Outside Candidate Hazard-Based Red Zone", "nearest_hazard_distance_m": 8390.9, "dist_to_nearest_redzone_m": 8390.9, "proximity_band": "5 km to 10 km", "nearest_zone_id": "RZ-220", "matched_zone_id": null, "matched_zone_label": null, "matched_zone_mh_score": null, "matched_zone_priority": null, "matched_zone_area_m2": null, "data_source": "Census PCA 2011 joined to SHRUG spatial bridge", "join_method": "Exact code-based join: Census Town/Village = SHRUG pc11_village_id", "disclaimer": "Decision Support — Requires Official Verification & Geotechnical Assessment" }, "geometry": { "type": "Point", "coordinates": [ 314353.067533504334278, 3359206.837446507066488 ] } },
{ "type": "Feature", "properties": { "village_id": 42472, "village_name": "Kunda Dankot", "households": 245, "tot_pop": 1081, "pop_male": 510, "pop_female": 571, "pop_sc": 381, "pop_st": 0, "shrid2": "11-05-058-00291-042472", "shrug_state_id": 5, "shrug_district_id": 58, "shrug_subdist_id": 291.0, "direct_zone_overlap": false, "hazard_zone_flag": 0, "hazard_zone_label": "Outside Candidate Hazard-Based Red Zone", "nearest_hazard_distance_m": 7896.1, "dist_to_nearest_redzone_m": 7896.1, "proximity_band": "5 km to 10 km", "nearest_zone_id": "RZ-220", "matched_zone_id": null, "matched_zone_label": null, "matched_zone_mh_score": null, "matched_zone_priority": null, "matched_zone_area_m2": null, "data_source": "Census PCA 2011 joined to SHRUG spatial bridge", "join_method": "Exact code-based join: Census Town/Village = SHRUG pc11_village_id", "disclaimer": "Decision Support — Requires Official Verification & Geotechnical Assessment" }, "geometry": { "type": "Point", "coordinates": [ 315208.754084670857992, 3359176.16362133435905 ] } },
{ "type": "Feature", "properties": { "village_id": 42473, "village_name": "Tarag", "households": 99, "tot_pop": 416, "pop_male": 179, "pop_female": 237, "pop_sc": 129, "pop_st": 0, "shrid2": "11-05-058-00291-042473", "shrug_state_id": 5, "shrug_district_id": 58, "shrug_subdist_id": 291.0, "direct_zone_overlap": false, "hazard_zone_flag": 0, "hazard_zone_label": "Outside Candidate Hazard-Based Red Zone", "nearest_hazard_distance_m": 7930.8, "dist_to_nearest_redzone_m": 7930.8, "proximity_band": "5 km to 10 km", "nearest_zone_id": "RZ-220", "matched_zone_id": null, "matched_zone_label": null, "matched_zone_mh_score": null, "matched_zone_priority": null, "matched_zone_area_m2": null, "data_source": "Census PCA 2011 joined to SHRUG spatial bridge", "join_method": "Exact code-based join: Census Town/Village = SHRUG pc11_village_id", "disclaimer": "Decision Support — Requires Official Verification & Geotechnical Assessment" }, "geometry": { "type": "Point", "coordinates": [ 316065.885580679401755, 3359655.56328550260514 ] } },
{ "type": "Feature", "properties": { "village_id": 42474, "village_name": "Kanda", "households": 30, "tot_pop": 143, "pop_male": 64, "pop_female": 79, "pop_sc": 0, "pop_st": 0, "shrid2": "11-05-058-00291-042474", "shrug_state_id": 5, "shrug_district_id": 58, "shrug_subdist_id": 291.0, "direct_zone_overlap": false, "hazard_zone_flag": 0, "hazard_zone_label": "Outside Candidate Hazard-Based Red Zone", "nearest_hazard_distance_m": 6541.3, "dist_to_nearest_redzone_m": 6541.3, "proximity_band": "5 km to 10 km", "nearest_zone_id": "RZ-220", "matched_zone_id": null, "matched_zone_label": null, "matched_zone_mh_score": null, "matched_zone_priority": null, "matched_zone_area_m2": null, "data_source": "Census PCA 2011 joined to SHRUG spatial bridge", "join_method": "Exact code-based join: Census Town/Village = SHRUG pc11_village_id", "disclaimer": "Decision Support — Requires Official Verification & Geotechnical Assessment" }, "geometry": { "type": "Point", "coordinates": [ 317438.935144797782414, 3358676.97330114338547 ] } },
{ "type": "Feature", "properties": { "village_id": 42475, "village_name": "Kyuri", "households": 253, "tot_pop": 1070, "pop_male": 466, "pop_female": 604, "pop_sc": 113, "pop_st": 0, "shrid2": "11-05-058-00291-042475", "shrug_state_id": 5, "shrug_district_id": 58, "shrug_subdist_id": 291.0, "direct_zone_overlap": false, "hazard_zone_flag": 0, "hazard_zone_label": "Outside Candidate Hazard-Based Red Zone", "nearest_hazard_distance_m": 6794.2, "dist_to_nearest_redzone_m": 6794.2, "proximity_band": "5 km to 10 km", "nearest_zone_id": "RZ-220", "matched_zone_id": null, "matched_zone_label": null, "matched_zone_mh_score": null, "matched_zone_priority": null, "matched_zone_area_m2": null, "data_source": "Census PCA 2011 joined to SHRUG spatial bridge", "join_method": "Exact code-based join: Census Town/Village = SHRUG pc11_village_id", "disclaimer": "Decision Support — Requires Official Verification & Geotechnical Assessment" }, "geometry": { "type": "Point", "coordinates": [ 316143.001241096470039, 3358434.466627897229046 ] } },
{ "type": "Feature", "properties": { "village_id": 42476, "village_name": "Lodala", "households": 76, "tot_pop": 315, "pop_male": 149, "pop_female": 166, "pop_sc": 87, "pop_st": 0, "shrid2": "11-05-058-00291-042476", "shrug_state_id": 5, "shrug_district_id": 58, "shrug_subdist_id": 291.0, "direct_zone_overlap": false, "hazard_zone_flag": 0, "hazard_zone_label": "Outside Candidate Hazard-Based Red Zone", "nearest_hazard_distance_m": 7412.2, "dist_to_nearest_redzone_m": 7412.2, "proximity_band": "5 km to 10 km", "nearest_zone_id": "RZ-220", "matched_zone_id": null, "matched_zone_label": null, "matched_zone_mh_score": null, "matched_zone_priority": null, "matched_zone_area_m2": null, "data_source": "Census PCA 2011 joined to SHRUG spatial bridge", "join_method": "Exact code-based join: Census Town/Village = SHRUG pc11_village_id", "disclaimer": "Decision Support — Requires Official Verification & Geotechnical Assessment" }, "geometry": { "type": "Point", "coordinates": [ 314784.062668390921317, 3358308.938004466239363 ] } },
{ "type": "Feature", "properties": { "village_id": 42477, "village_name": "Gadsari", "households": 5, "tot_pop": 15, "pop_male": 7, "pop_female": 8, "pop_sc": 0, "pop_st": 0, "shrid2": "11-05-058-00291-042477", "shrug_state_id": 5, "shrug_district_id": 58, "shrug_subdist_id": 291.0, "direct_zone_overlap": false, "hazard_zone_flag": 0, "hazard_zone_label": "Outside Candidate Hazard-Based Red Zone", "nearest_hazard_distance_m": 7434.4, "dist_to_nearest_redzone_m": 7434.4, "proximity_band": "5 km to 10 km", "nearest_zone_id": "RZ-220", "matched_zone_id": null, "matched_zone_label": null, "matched_zone_mh_score": null, "matched_zone_priority": null, "matched_zone_area_m2": null, "data_source": "Census PCA 2011 joined to SHRUG spatial bridge", "join_method": "Exact code-based join: Census Town/Village = SHRUG pc11_village_id", "disclaimer": "Decision Support — Requires Official Verification & Geotechnical Assessment" }, "geometry": { "type": "Point", "coordinates": [ 314103.60273882659385, 3357780.977848258335143 ] } },
{ "type": "Feature", "properties": { "village_id": 42479, "village_name": "Jakhni", "households": 118, "tot_pop": 493, "pop_male": 238, "pop_female": 255, "pop_sc": 33, "pop_st": 0, "shrid2": "11-05-058-00291-042479", "shrug_state_id": 5, "shrug_district_id": 58, "shrug_subdist_id": 291.0, "direct_zone_overlap": false, "hazard_zone_flag": 0, "hazard_zone_label": "Outside Candidate Hazard-Based Red Zone", "nearest_hazard_distance_m": 8507.6, "dist_to_nearest_redzone_m": 8507.6, "proximity_band": "5 km to 10 km", "nearest_zone_id": "RZ-220", "matched_zone_id": null, "matched_zone_label": null, "matched_zone_mh_score": null, "matched_zone_priority": null, "matched_zone_area_m2": null, "data_source": "Census PCA 2011 joined to SHRUG spatial bridge", "join_method": "Exact code-based join: Census Town/Village = SHRUG pc11_village_id", "disclaimer": "Decision Support — Requires Official Verification & Geotechnical Assessment" }, "geometry": { "type": "Point", "coordinates": [ 313126.485692369402386, 3358331.234087083488703 ] } },
{ "type": "Feature", "properties": { "village_id": 42480, "village_name": "Chamswara", "households": 81, "tot_pop": 348, "pop_male": 156, "pop_female": 192, "pop_sc": 47, "pop_st": 0, "shrid2": "11-05-058-00291-042480", "shrug_state_id": 5, "shrug_district_id": 58, "shrug_subdist_id": 291.0, "direct_zone_overlap": false, "hazard_zone_flag": 0, "hazard_zone_label": "Outside Candidate Hazard-Based Red Zone", "nearest_hazard_distance_m": 7981.4, "dist_to_nearest_redzone_m": 7981.4, "proximity_band": "5 km to 10 km", "nearest_zone_id": "RZ-220", "matched_zone_id": null, "matched_zone_label": null, "matched_zone_mh_score": null, "matched_zone_priority": null, "matched_zone_area_m2": null, "data_source": "Census PCA 2011 joined to SHRUG spatial bridge", "join_method": "Exact code-based join: Census Town/Village = SHRUG pc11_village_id", "disclaimer": "Decision Support — Requires Official Verification & Geotechnical Assessment" }, "geometry": { "type": "Point", "coordinates": [ 312945.815893334976863, 3357361.336112230084836 ] } },
{ "type": "Feature", "properties": { "village_id": 42481, "village_name": "Patal Laga Kothagi", "households": 1, "tot_pop": 3, "pop_male": 1, "pop_female": 2, "pop_sc": 0, "pop_st": 0, "shrid2": "11-05-058-00291-042481", "shrug_state_id": 5, "shrug_district_id": 58, "shrug_subdist_id": 291.0, "direct_zone_overlap": false, "hazard_zone_flag": 0, "hazard_zone_label": "Outside Candidate Hazard-Based Red Zone", "nearest_hazard_distance_m": 7624.3, "dist_to_nearest_redzone_m": 7624.3, "proximity_band": "5 km to 10 km", "nearest_zone_id": "RZ-220", "matched_zone_id": null, "matched_zone_label": null, "matched_zone_mh_score": null, "matched_zone_priority": null, "matched_zone_area_m2": null, "data_source": "Census PCA 2011 joined to SHRUG spatial bridge", "join_method": "Exact code-based join: Census Town/Village = SHRUG pc11_village_id", "disclaimer": "Decision Support — Requires Official Verification & Geotechnical Assessment" }, "geometry": { "type": "Point", "coordinates": [ 312797.164303003111854, 3356576.318040261045098 ] } },
{ "type": "Feature", "properties": { "village_id": 42482, "village_name": "Gadmil", "households": 76, "tot_pop": 283, "pop_male": 99, "pop_female": 184, "pop_sc": 0, "pop_st": 0, "shrid2": "11-05-058-00291-042482", "shrug_state_id": 5, "shrug_district_id": 58, "shrug_subdist_id": 291.0, "direct_zone_overlap": false, "hazard_zone_flag": 0, "hazard_zone_label": "Outside Candidate Hazard-Based Red Zone", "nearest_hazard_distance_m": 6901.4, "dist_to_nearest_redzone_m": 6901.4, "proximity_band": "5 km to 10 km", "nearest_zone_id": "RZ-220", "matched_zone_id": null, "matched_zone_label": null, "matched_zone_mh_score": null, "matched_zone_priority": null, "matched_zone_area_m2": null, "data_source": "Census PCA 2011 joined to SHRUG spatial bridge", "join_method": "Exact code-based join: Census Town/Village = SHRUG pc11_village_id", "disclaimer": "Decision Support — Requires Official Verification & Geotechnical Assessment" }, "geometry": { "type": "Point", "coordinates": [ 313439.098060324089602, 3356232.849865196738392 ] } },
{ "type": "Feature", "properties": { "village_id": 42483, "village_name": "Semal Sari", "households": 20, "tot_pop": 102, "pop_male": 38, "pop_female": 64, "pop_sc": 0, "pop_st": 0, "shrid2": "11-05-058-00291-042483", "shrug_state_id": 5, "shrug_district_id": 58, "shrug_subdist_id": 291.0, "direct_zone_overlap": false, "hazard_zone_flag": 0, "hazard_zone_label": "Outside Candidate Hazard-Based Red Zone", "nearest_hazard_distance_m": 7075.8, "dist_to_nearest_redzone_m": 7075.8, "proximity_band": "5 km to 10 km", "nearest_zone_id": "RZ-220", "matched_zone_id": null, "matched_zone_label": null, "matched_zone_mh_score": null, "matched_zone_priority": null, "matched_zone_area_m2": null, "data_source": "Census PCA 2011 joined to SHRUG spatial bridge", "join_method": "Exact code-based join: Census Town/Village = SHRUG pc11_village_id", "disclaimer": "Decision Support — Requires Official Verification & Geotechnical Assessment" }, "geometry": { "type": "Point", "coordinates": [ 314188.797167512064334, 3357368.039411595556885 ] } },
{ "type": "Feature", "properties": { "village_id": 42484, "village_name": "Chapar", "households": 107, "tot_pop": 513, "pop_male": 226, "pop_female": 287, "pop_sc": 173, "pop_st": 0, "shrid2": "11-05-058-00291-042484", "shrug_state_id": 5, "shrug_district_id": 58, "shrug_subdist_id": 291.0, "direct_zone_overlap": false, "hazard_zone_flag": 0, "hazard_zone_label": "Outside Candidate Hazard-Based Red Zone", "nearest_hazard_distance_m": 6631.2, "dist_to_nearest_redzone_m": 6631.2, "proximity_band": "5 km to 10 km", "nearest_zone_id": "RZ-220", "matched_zone_id": null, "matched_zone_label": null, "matched_zone_mh_score": null, "matched_zone_priority": null, "matched_zone_area_m2": null, "data_source": "Census PCA 2011 joined to SHRUG spatial bridge", "join_method": "Exact code-based join: Census Town/Village = SHRUG pc11_village_id", "disclaimer": "Decision Support — Requires Official Verification & Geotechnical Assessment" }, "geometry": { "type": "Point", "coordinates": [ 314183.42385740915779, 3356725.742367085535079 ] } },
{ "type": "Feature", "properties": { "village_id": 42485, "village_name": "Dungari", "households": 106, "tot_pop": 458, "pop_male": 207, "pop_female": 251, "pop_sc": 108, "pop_st": 0, "shrid2": "11-05-058-00291-042485", "shrug_state_id": 5, "shrug_district_id": 58, "shrug_subdist_id": 291.0, "direct_zone_overlap": false, "hazard_zone_flag": 0, "hazard_zone_label": "Outside Candidate Hazard-Based Red Zone", "nearest_hazard_distance_m": 6335.0, "dist_to_nearest_redzone_m": 6335.0, "proximity_band": "5 km to 10 km", "nearest_zone_id": "RZ-220", "matched_zone_id": null, "matched_zone_label": null, "matched_zone_mh_score": null, "matched_zone_priority": null, "matched_zone_area_m2": null, "data_source": "Census PCA 2011 joined to SHRUG spatial bridge", "join_method": "Exact code-based join: Census Town/Village = SHRUG pc11_village_id", "disclaimer": "Decision Support — Requires Official Verification & Geotechnical Assessment" }, "geometry": { "type": "Point", "coordinates": [ 315067.067473310045898, 3357163.755019395146519 ] } },
{ "type": "Feature", "properties": { "village_id": 42486, "village_name": "Bajyun", "households": 81, "tot_pop": 405, "pop_male": 193, "pop_female": 212, "pop_sc": 107, "pop_st": 0, "shrid2": "11-05-058-00291-042486", "shrug_state_id": 5, "shrug_district_id": 58, "shrug_subdist_id": 291.0, "direct_zone_overlap": false, "hazard_zone_flag": 0, "hazard_zone_label": "Outside Candidate Hazard-Based Red Zone", "nearest_hazard_distance_m": 6462.2, "dist_to_nearest_redzone_m": 6462.2, "proximity_band": "5 km to 10 km", "nearest_zone_id": "RZ-220", "matched_zone_id": null, "matched_zone_label": null, "matched_zone_mh_score": null, "matched_zone_priority": null, "matched_zone_area_m2": null, "data_source": "Census PCA 2011 joined to SHRUG spatial bridge", "join_method": "Exact code-based join: Census Town/Village = SHRUG pc11_village_id", "disclaimer": "Decision Support — Requires Official Verification & Geotechnical Assessment" }, "geometry": { "type": "Point", "coordinates": [ 315551.997413755569141, 3357692.481194212567061 ] } },
{ "type": "Feature", "properties": { "village_id": 42487, "village_name": "Utarasu", "households": 36, "tot_pop": 170, "pop_male": 72, "pop_female": 98, "pop_sc": 0, "pop_st": 0, "shrid2": "11-05-058-00291-042487", "shrug_state_id": 5, "shrug_district_id": 58, "shrug_subdist_id": 291.0, "direct_zone_overlap": false, "hazard_zone_flag": 0, "hazard_zone_label": "Outside Candidate Hazard-Based Red Zone", "nearest_hazard_distance_m": 5707.2, "dist_to_nearest_redzone_m": 5707.2, "proximity_band": "5 km to 10 km", "nearest_zone_id": "RZ-220", "matched_zone_id": null, "matched_zone_label": null, "matched_zone_mh_score": null, "matched_zone_priority": null, "matched_zone_area_m2": null, "data_source": "Census PCA 2011 joined to SHRUG spatial bridge", "join_method": "Exact code-based join: Census Town/Village = SHRUG pc11_village_id", "disclaimer": "Decision Support — Requires Official Verification & Geotechnical Assessment" }, "geometry": { "type": "Point", "coordinates": [ 316354.581573239993304, 3357310.779991470742971 ] } },
{ "type": "Feature", "properties": { "village_id": 42488, "village_name": "Jondala", "households": 34, "tot_pop": 156, "pop_male": 75, "pop_female": 81, "pop_sc": 0, "pop_st": 0, "shrid2": "11-05-058-00291-042488", "shrug_state_id": 5, "shrug_district_id": 58, "shrug_subdist_id": 291.0, "direct_zone_overlap": false, "hazard_zone_flag": 0, "hazard_zone_label": "Outside Candidate Hazard-Based Red Zone", "nearest_hazard_distance_m": 4921.0, "dist_to_nearest_redzone_m": 4921.0, "proximity_band": "2 km to 5 km", "nearest_zone_id": "RZ-220", "matched_zone_id": null, "matched_zone_label": null, "matched_zone_mh_score": null, "matched_zone_priority": null, "matched_zone_area_m2": null, "data_source": "Census PCA 2011 joined to SHRUG spatial bridge", "join_method": "Exact code-based join: Census Town/Village = SHRUG pc11_village_id", "disclaimer": "Decision Support — Requires Official Verification & Geotechnical Assessment" }, "geometry": { "type": "Point", "coordinates": [ 316664.915204750490375, 3356579.982146712485701 ] } },
{ "type": "Feature", "properties": { "village_id": 42489, "village_name": "Temana", "households": 24, "tot_pop": 93, "pop_male": 36, "pop_female": 57, "pop_sc": 0, "pop_st": 0, "shrid2": "11-05-058-00291-042489", "shrug_state_id": 5, "shrug_district_id": 58, "shrug_subdist_id": 291.0, "direct_zone_overlap": false, "hazard_zone_flag": 0, "hazard_zone_label": "Outside Candidate Hazard-Based Red Zone", "nearest_hazard_distance_m": 5366.9, "dist_to_nearest_redzone_m": 5366.9, "proximity_band": "5 km to 10 km", "nearest_zone_id": "RZ-220", "matched_zone_id": null, "matched_zone_label": null, "matched_zone_mh_score": null, "matched_zone_priority": null, "matched_zone_area_m2": null, "data_source": "Census PCA 2011 joined to SHRUG spatial bridge", "join_method": "Exact code-based join: Census Town/Village = SHRUG pc11_village_id", "disclaimer": "Decision Support — Requires Official Verification & Geotechnical Assessment" }, "geometry": { "type": "Point", "coordinates": [ 315751.470833159750327, 3356473.269918160978705 ] } },
{ "type": "Feature", "properties": { "village_id": 42490, "village_name": "Pali Jaikhanda", "households": 40, "tot_pop": 138, "pop_male": 61, "pop_female": 77, "pop_sc": 17, "pop_st": 0, "shrid2": "11-05-058-00291-042490", "shrug_state_id": 5, "shrug_district_id": 58, "shrug_subdist_id": 291.0, "direct_zone_overlap": false, "hazard_zone_flag": 0, "hazard_zone_label": "Outside Candidate Hazard-Based Red Zone", "nearest_hazard_distance_m": 5996.5, "dist_to_nearest_redzone_m": 5996.5, "proximity_band": "5 km to 10 km", "nearest_zone_id": "RZ-220", "matched_zone_id": null, "matched_zone_label": null, "matched_zone_mh_score": null, "matched_zone_priority": null, "matched_zone_area_m2": null, "data_source": "Census PCA 2011 joined to SHRUG spatial bridge", "join_method": "Exact code-based join: Census Town/Village = SHRUG pc11_village_id", "disclaimer": "Decision Support — Requires Official Verification & Geotechnical Assessment" }, "geometry": { "type": "Point", "coordinates": [ 314912.286406400497071, 3356565.738918312359601 ] } },
{ "type": "Feature", "properties": { "village_id": 42491, "village_name": "Dewlakh", "households": 38, "tot_pop": 139, "pop_male": 67, "pop_female": 72, "pop_sc": 0, "pop_st": 0, "shrid2": "11-05-058-00291-042491", "shrug_state_id": 5, "shrug_district_id": 58, "shrug_subdist_id": 291.0, "direct_zone_overlap": false, "hazard_zone_flag": 0, "hazard_zone_label": "Outside Candidate Hazard-Based Red Zone", "nearest_hazard_distance_m": 5694.5, "dist_to_nearest_redzone_m": 5694.5, "proximity_band": "5 km to 10 km", "nearest_zone_id": "RZ-220", "matched_zone_id": null, "matched_zone_label": null, "matched_zone_mh_score": null, "matched_zone_priority": null, "matched_zone_area_m2": null, "data_source": "Census PCA 2011 joined to SHRUG spatial bridge", "join_method": "Exact code-based join: Census Town/Village = SHRUG pc11_village_id", "disclaimer": "Decision Support — Requires Official Verification & Geotechnical Assessment" }, "geometry": { "type": "Point", "coordinates": [ 314732.780240992666222, 3355932.933706051204354 ] } },
{ "type": "Feature", "properties": { "village_id": 42492, "village_name": "Sarqu", "households": 63, "tot_pop": 211, "pop_male": 89, "pop_female": 122, "pop_sc": 52, "pop_st": 0, "shrid2": "11-05-058-00291-042492", "shrug_state_id": 5, "shrug_district_id": 58, "shrug_subdist_id": 291.0, "direct_zone_overlap": false, "hazard_zone_flag": 0, "hazard_zone_label": "Outside Candidate Hazard-Based Red Zone", "nearest_hazard_distance_m": 6159.1, "dist_to_nearest_redzone_m": 6159.1, "proximity_band": "5 km to 10 km", "nearest_zone_id": "RZ-220", "matched_zone_id": null, "matched_zone_label": null, "matched_zone_mh_score": null, "matched_zone_priority": null, "matched_zone_area_m2": null, "data_source": "Census PCA 2011 joined to SHRUG spatial bridge", "join_method": "Exact code-based join: Census Town/Village = SHRUG pc11_village_id", "disclaimer": "Decision Support — Requires Official Verification & Geotechnical Assessment" }, "geometry": { "type": "Point", "coordinates": [ 314058.552299387054518, 3355823.196791282389313 ] } },
{ "type": "Feature", "properties": { "village_id": 42493, "village_name": "Gandhari", "households": 141, "tot_pop": 594, "pop_male": 232, "pop_female": 362, "pop_sc": 53, "pop_st": 0, "shrid2": "11-05-058-00291-042493", "shrug_state_id": 5, "shrug_district_id": 58, "shrug_subdist_id": 291.0, "direct_zone_overlap": false, "hazard_zone_flag": 0, "hazard_zone_label": "Outside Candidate Hazard-Based Red Zone", "nearest_hazard_distance_m": 7337.7, "dist_to_nearest_redzone_m": 7337.7, "proximity_band": "5 km to 10 km", "nearest_zone_id": "RZ-220", "matched_zone_id": null, "matched_zone_label": null, "matched_zone_mh_score": null, "matched_zone_priority": null, "matched_zone_area_m2": null, "data_source": "Census PCA 2011 joined to SHRUG spatial bridge", "join_method": "Exact code-based join: Census Town/Village = SHRUG pc11_village_id", "disclaimer": "Decision Support — Requires Official Verification & Geotechnical Assessment" }, "geometry": { "type": "Point", "coordinates": [ 312720.77409141784301, 3355920.401931449305266 ] } },
{ "type": "Feature", "properties": { "village_id": 42494, "village_name": "Bhainsari", "households": 19, "tot_pop": 74, "pop_male": 28, "pop_female": 46, "pop_sc": 7, "pop_st": 0, "shrid2": "11-05-058-00291-042494", "shrug_state_id": 5, "shrug_district_id": 58, "shrug_subdist_id": 291.0, "direct_zone_overlap": false, "hazard_zone_flag": 0, "hazard_zone_label": "Outside Candidate Hazard-Based Red Zone", "nearest_hazard_distance_m": 6412.0, "dist_to_nearest_redzone_m": 6412.0, "proximity_band": "5 km to 10 km", "nearest_zone_id": "RZ-220", "matched_zone_id": null, "matched_zone_label": null, "matched_zone_mh_score": null, "matched_zone_priority": null, "matched_zone_area_m2": null, "data_source": "Census PCA 2011 joined to SHRUG spatial bridge", "join_method": "Exact code-based join: Census Town/Village = SHRUG pc11_village_id", "disclaimer": "Decision Support — Requires Official Verification & Geotechnical Assessment" }, "geometry": { "type": "Point", "coordinates": [ 313355.523769392515533, 3355150.099135267548263 ] } },
{ "type": "Feature", "properties": { "village_id": 42495, "village_name": "Pali Talli", "households": 28, "tot_pop": 123, "pop_male": 63, "pop_female": 60, "pop_sc": 13, "pop_st": 0, "shrid2": "11-05-058-00291-042495", "shrug_state_id": 5, "shrug_district_id": 58, "shrug_subdist_id": 291.0, "direct_zone_overlap": false, "hazard_zone_flag": 0, "hazard_zone_label": "Outside Candidate Hazard-Based Red Zone", "nearest_hazard_distance_m": 5263.9, "dist_to_nearest_redzone_m": 5263.9, "proximity_band": "5 km to 10 km", "nearest_zone_id": "RZ-220", "matched_zone_id": null, "matched_zone_label": null, "matched_zone_mh_score": null, "matched_zone_priority": null, "matched_zone_area_m2": null, "data_source": "Census PCA 2011 joined to SHRUG spatial bridge", "join_method": "Exact code-based join: Census Town/Village = SHRUG pc11_village_id", "disclaimer": "Decision Support — Requires Official Verification & Geotechnical Assessment" }, "geometry": { "type": "Point", "coordinates": [ 314634.16955626825802, 3355076.501027784310281 ] } },
{ "type": "Feature", "properties": { "village_id": 42496, "village_name": "Pali Malli", "households": 16, "tot_pop": 75, "pop_male": 35, "pop_female": 40, "pop_sc": 0, "pop_st": 0, "shrid2": "11-05-058-00291-042496", "shrug_state_id": 5, "shrug_district_id": 58, "shrug_subdist_id": 291.0, "direct_zone_overlap": false, "hazard_zone_flag": 0, "hazard_zone_label": "Outside Candidate Hazard-Based Red Zone", "nearest_hazard_distance_m": 5052.4, "dist_to_nearest_redzone_m": 5052.4, "proximity_band": "5 km to 10 km", "nearest_zone_id": "RZ-220", "matched_zone_id": null, "matched_zone_label": null, "matched_zone_mh_score": null, "matched_zone_priority": null, "matched_zone_area_m2": null, "data_source": "Census PCA 2011 joined to SHRUG spatial bridge", "join_method": "Exact code-based join: Census Town/Village = SHRUG pc11_village_id", "disclaimer": "Decision Support — Requires Official Verification & Geotechnical Assessment" }, "geometry": { "type": "Point", "coordinates": [ 315391.589065788546577, 3355706.74186785845086 ] } },
{ "type": "Feature", "properties": { "village_id": 42497, "village_name": "Chopara", "households": 67, "tot_pop": 264, "pop_male": 127, "pop_female": 137, "pop_sc": 20, "pop_st": 0, "shrid2": "11-05-058-00291-042497", "shrug_state_id": 5, "shrug_district_id": 58, "shrug_subdist_id": 291.0, "direct_zone_overlap": false, "hazard_zone_flag": 0, "hazard_zone_label": "Outside Candidate Hazard-Based Red Zone", "nearest_hazard_distance_m": 4387.7, "dist_to_nearest_redzone_m": 4387.7, "proximity_band": "2 km to 5 km", "nearest_zone_id": "RZ-220", "matched_zone_id": null, "matched_zone_label": null, "matched_zone_mh_score": null, "matched_zone_priority": null, "matched_zone_area_m2": null, "data_source": "Census PCA 2011 joined to SHRUG spatial bridge", "join_method": "Exact code-based join: Census Town/Village = SHRUG pc11_village_id", "disclaimer": "Decision Support — Requires Official Verification & Geotechnical Assessment" }, "geometry": { "type": "Point", "coordinates": [ 315888.298994067707099, 3355264.541845975443721 ] } },
{ "type": "Feature", "properties": { "village_id": 42498, "village_name": "Kurjhan", "households": 87, "tot_pop": 339, "pop_male": 149, "pop_female": 190, "pop_sc": 162, "pop_st": 0, "shrid2": "11-05-058-00291-042498", "shrug_state_id": 5, "shrug_district_id": 58, "shrug_subdist_id": 291.0, "direct_zone_overlap": false, "hazard_zone_flag": 0, "hazard_zone_label": "Outside Candidate Hazard-Based Red Zone", "nearest_hazard_distance_m": 4152.9, "dist_to_nearest_redzone_m": 4152.9, "proximity_band": "2 km to 5 km", "nearest_zone_id": "RZ-220", "matched_zone_id": null, "matched_zone_label": null, "matched_zone_mh_score": null, "matched_zone_priority": null, "matched_zone_area_m2": null, "data_source": "Census PCA 2011 joined to SHRUG spatial bridge", "join_method": "Exact code-based join: Census Town/Village = SHRUG pc11_village_id", "disclaimer": "Decision Support — Requires Official Verification & Geotechnical Assessment" }, "geometry": { "type": "Point", "coordinates": [ 317022.688494079862721, 3355897.821901761461049 ] } },
{ "type": "Feature", "properties": { "village_id": 42499, "village_name": "Kwili", "households": 110, "tot_pop": 468, "pop_male": 220, "pop_female": 248, "pop_sc": 355, "pop_st": 0, "shrid2": "11-05-058-00291-042499", "shrug_state_id": 5, "shrug_district_id": 58, "shrug_subdist_id": 291.0, "direct_zone_overlap": false, "hazard_zone_flag": 0, "hazard_zone_label": "Outside Candidate Hazard-Based Red Zone", "nearest_hazard_distance_m": 3621.9, "dist_to_nearest_redzone_m": 3621.9, "proximity_band": "2 km to 5 km", "nearest_zone_id": "RZ-220", "matched_zone_id": null, "matched_zone_label": null, "matched_zone_mh_score": null, "matched_zone_priority": null, "matched_zone_area_m2": null, "data_source": "Census PCA 2011 joined to SHRUG spatial bridge", "join_method": "Exact code-based join: Census Town/Village = SHRUG pc11_village_id", "disclaimer": "Decision Support — Requires Official Verification & Geotechnical Assessment" }, "geometry": { "type": "Point", "coordinates": [ 316773.670034772600047, 3355053.880506236106157 ] } },
{ "type": "Feature", "properties": { "village_id": 42500, "village_name": "Dharkot", "households": 86, "tot_pop": 383, "pop_male": 160, "pop_female": 223, "pop_sc": 159, "pop_st": 0, "shrid2": "11-05-058-00291-042500", "shrug_state_id": 5, "shrug_district_id": 58, "shrug_subdist_id": 291.0, "direct_zone_overlap": false, "hazard_zone_flag": 0, "hazard_zone_label": "Outside Candidate Hazard-Based Red Zone", "nearest_hazard_distance_m": 4186.5, "dist_to_nearest_redzone_m": 4186.5, "proximity_band": "2 km to 5 km", "nearest_zone_id": "RZ-220", "matched_zone_id": null, "matched_zone_label": null, "matched_zone_mh_score": null, "matched_zone_priority": null, "matched_zone_area_m2": null, "data_source": "Census PCA 2011 joined to SHRUG spatial bridge", "join_method": "Exact code-based join: Census Town/Village = SHRUG pc11_village_id", "disclaimer": "Decision Support — Requires Official Verification & Geotechnical Assessment" }, "geometry": { "type": "Point", "coordinates": [ 315592.260944911104161, 3354573.141254095826298 ] } },
{ "type": "Feature", "properties": { "village_id": 42501, "village_name": "Bhair Gaon", "households": 16, "tot_pop": 64, "pop_male": 29, "pop_female": 35, "pop_sc": 16, "pop_st": 0, "shrid2": "11-05-058-00291-042501", "shrug_state_id": 5, "shrug_district_id": 58, "shrug_subdist_id": 291.0, "direct_zone_overlap": false, "hazard_zone_flag": 0, "hazard_zone_label": "Outside Candidate Hazard-Based Red Zone", "nearest_hazard_distance_m": 4354.1, "dist_to_nearest_redzone_m": 4354.1, "proximity_band": "2 km to 5 km", "nearest_zone_id": "RZ-220", "matched_zone_id": null, "matched_zone_label": null, "matched_zone_mh_score": null, "matched_zone_priority": null, "matched_zone_area_m2": null, "data_source": "Census PCA 2011 joined to SHRUG spatial bridge", "join_method": "Exact code-based join: Census Town/Village = SHRUG pc11_village_id", "disclaimer": "Decision Support — Requires Official Verification & Geotechnical Assessment" }, "geometry": { "type": "Point", "coordinates": [ 315072.919406572182197, 3353967.934790780302137 ] } },
{ "type": "Feature", "properties": { "village_id": 42502, "village_name": "Nirwali", "households": 26, "tot_pop": 87, "pop_male": 34, "pop_female": 53, "pop_sc": 0, "pop_st": 0, "shrid2": "11-05-058-00291-042502", "shrug_state_id": 5, "shrug_district_id": 58, "shrug_subdist_id": 291.0, "direct_zone_overlap": false, "hazard_zone_flag": 0, "hazard_zone_label": "Outside Candidate Hazard-Based Red Zone", "nearest_hazard_distance_m": 3424.4, "dist_to_nearest_redzone_m": 3424.4, "proximity_band": "2 km to 5 km", "nearest_zone_id": "RZ-220", "matched_zone_id": null, "matched_zone_label": null, "matched_zone_mh_score": null, "matched_zone_priority": null, "matched_zone_area_m2": null, "data_source": "Census PCA 2011 joined to SHRUG spatial bridge", "join_method": "Exact code-based join: Census Town/Village = SHRUG pc11_village_id", "disclaimer": "Decision Support — Requires Official Verification & Geotechnical Assessment" }, "geometry": { "type": "Point", "coordinates": [ 316096.097881285066251, 3353939.986073441803455 ] } },
{ "type": "Feature", "properties": { "village_id": 42503, "village_name": "Jhirmoli", "households": 6, "tot_pop": 15, "pop_male": 11, "pop_female": 4, "pop_sc": 0, "pop_st": 0, "shrid2": "11-05-058-00291-042503", "shrug_state_id": 5, "shrug_district_id": 58, "shrug_subdist_id": 291.0, "direct_zone_overlap": false, "hazard_zone_flag": 0, "hazard_zone_label": "Outside Candidate Hazard-Based Red Zone", "nearest_hazard_distance_m": 1743.4, "dist_to_nearest_redzone_m": 1743.4, "proximity_band": "1 km to 2 km", "nearest_zone_id": "RZ-250", "matched_zone_id": null, "matched_zone_label": null, "matched_zone_mh_score": null, "matched_zone_priority": null, "matched_zone_area_m2": null, "data_source": "Census PCA 2011 joined to SHRUG spatial bridge", "join_method": "Exact code-based join: Census Town/Village = SHRUG pc11_village_id", "disclaimer": "Decision Support — Requires Official Verification & Geotechnical Assessment" }, "geometry": { "type": "Point", "coordinates": [ 305155.983529536868446, 3350620.189857462886721 ] } },
{ "type": "Feature", "properties": { "village_id": 42504, "village_name": "Punar", "households": 91, "tot_pop": 428, "pop_male": 217, "pop_female": 211, "pop_sc": 54, "pop_st": 0, "shrid2": "11-05-058-00291-042504", "shrug_state_id": 5, "shrug_district_id": 58, "shrug_subdist_id": 291.0, "direct_zone_overlap": false, "hazard_zone_flag": 0, "hazard_zone_label": "Outside Candidate Hazard-Based Red Zone", "nearest_hazard_distance_m": 5377.3, "dist_to_nearest_redzone_m": 5377.3, "proximity_band": "5 km to 10 km", "nearest_zone_id": "RZ-250", "matched_zone_id": null, "matched_zone_label": null, "matched_zone_mh_score": null, "matched_zone_priority": null, "matched_zone_area_m2": null, "data_source": "Census PCA 2011 joined to SHRUG spatial bridge", "join_method": "Exact code-based join: Census Town/Village = SHRUG pc11_village_id", "disclaimer": "Decision Support — Requires Official Verification & Geotechnical Assessment" }, "geometry": { "type": "Point", "coordinates": [ 308382.817477436736226, 3352754.456052738707513 ] } },
{ "type": "Feature", "properties": { "village_id": 42505, "village_name": "Barsu", "households": 1, "tot_pop": 11, "pop_male": 3, "pop_female": 8, "pop_sc": 0, "pop_st": 0, "shrid2": "11-05-058-00291-042505", "shrug_state_id": 5, "shrug_district_id": 58, "shrug_subdist_id": 291.0, "direct_zone_overlap": false, "hazard_zone_flag": 0, "hazard_zone_label": "Outside Candidate Hazard-Based Red Zone", "nearest_hazard_distance_m": 5384.4, "dist_to_nearest_redzone_m": 5384.4, "proximity_band": "5 km to 10 km", "nearest_zone_id": "RZ-250", "matched_zone_id": null, "matched_zone_label": null, "matched_zone_mh_score": null, "matched_zone_priority": null, "matched_zone_area_m2": null, "data_source": "Census PCA 2011 joined to SHRUG spatial bridge", "join_method": "Exact code-based join: Census Town/Village = SHRUG pc11_village_id", "disclaimer": "Decision Support — Requires Official Verification & Geotechnical Assessment" }, "geometry": { "type": "Point", "coordinates": [ 308651.469151343975682, 3351945.438459426630288 ] } },
{ "type": "Feature", "properties": { "village_id": 42506, "village_name": "Toona", "households": 169, "tot_pop": 736, "pop_male": 304, "pop_female": 432, "pop_sc": 125, "pop_st": 0, "shrid2": "11-05-058-00291-042506", "shrug_state_id": 5, "shrug_district_id": 58, "shrug_subdist_id": 291.0, "direct_zone_overlap": false, "hazard_zone_flag": 0, "hazard_zone_label": "Outside Candidate Hazard-Based Red Zone", "nearest_hazard_distance_m": 6525.4, "dist_to_nearest_redzone_m": 6525.4, "proximity_band": "5 km to 10 km", "nearest_zone_id": "RZ-250", "matched_zone_id": null, "matched_zone_label": null, "matched_zone_mh_score": null, "matched_zone_priority": null, "matched_zone_area_m2": null, "data_source": "Census PCA 2011 joined to SHRUG spatial bridge", "join_method": "Exact code-based join: Census Town/Village = SHRUG pc11_village_id", "disclaimer": "Decision Support — Requires Official Verification & Geotechnical Assessment" }, "geometry": { "type": "Point", "coordinates": [ 309557.213506387080997, 3352898.456321857403964 ] } },
{ "type": "Feature", "properties": { "village_id": 42507, "village_name": "Gwar Thapali", "households": 114, "tot_pop": 493, "pop_male": 207, "pop_female": 286, "pop_sc": 18, "pop_st": 0, "shrid2": "11-05-058-00291-042507", "shrug_state_id": 5, "shrug_district_id": 58, "shrug_subdist_id": 291.0, "direct_zone_overlap": false, "hazard_zone_flag": 0, "hazard_zone_label": "Outside Candidate Hazard-Based Red Zone", "nearest_hazard_distance_m": 6240.8, "dist_to_nearest_redzone_m": 6240.8, "proximity_band": "5 km to 10 km", "nearest_zone_id": "RZ-250", "matched_zone_id": null, "matched_zone_label": null, "matched_zone_mh_score": null, "matched_zone_priority": null, "matched_zone_area_m2": null, "data_source": "Census PCA 2011 joined to SHRUG spatial bridge", "join_method": "Exact code-based join: Census Town/Village = SHRUG pc11_village_id", "disclaimer": "Decision Support — Requires Official Verification & Geotechnical Assessment" }, "geometry": { "type": "Point", "coordinates": [ 308948.39423169544898, 3353583.549378577619791 ] } },
{ "type": "Feature", "properties": { "village_id": 42508, "village_name": "Lameri", "households": 47, "tot_pop": 181, "pop_male": 72, "pop_female": 109, "pop_sc": 0, "pop_st": 0, "shrid2": "11-05-058-00291-042508", "shrug_state_id": 5, "shrug_district_id": 58, "shrug_subdist_id": 291.0, "direct_zone_overlap": false, "hazard_zone_flag": 0, "hazard_zone_label": "Outside Candidate Hazard-Based Red Zone", "nearest_hazard_distance_m": 7060.5, "dist_to_nearest_redzone_m": 7060.5, "proximity_band": "5 km to 10 km", "nearest_zone_id": "RZ-250", "matched_zone_id": null, "matched_zone_label": null, "matched_zone_mh_score": null, "matched_zone_priority": null, "matched_zone_area_m2": null, "data_source": "Census PCA 2011 joined to SHRUG spatial bridge", "join_method": "Exact code-based join: Census Town/Village = SHRUG pc11_village_id", "disclaimer": "Decision Support — Requires Official Verification & Geotechnical Assessment" }, "geometry": { "type": "Point", "coordinates": [ 309818.980881473282352, 3353669.984671031590551 ] } },
{ "type": "Feature", "properties": { "village_id": 42509, "village_name": "Tilani", "households": 24, "tot_pop": 103, "pop_male": 47, "pop_female": 56, "pop_sc": 44, "pop_st": 0, "shrid2": "11-05-058-00291-042509", "shrug_state_id": 5, "shrug_district_id": 58, "shrug_subdist_id": 291.0, "direct_zone_overlap": false, "hazard_zone_flag": 0, "hazard_zone_label": "Outside Candidate Hazard-Based Red Zone", "nearest_hazard_distance_m": 7797.5, "dist_to_nearest_redzone_m": 7797.5, "proximity_band": "5 km to 10 km", "nearest_zone_id": "RZ-250", "matched_zone_id": null, "matched_zone_label": null, "matched_zone_mh_score": null, "matched_zone_priority": null, "matched_zone_area_m2": null, "data_source": "Census PCA 2011 joined to SHRUG spatial bridge", "join_method": "Exact code-based join: Census Town/Village = SHRUG pc11_village_id", "disclaimer": "Decision Support — Requires Official Verification & Geotechnical Assessment" }, "geometry": { "type": "Point", "coordinates": [ 310770.55354957311647, 3353283.011931681539863 ] } },
{ "type": "Feature", "properties": { "village_id": 42510, "village_name": "Sumerpur", "households": 35, "tot_pop": 144, "pop_male": 56, "pop_female": 88, "pop_sc": 0, "pop_st": 0, "shrid2": "11-05-058-00291-042510", "shrug_state_id": 5, "shrug_district_id": 58, "shrug_subdist_id": 291.0, "direct_zone_overlap": false, "hazard_zone_flag": 0, "hazard_zone_label": "Outside Candidate Hazard-Based Red Zone", "nearest_hazard_distance_m": 7469.9, "dist_to_nearest_redzone_m": 7469.9, "proximity_band": "5 km to 10 km", "nearest_zone_id": "RZ-220", "matched_zone_id": null, "matched_zone_label": null, "matched_zone_mh_score": null, "matched_zone_priority": null, "matched_zone_area_m2": null, "data_source": "Census PCA 2011 joined to SHRUG spatial bridge", "join_method": "Exact code-based join: Census Town/Village = SHRUG pc11_village_id", "disclaimer": "Decision Support — Requires Official Verification & Geotechnical Assessment" }, "geometry": { "type": "Point", "coordinates": [ 311683.924163701653015, 3353350.924769280012697 ] } },
{ "type": "Feature", "properties": { "village_id": 42511, "village_name": "Dungri", "households": 39, "tot_pop": 152, "pop_male": 64, "pop_female": 88, "pop_sc": 1, "pop_st": 19, "shrid2": "11-05-058-00291-042511", "shrug_state_id": 5, "shrug_district_id": 58, "shrug_subdist_id": 291.0, "direct_zone_overlap": false, "hazard_zone_flag": 0, "hazard_zone_label": "Outside Candidate Hazard-Based Red Zone", "nearest_hazard_distance_m": 6818.4, "dist_to_nearest_redzone_m": 6818.4, "proximity_band": "5 km to 10 km", "nearest_zone_id": "RZ-220", "matched_zone_id": null, "matched_zone_label": null, "matched_zone_mh_score": null, "matched_zone_priority": null, "matched_zone_area_m2": null, "data_source": "Census PCA 2011 joined to SHRUG spatial bridge", "join_method": "Exact code-based join: Census Town/Village = SHRUG pc11_village_id", "disclaimer": "Decision Support — Requires Official Verification & Geotechnical Assessment" }, "geometry": { "type": "Point", "coordinates": [ 312365.458008623914793, 3353477.631449592765421 ] } },
{ "type": "Feature", "properties": { "village_id": 42512, "village_name": "Lugai", "households": 11, "tot_pop": 39, "pop_male": 18, "pop_female": 21, "pop_sc": 0, "pop_st": 0, "shrid2": "11-05-058-00291-042512", "shrug_state_id": 5, "shrug_district_id": 58, "shrug_subdist_id": 291.0, "direct_zone_overlap": false, "hazard_zone_flag": 0, "hazard_zone_label": "Outside Candidate Hazard-Based Red Zone", "nearest_hazard_distance_m": 6214.4, "dist_to_nearest_redzone_m": 6214.4, "proximity_band": "5 km to 10 km", "nearest_zone_id": "RZ-220", "matched_zone_id": null, "matched_zone_label": null, "matched_zone_mh_score": null, "matched_zone_priority": null, "matched_zone_area_m2": null, "data_source": "Census PCA 2011 joined to SHRUG spatial bridge", "join_method": "Exact code-based join: Census Town/Village = SHRUG pc11_village_id", "disclaimer": "Decision Support — Requires Official Verification & Geotechnical Assessment" }, "geometry": { "type": "Point", "coordinates": [ 313047.110518826288171, 3353769.734177119564265 ] } },
{ "type": "Feature", "properties": { "village_id": 42513, "village_name": "Ratura", "households": 416, "tot_pop": 1785, "pop_male": 878, "pop_female": 907, "pop_sc": 582, "pop_st": 16, "shrid2": "11-05-058-00291-042513", "shrug_state_id": 5, "shrug_district_id": 58, "shrug_subdist_id": 291.0, "direct_zone_overlap": false, "hazard_zone_flag": 0, "hazard_zone_label": "Outside Candidate Hazard-Based Red Zone", "nearest_hazard_distance_m": 5459.2, "dist_to_nearest_redzone_m": 5459.2, "proximity_band": "5 km to 10 km", "nearest_zone_id": "RZ-220", "matched_zone_id": null, "matched_zone_label": null, "matched_zone_mh_score": null, "matched_zone_priority": null, "matched_zone_area_m2": null, "data_source": "Census PCA 2011 joined to SHRUG spatial bridge", "join_method": "Exact code-based join: Census Town/Village = SHRUG pc11_village_id", "disclaimer": "Decision Support — Requires Official Verification & Geotechnical Assessment" }, "geometry": { "type": "Point", "coordinates": [ 313906.951705615385436, 3354013.917179900221527 ] } },
{ "type": "Feature", "properties": { "village_id": 42514, "village_name": "Dhartoli", "households": 4, "tot_pop": 10, "pop_male": 5, "pop_female": 5, "pop_sc": 0, "pop_st": 0, "shrid2": "11-05-058-00291-042514", "shrug_state_id": 5, "shrug_district_id": 58, "shrug_subdist_id": 291.0, "direct_zone_overlap": false, "hazard_zone_flag": 0, "hazard_zone_label": "Outside Candidate Hazard-Based Red Zone", "nearest_hazard_distance_m": 6043.1, "dist_to_nearest_redzone_m": 6043.1, "proximity_band": "5 km to 10 km", "nearest_zone_id": "RZ-220", "matched_zone_id": null, "matched_zone_label": null, "matched_zone_mh_score": null, "matched_zone_priority": null, "matched_zone_area_m2": null, "data_source": "Census PCA 2011 joined to SHRUG spatial bridge", "join_method": "Exact code-based join: Census Town/Village = SHRUG pc11_village_id", "disclaimer": "Decision Support — Requires Official Verification & Geotechnical Assessment" }, "geometry": { "type": "Point", "coordinates": [ 313066.353880377311725, 3352920.911033995449543 ] } },
{ "type": "Feature", "properties": { "village_id": 42515, "village_name": "Pokhari", "households": 46, "tot_pop": 234, "pop_male": 115, "pop_female": 119, "pop_sc": 154, "pop_st": 0, "shrid2": "11-05-058-00291-042515", "shrug_state_id": 5, "shrug_district_id": 58, "shrug_subdist_id": 291.0, "direct_zone_overlap": false, "hazard_zone_flag": 0, "hazard_zone_label": "Outside Candidate Hazard-Based Red Zone", "nearest_hazard_distance_m": 5973.6, "dist_to_nearest_redzone_m": 5973.6, "proximity_band": "5 km to 10 km", "nearest_zone_id": "RZ-220", "matched_zone_id": null, "matched_zone_label": null, "matched_zone_mh_score": null, "matched_zone_priority": null, "matched_zone_area_m2": null, "data_source": "Census PCA 2011 joined to SHRUG spatial bridge", "join_method": "Exact code-based join: Census Town/Village = SHRUG pc11_village_id", "disclaimer": "Decision Support — Requires Official Verification & Geotechnical Assessment" }, "geometry": { "type": "Point", "coordinates": [ 313097.907356296957005, 3352251.010006122756749 ] } },
{ "type": "Feature", "properties": { "village_id": 42516, "village_name": "Gadora", "households": 83, "tot_pop": 333, "pop_male": 144, "pop_female": 189, "pop_sc": 49, "pop_st": 0, "shrid2": "11-05-058-00291-042516", "shrug_state_id": 5, "shrug_district_id": 58, "shrug_subdist_id": 291.0, "direct_zone_overlap": false, "hazard_zone_flag": 0, "hazard_zone_label": "Outside Candidate Hazard-Based Red Zone", "nearest_hazard_distance_m": 5110.1, "dist_to_nearest_redzone_m": 5110.1, "proximity_band": "5 km to 10 km", "nearest_zone_id": "RZ-220", "matched_zone_id": null, "matched_zone_label": null, "matched_zone_mh_score": null, "matched_zone_priority": null, "matched_zone_area_m2": null, "data_source": "Census PCA 2011 joined to SHRUG spatial bridge", "join_method": "Exact code-based join: Census Town/Village = SHRUG pc11_village_id", "disclaimer": "Decision Support — Requires Official Verification & Geotechnical Assessment" }, "geometry": { "type": "Point", "coordinates": [ 313980.502782986150123, 3352685.763968632090837 ] } },
{ "type": "Feature", "properties": { "village_id": 42517, "village_name": "Bankhil", "households": 19, "tot_pop": 69, "pop_male": 31, "pop_female": 38, "pop_sc": 5, "pop_st": 0, "shrid2": "11-05-058-00291-042517", "shrug_state_id": 5, "shrug_district_id": 58, "shrug_subdist_id": 291.0, "direct_zone_overlap": false, "hazard_zone_flag": 0, "hazard_zone_label": "Outside Candidate Hazard-Based Red Zone", "nearest_hazard_distance_m": 4484.8, "dist_to_nearest_redzone_m": 4484.8, "proximity_band": "2 km to 5 km", "nearest_zone_id": "RZ-220", "matched_zone_id": null, "matched_zone_label": null, "matched_zone_mh_score": null, "matched_zone_priority": null, "matched_zone_area_m2": null, "data_source": "Census PCA 2011 joined to SHRUG spatial bridge", "join_method": "Exact code-based join: Census Town/Village = SHRUG pc11_village_id", "disclaimer": "Decision Support — Requires Official Verification & Geotechnical Assessment" }, "geometry": { "type": "Point", "coordinates": [ 314627.17353570839623, 3352846.337599507533014 ] } },
{ "type": "Feature", "properties": { "village_id": 42518, "village_name": "Kalana", "households": 110, "tot_pop": 480, "pop_male": 235, "pop_female": 245, "pop_sc": 228, "pop_st": 0, "shrid2": "11-05-058-00291-042518", "shrug_state_id": 5, "shrug_district_id": 58, "shrug_subdist_id": 291.0, "direct_zone_overlap": false, "hazard_zone_flag": 0, "hazard_zone_label": "Outside Candidate Hazard-Based Red Zone", "nearest_hazard_distance_m": 3871.8, "dist_to_nearest_redzone_m": 3871.8, "proximity_band": "2 km to 5 km", "nearest_zone_id": "RZ-220", "matched_zone_id": null, "matched_zone_label": null, "matched_zone_mh_score": null, "matched_zone_priority": null, "matched_zone_area_m2": null, "data_source": "Census PCA 2011 joined to SHRUG spatial bridge", "join_method": "Exact code-based join: Census Town/Village = SHRUG pc11_village_id", "disclaimer": "Decision Support — Requires Official Verification & Geotechnical Assessment" }, "geometry": { "type": "Point", "coordinates": [ 315248.226564137963578, 3352855.603952205274254 ] } },
{ "type": "Feature", "properties": { "village_id": 42519, "village_name": "Saur Laga Kalna", "households": 12, "tot_pop": 44, "pop_male": 19, "pop_female": 25, "pop_sc": 0, "pop_st": 0, "shrid2": "11-05-058-00291-042519", "shrug_state_id": 5, "shrug_district_id": 58, "shrug_subdist_id": 291.0, "direct_zone_overlap": false, "hazard_zone_flag": 0, "hazard_zone_label": "Outside Candidate Hazard-Based Red Zone", "nearest_hazard_distance_m": 3278.4, "dist_to_nearest_redzone_m": 3278.4, "proximity_band": "2 km to 5 km", "nearest_zone_id": "RZ-220", "matched_zone_id": null, "matched_zone_label": null, "matched_zone_mh_score": null, "matched_zone_priority": null, "matched_zone_area_m2": null, "data_source": "Census PCA 2011 joined to SHRUG spatial bridge", "join_method": "Exact code-based join: Census Town/Village = SHRUG pc11_village_id", "disclaimer": "Decision Support — Requires Official Verification & Geotechnical Assessment" }, "geometry": { "type": "Point", "coordinates": [ 315869.959017618442886, 3352950.659717993345112 ] } },
{ "type": "Feature", "properties": { "village_id": 42520, "village_name": "Shiwnandi", "households": 15, "tot_pop": 79, "pop_male": 39, "pop_female": 40, "pop_sc": 0, "pop_st": 0, "shrid2": "11-05-058-00291-042520", "shrug_state_id": 5, "shrug_district_id": 58, "shrug_subdist_id": 291.0, "direct_zone_overlap": false, "hazard_zone_flag": 0, "hazard_zone_label": "Outside Candidate Hazard-Based Red Zone", "nearest_hazard_distance_m": 2571.0, "dist_to_nearest_redzone_m": 2571.0, "proximity_band": "2 km to 5 km", "nearest_zone_id": "RZ-220", "matched_zone_id": null, "matched_zone_label": null, "matched_zone_mh_score": null, "matched_zone_priority": null, "matched_zone_area_m2": null, "data_source": "Census PCA 2011 joined to SHRUG spatial bridge", "join_method": "Exact code-based join: Census Town/Village = SHRUG pc11_village_id", "disclaimer": "Decision Support — Requires Official Verification & Geotechnical Assessment" }, "geometry": { "type": "Point", "coordinates": [ 316528.530948033672757, 3352623.630665434524417 ] } },
{ "type": "Feature", "properties": { "village_id": 42521, "village_name": "Chiwai", "households": 16, "tot_pop": 65, "pop_male": 33, "pop_female": 32, "pop_sc": 0, "pop_st": 0, "shrid2": "11-05-058-00291-042521", "shrug_state_id": 5, "shrug_district_id": 58, "shrug_subdist_id": 291.0, "direct_zone_overlap": false, "hazard_zone_flag": 0, "hazard_zone_label": "Outside Candidate Hazard-Based Red Zone", "nearest_hazard_distance_m": 1576.9, "dist_to_nearest_redzone_m": 1576.9, "proximity_band": "1 km to 2 km", "nearest_zone_id": "RZ-220", "matched_zone_id": null, "matched_zone_label": null, "matched_zone_mh_score": null, "matched_zone_priority": null, "matched_zone_area_m2": null, "data_source": "Census PCA 2011 joined to SHRUG spatial bridge", "join_method": "Exact code-based join: Census Town/Village = SHRUG pc11_village_id", "disclaimer": "Decision Support — Requires Official Verification & Geotechnical Assessment" }, "geometry": { "type": "Point", "coordinates": [ 317509.59306652972009, 3352461.892908904701471 ] } },
{ "type": "Feature", "properties": { "village_id": 42522, "village_name": "Simtoli", "households": 58, "tot_pop": 271, "pop_male": 137, "pop_female": 134, "pop_sc": 194, "pop_st": 0, "shrid2": "11-05-058-00291-042522", "shrug_state_id": 5, "shrug_district_id": 58, "shrug_subdist_id": 291.0, "direct_zone_overlap": false, "hazard_zone_flag": 0, "hazard_zone_label": "Outside Candidate Hazard-Based Red Zone", "nearest_hazard_distance_m": 2876.2, "dist_to_nearest_redzone_m": 2876.2, "proximity_band": "2 km to 5 km", "nearest_zone_id": "RZ-220", "matched_zone_id": null, "matched_zone_label": null, "matched_zone_mh_score": null, "matched_zone_priority": null, "matched_zone_area_m2": null, "data_source": "Census PCA 2011 joined to SHRUG spatial bridge", "join_method": "Exact code-based join: Census Town/Village = SHRUG pc11_village_id", "disclaimer": "Decision Support — Requires Official Verification & Geotechnical Assessment" }, "geometry": { "type": "Point", "coordinates": [ 316314.027872033766471, 3351397.791767340619117 ] } },
{ "type": "Feature", "properties": { "village_id": 42523, "village_name": "Kanda", "households": 28, "tot_pop": 98, "pop_male": 40, "pop_female": 58, "pop_sc": 34, "pop_st": 0, "shrid2": "11-05-058-00291-042523", "shrug_state_id": 5, "shrug_district_id": 58, "shrug_subdist_id": 291.0, "direct_zone_overlap": false, "hazard_zone_flag": 0, "hazard_zone_label": "Outside Candidate Hazard-Based Red Zone", "nearest_hazard_distance_m": 3655.1, "dist_to_nearest_redzone_m": 3655.1, "proximity_band": "2 km to 5 km", "nearest_zone_id": "RZ-220", "matched_zone_id": null, "matched_zone_label": null, "matched_zone_mh_score": null, "matched_zone_priority": null, "matched_zone_area_m2": null, "data_source": "Census PCA 2011 joined to SHRUG spatial bridge", "join_method": "Exact code-based join: Census Town/Village = SHRUG pc11_village_id", "disclaimer": "Decision Support — Requires Official Verification & Geotechnical Assessment" }, "geometry": { "type": "Point", "coordinates": [ 315553.53290034935344, 3351223.691019678022712 ] } },
{ "type": "Feature", "properties": { "village_id": 42524, "village_name": "Bhunka Walla", "households": 39, "tot_pop": 184, "pop_male": 91, "pop_female": 93, "pop_sc": 0, "pop_st": 0, "shrid2": "11-05-058-00291-042524", "shrug_state_id": 5, "shrug_district_id": 58, "shrug_subdist_id": 291.0, "direct_zone_overlap": false, "hazard_zone_flag": 0, "hazard_zone_label": "Outside Candidate Hazard-Based Red Zone", "nearest_hazard_distance_m": 5314.9, "dist_to_nearest_redzone_m": 5314.9, "proximity_band": "5 km to 10 km", "nearest_zone_id": "RZ-220", "matched_zone_id": null, "matched_zone_label": null, "matched_zone_mh_score": null, "matched_zone_priority": null, "matched_zone_area_m2": null, "data_source": "Census PCA 2011 joined to SHRUG spatial bridge", "join_method": "Exact code-based join: Census Town/Village = SHRUG pc11_village_id", "disclaimer": "Decision Support — Requires Official Verification & Geotechnical Assessment" }, "geometry": { "type": "Point", "coordinates": [ 313963.476665178430267, 3350747.306997876614332 ] } },
{ "type": "Feature", "properties": { "village_id": 42525, "village_name": "Dhadhad Chak", "households": 17, "tot_pop": 83, "pop_male": 43, "pop_female": 40, "pop_sc": 0, "pop_st": 0, "shrid2": "11-05-058-00291-042525", "shrug_state_id": 5, "shrug_district_id": 58, "shrug_subdist_id": 291.0, "direct_zone_overlap": false, "hazard_zone_flag": 0, "hazard_zone_label": "Outside Candidate Hazard-Based Red Zone", "nearest_hazard_distance_m": 6700.1, "dist_to_nearest_redzone_m": 6700.1, "proximity_band": "5 km to 10 km", "nearest_zone_id": "RZ-220", "matched_zone_id": null, "matched_zone_label": null, "matched_zone_mh_score": null, "matched_zone_priority": null, "matched_zone_area_m2": null, "data_source": "Census PCA 2011 joined to SHRUG spatial bridge", "join_method": "Exact code-based join: Census Town/Village = SHRUG pc11_village_id", "disclaimer": "Decision Support — Requires Official Verification & Geotechnical Assessment" }, "geometry": { "type": "Point", "coordinates": [ 312609.125785937125329, 3350446.864444338716567 ] } },
{ "type": "Feature", "properties": { "village_id": 42526, "village_name": "Gwapher", "households": 79, "tot_pop": 348, "pop_male": 144, "pop_female": 204, "pop_sc": 0, "pop_st": 0, "shrid2": "11-05-058-00291-042526", "shrug_state_id": 5, "shrug_district_id": 58, "shrug_subdist_id": 291.0, "direct_zone_overlap": false, "hazard_zone_flag": 0, "hazard_zone_label": "Outside Candidate Hazard-Based Red Zone", "nearest_hazard_distance_m": 7697.3, "dist_to_nearest_redzone_m": 7697.3, "proximity_band": "5 km to 10 km", "nearest_zone_id": "RZ-250", "matched_zone_id": null, "matched_zone_label": null, "matched_zone_mh_score": null, "matched_zone_priority": null, "matched_zone_area_m2": null, "data_source": "Census PCA 2011 joined to SHRUG spatial bridge", "join_method": "Exact code-based join: Census Town/Village = SHRUG pc11_village_id", "disclaimer": "Decision Support — Requires Official Verification & Geotechnical Assessment" }, "geometry": { "type": "Point", "coordinates": [ 311109.866345083108172, 3350690.478621440008283 ] } },
{ "type": "Feature", "properties": { "village_id": 42527, "village_name": "Kyarki", "households": 37, "tot_pop": 165, "pop_male": 72, "pop_female": 93, "pop_sc": 0, "pop_st": 0, "shrid2": "11-05-058-00291-042527", "shrug_state_id": 5, "shrug_district_id": 58, "shrug_subdist_id": 291.0, "direct_zone_overlap": false, "hazard_zone_flag": 0, "hazard_zone_label": "Outside Candidate Hazard-Based Red Zone", "nearest_hazard_distance_m": 7460.7, "dist_to_nearest_redzone_m": 7460.7, "proximity_band": "5 km to 10 km", "nearest_zone_id": "RZ-250", "matched_zone_id": null, "matched_zone_label": null, "matched_zone_mh_score": null, "matched_zone_priority": null, "matched_zone_area_m2": null, "data_source": "Census PCA 2011 joined to SHRUG spatial bridge", "join_method": "Exact code-based join: Census Town/Village = SHRUG pc11_village_id", "disclaimer": "Decision Support — Requires Official Verification & Geotechnical Assessment" }, "geometry": { "type": "Point", "coordinates": [ 310802.344938219292089, 3351728.455566905904561 ] } },
{ "type": "Feature", "properties": { "village_id": 42529, "village_name": "Khari", "households": 32, "tot_pop": 108, "pop_male": 45, "pop_female": 63, "pop_sc": 0, "pop_st": 0, "shrid2": "11-05-058-00291-042529", "shrug_state_id": 5, "shrug_district_id": 58, "shrug_subdist_id": 291.0, "direct_zone_overlap": false, "hazard_zone_flag": 0, "hazard_zone_label": "Outside Candidate Hazard-Based Red Zone", "nearest_hazard_distance_m": 5875.0, "dist_to_nearest_redzone_m": 5875.0, "proximity_band": "5 km to 10 km", "nearest_zone_id": "RZ-250", "matched_zone_id": null, "matched_zone_label": null, "matched_zone_mh_score": null, "matched_zone_priority": null, "matched_zone_area_m2": null, "data_source": "Census PCA 2011 joined to SHRUG spatial bridge", "join_method": "Exact code-based join: Census Town/Village = SHRUG pc11_village_id", "disclaimer": "Decision Support — Requires Official Verification & Geotechnical Assessment" }, "geometry": { "type": "Point", "coordinates": [ 309274.123914630617946, 3351098.763290139380842 ] } },
{ "type": "Feature", "properties": { "village_id": 42530, "village_name": "Ghandiyalka", "households": 25, "tot_pop": 118, "pop_male": 58, "pop_female": 60, "pop_sc": 0, "pop_st": 0, "shrid2": "11-05-058-00291-042530", "shrug_state_id": 5, "shrug_district_id": 58, "shrug_subdist_id": 291.0, "direct_zone_overlap": false, "hazard_zone_flag": 0, "hazard_zone_label": "Outside Candidate Hazard-Based Red Zone", "nearest_hazard_distance_m": 6403.2, "dist_to_nearest_redzone_m": 6403.2, "proximity_band": "5 km to 10 km", "nearest_zone_id": "RZ-250", "matched_zone_id": null, "matched_zone_label": null, "matched_zone_mh_score": null, "matched_zone_priority": null, "matched_zone_area_m2": null, "data_source": "Census PCA 2011 joined to SHRUG spatial bridge", "join_method": "Exact code-based join: Census Town/Village = SHRUG pc11_village_id", "disclaimer": "Decision Support — Requires Official Verification & Geotechnical Assessment" }, "geometry": { "type": "Point", "coordinates": [ 309778.115253555180971, 3349804.872637752443552 ] } },
{ "type": "Feature", "properties": { "village_id": 42531, "village_name": "Beeron", "households": 65, "tot_pop": 277, "pop_male": 111, "pop_female": 166, "pop_sc": 0, "pop_st": 0, "shrid2": "11-05-058-00291-042531", "shrug_state_id": 5, "shrug_district_id": 58, "shrug_subdist_id": 291.0, "direct_zone_overlap": false, "hazard_zone_flag": 0, "hazard_zone_label": "Outside Candidate Hazard-Based Red Zone", "nearest_hazard_distance_m": 3317.0, "dist_to_nearest_redzone_m": 3317.0, "proximity_band": "2 km to 5 km", "nearest_zone_id": "RZ-250", "matched_zone_id": null, "matched_zone_label": null, "matched_zone_mh_score": null, "matched_zone_priority": null, "matched_zone_area_m2": null, "data_source": "Census PCA 2011 joined to SHRUG spatial bridge", "join_method": "Exact code-based join: Census Town/Village = SHRUG pc11_village_id", "disclaimer": "Decision Support — Requires Official Verification & Geotechnical Assessment" }, "geometry": { "type": "Point", "coordinates": [ 306696.06369258754421, 3350028.114783805795014 ] } },
{ "type": "Feature", "properties": { "village_id": 42532, "village_name": "Loli", "households": 52, "tot_pop": 241, "pop_male": 107, "pop_female": 134, "pop_sc": 59, "pop_st": 0, "shrid2": "11-05-058-00291-042532", "shrug_state_id": 5, "shrug_district_id": 58, "shrug_subdist_id": 291.0, "direct_zone_overlap": false, "hazard_zone_flag": 0, "hazard_zone_label": "Outside Candidate Hazard-Based Red Zone", "nearest_hazard_distance_m": 2282.8, "dist_to_nearest_redzone_m": 2282.8, "proximity_band": "2 km to 5 km", "nearest_zone_id": "RZ-250", "matched_zone_id": null, "matched_zone_label": null, "matched_zone_mh_score": null, "matched_zone_priority": null, "matched_zone_area_m2": null, "data_source": "Census PCA 2011 joined to SHRUG spatial bridge", "join_method": "Exact code-based join: Census Town/Village = SHRUG pc11_village_id", "disclaimer": "Decision Support — Requires Official Verification & Geotechnical Assessment" }, "geometry": { "type": "Point", "coordinates": [ 305604.62012801039964, 3349861.241693221032619 ] } },
{ "type": "Feature", "properties": { "village_id": 42533, "village_name": "Chwinth", "households": 71, "tot_pop": 291, "pop_male": 123, "pop_female": 168, "pop_sc": 51, "pop_st": 0, "shrid2": "11-05-058-00291-042533", "shrug_state_id": 5, "shrug_district_id": 58, "shrug_subdist_id": 291.0, "direct_zone_overlap": false, "hazard_zone_flag": 0, "hazard_zone_label": "Outside Candidate Hazard-Based Red Zone", "nearest_hazard_distance_m": 3167.6, "dist_to_nearest_redzone_m": 3167.6, "proximity_band": "2 km to 5 km", "nearest_zone_id": "RZ-250", "matched_zone_id": null, "matched_zone_label": null, "matched_zone_mh_score": null, "matched_zone_priority": null, "matched_zone_area_m2": null, "data_source": "Census PCA 2011 joined to SHRUG spatial bridge", "join_method": "Exact code-based join: Census Town/Village = SHRUG pc11_village_id", "disclaimer": "Decision Support — Requires Official Verification & Geotechnical Assessment" }, "geometry": { "type": "Point", "coordinates": [ 306132.723737392108887, 3348875.29235118906945 ] } },
{ "type": "Feature", "properties": { "village_id": 42534, "village_name": "Ranigarh", "households": 1, "tot_pop": 2, "pop_male": 1, "pop_female": 1, "pop_sc": 0, "pop_st": 0, "shrid2": "11-05-058-00291-042534", "shrug_state_id": 5, "shrug_district_id": 58, "shrug_subdist_id": 291.0, "direct_zone_overlap": false, "hazard_zone_flag": 0, "hazard_zone_label": "Outside Candidate Hazard-Based Red Zone", "nearest_hazard_distance_m": 4202.0, "dist_to_nearest_redzone_m": 4202.0, "proximity_band": "2 km to 5 km", "nearest_zone_id": "RZ-250", "matched_zone_id": null, "matched_zone_label": null, "matched_zone_mh_score": null, "matched_zone_priority": null, "matched_zone_area_m2": null, "data_source": "Census PCA 2011 joined to SHRUG spatial bridge", "join_method": "Exact code-based join: Census Town/Village = SHRUG pc11_village_id", "disclaimer": "Decision Support — Requires Official Verification & Geotechnical Assessment" }, "geometry": { "type": "Point", "coordinates": [ 306500.48946532595437, 3347648.539036762434989 ] } },
{ "type": "Feature", "properties": { "village_id": 42535, "village_name": "Gwar Laga Punar", "households": 32, "tot_pop": 142, "pop_male": 58, "pop_female": 84, "pop_sc": 0, "pop_st": 0, "shrid2": "11-05-058-00291-042535", "shrug_state_id": 5, "shrug_district_id": 58, "shrug_subdist_id": 291.0, "direct_zone_overlap": false, "hazard_zone_flag": 0, "hazard_zone_label": "Outside Candidate Hazard-Based Red Zone", "nearest_hazard_distance_m": 4650.4, "dist_to_nearest_redzone_m": 4650.4, "proximity_band": "2 km to 5 km", "nearest_zone_id": "RZ-250", "matched_zone_id": null, "matched_zone_label": null, "matched_zone_mh_score": null, "matched_zone_priority": null, "matched_zone_area_m2": null, "data_source": "Census PCA 2011 joined to SHRUG spatial bridge", "join_method": "Exact code-based join: Census Town/Village = SHRUG pc11_village_id", "disclaimer": "Decision Support — Requires Official Verification & Geotechnical Assessment" }, "geometry": { "type": "Point", "coordinates": [ 307649.290216626075562, 3348581.079035100992769 ] } },
{ "type": "Feature", "properties": { "village_id": 42536, "village_name": "Chin Gwar", "households": 64, "tot_pop": 294, "pop_male": 115, "pop_female": 179, "pop_sc": 0, "pop_st": 0, "shrid2": "11-05-058-00291-042536", "shrug_state_id": 5, "shrug_district_id": 58, "shrug_subdist_id": 291.0, "direct_zone_overlap": false, "hazard_zone_flag": 0, "hazard_zone_label": "Outside Candidate Hazard-Based Red Zone", "nearest_hazard_distance_m": 5442.5, "dist_to_nearest_redzone_m": 5442.5, "proximity_band": "5 km to 10 km", "nearest_zone_id": "RZ-250", "matched_zone_id": null, "matched_zone_label": null, "matched_zone_mh_score": null, "matched_zone_priority": null, "matched_zone_area_m2": null, "data_source": "Census PCA 2011 joined to SHRUG spatial bridge", "join_method": "Exact code-based join: Census Town/Village = SHRUG pc11_village_id", "disclaimer": "Decision Support — Requires Official Verification & Geotechnical Assessment" }, "geometry": { "type": "Point", "coordinates": [ 308609.270547938649543, 3348881.319205853622407 ] } },
{ "type": "Feature", "properties": { "village_id": 42537, "village_name": "Peera", "households": 142, "tot_pop": 625, "pop_male": 249, "pop_female": 376, "pop_sc": 16, "pop_st": 0, "shrid2": "11-05-058-00291-042537", "shrug_state_id": 5, "shrug_district_id": 58, "shrug_subdist_id": 291.0, "direct_zone_overlap": false, "hazard_zone_flag": 0, "hazard_zone_label": "Outside Candidate Hazard-Based Red Zone", "nearest_hazard_distance_m": 5941.8, "dist_to_nearest_redzone_m": 5941.8, "proximity_band": "5 km to 10 km", "nearest_zone_id": "RZ-250", "matched_zone_id": null, "matched_zone_label": null, "matched_zone_mh_score": null, "matched_zone_priority": null, "matched_zone_area_m2": null, "data_source": "Census PCA 2011 joined to SHRUG spatial bridge", "join_method": "Exact code-based join: Census Town/Village = SHRUG pc11_village_id", "disclaimer": "Decision Support — Requires Official Verification & Geotechnical Assessment" }, "geometry": { "type": "Point", "coordinates": [ 308272.832344550464768, 3347080.375535490456969 ] } },
{ "type": "Feature", "properties": { "village_id": 42538, "village_name": "Paboun", "households": 100, "tot_pop": 486, "pop_male": 224, "pop_female": 262, "pop_sc": 132, "pop_st": 0, "shrid2": "11-05-058-00291-042538", "shrug_state_id": 5, "shrug_district_id": 58, "shrug_subdist_id": 291.0, "direct_zone_overlap": false, "hazard_zone_flag": 0, "hazard_zone_label": "Outside Candidate Hazard-Based Red Zone", "nearest_hazard_distance_m": 6758.8, "dist_to_nearest_redzone_m": 6758.8, "proximity_band": "5 km to 10 km", "nearest_zone_id": "RZ-250", "matched_zone_id": null, "matched_zone_label": null, "matched_zone_mh_score": null, "matched_zone_priority": null, "matched_zone_area_m2": null, "data_source": "Census PCA 2011 joined to SHRUG spatial bridge", "join_method": "Exact code-based join: Census Town/Village = SHRUG pc11_village_id", "disclaimer": "Decision Support — Requires Official Verification & Geotechnical Assessment" }, "geometry": { "type": "Point", "coordinates": [ 309845.484931078273803, 3348424.951363445725292 ] } },
{ "type": "Feature", "properties": { "village_id": 42539, "village_name": "Khair Pani", "households": 7, "tot_pop": 35, "pop_male": 16, "pop_female": 19, "pop_sc": 0, "pop_st": 0, "shrid2": "11-05-058-00291-042539", "shrug_state_id": 5, "shrug_district_id": 58, "shrug_subdist_id": 291.0, "direct_zone_overlap": false, "hazard_zone_flag": 0, "hazard_zone_label": "Outside Candidate Hazard-Based Red Zone", "nearest_hazard_distance_m": 6841.1, "dist_to_nearest_redzone_m": 6841.1, "proximity_band": "5 km to 10 km", "nearest_zone_id": "RZ-250", "matched_zone_id": null, "matched_zone_label": null, "matched_zone_mh_score": null, "matched_zone_priority": null, "matched_zone_area_m2": null, "data_source": "Census PCA 2011 joined to SHRUG spatial bridge", "join_method": "Exact code-based join: Census Town/Village = SHRUG pc11_village_id", "disclaimer": "Decision Support — Requires Official Verification & Geotechnical Assessment" }, "geometry": { "type": "Point", "coordinates": [ 309448.474432673479896, 3347278.32718874886632 ] } },
{ "type": "Feature", "properties": { "village_id": 42540, "village_name": "Bhunka Palla", "households": 31, "tot_pop": 102, "pop_male": 46, "pop_female": 56, "pop_sc": 1, "pop_st": 0, "shrid2": "11-05-058-00291-042540", "shrug_state_id": 5, "shrug_district_id": 58, "shrug_subdist_id": 291.0, "direct_zone_overlap": false, "hazard_zone_flag": 0, "hazard_zone_label": "Outside Candidate Hazard-Based Red Zone", "nearest_hazard_distance_m": 5733.0, "dist_to_nearest_redzone_m": 5733.0, "proximity_band": "5 km to 10 km", "nearest_zone_id": "RZ-220", "matched_zone_id": null, "matched_zone_label": null, "matched_zone_mh_score": null, "matched_zone_priority": null, "matched_zone_area_m2": null, "data_source": "Census PCA 2011 joined to SHRUG spatial bridge", "join_method": "Exact code-based join: Census Town/Village = SHRUG pc11_village_id", "disclaimer": "Decision Support — Requires Official Verification & Geotechnical Assessment" }, "geometry": { "type": "Point", "coordinates": [ 313768.071293557877652, 3350038.146776330657303 ] } },
{ "type": "Feature", "properties": { "village_id": 42541, "village_name": "Agar Jawari", "households": 124, "tot_pop": 521, "pop_male": 241, "pop_female": 280, "pop_sc": 132, "pop_st": 0, "shrid2": "11-05-058-00291-042541", "shrug_state_id": 5, "shrug_district_id": 58, "shrug_subdist_id": 291.0, "direct_zone_overlap": false, "hazard_zone_flag": 0, "hazard_zone_label": "Outside Candidate Hazard-Based Red Zone", "nearest_hazard_distance_m": 5700.8, "dist_to_nearest_redzone_m": 5700.8, "proximity_band": "5 km to 10 km", "nearest_zone_id": "RZ-220", "matched_zone_id": null, "matched_zone_label": null, "matched_zone_mh_score": null, "matched_zone_priority": null, "matched_zone_area_m2": null, "data_source": "Census PCA 2011 joined to SHRUG spatial bridge", "join_method": "Exact code-based join: Census Town/Village = SHRUG pc11_village_id", "disclaimer": "Decision Support — Requires Official Verification & Geotechnical Assessment" }, "geometry": { "type": "Point", "coordinates": [ 319214.908157535712235, 3358091.033705037087202 ] } },
{ "type": "Feature", "properties": { "village_id": 42542, "village_name": "Talgad", "households": 34, "tot_pop": 151, "pop_male": 55, "pop_female": 96, "pop_sc": 0, "pop_st": 0, "shrid2": "11-05-058-00291-042542", "shrug_state_id": 5, "shrug_district_id": 58, "shrug_subdist_id": 291.0, "direct_zone_overlap": false, "hazard_zone_flag": 0, "hazard_zone_label": "Outside Candidate Hazard-Based Red Zone", "nearest_hazard_distance_m": 6849.9, "dist_to_nearest_redzone_m": 6849.9, "proximity_band": "5 km to 10 km", "nearest_zone_id": "RZ-220", "matched_zone_id": null, "matched_zone_label": null, "matched_zone_mh_score": null, "matched_zone_priority": null, "matched_zone_area_m2": null, "data_source": "Census PCA 2011 joined to SHRUG spatial bridge", "join_method": "Exact code-based join: Census Town/Village = SHRUG pc11_village_id", "disclaimer": "Decision Support — Requires Official Verification & Geotechnical Assessment" }, "geometry": { "type": "Point", "coordinates": [ 320800.57755391090177, 3359068.191329962108284 ] } },
{ "type": "Feature", "properties": { "village_id": 42543, "village_name": "Kyudi Malansh", "households": 92, "tot_pop": 487, "pop_male": 236, "pop_female": 251, "pop_sc": 42, "pop_st": 0, "shrid2": "11-05-058-00291-042543", "shrug_state_id": 5, "shrug_district_id": 58, "shrug_subdist_id": 291.0, "direct_zone_overlap": false, "hazard_zone_flag": 0, "hazard_zone_label": "Outside Candidate Hazard-Based Red Zone", "nearest_hazard_distance_m": 5926.1, "dist_to_nearest_redzone_m": 5926.1, "proximity_band": "5 km to 10 km", "nearest_zone_id": "RZ-220", "matched_zone_id": null, "matched_zone_label": null, "matched_zone_mh_score": null, "matched_zone_priority": null, "matched_zone_area_m2": null, "data_source": "Census PCA 2011 joined to SHRUG spatial bridge", "join_method": "Exact code-based join: Census Town/Village = SHRUG pc11_village_id", "disclaimer": "Decision Support — Requires Official Verification & Geotechnical Assessment" }, "geometry": { "type": "Point", "coordinates": [ 320490.619201950961724, 3358190.423975655809045 ] } },
{ "type": "Feature", "properties": { "village_id": 42544, "village_name": "Dhung", "households": 45, "tot_pop": 142, "pop_male": 60, "pop_female": 82, "pop_sc": 0, "pop_st": 0, "shrid2": "11-05-058-00291-042544", "shrug_state_id": 5, "shrug_district_id": 58, "shrug_subdist_id": 291.0, "direct_zone_overlap": false, "hazard_zone_flag": 0, "hazard_zone_label": "Outside Candidate Hazard-Based Red Zone", "nearest_hazard_distance_m": 6014.9, "dist_to_nearest_redzone_m": 6014.9, "proximity_band": "5 km to 10 km", "nearest_zone_id": "RZ-220", "matched_zone_id": null, "matched_zone_label": null, "matched_zone_mh_score": null, "matched_zone_priority": null, "matched_zone_area_m2": null, "data_source": "Census PCA 2011 joined to SHRUG spatial bridge", "join_method": "Exact code-based join: Census Town/Village = SHRUG pc11_village_id", "disclaimer": "Decision Support — Requires Official Verification & Geotechnical Assessment" }, "geometry": { "type": "Point", "coordinates": [ 322021.693184547009878, 3357741.564902530051768 ] } },
{ "type": "Feature", "properties": { "village_id": 42545, "village_name": "Jarmwar", "households": 52, "tot_pop": 210, "pop_male": 100, "pop_female": 110, "pop_sc": 0, "pop_st": 0, "shrid2": "11-05-058-00291-042545", "shrug_state_id": 5, "shrug_district_id": 58, "shrug_subdist_id": 291.0, "direct_zone_overlap": false, "hazard_zone_flag": 0, "hazard_zone_label": "Outside Candidate Hazard-Based Red Zone", "nearest_hazard_distance_m": 5312.5, "dist_to_nearest_redzone_m": 5312.5, "proximity_band": "5 km to 10 km", "nearest_zone_id": "RZ-220", "matched_zone_id": null, "matched_zone_label": null, "matched_zone_mh_score": null, "matched_zone_priority": null, "matched_zone_area_m2": null, "data_source": "Census PCA 2011 joined to SHRUG spatial bridge", "join_method": "Exact code-based join: Census Town/Village = SHRUG pc11_village_id", "disclaimer": "Decision Support — Requires Official Verification & Geotechnical Assessment" }, "geometry": { "type": "Point", "coordinates": [ 320902.130201295949519, 3357447.516941890120506 ] } },
{ "type": "Feature", "properties": { "village_id": 42546, "village_name": "Kokhandi", "households": 77, "tot_pop": 316, "pop_male": 128, "pop_female": 188, "pop_sc": 37, "pop_st": 0, "shrid2": "11-05-058-00291-042546", "shrug_state_id": 5, "shrug_district_id": 58, "shrug_subdist_id": 291.0, "direct_zone_overlap": false, "hazard_zone_flag": 0, "hazard_zone_label": "Outside Candidate Hazard-Based Red Zone", "nearest_hazard_distance_m": 5000.6, "dist_to_nearest_redzone_m": 5000.6, "proximity_band": "5 km to 10 km", "nearest_zone_id": "RZ-220", "matched_zone_id": null, "matched_zone_label": null, "matched_zone_mh_score": null, "matched_zone_priority": null, "matched_zone_area_m2": null, "data_source": "Census PCA 2011 joined to SHRUG spatial bridge", "join_method": "Exact code-based join: Census Town/Village = SHRUG pc11_village_id", "disclaimer": "Decision Support — Requires Official Verification & Geotechnical Assessment" }, "geometry": { "type": "Point", "coordinates": [ 319787.08223930792883, 3357364.633317103143781 ] } },
{ "type": "Feature", "properties": { "village_id": 42547, "village_name": "Kandai Bainji", "households": 152, "tot_pop": 722, "pop_male": 365, "pop_female": 357, "pop_sc": 146, "pop_st": 0, "shrid2": "11-05-058-00291-042547", "shrug_state_id": 5, "shrug_district_id": 58, "shrug_subdist_id": 291.0, "direct_zone_overlap": false, "hazard_zone_flag": 0, "hazard_zone_label": "Outside Candidate Hazard-Based Red Zone", "nearest_hazard_distance_m": 4185.9, "dist_to_nearest_redzone_m": 4185.9, "proximity_band": "2 km to 5 km", "nearest_zone_id": "RZ-220", "matched_zone_id": null, "matched_zone_label": null, "matched_zone_mh_score": null, "matched_zone_priority": null, "matched_zone_area_m2": null, "data_source": "Census PCA 2011 joined to SHRUG spatial bridge", "join_method": "Exact code-based join: Census Town/Village = SHRUG pc11_village_id", "disclaimer": "Decision Support — Requires Official Verification & Geotechnical Assessment" }, "geometry": { "type": "Point", "coordinates": [ 319725.566157328896224, 3356551.909930314403027 ] } },
{ "type": "Feature", "properties": { "village_id": 42548, "village_name": "Mahar Talla", "households": 22, "tot_pop": 99, "pop_male": 48, "pop_female": 51, "pop_sc": 0, "pop_st": 0, "shrid2": "11-05-058-00291-042548", "shrug_state_id": 5, "shrug_district_id": 58, "shrug_subdist_id": 291.0, "direct_zone_overlap": false, "hazard_zone_flag": 0, "hazard_zone_label": "Outside Candidate Hazard-Based Red Zone", "nearest_hazard_distance_m": 4679.6, "dist_to_nearest_redzone_m": 4679.6, "proximity_band": "2 km to 5 km", "nearest_zone_id": "RZ-220", "matched_zone_id": null, "matched_zone_label": null, "matched_zone_mh_score": null, "matched_zone_priority": null, "matched_zone_area_m2": null, "data_source": "Census PCA 2011 joined to SHRUG spatial bridge", "join_method": "Exact code-based join: Census Town/Village = SHRUG pc11_village_id", "disclaimer": "Decision Support — Requires Official Verification & Geotechnical Assessment" }, "geometry": { "type": "Point", "coordinates": [ 321189.483831938006915, 3356660.422792714089155 ] } },
{ "type": "Feature", "properties": { "village_id": 42549, "village_name": "Thapal Gaon", "households": 129, "tot_pop": 613, "pop_male": 300, "pop_female": 313, "pop_sc": 83, "pop_st": 0, "shrid2": "11-05-058-00291-042549", "shrug_state_id": 5, "shrug_district_id": 58, "shrug_subdist_id": 291.0, "direct_zone_overlap": false, "hazard_zone_flag": 0, "hazard_zone_label": "Outside Candidate Hazard-Based Red Zone", "nearest_hazard_distance_m": 5685.7, "dist_to_nearest_redzone_m": 5685.7, "proximity_band": "5 km to 10 km", "nearest_zone_id": "RZ-220", "matched_zone_id": null, "matched_zone_label": null, "matched_zone_mh_score": null, "matched_zone_priority": null, "matched_zone_area_m2": null, "data_source": "Census PCA 2011 joined to SHRUG spatial bridge", "join_method": "Exact code-based join: Census Town/Village = SHRUG pc11_village_id", "disclaimer": "Decision Support — Requires Official Verification & Geotechnical Assessment" }, "geometry": { "type": "Point", "coordinates": [ 322543.457539796188939, 3357042.788136214017868 ] } },
{ "type": "Feature", "properties": { "village_id": 42550, "village_name": "Bora Malla", "households": 32, "tot_pop": 127, "pop_male": 59, "pop_female": 68, "pop_sc": 0, "pop_st": 0, "shrid2": "11-05-058-00291-042550", "shrug_state_id": 5, "shrug_district_id": 58, "shrug_subdist_id": 291.0, "direct_zone_overlap": false, "hazard_zone_flag": 0, "hazard_zone_label": "Outside Candidate Hazard-Based Red Zone", "nearest_hazard_distance_m": 5661.2, "dist_to_nearest_redzone_m": 5661.2, "proximity_band": "5 km to 10 km", "nearest_zone_id": "RZ-220", "matched_zone_id": null, "matched_zone_label": null, "matched_zone_mh_score": null, "matched_zone_priority": null, "matched_zone_area_m2": null, "data_source": "Census PCA 2011 joined to SHRUG spatial bridge", "join_method": "Exact code-based join: Census Town/Village = SHRUG pc11_village_id", "disclaimer": "Decision Support — Requires Official Verification & Geotechnical Assessment" }, "geometry": { "type": "Point", "coordinates": [ 323068.326647214242257, 3356592.894138870295137 ] } },
{ "type": "Feature", "properties": { "village_id": 42551, "village_name": "Mahar Malla", "households": 59, "tot_pop": 298, "pop_male": 153, "pop_female": 145, "pop_sc": 106, "pop_st": 0, "shrid2": "11-05-058-00291-042551", "shrug_state_id": 5, "shrug_district_id": 58, "shrug_subdist_id": 291.0, "direct_zone_overlap": false, "hazard_zone_flag": 0, "hazard_zone_label": "Outside Candidate Hazard-Based Red Zone", "nearest_hazard_distance_m": 4398.7, "dist_to_nearest_redzone_m": 4398.7, "proximity_band": "2 km to 5 km", "nearest_zone_id": "RZ-220", "matched_zone_id": null, "matched_zone_label": null, "matched_zone_mh_score": null, "matched_zone_priority": null, "matched_zone_area_m2": null, "data_source": "Census PCA 2011 joined to SHRUG spatial bridge", "join_method": "Exact code-based join: Census Town/Village = SHRUG pc11_village_id", "disclaimer": "Decision Support — Requires Official Verification & Geotechnical Assessment" }, "geometry": { "type": "Point", "coordinates": [ 321796.517225008807145, 3355994.69246520800516 ] } },
{ "type": "Feature", "properties": { "village_id": 42552, "village_name": "Jangi Kandai", "households": 96, "tot_pop": 418, "pop_male": 209, "pop_female": 209, "pop_sc": 0, "pop_st": 0, "shrid2": "11-05-058-00291-042552", "shrug_state_id": 5, "shrug_district_id": 58, "shrug_subdist_id": 291.0, "direct_zone_overlap": false, "hazard_zone_flag": 0, "hazard_zone_label": "Outside Candidate Hazard-Based Red Zone", "nearest_hazard_distance_m": 3404.5, "dist_to_nearest_redzone_m": 3404.5, "proximity_band": "2 km to 5 km", "nearest_zone_id": "RZ-220", "matched_zone_id": null, "matched_zone_label": null, "matched_zone_mh_score": null, "matched_zone_priority": null, "matched_zone_area_m2": null, "data_source": "Census PCA 2011 joined to SHRUG spatial bridge", "join_method": "Exact code-based join: Census Town/Village = SHRUG pc11_village_id", "disclaimer": "Decision Support — Requires Official Verification & Geotechnical Assessment" }, "geometry": { "type": "Point", "coordinates": [ 320160.925840083276853, 3355677.559570658020675 ] } },
{ "type": "Feature", "properties": { "village_id": 42553, "village_name": "Baman Thapal", "households": 56, "tot_pop": 245, "pop_male": 93, "pop_female": 152, "pop_sc": 0, "pop_st": 0, "shrid2": "11-05-058-00291-042553", "shrug_state_id": 5, "shrug_district_id": 58, "shrug_subdist_id": 291.0, "direct_zone_overlap": false, "hazard_zone_flag": 0, "hazard_zone_label": "Outside Candidate Hazard-Based Red Zone", "nearest_hazard_distance_m": 2815.9, "dist_to_nearest_redzone_m": 2815.9, "proximity_band": "2 km to 5 km", "nearest_zone_id": "RZ-220", "matched_zone_id": null, "matched_zone_label": null, "matched_zone_mh_score": null, "matched_zone_priority": null, "matched_zone_area_m2": null, "data_source": "Census PCA 2011 joined to SHRUG spatial bridge", "join_method": "Exact code-based join: Census Town/Village = SHRUG pc11_village_id", "disclaimer": "Decision Support — Requires Official Verification & Geotechnical Assessment" }, "geometry": { "type": "Point", "coordinates": [ 320354.196123664733022, 3354991.271703856997192 ] } },
{ "type": "Feature", "properties": { "village_id": 42554, "village_name": "Isala", "households": 71, "tot_pop": 360, "pop_male": 166, "pop_female": 194, "pop_sc": 0, "pop_st": 0, "shrid2": "11-05-058-00291-042554", "shrug_state_id": 5, "shrug_district_id": 58, "shrug_subdist_id": 291.0, "direct_zone_overlap": false, "hazard_zone_flag": 0, "hazard_zone_label": "Outside Candidate Hazard-Based Red Zone", "nearest_hazard_distance_m": 3848.4, "dist_to_nearest_redzone_m": 3848.4, "proximity_band": "2 km to 5 km", "nearest_zone_id": "RZ-220", "matched_zone_id": null, "matched_zone_label": null, "matched_zone_mh_score": null, "matched_zone_priority": null, "matched_zone_area_m2": null, "data_source": "Census PCA 2011 joined to SHRUG spatial bridge", "join_method": "Exact code-based join: Census Town/Village = SHRUG pc11_village_id", "disclaimer": "Decision Support — Requires Official Verification & Geotechnical Assessment" }, "geometry": { "type": "Point", "coordinates": [ 321845.278734545572661, 3355254.666934893000871 ] } },
{ "type": "Feature", "properties": { "village_id": 42555, "village_name": "Bora Talla", "households": 29, "tot_pop": 97, "pop_male": 42, "pop_female": 55, "pop_sc": 0, "pop_st": 0, "shrid2": "11-05-058-00291-042555", "shrug_state_id": 5, "shrug_district_id": 58, "shrug_subdist_id": 291.0, "direct_zone_overlap": false, "hazard_zone_flag": 0, "hazard_zone_label": "Outside Candidate Hazard-Based Red Zone", "nearest_hazard_distance_m": 5415.9, "dist_to_nearest_redzone_m": 5415.9, "proximity_band": "5 km to 10 km", "nearest_zone_id": "RZ-220", "matched_zone_id": null, "matched_zone_label": null, "matched_zone_mh_score": null, "matched_zone_priority": null, "matched_zone_area_m2": null, "data_source": "Census PCA 2011 joined to SHRUG spatial bridge", "join_method": "Exact code-based join: Census Town/Village = SHRUG pc11_village_id", "disclaimer": "Decision Support — Requires Official Verification & Geotechnical Assessment" }, "geometry": { "type": "Point", "coordinates": [ 323280.194977013219614, 3356036.073080168105662 ] } },
{ "type": "Feature", "properties": { "village_id": 42556, "village_name": "Bijarakot", "households": 121, "tot_pop": 526, "pop_male": 209, "pop_female": 317, "pop_sc": 43, "pop_st": 0, "shrid2": "11-05-058-00291-042556", "shrug_state_id": 5, "shrug_district_id": 58, "shrug_subdist_id": 291.0, "direct_zone_overlap": false, "hazard_zone_flag": 0, "hazard_zone_label": "Outside Candidate Hazard-Based Red Zone", "nearest_hazard_distance_m": 5064.1, "dist_to_nearest_redzone_m": 5064.1, "proximity_band": "5 km to 10 km", "nearest_zone_id": "RZ-220", "matched_zone_id": null, "matched_zone_label": null, "matched_zone_mh_score": null, "matched_zone_priority": null, "matched_zone_area_m2": null, "data_source": "Census PCA 2011 joined to SHRUG spatial bridge", "join_method": "Exact code-based join: Census Town/Village = SHRUG pc11_village_id", "disclaimer": "Decision Support — Requires Official Verification & Geotechnical Assessment" }, "geometry": { "type": "Point", "coordinates": [ 323318.921017529675737, 3355438.770088491495699 ] } },
{ "type": "Feature", "properties": { "village_id": 42557, "village_name": "Gair Laga Bijarakot", "households": 27, "tot_pop": 114, "pop_male": 49, "pop_female": 65, "pop_sc": 0, "pop_st": 0, "shrid2": "11-05-058-00291-042557", "shrug_state_id": 5, "shrug_district_id": 58, "shrug_subdist_id": 291.0, "direct_zone_overlap": false, "hazard_zone_flag": 0, "hazard_zone_label": "Outside Candidate Hazard-Based Red Zone", "nearest_hazard_distance_m": 5651.1, "dist_to_nearest_redzone_m": 5651.1, "proximity_band": "5 km to 10 km", "nearest_zone_id": "RZ-220", "matched_zone_id": null, "matched_zone_label": null, "matched_zone_mh_score": null, "matched_zone_priority": null, "matched_zone_area_m2": null, "data_source": "Census PCA 2011 joined to SHRUG spatial bridge", "join_method": "Exact code-based join: Census Town/Village = SHRUG pc11_village_id", "disclaimer": "Decision Support — Requires Official Verification & Geotechnical Assessment" }, "geometry": { "type": "Point", "coordinates": [ 324191.49753728118958, 3355176.927235043607652 ] } },
{ "type": "Feature", "properties": { "village_id": 42559, "village_name": "Nagdanda", "households": 29, "tot_pop": 152, "pop_male": 60, "pop_female": 92, "pop_sc": 32, "pop_st": 0, "shrid2": "11-05-058-00291-042559", "shrug_state_id": 5, "shrug_district_id": 58, "shrug_subdist_id": 291.0, "direct_zone_overlap": false, "hazard_zone_flag": 0, "hazard_zone_label": "Outside Candidate Hazard-Based Red Zone", "nearest_hazard_distance_m": 3868.5, "dist_to_nearest_redzone_m": 3868.5, "proximity_band": "2 km to 5 km", "nearest_zone_id": "RZ-220", "matched_zone_id": null, "matched_zone_label": null, "matched_zone_mh_score": null, "matched_zone_priority": null, "matched_zone_area_m2": null, "data_source": "Census PCA 2011 joined to SHRUG spatial bridge", "join_method": "Exact code-based join: Census Town/Village = SHRUG pc11_village_id", "disclaimer": "Decision Support — Requires Official Verification & Geotechnical Assessment" }, "geometry": { "type": "Point", "coordinates": [ 323004.642995444184635, 3353418.350226394832134 ] } },
{ "type": "Feature", "properties": { "village_id": 42560, "village_name": "Sari", "households": 118, "tot_pop": 592, "pop_male": 265, "pop_female": 327, "pop_sc": 29, "pop_st": 0, "shrid2": "11-05-058-00291-042560", "shrug_state_id": 5, "shrug_district_id": 58, "shrug_subdist_id": 291.0, "direct_zone_overlap": false, "hazard_zone_flag": 0, "hazard_zone_label": "Outside Candidate Hazard-Based Red Zone", "nearest_hazard_distance_m": 4263.0, "dist_to_nearest_redzone_m": 4263.0, "proximity_band": "2 km to 5 km", "nearest_zone_id": "RZ-220", "matched_zone_id": null, "matched_zone_label": null, "matched_zone_mh_score": null, "matched_zone_priority": null, "matched_zone_area_m2": null, "data_source": "Census PCA 2011 joined to SHRUG spatial bridge", "join_method": "Exact code-based join: Census Town/Village = SHRUG pc11_village_id", "disclaimer": "Decision Support — Requires Official Verification & Geotechnical Assessment" }, "geometry": { "type": "Point", "coordinates": [ 323498.028067546547391, 3352974.650562530849129 ] } },
{ "type": "Feature", "properties": { "village_id": 42561, "village_name": "Chamsil", "households": 27, "tot_pop": 95, "pop_male": 35, "pop_female": 60, "pop_sc": 0, "pop_st": 0, "shrid2": "11-05-058-00291-042561", "shrug_state_id": 5, "shrug_district_id": 58, "shrug_subdist_id": 291.0, "direct_zone_overlap": false, "hazard_zone_flag": 0, "hazard_zone_label": "Outside Candidate Hazard-Based Red Zone", "nearest_hazard_distance_m": 5083.3, "dist_to_nearest_redzone_m": 5083.3, "proximity_band": "5 km to 10 km", "nearest_zone_id": "RZ-220", "matched_zone_id": null, "matched_zone_label": null, "matched_zone_mh_score": null, "matched_zone_priority": null, "matched_zone_area_m2": null, "data_source": "Census PCA 2011 joined to SHRUG spatial bridge", "join_method": "Exact code-based join: Census Town/Village = SHRUG pc11_village_id", "disclaimer": "Decision Support — Requires Official Verification & Geotechnical Assessment" }, "geometry": { "type": "Point", "coordinates": [ 324358.107516825722996, 3352455.504718355834484 ] } },
{ "type": "Feature", "properties": { "village_id": 42562, "village_name": "Jhalimath", "households": 21, "tot_pop": 103, "pop_male": 51, "pop_female": 52, "pop_sc": 66, "pop_st": 0, "shrid2": "11-05-058-00291-042562", "shrug_state_id": 5, "shrug_district_id": 58, "shrug_subdist_id": 291.0, "direct_zone_overlap": false, "hazard_zone_flag": 0, "hazard_zone_label": "Outside Candidate Hazard-Based Red Zone", "nearest_hazard_distance_m": 6201.8, "dist_to_nearest_redzone_m": 6201.8, "proximity_band": "5 km to 10 km", "nearest_zone_id": "RZ-220", "matched_zone_id": null, "matched_zone_label": null, "matched_zone_mh_score": null, "matched_zone_priority": null, "matched_zone_area_m2": null, "data_source": "Census PCA 2011 joined to SHRUG spatial bridge", "join_method": "Exact code-based join: Census Town/Village = SHRUG pc11_village_id", "disclaimer": "Decision Support — Requires Official Verification & Geotechnical Assessment" }, "geometry": { "type": "Point", "coordinates": [ 325475.345214413944632, 3352534.451950757298619 ] } },
{ "type": "Feature", "properties": { "village_id": 42563, "village_name": "Sindarwani Malli", "households": 22, "tot_pop": 145, "pop_male": 67, "pop_female": 78, "pop_sc": 0, "pop_st": 0, "shrid2": "11-05-058-00291-042563", "shrug_state_id": 5, "shrug_district_id": 58, "shrug_subdist_id": 291.0, "direct_zone_overlap": false, "hazard_zone_flag": 0, "hazard_zone_label": "Outside Candidate Hazard-Based Red Zone", "nearest_hazard_distance_m": 4219.8, "dist_to_nearest_redzone_m": 4219.8, "proximity_band": "2 km to 5 km", "nearest_zone_id": "RZ-220", "matched_zone_id": null, "matched_zone_label": null, "matched_zone_mh_score": null, "matched_zone_priority": null, "matched_zone_area_m2": null, "data_source": "Census PCA 2011 joined to SHRUG spatial bridge", "join_method": "Exact code-based join: Census Town/Village = SHRUG pc11_village_id", "disclaimer": "Decision Support — Requires Official Verification & Geotechnical Assessment" }, "geometry": { "type": "Point", "coordinates": [ 323451.181635250162799, 3351754.118305556476116 ] } },
{ "type": "Feature", "properties": { "village_id": 42564, "village_name": "Narsu Lagasari", "households": 5, "tot_pop": 21, "pop_male": 10, "pop_female": 11, "pop_sc": 0, "pop_st": 0, "shrid2": "11-05-058-00291-042564", "shrug_state_id": 5, "shrug_district_id": 58, "shrug_subdist_id": 291.0, "direct_zone_overlap": false, "hazard_zone_flag": 0, "hazard_zone_label": "Outside Candidate Hazard-Based Red Zone", "nearest_hazard_distance_m": 3997.0, "dist_to_nearest_redzone_m": 3997.0, "proximity_band": "2 km to 5 km", "nearest_zone_id": "RZ-220", "matched_zone_id": null, "matched_zone_label": null, "matched_zone_mh_score": null, "matched_zone_priority": null, "matched_zone_area_m2": null, "data_source": "Census PCA 2011 joined to SHRUG spatial bridge", "join_method": "Exact code-based join: Census Town/Village = SHRUG pc11_village_id", "disclaimer": "Decision Support — Requires Official Verification & Geotechnical Assessment" }, "geometry": { "type": "Point", "coordinates": [ 323272.200401681591757, 3352379.610310408752412 ] } },
{ "type": "Feature", "properties": { "village_id": 42565, "village_name": "Nag Lagasari", "households": 20, "tot_pop": 96, "pop_male": 51, "pop_female": 45, "pop_sc": 0, "pop_st": 0, "shrid2": "11-05-058-00291-042565", "shrug_state_id": 5, "shrug_district_id": 58, "shrug_subdist_id": 291.0, "direct_zone_overlap": false, "hazard_zone_flag": 0, "hazard_zone_label": "Outside Candidate Hazard-Based Red Zone", "nearest_hazard_distance_m": 3101.6, "dist_to_nearest_redzone_m": 3101.6, "proximity_band": "2 km to 5 km", "nearest_zone_id": "RZ-220", "matched_zone_id": null, "matched_zone_label": null, "matched_zone_mh_score": null, "matched_zone_priority": null, "matched_zone_area_m2": null, "data_source": "Census PCA 2011 joined to SHRUG spatial bridge", "join_method": "Exact code-based join: Census Town/Village = SHRUG pc11_village_id", "disclaimer": "Decision Support — Requires Official Verification & Geotechnical Assessment" }, "geometry": { "type": "Point", "coordinates": [ 322366.622277551214211, 3352109.879110157024115 ] } },
{ "type": "Feature", "properties": { "village_id": 42566, "village_name": "Sindarwani Talli", "households": 42, "tot_pop": 199, "pop_male": 98, "pop_female": 101, "pop_sc": 0, "pop_st": 0, "shrid2": "11-05-058-00291-042566", "shrug_state_id": 5, "shrug_district_id": 58, "shrug_subdist_id": 291.0, "direct_zone_overlap": false, "hazard_zone_flag": 0, "hazard_zone_label": "Outside Candidate Hazard-Based Red Zone", "nearest_hazard_distance_m": 2653.3, "dist_to_nearest_redzone_m": 2653.3, "proximity_band": "2 km to 5 km", "nearest_zone_id": "RZ-220", "matched_zone_id": null, "matched_zone_label": null, "matched_zone_mh_score": null, "matched_zone_priority": null, "matched_zone_area_m2": null, "data_source": "Census PCA 2011 joined to SHRUG spatial bridge", "join_method": "Exact code-based join: Census Town/Village = SHRUG pc11_village_id", "disclaimer": "Decision Support — Requires Official Verification & Geotechnical Assessment" }, "geometry": { "type": "Point", "coordinates": [ 321864.219941905117594, 3352971.08707105088979 ] } },
{ "type": "Feature", "properties": { "village_id": 42567, "village_name": "Chhinka", "households": 118, "tot_pop": 488, "pop_male": 210, "pop_female": 278, "pop_sc": 124, "pop_st": 0, "shrid2": "11-05-058-00291-042567", "shrug_state_id": 5, "shrug_district_id": 58, "shrug_subdist_id": 291.0, "direct_zone_overlap": false, "hazard_zone_flag": 0, "hazard_zone_label": "Outside Candidate Hazard-Based Red Zone", "nearest_hazard_distance_m": 1901.2, "dist_to_nearest_redzone_m": 1901.2, "proximity_band": "1 km to 2 km", "nearest_zone_id": "RZ-220", "matched_zone_id": null, "matched_zone_label": null, "matched_zone_mh_score": null, "matched_zone_priority": null, "matched_zone_area_m2": null, "data_source": "Census PCA 2011 joined to SHRUG spatial bridge", "join_method": "Exact code-based join: Census Town/Village = SHRUG pc11_village_id", "disclaimer": "Decision Support — Requires Official Verification & Geotechnical Assessment" }, "geometry": { "type": "Point", "coordinates": [ 320316.203464749967679, 3353981.210474505554885 ] } },
{ "type": "Feature", "properties": { "village_id": 42568, "village_name": "Kothagi", "households": 159, "tot_pop": 718, "pop_male": 325, "pop_female": 393, "pop_sc": 266, "pop_st": 0, "shrid2": "11-05-058-00291-042568", "shrug_state_id": 5, "shrug_district_id": 58, "shrug_subdist_id": 291.0, "direct_zone_overlap": false, "hazard_zone_flag": 0, "hazard_zone_label": "Outside Candidate Hazard-Based Red Zone", "nearest_hazard_distance_m": 1427.7, "dist_to_nearest_redzone_m": 1427.7, "proximity_band": "1 km to 2 km", "nearest_zone_id": "RZ-220", "matched_zone_id": null, "matched_zone_label": null, "matched_zone_mh_score": null, "matched_zone_priority": null, "matched_zone_area_m2": null, "data_source": "Census PCA 2011 joined to SHRUG spatial bridge", "join_method": "Exact code-based join: Census Town/Village = SHRUG pc11_village_id", "disclaimer": "Decision Support — Requires Official Verification & Geotechnical Assessment" }, "geometry": { "type": "Point", "coordinates": [ 319028.131669411202893, 3353801.236584688071162 ] } },
{ "type": "Feature", "properties": { "village_id": 42569, "village_name": "Madola", "households": 100, "tot_pop": 484, "pop_male": 231, "pop_female": 253, "pop_sc": 215, "pop_st": 0, "shrid2": "11-05-058-00291-042569", "shrug_state_id": 5, "shrug_district_id": 58, "shrug_subdist_id": 291.0, "direct_zone_overlap": false, "hazard_zone_flag": 0, "hazard_zone_label": "Outside Candidate Hazard-Based Red Zone", "nearest_hazard_distance_m": 2967.8, "dist_to_nearest_redzone_m": 2967.8, "proximity_band": "2 km to 5 km", "nearest_zone_id": "RZ-220", "matched_zone_id": null, "matched_zone_label": null, "matched_zone_mh_score": null, "matched_zone_priority": null, "matched_zone_area_m2": null, "data_source": "Census PCA 2011 joined to SHRUG spatial bridge", "join_method": "Exact code-based join: Census Town/Village = SHRUG pc11_village_id", "disclaimer": "Decision Support — Requires Official Verification & Geotechnical Assessment" }, "geometry": { "type": "Point", "coordinates": [ 317785.102449502854142, 3354973.549044274259359 ] } },
{ "type": "Feature", "properties": { "village_id": 42570, "village_name": "Bhatwari", "households": 57, "tot_pop": 219, "pop_male": 91, "pop_female": 128, "pop_sc": 13, "pop_st": 0, "shrid2": "11-05-058-00291-042570", "shrug_state_id": 5, "shrug_district_id": 58, "shrug_subdist_id": 291.0, "direct_zone_overlap": false, "hazard_zone_flag": 0, "hazard_zone_label": "Outside Candidate Hazard-Based Red Zone", "nearest_hazard_distance_m": 1644.8, "dist_to_nearest_redzone_m": 1644.8, "proximity_band": "1 km to 2 km", "nearest_zone_id": "RZ-220", "matched_zone_id": null, "matched_zone_label": null, "matched_zone_mh_score": null, "matched_zone_priority": null, "matched_zone_area_m2": null, "data_source": "Census PCA 2011 joined to SHRUG spatial bridge", "join_method": "Exact code-based join: Census Town/Village = SHRUG pc11_village_id", "disclaimer": "Decision Support — Requires Official Verification & Geotechnical Assessment" }, "geometry": { "type": "Point", "coordinates": [ 317983.992303793493193, 3353483.049294380936772 ] } },
{ "type": "Feature", "properties": { "village_id": 42571, "village_name": "Koti Barkoti", "households": 40, "tot_pop": 100, "pop_male": 43, "pop_female": 57, "pop_sc": 0, "pop_st": 0, "shrid2": "11-05-058-00291-042571", "shrug_state_id": 5, "shrug_district_id": 58, "shrug_subdist_id": 291.0, "direct_zone_overlap": false, "hazard_zone_flag": 0, "hazard_zone_label": "Outside Candidate Hazard-Based Red Zone", "nearest_hazard_distance_m": 2492.5, "dist_to_nearest_redzone_m": 2492.5, "proximity_band": "2 km to 5 km", "nearest_zone_id": "RZ-220", "matched_zone_id": null, "matched_zone_label": null, "matched_zone_mh_score": null, "matched_zone_priority": null, "matched_zone_area_m2": null, "data_source": "Census PCA 2011 joined to SHRUG spatial bridge", "join_method": "Exact code-based join: Census Town/Village = SHRUG pc11_village_id", "disclaimer": "Decision Support — Requires Official Verification & Geotechnical Assessment" }, "geometry": { "type": "Point", "coordinates": [ 317057.284854522207752, 3353712.906281635630876 ] } },
{ "type": "Feature", "properties": { "village_id": 42572, "village_name": "Dobh Laga Marora", "households": 23, "tot_pop": 112, "pop_male": 56, "pop_female": 56, "pop_sc": 75, "pop_st": 0, "shrid2": "11-05-058-00291-042572", "shrug_state_id": 5, "shrug_district_id": 58, "shrug_subdist_id": 291.0, "direct_zone_overlap": false, "hazard_zone_flag": 0, "hazard_zone_label": "Outside Candidate Hazard-Based Red Zone", "nearest_hazard_distance_m": 586.0, "dist_to_nearest_redzone_m": 586.0, "proximity_band": "500 m to 1 km", "nearest_zone_id": "RZ-220", "matched_zone_id": null, "matched_zone_label": null, "matched_zone_mh_score": null, "matched_zone_priority": null, "matched_zone_area_m2": null, "data_source": "Census PCA 2011 joined to SHRUG spatial bridge", "join_method": "Exact code-based join: Census Town/Village = SHRUG pc11_village_id", "disclaimer": "Decision Support — Requires Official Verification & Geotechnical Assessment" }, "geometry": { "type": "Point", "coordinates": [ 318499.520336710731499, 3352372.064512421377003 ] } },
{ "type": "Feature", "properties": { "village_id": 42573, "village_name": "Marora", "households": 49, "tot_pop": 208, "pop_male": 104, "pop_female": 104, "pop_sc": 29, "pop_st": 0, "shrid2": "11-05-058-00291-042573", "shrug_state_id": 5, "shrug_district_id": 58, "shrug_subdist_id": 291.0, "direct_zone_overlap": false, "hazard_zone_flag": 0, "hazard_zone_label": "Outside Candidate Hazard-Based Red Zone", "nearest_hazard_distance_m": 42.5, "dist_to_nearest_redzone_m": 42.5, "proximity_band": "Within 500 m", "nearest_zone_id": "RZ-220", "matched_zone_id": null, "matched_zone_label": null, "matched_zone_mh_score": null, "matched_zone_priority": null, "matched_zone_area_m2": null, "data_source": "Census PCA 2011 joined to SHRUG spatial bridge", "join_method": "Exact code-based join: Census Town/Village = SHRUG pc11_village_id", "disclaimer": "Decision Support — Requires Official Verification & Geotechnical Assessment" }, "geometry": { "type": "Point", "coordinates": [ 319285.373289099894464, 3352315.672729516867548 ] } },
{ "type": "Feature", "properties": { "village_id": 42574, "village_name": "Mawana", "households": 296, "tot_pop": 1284, "pop_male": 635, "pop_female": 649, "pop_sc": 243, "pop_st": 0, "shrid2": "11-05-058-00291-042574", "shrug_state_id": 5, "shrug_district_id": 58, "shrug_subdist_id": 291.0, "direct_zone_overlap": false, "hazard_zone_flag": 0, "hazard_zone_label": "Outside Candidate Hazard-Based Red Zone", "nearest_hazard_distance_m": 497.6, "dist_to_nearest_redzone_m": 497.6, "proximity_band": "Within 500 m", "nearest_zone_id": "RZ-220", "matched_zone_id": null, "matched_zone_label": null, "matched_zone_mh_score": null, "matched_zone_priority": null, "matched_zone_area_m2": null, "data_source": "Census PCA 2011 joined to SHRUG spatial bridge", "join_method": "Exact code-based join: Census Town/Village = SHRUG pc11_village_id", "disclaimer": "Decision Support — Requires Official Verification & Geotechnical Assessment" }, "geometry": { "type": "Point", "coordinates": [ 319314.720036454033107, 3352886.276194957550615 ] } },
{ "type": "Feature", "properties": { "village_id": 42575, "village_name": "Nagrasu", "households": 254, "tot_pop": 1140, "pop_male": 534, "pop_female": 606, "pop_sc": 554, "pop_st": 29, "shrid2": "11-05-058-00291-042575", "shrug_state_id": 5, "shrug_district_id": 58, "shrug_subdist_id": 291.0, "direct_zone_overlap": false, "hazard_zone_flag": 0, "hazard_zone_label": "Outside Candidate Hazard-Based Red Zone", "nearest_hazard_distance_m": 1117.0, "dist_to_nearest_redzone_m": 1117.0, "proximity_band": "1 km to 2 km", "nearest_zone_id": "RZ-220", "matched_zone_id": null, "matched_zone_label": null, "matched_zone_mh_score": null, "matched_zone_priority": null, "matched_zone_area_m2": null, "data_source": "Census PCA 2011 joined to SHRUG spatial bridge", "join_method": "Exact code-based join: Census Town/Village = SHRUG pc11_village_id", "disclaimer": "Decision Support — Requires Official Verification & Geotechnical Assessment" }, "geometry": { "type": "Point", "coordinates": [ 320355.14014509296976, 3352675.57098943926394 ] } },
{ "type": "Feature", "properties": { "village_id": 42576, "village_name": "Bhat Gaon", "households": 57, "tot_pop": 250, "pop_male": 111, "pop_female": 139, "pop_sc": 50, "pop_st": 0, "shrid2": "11-05-058-00291-042576", "shrug_state_id": 5, "shrug_district_id": 58, "shrug_subdist_id": 291.0, "direct_zone_overlap": false, "hazard_zone_flag": 0, "hazard_zone_label": "Outside Candidate Hazard-Based Red Zone", "nearest_hazard_distance_m": 2139.2, "dist_to_nearest_redzone_m": 2139.2, "proximity_band": "2 km to 5 km", "nearest_zone_id": "RZ-220", "matched_zone_id": null, "matched_zone_label": null, "matched_zone_mh_score": null, "matched_zone_priority": null, "matched_zone_area_m2": null, "data_source": "Census PCA 2011 joined to SHRUG spatial bridge", "join_method": "Exact code-based join: Census Town/Village = SHRUG pc11_village_id", "disclaimer": "Decision Support — Requires Official Verification & Geotechnical Assessment" }, "geometry": { "type": "Point", "coordinates": [ 321401.367522923450451, 3352125.379340222105384 ] } },
{ "type": "Feature", "properties": { "village_id": 42577, "village_name": "Beena", "households": 113, "tot_pop": 465, "pop_male": 193, "pop_female": 272, "pop_sc": 69, "pop_st": 0, "shrid2": "11-05-058-00291-042577", "shrug_state_id": 5, "shrug_district_id": 58, "shrug_subdist_id": 291.0, "direct_zone_overlap": false, "hazard_zone_flag": 0, "hazard_zone_label": "Outside Candidate Hazard-Based Red Zone", "nearest_hazard_distance_m": 1114.6, "dist_to_nearest_redzone_m": 1114.6, "proximity_band": "1 km to 2 km", "nearest_zone_id": "RZ-220", "matched_zone_id": null, "matched_zone_label": null, "matched_zone_mh_score": null, "matched_zone_priority": null, "matched_zone_area_m2": null, "data_source": "Census PCA 2011 joined to SHRUG spatial bridge", "join_method": "Exact code-based join: Census Town/Village = SHRUG pc11_village_id", "disclaimer": "Decision Support — Requires Official Verification & Geotechnical Assessment" }, "geometry": { "type": "Point", "coordinates": [ 318576.246292704483494, 3351217.161772294901311 ] } },
{ "type": "Feature", "properties": { "village_id": 42578, "village_name": "Kot Malla", "households": 86, "tot_pop": 336, "pop_male": 161, "pop_female": 175, "pop_sc": 76, "pop_st": 0, "shrid2": "11-05-058-00291-042578", "shrug_state_id": 5, "shrug_district_id": 58, "shrug_subdist_id": 291.0, "direct_zone_overlap": false, "hazard_zone_flag": 0, "hazard_zone_label": "Outside Candidate Hazard-Based Red Zone", "nearest_hazard_distance_m": 2380.2, "dist_to_nearest_redzone_m": 2380.2, "proximity_band": "2 km to 5 km", "nearest_zone_id": "RZ-220", "matched_zone_id": null, "matched_zone_label": null, "matched_zone_mh_score": null, "matched_zone_priority": null, "matched_zone_area_m2": null, "data_source": "Census PCA 2011 joined to SHRUG spatial bridge", "join_method": "Exact code-based join: Census Town/Village = SHRUG pc11_village_id", "disclaimer": "Decision Support — Requires Official Verification & Geotechnical Assessment" }, "geometry": { "type": "Point", "coordinates": [ 317567.393385540053714, 3350370.899335735011846 ] } },
{ "type": "Feature", "properties": { "village_id": 42579, "village_name": "Ghiroli", "households": 10, "tot_pop": 40, "pop_male": 17, "pop_female": 23, "pop_sc": 0, "pop_st": 0, "shrid2": "11-05-058-00291-042579", "shrug_state_id": 5, "shrug_district_id": 58, "shrug_subdist_id": 291.0, "direct_zone_overlap": false, "hazard_zone_flag": 0, "hazard_zone_label": "Outside Candidate Hazard-Based Red Zone", "nearest_hazard_distance_m": 3193.9, "dist_to_nearest_redzone_m": 3193.9, "proximity_band": "2 km to 5 km", "nearest_zone_id": "RZ-220", "matched_zone_id": null, "matched_zone_label": null, "matched_zone_mh_score": null, "matched_zone_priority": null, "matched_zone_area_m2": null, "data_source": "Census PCA 2011 joined to SHRUG spatial bridge", "join_method": "Exact code-based join: Census Town/Village = SHRUG pc11_village_id", "disclaimer": "Decision Support — Requires Official Verification & Geotechnical Assessment" }, "geometry": { "type": "Point", "coordinates": [ 316957.976762326899916, 3349821.107319962698966 ] } },
{ "type": "Feature", "properties": { "village_id": 42580, "village_name": "Kot Talla", "households": 56, "tot_pop": 230, "pop_male": 103, "pop_female": 127, "pop_sc": 52, "pop_st": 0, "shrid2": "11-05-058-00291-042580", "shrug_state_id": 5, "shrug_district_id": 58, "shrug_subdist_id": 291.0, "direct_zone_overlap": false, "hazard_zone_flag": 0, "hazard_zone_label": "Outside Candidate Hazard-Based Red Zone", "nearest_hazard_distance_m": 2968.9, "dist_to_nearest_redzone_m": 2968.9, "proximity_band": "2 km to 5 km", "nearest_zone_id": "RZ-220", "matched_zone_id": null, "matched_zone_label": null, "matched_zone_mh_score": null, "matched_zone_priority": null, "matched_zone_area_m2": null, "data_source": "Census PCA 2011 joined to SHRUG spatial bridge", "join_method": "Exact code-based join: Census Town/Village = SHRUG pc11_village_id", "disclaimer": "Decision Support — Requires Official Verification & Geotechnical Assessment" }, "geometry": { "type": "Point", "coordinates": [ 316675.068232803256251, 3350463.142220770940185 ] } },
{ "type": "Feature", "properties": { "village_id": 42581, "village_name": "Kharkota", "households": 14, "tot_pop": 60, "pop_male": 26, "pop_female": 34, "pop_sc": 0, "pop_st": 0, "shrid2": "11-05-058-00291-042581", "shrug_state_id": 5, "shrug_district_id": 58, "shrug_subdist_id": 291.0, "direct_zone_overlap": false, "hazard_zone_flag": 0, "hazard_zone_label": "Outside Candidate Hazard-Based Red Zone", "nearest_hazard_distance_m": 3829.3, "dist_to_nearest_redzone_m": 3829.3, "proximity_band": "2 km to 5 km", "nearest_zone_id": "RZ-220", "matched_zone_id": null, "matched_zone_label": null, "matched_zone_mh_score": null, "matched_zone_priority": null, "matched_zone_area_m2": null, "data_source": "Census PCA 2011 joined to SHRUG spatial bridge", "join_method": "Exact code-based join: Census Town/Village = SHRUG pc11_village_id", "disclaimer": "Decision Support — Requires Official Verification & Geotechnical Assessment" }, "geometry": { "type": "Point", "coordinates": [ 315935.311580116045661, 3350018.381290285848081 ] } },
{ "type": "Feature", "properties": { "village_id": 42582, "village_name": "Jasoli", "households": 94, "tot_pop": 350, "pop_male": 159, "pop_female": 191, "pop_sc": 119, "pop_st": 0, "shrid2": "11-05-058-00291-042582", "shrug_state_id": 5, "shrug_district_id": 58, "shrug_subdist_id": 291.0, "direct_zone_overlap": false, "hazard_zone_flag": 0, "hazard_zone_label": "Outside Candidate Hazard-Based Red Zone", "nearest_hazard_distance_m": 4495.8, "dist_to_nearest_redzone_m": 4495.8, "proximity_band": "2 km to 5 km", "nearest_zone_id": "RZ-220", "matched_zone_id": null, "matched_zone_label": null, "matched_zone_mh_score": null, "matched_zone_priority": null, "matched_zone_area_m2": null, "data_source": "Census PCA 2011 joined to SHRUG spatial bridge", "join_method": "Exact code-based join: Census Town/Village = SHRUG pc11_village_id", "disclaimer": "Decision Support — Requires Official Verification & Geotechnical Assessment" }, "geometry": { "type": "Point", "coordinates": [ 315675.720858804648742, 3349269.240646243561059 ] } },
{ "type": "Feature", "properties": { "village_id": 42583, "village_name": "Tolgaon", "households": 7, "tot_pop": 43, "pop_male": 23, "pop_female": 20, "pop_sc": 0, "pop_st": 0, "shrid2": "11-05-058-00291-042583", "shrug_state_id": 5, "shrug_district_id": 58, "shrug_subdist_id": 291.0, "direct_zone_overlap": false, "hazard_zone_flag": 0, "hazard_zone_label": "Outside Candidate Hazard-Based Red Zone", "nearest_hazard_distance_m": 5270.7, "dist_to_nearest_redzone_m": 5270.7, "proximity_band": "5 km to 10 km", "nearest_zone_id": "RZ-220", "matched_zone_id": null, "matched_zone_label": null, "matched_zone_mh_score": null, "matched_zone_priority": null, "matched_zone_area_m2": null, "data_source": "Census PCA 2011 joined to SHRUG spatial bridge", "join_method": "Exact code-based join: Census Town/Village = SHRUG pc11_village_id", "disclaimer": "Decision Support — Requires Official Verification & Geotechnical Assessment" }, "geometry": { "type": "Point", "coordinates": [ 314907.484681447036564, 3348984.346711023245007 ] } },
{ "type": "Feature", "properties": { "village_id": 42584, "village_name": "Kodima", "households": 76, "tot_pop": 363, "pop_male": 151, "pop_female": 212, "pop_sc": 0, "pop_st": 0, "shrid2": "11-05-058-00291-042584", "shrug_state_id": 5, "shrug_district_id": 58, "shrug_subdist_id": 291.0, "direct_zone_overlap": false, "hazard_zone_flag": 0, "hazard_zone_label": "Outside Candidate Hazard-Based Red Zone", "nearest_hazard_distance_m": 5692.8, "dist_to_nearest_redzone_m": 5692.8, "proximity_band": "5 km to 10 km", "nearest_zone_id": "RZ-220", "matched_zone_id": null, "matched_zone_label": null, "matched_zone_mh_score": null, "matched_zone_priority": null, "matched_zone_area_m2": null, "data_source": "Census PCA 2011 joined to SHRUG spatial bridge", "join_method": "Exact code-based join: Census Town/Village = SHRUG pc11_village_id", "disclaimer": "Decision Support — Requires Official Verification & Geotechnical Assessment" }, "geometry": { "type": "Point", "coordinates": [ 315137.276213610486593, 3348100.993991835042834 ] } },
{ "type": "Feature", "properties": { "village_id": 42586, "village_name": "Mola", "households": 26, "tot_pop": 118, "pop_male": 46, "pop_female": 72, "pop_sc": 0, "pop_st": 0, "shrid2": "11-05-058-00291-042586", "shrug_state_id": 5, "shrug_district_id": 58, "shrug_subdist_id": 291.0, "direct_zone_overlap": false, "hazard_zone_flag": 0, "hazard_zone_label": "Outside Candidate Hazard-Based Red Zone", "nearest_hazard_distance_m": 3354.4, "dist_to_nearest_redzone_m": 3354.4, "proximity_band": "2 km to 5 km", "nearest_zone_id": "RZ-220", "matched_zone_id": null, "matched_zone_label": null, "matched_zone_mh_score": null, "matched_zone_priority": null, "matched_zone_area_m2": null, "data_source": "Census PCA 2011 joined to SHRUG spatial bridge", "join_method": "Exact code-based join: Census Town/Village = SHRUG pc11_village_id", "disclaimer": "Decision Support — Requires Official Verification & Geotechnical Assessment" }, "geometry": { "type": "Point", "coordinates": [ 317486.762882659444585, 3349259.18936754995957 ] } },
{ "type": "Feature", "properties": { "village_id": 42589, "village_name": "Diwli", "households": 45, "tot_pop": 204, "pop_male": 95, "pop_female": 109, "pop_sc": 60, "pop_st": 0, "shrid2": "11-05-058-00291-042589", "shrug_state_id": 5, "shrug_district_id": 58, "shrug_subdist_id": 291.0, "direct_zone_overlap": false, "hazard_zone_flag": 0, "hazard_zone_label": "Outside Candidate Hazard-Based Red Zone", "nearest_hazard_distance_m": 3889.6, "dist_to_nearest_redzone_m": 3889.6, "proximity_band": "2 km to 5 km", "nearest_zone_id": "RZ-220", "matched_zone_id": null, "matched_zone_label": null, "matched_zone_mh_score": null, "matched_zone_priority": null, "matched_zone_area_m2": null, "data_source": "Census PCA 2011 joined to SHRUG spatial bridge", "join_method": "Exact code-based join: Census Town/Village = SHRUG pc11_village_id", "disclaimer": "Decision Support — Requires Official Verification & Geotechnical Assessment" }, "geometry": { "type": "Point", "coordinates": [ 317039.183550083544105, 3348899.157106027938426 ] } },
{ "type": "Feature", "properties": { "village_id": 42590, "village_name": "Ladoli", "households": 86, "tot_pop": 362, "pop_male": 170, "pop_female": 192, "pop_sc": 114, "pop_st": 0, "shrid2": "11-05-058-00291-042590", "shrug_state_id": 5, "shrug_district_id": 58, "shrug_subdist_id": 291.0, "direct_zone_overlap": false, "hazard_zone_flag": 0, "hazard_zone_label": "Outside Candidate Hazard-Based Red Zone", "nearest_hazard_distance_m": 4632.1, "dist_to_nearest_redzone_m": 4632.1, "proximity_band": "2 km to 5 km", "nearest_zone_id": "RZ-220", "matched_zone_id": null, "matched_zone_label": null, "matched_zone_mh_score": null, "matched_zone_priority": null, "matched_zone_area_m2": null, "data_source": "Census PCA 2011 joined to SHRUG spatial bridge", "join_method": "Exact code-based join: Census Town/Village = SHRUG pc11_village_id", "disclaimer": "Decision Support — Requires Official Verification & Geotechnical Assessment" }, "geometry": { "type": "Point", "coordinates": [ 316659.659020063583739, 3348260.913102342747152 ] } },
{ "type": "Feature", "properties": { "village_id": 42591, "village_name": "Kwali", "households": 69, "tot_pop": 282, "pop_male": 116, "pop_female": 166, "pop_sc": 0, "pop_st": 0, "shrid2": "11-05-058-00291-042591", "shrug_state_id": 5, "shrug_district_id": 58, "shrug_subdist_id": 291.0, "direct_zone_overlap": false, "hazard_zone_flag": 0, "hazard_zone_label": "Outside Candidate Hazard-Based Red Zone", "nearest_hazard_distance_m": 5407.7, "dist_to_nearest_redzone_m": 5407.7, "proximity_band": "5 km to 10 km", "nearest_zone_id": "RZ-220", "matched_zone_id": null, "matched_zone_label": null, "matched_zone_mh_score": null, "matched_zone_priority": null, "matched_zone_area_m2": null, "data_source": "Census PCA 2011 joined to SHRUG spatial bridge", "join_method": "Exact code-based join: Census Town/Village = SHRUG pc11_village_id", "disclaimer": "Decision Support — Requires Official Verification & Geotechnical Assessment" }, "geometry": { "type": "Point", "coordinates": [ 316741.594341424410231, 3347335.604828861076385 ] } },
{ "type": "Feature", "properties": { "village_id": 42592, "village_name": "Toriyal", "households": 20, "tot_pop": 74, "pop_male": 34, "pop_female": 40, "pop_sc": 0, "pop_st": 0, "shrid2": "11-05-058-00291-042592", "shrug_state_id": 5, "shrug_district_id": 58, "shrug_subdist_id": 291.0, "direct_zone_overlap": false, "hazard_zone_flag": 0, "hazard_zone_label": "Outside Candidate Hazard-Based Red Zone", "nearest_hazard_distance_m": 4332.9, "dist_to_nearest_redzone_m": 4332.9, "proximity_band": "2 km to 5 km", "nearest_zone_id": "RZ-220", "matched_zone_id": null, "matched_zone_label": null, "matched_zone_mh_score": null, "matched_zone_priority": null, "matched_zone_area_m2": null, "data_source": "Census PCA 2011 joined to SHRUG spatial bridge", "join_method": "Exact code-based join: Census Town/Village = SHRUG pc11_village_id", "disclaimer": "Decision Support — Requires Official Verification & Geotechnical Assessment" }, "geometry": { "type": "Point", "coordinates": [ 317434.78024436486885, 3348203.79236816894263 ] } },
{ "type": "Feature", "properties": { "village_id": 42593, "village_name": "Ghorsal", "households": 51, "tot_pop": 195, "pop_male": 75, "pop_female": 120, "pop_sc": 17, "pop_st": 0, "shrid2": "11-05-058-00291-042593", "shrug_state_id": 5, "shrug_district_id": 58, "shrug_subdist_id": 291.0, "direct_zone_overlap": false, "hazard_zone_flag": 0, "hazard_zone_label": "Outside Candidate Hazard-Based Red Zone", "nearest_hazard_distance_m": 3777.3, "dist_to_nearest_redzone_m": 3777.3, "proximity_band": "2 km to 5 km", "nearest_zone_id": "RZ-220", "matched_zone_id": null, "matched_zone_label": null, "matched_zone_mh_score": null, "matched_zone_priority": null, "matched_zone_area_m2": null, "data_source": "Census PCA 2011 joined to SHRUG spatial bridge", "join_method": "Exact code-based join: Census Town/Village = SHRUG pc11_village_id", "disclaimer": "Decision Support — Requires Official Verification & Geotechnical Assessment" }, "geometry": { "type": "Point", "coordinates": [ 318307.094910506391898, 3348516.466808275319636 ] } },
{ "type": "Feature", "properties": { "village_id": 42594, "village_name": "Gadboo", "households": 20, "tot_pop": 84, "pop_male": 38, "pop_female": 46, "pop_sc": 0, "pop_st": 0, "shrid2": "11-05-058-00291-042594", "shrug_state_id": 5, "shrug_district_id": 58, "shrug_subdist_id": 291.0, "direct_zone_overlap": false, "hazard_zone_flag": 0, "hazard_zone_label": "Outside Candidate Hazard-Based Red Zone", "nearest_hazard_distance_m": 4907.2, "dist_to_nearest_redzone_m": 4907.2, "proximity_band": "2 km to 5 km", "nearest_zone_id": "RZ-220", "matched_zone_id": null, "matched_zone_label": null, "matched_zone_mh_score": null, "matched_zone_priority": null, "matched_zone_area_m2": null, "data_source": "Census PCA 2011 joined to SHRUG spatial bridge", "join_method": "Exact code-based join: Census Town/Village = SHRUG pc11_village_id", "disclaimer": "Decision Support — Requires Official Verification & Geotechnical Assessment" }, "geometry": { "type": "Point", "coordinates": [ 317983.607779101817869, 3347430.542006957344711 ] } },
{ "type": "Feature", "properties": { "village_id": 42595, "village_name": "Raintoli", "households": 24, "tot_pop": 140, "pop_male": 68, "pop_female": 72, "pop_sc": 29, "pop_st": 0, "shrid2": "11-05-058-00291-042595", "shrug_state_id": 5, "shrug_district_id": 58, "shrug_subdist_id": 291.0, "direct_zone_overlap": false, "hazard_zone_flag": 0, "hazard_zone_label": "Outside Candidate Hazard-Based Red Zone", "nearest_hazard_distance_m": 2952.3, "dist_to_nearest_redzone_m": 2952.3, "proximity_band": "2 km to 5 km", "nearest_zone_id": "RZ-250", "matched_zone_id": null, "matched_zone_label": null, "matched_zone_mh_score": null, "matched_zone_priority": null, "matched_zone_area_m2": null, "data_source": "Census PCA 2011 joined to SHRUG spatial bridge", "join_method": "Exact code-based join: Census Town/Village = SHRUG pc11_village_id", "disclaimer": "Decision Support — Requires Official Verification & Geotechnical Assessment" }, "geometry": { "type": "Point", "coordinates": [ 306305.143481099104974, 3351292.857944906689227 ] } },
{ "type": "Feature", "properties": { "village_id": 42604, "village_name": "Pala Kurali", "households": 146, "tot_pop": 786, "pop_male": 333, "pop_female": 453, "pop_sc": 0, "pop_st": 0, "shrid2": "11-05-058-00292-042604", "shrug_state_id": 5, "shrug_district_id": 58, "shrug_subdist_id": 292.0, "direct_zone_overlap": false, "hazard_zone_flag": 0, "hazard_zone_label": "Outside Candidate Hazard-Based Red Zone", "nearest_hazard_distance_m": 16712.2, "dist_to_nearest_redzone_m": 16712.2, "proximity_band": "Beyond 10 km", "nearest_zone_id": "RZ-070", "matched_zone_id": null, "matched_zone_label": null, "matched_zone_mh_score": null, "matched_zone_priority": null, "matched_zone_area_m2": null, "data_source": "Census PCA 2011 joined to SHRUG spatial bridge", "join_method": "Exact code-based join: Census Town/Village = SHRUG pc11_village_id", "disclaimer": "Decision Support — Requires Official Verification & Geotechnical Assessment" }, "geometry": { "type": "Point", "coordinates": [ 294066.00048403540859, 3367211.377015664242208 ] } },
{ "type": "Feature", "properties": { "village_id": 42605, "village_name": "Uchhana", "households": 143, "tot_pop": 599, "pop_male": 234, "pop_female": 365, "pop_sc": 0, "pop_st": 0, "shrid2": "11-05-058-00292-042605", "shrug_state_id": 5, "shrug_district_id": 58, "shrug_subdist_id": 292.0, "direct_zone_overlap": false, "hazard_zone_flag": 0, "hazard_zone_label": "Outside Candidate Hazard-Based Red Zone", "nearest_hazard_distance_m": 16058.4, "dist_to_nearest_redzone_m": 16058.4, "proximity_band": "Beyond 10 km", "nearest_zone_id": "RZ-070", "matched_zone_id": null, "matched_zone_label": null, "matched_zone_mh_score": null, "matched_zone_priority": null, "matched_zone_area_m2": null, "data_source": "Census PCA 2011 joined to SHRUG spatial bridge", "join_method": "Exact code-based join: Census Town/Village = SHRUG pc11_village_id", "disclaimer": "Decision Support — Requires Official Verification & Geotechnical Assessment" }, "geometry": { "type": "Point", "coordinates": [ 295253.933665860677138, 3367014.689474193379283 ] } },
{ "type": "Feature", "properties": { "village_id": 42606, "village_name": "Goti", "households": 161, "tot_pop": 713, "pop_male": 337, "pop_female": 376, "pop_sc": 366, "pop_st": 0, "shrid2": "11-05-058-00292-042606", "shrug_state_id": 5, "shrug_district_id": 58, "shrug_subdist_id": 292.0, "direct_zone_overlap": false, "hazard_zone_flag": 0, "hazard_zone_label": "Outside Candidate Hazard-Based Red Zone", "nearest_hazard_distance_m": 15826.8, "dist_to_nearest_redzone_m": 15826.8, "proximity_band": "Beyond 10 km", "nearest_zone_id": "RZ-070", "matched_zone_id": null, "matched_zone_label": null, "matched_zone_mh_score": null, "matched_zone_priority": null, "matched_zone_area_m2": null, "data_source": "Census PCA 2011 joined to SHRUG spatial bridge", "join_method": "Exact code-based join: Census Town/Village = SHRUG pc11_village_id", "disclaimer": "Decision Support — Requires Official Verification & Geotechnical Assessment" }, "geometry": { "type": "Point", "coordinates": [ 296144.933769459777977, 3366595.877673362847418 ] } },
{ "type": "Feature", "properties": { "village_id": 42607, "village_name": "Uroli", "households": 86, "tot_pop": 414, "pop_male": 152, "pop_female": 262, "pop_sc": 0, "pop_st": 0, "shrid2": "11-05-058-00292-042607", "shrug_state_id": 5, "shrug_district_id": 58, "shrug_subdist_id": 292.0, "direct_zone_overlap": false, "hazard_zone_flag": 0, "hazard_zone_label": "Outside Candidate Hazard-Based Red Zone", "nearest_hazard_distance_m": 15292.6, "dist_to_nearest_redzone_m": 15292.6, "proximity_band": "Beyond 10 km", "nearest_zone_id": "RZ-070", "matched_zone_id": null, "matched_zone_label": null, "matched_zone_mh_score": null, "matched_zone_priority": null, "matched_zone_area_m2": null, "data_source": "Census PCA 2011 joined to SHRUG spatial bridge", "join_method": "Exact code-based join: Census Town/Village = SHRUG pc11_village_id", "disclaimer": "Decision Support — Requires Official Verification & Geotechnical Assessment" }, "geometry": { "type": "Point", "coordinates": [ 296727.035362937138416, 3366829.979375998489559 ] } },
{ "type": "Feature", "properties": { "village_id": 42608, "village_name": "Dhan Kurali", "households": 65, "tot_pop": 291, "pop_male": 118, "pop_female": 173, "pop_sc": 0, "pop_st": 0, "shrid2": "11-05-058-00292-042608", "shrug_state_id": 5, "shrug_district_id": 58, "shrug_subdist_id": 292.0, "direct_zone_overlap": false, "hazard_zone_flag": 0, "hazard_zone_label": "Outside Candidate Hazard-Based Red Zone", "nearest_hazard_distance_m": 14111.7, "dist_to_nearest_redzone_m": 14111.7, "proximity_band": "Beyond 10 km", "nearest_zone_id": "RZ-070", "matched_zone_id": null, "matched_zone_label": null, "matched_zone_mh_score": null, "matched_zone_priority": null, "matched_zone_area_m2": null, "data_source": "Census PCA 2011 joined to SHRUG spatial bridge", "join_method": "Exact code-based join: Census Town/Village = SHRUG pc11_village_id", "disclaimer": "Decision Support — Requires Official Verification & Geotechnical Assessment" }, "geometry": { "type": "Point", "coordinates": [ 297316.391217014170252, 3367861.786860164720565 ] } },
{ "type": "Feature", "properties": { "village_id": 42609, "village_name": "Bajira", "households": 214, "tot_pop": 964, "pop_male": 435, "pop_female": 529, "pop_sc": 346, "pop_st": 0, "shrid2": "11-05-058-00292-042609", "shrug_state_id": 5, "shrug_district_id": 58, "shrug_subdist_id": 292.0, "direct_zone_overlap": false, "hazard_zone_flag": 0, "hazard_zone_label": "Outside Candidate Hazard-Based Red Zone", "nearest_hazard_distance_m": 14528.0, "dist_to_nearest_redzone_m": 14528.0, "proximity_band": "Beyond 10 km", "nearest_zone_id": "RZ-070", "matched_zone_id": null, "matched_zone_label": null, "matched_zone_mh_score": null, "matched_zone_priority": null, "matched_zone_area_m2": null, "data_source": "Census PCA 2011 joined to SHRUG spatial bridge", "join_method": "Exact code-based join: Census Town/Village = SHRUG pc11_village_id", "disclaimer": "Decision Support — Requires Official Verification & Geotechnical Assessment" }, "geometry": { "type": "Point", "coordinates": [ 298213.111516939010471, 3366765.270640375092626 ] } },
{ "type": "Feature", "properties": { "village_id": 42610, "village_name": "Syal Dhuri", "households": 17, "tot_pop": 81, "pop_male": 27, "pop_female": 54, "pop_sc": 0, "pop_st": 0, "shrid2": "11-05-058-00292-042610", "shrug_state_id": 5, "shrug_district_id": 58, "shrug_subdist_id": 292.0, "direct_zone_overlap": false, "hazard_zone_flag": 0, "hazard_zone_label": "Outside Candidate Hazard-Based Red Zone", "nearest_hazard_distance_m": 15162.3, "dist_to_nearest_redzone_m": 15162.3, "proximity_band": "Beyond 10 km", "nearest_zone_id": "RZ-070", "matched_zone_id": null, "matched_zone_label": null, "matched_zone_mh_score": null, "matched_zone_priority": null, "matched_zone_area_m2": null, "data_source": "Census PCA 2011 joined to SHRUG spatial bridge", "join_method": "Exact code-based join: Census Town/Village = SHRUG pc11_village_id", "disclaimer": "Decision Support — Requires Official Verification & Geotechnical Assessment" }, "geometry": { "type": "Point", "coordinates": [ 297630.398842992261052, 3366378.468895020429045 ] } },
{ "type": "Feature", "properties": { "village_id": 42611, "village_name": "Mamani", "households": 56, "tot_pop": 220, "pop_male": 88, "pop_female": 132, "pop_sc": 20, "pop_st": 0, "shrid2": "11-05-058-00292-042611", "shrug_state_id": 5, "shrug_district_id": 58, "shrug_subdist_id": 292.0, "direct_zone_overlap": false, "hazard_zone_flag": 0, "hazard_zone_label": "Outside Candidate Hazard-Based Red Zone", "nearest_hazard_distance_m": 15771.3, "dist_to_nearest_redzone_m": 15771.3, "proximity_band": "Beyond 10 km", "nearest_zone_id": "RZ-070", "matched_zone_id": null, "matched_zone_label": null, "matched_zone_mh_score": null, "matched_zone_priority": null, "matched_zone_area_m2": null, "data_source": "Census PCA 2011 joined to SHRUG spatial bridge", "join_method": "Exact code-based join: Census Town/Village = SHRUG pc11_village_id", "disclaimer": "Decision Support — Requires Official Verification & Geotechnical Assessment" }, "geometry": { "type": "Point", "coordinates": [ 297211.237278806860559, 3365922.97031026892364 ] } },
{ "type": "Feature", "properties": { "village_id": 42612, "village_name": "Dhanyau", "households": 31, "tot_pop": 142, "pop_male": 68, "pop_female": 74, "pop_sc": 8, "pop_st": 0, "shrid2": "11-05-058-00292-042612", "shrug_state_id": 5, "shrug_district_id": 58, "shrug_subdist_id": 292.0, "direct_zone_overlap": false, "hazard_zone_flag": 0, "hazard_zone_label": "Outside Candidate Hazard-Based Red Zone", "nearest_hazard_distance_m": 16342.6, "dist_to_nearest_redzone_m": 16342.6, "proximity_band": "Beyond 10 km", "nearest_zone_id": "RZ-070", "matched_zone_id": null, "matched_zone_label": null, "matched_zone_mh_score": null, "matched_zone_priority": null, "matched_zone_area_m2": null, "data_source": "Census PCA 2011 joined to SHRUG spatial bridge", "join_method": "Exact code-based join: Census Town/Village = SHRUG pc11_village_id", "disclaimer": "Decision Support — Requires Official Verification & Geotechnical Assessment" }, "geometry": { "type": "Point", "coordinates": [ 296414.586999482882675, 3365765.561188437510282 ] } },
{ "type": "Feature", "properties": { "village_id": 42613, "village_name": "Budna", "households": 395, "tot_pop": 1907, "pop_male": 855, "pop_female": 1052, "pop_sc": 536, "pop_st": 0, "shrid2": "11-05-058-00292-042613", "shrug_state_id": 5, "shrug_district_id": 58, "shrug_subdist_id": 292.0, "direct_zone_overlap": false, "hazard_zone_flag": 0, "hazard_zone_label": "Outside Candidate Hazard-Based Red Zone", "nearest_hazard_distance_m": 16099.7, "dist_to_nearest_redzone_m": 16099.7, "proximity_band": "Beyond 10 km", "nearest_zone_id": "RZ-250", "matched_zone_id": null, "matched_zone_label": null, "matched_zone_mh_score": null, "matched_zone_priority": null, "matched_zone_area_m2": null, "data_source": "Census PCA 2011 joined to SHRUG spatial bridge", "join_method": "Exact code-based join: Census Town/Village = SHRUG pc11_village_id", "disclaimer": "Decision Support — Requires Official Verification & Geotechnical Assessment" }, "geometry": { "type": "Point", "coordinates": [ 296247.785095709317829, 3365134.165403406601399 ] } },
{ "type": "Feature", "properties": { "village_id": 42614, "village_name": "Mahargoan", "households": 69, "tot_pop": 342, "pop_male": 138, "pop_female": 204, "pop_sc": 0, "pop_st": 0, "shrid2": "11-05-058-00292-042614", "shrug_state_id": 5, "shrug_district_id": 58, "shrug_subdist_id": 292.0, "direct_zone_overlap": false, "hazard_zone_flag": 0, "hazard_zone_label": "Outside Candidate Hazard-Based Red Zone", "nearest_hazard_distance_m": 15877.7, "dist_to_nearest_redzone_m": 15877.7, "proximity_band": "Beyond 10 km", "nearest_zone_id": "RZ-250", "matched_zone_id": null, "matched_zone_label": null, "matched_zone_mh_score": null, "matched_zone_priority": null, "matched_zone_area_m2": null, "data_source": "Census PCA 2011 joined to SHRUG spatial bridge", "join_method": "Exact code-based join: Census Town/Village = SHRUG pc11_village_id", "disclaimer": "Decision Support — Requires Official Verification & Geotechnical Assessment" }, "geometry": { "type": "Point", "coordinates": [ 297025.464936802512966, 3365251.317403856199235 ] } },
{ "type": "Feature", "properties": { "village_id": 42615, "village_name": "Jakholi", "households": 144, "tot_pop": 661, "pop_male": 336, "pop_female": 325, "pop_sc": 212, "pop_st": 3, "shrid2": "11-05-058-00292-042615", "shrug_state_id": 5, "shrug_district_id": 58, "shrug_subdist_id": 292.0, "direct_zone_overlap": false, "hazard_zone_flag": 0, "hazard_zone_label": "Outside Candidate Hazard-Based Red Zone", "nearest_hazard_distance_m": 15539.1, "dist_to_nearest_redzone_m": 15539.1, "proximity_band": "Beyond 10 km", "nearest_zone_id": "RZ-250", "matched_zone_id": null, "matched_zone_label": null, "matched_zone_mh_score": null, "matched_zone_priority": null, "matched_zone_area_m2": null, "data_source": "Census PCA 2011 joined to SHRUG spatial bridge", "join_method": "Exact code-based join: Census Town/Village = SHRUG pc11_village_id", "disclaimer": "Decision Support — Requires Official Verification & Geotechnical Assessment" }, "geometry": { "type": "Point", "coordinates": [ 298221.266213961236645, 3365358.730260365176946 ] } },
{ "type": "Feature", "properties": { "village_id": 42616, "village_name": "Bachwar", "households": 69, "tot_pop": 368, "pop_male": 146, "pop_female": 222, "pop_sc": 12, "pop_st": 0, "shrid2": "11-05-058-00292-042616", "shrug_state_id": 5, "shrug_district_id": 58, "shrug_subdist_id": 292.0, "direct_zone_overlap": false, "hazard_zone_flag": 0, "hazard_zone_label": "Outside Candidate Hazard-Based Red Zone", "nearest_hazard_distance_m": 14826.7, "dist_to_nearest_redzone_m": 14826.7, "proximity_band": "Beyond 10 km", "nearest_zone_id": "RZ-070", "matched_zone_id": null, "matched_zone_label": null, "matched_zone_mh_score": null, "matched_zone_priority": null, "matched_zone_area_m2": null, "data_source": "Census PCA 2011 joined to SHRUG spatial bridge", "join_method": "Exact code-based join: Census Town/Village = SHRUG pc11_village_id", "disclaimer": "Decision Support — Requires Official Verification & Geotechnical Assessment" }, "geometry": { "type": "Point", "coordinates": [ 299103.005471520649735, 3365939.056042212992907 ] } },
{ "type": "Feature", "properties": { "village_id": 42617, "village_name": "Paurjuli", "households": 34, "tot_pop": 158, "pop_male": 65, "pop_female": 93, "pop_sc": 0, "pop_st": 0, "shrid2": "11-05-058-00292-042617", "shrug_state_id": 5, "shrug_district_id": 58, "shrug_subdist_id": 292.0, "direct_zone_overlap": false, "hazard_zone_flag": 0, "hazard_zone_label": "Outside Candidate Hazard-Based Red Zone", "nearest_hazard_distance_m": 14885.9, "dist_to_nearest_redzone_m": 14885.9, "proximity_band": "Beyond 10 km", "nearest_zone_id": "RZ-070", "matched_zone_id": null, "matched_zone_label": null, "matched_zone_mh_score": null, "matched_zone_priority": null, "matched_zone_area_m2": null, "data_source": "Census PCA 2011 joined to SHRUG spatial bridge", "join_method": "Exact code-based join: Census Town/Village = SHRUG pc11_village_id", "disclaimer": "Decision Support — Requires Official Verification & Geotechnical Assessment" }, "geometry": { "type": "Point", "coordinates": [ 299912.454993667139206, 3365503.851490951143205 ] } },
{ "type": "Feature", "properties": { "village_id": 42618, "village_name": "Sirahi", "households": 20, "tot_pop": 69, "pop_male": 32, "pop_female": 37, "pop_sc": 0, "pop_st": 0, "shrid2": "11-05-058-00292-042618", "shrug_state_id": 5, "shrug_district_id": 58, "shrug_subdist_id": 292.0, "direct_zone_overlap": false, "hazard_zone_flag": 0, "hazard_zone_label": "Outside Candidate Hazard-Based Red Zone", "nearest_hazard_distance_m": 14179.6, "dist_to_nearest_redzone_m": 14179.6, "proximity_band": "Beyond 10 km", "nearest_zone_id": "RZ-070", "matched_zone_id": null, "matched_zone_label": null, "matched_zone_mh_score": null, "matched_zone_priority": null, "matched_zone_area_m2": null, "data_source": "Census PCA 2011 joined to SHRUG spatial bridge", "join_method": "Exact code-based join: Census Town/Village = SHRUG pc11_village_id", "disclaimer": "Decision Support — Requires Official Verification & Geotechnical Assessment" }, "geometry": { "type": "Point", "coordinates": [ 300068.689970722538419, 3366205.004278987646103 ] } },
{ "type": "Feature", "properties": { "village_id": 42619, "village_name": "Barsir", "households": 163, "tot_pop": 722, "pop_male": 306, "pop_female": 416, "pop_sc": 106, "pop_st": 0, "shrid2": "11-05-058-00292-042619", "shrug_state_id": 5, "shrug_district_id": 58, "shrug_subdist_id": 292.0, "direct_zone_overlap": false, "hazard_zone_flag": 0, "hazard_zone_label": "Outside Candidate Hazard-Based Red Zone", "nearest_hazard_distance_m": 14723.6, "dist_to_nearest_redzone_m": 14723.6, "proximity_band": "Beyond 10 km", "nearest_zone_id": "RZ-070", "matched_zone_id": null, "matched_zone_label": null, "matched_zone_mh_score": null, "matched_zone_priority": null, "matched_zone_area_m2": null, "data_source": "Census PCA 2011 joined to SHRUG spatial bridge", "join_method": "Exact code-based join: Census Town/Village = SHRUG pc11_village_id", "disclaimer": "Decision Support — Requires Official Verification & Geotechnical Assessment" }, "geometry": { "type": "Point", "coordinates": [ 300671.751150441006757, 3365381.213945281691849 ] } },
{ "type": "Feature", "properties": { "village_id": 42620, "village_name": "Chandi", "households": 73, "tot_pop": 307, "pop_male": 138, "pop_female": 169, "pop_sc": 38, "pop_st": 0, "shrid2": "11-05-058-00292-042620", "shrug_state_id": 5, "shrug_district_id": 58, "shrug_subdist_id": 292.0, "direct_zone_overlap": false, "hazard_zone_flag": 0, "hazard_zone_label": "Outside Candidate Hazard-Based Red Zone", "nearest_hazard_distance_m": 14532.2, "dist_to_nearest_redzone_m": 14532.2, "proximity_band": "Beyond 10 km", "nearest_zone_id": "RZ-250", "matched_zone_id": null, "matched_zone_label": null, "matched_zone_mh_score": null, "matched_zone_priority": null, "matched_zone_area_m2": null, "data_source": "Census PCA 2011 joined to SHRUG spatial bridge", "join_method": "Exact code-based join: Census Town/Village = SHRUG pc11_village_id", "disclaimer": "Decision Support — Requires Official Verification & Geotechnical Assessment" }, "geometry": { "type": "Point", "coordinates": [ 301181.181297533097677, 3365066.517419200856239 ] } },
{ "type": "Feature", "properties": { "village_id": 42621, "village_name": "Kothiyara", "households": 73, "tot_pop": 289, "pop_male": 127, "pop_female": 162, "pop_sc": 35, "pop_st": 0, "shrid2": "11-05-058-00292-042621", "shrug_state_id": 5, "shrug_district_id": 58, "shrug_subdist_id": 292.0, "direct_zone_overlap": false, "hazard_zone_flag": 0, "hazard_zone_label": "Outside Candidate Hazard-Based Red Zone", "nearest_hazard_distance_m": 13981.0, "dist_to_nearest_redzone_m": 13981.0, "proximity_band": "Beyond 10 km", "nearest_zone_id": "RZ-250", "matched_zone_id": null, "matched_zone_label": null, "matched_zone_mh_score": null, "matched_zone_priority": null, "matched_zone_area_m2": null, "data_source": "Census PCA 2011 joined to SHRUG spatial bridge", "join_method": "Exact code-based join: Census Town/Village = SHRUG pc11_village_id", "disclaimer": "Decision Support — Requires Official Verification & Geotechnical Assessment" }, "geometry": { "type": "Point", "coordinates": [ 301069.699988450563978, 3364490.404458071570843 ] } },
{ "type": "Feature", "properties": { "village_id": 42622, "village_name": "Kapaniya", "households": 152, "tot_pop": 568, "pop_male": 240, "pop_female": 328, "pop_sc": 35, "pop_st": 0, "shrid2": "11-05-058-00292-042622", "shrug_state_id": 5, "shrug_district_id": 58, "shrug_subdist_id": 292.0, "direct_zone_overlap": false, "hazard_zone_flag": 0, "hazard_zone_label": "Outside Candidate Hazard-Based Red Zone", "nearest_hazard_distance_m": 14654.5, "dist_to_nearest_redzone_m": 14654.5, "proximity_band": "Beyond 10 km", "nearest_zone_id": "RZ-250", "matched_zone_id": null, "matched_zone_label": null, "matched_zone_mh_score": null, "matched_zone_priority": null, "matched_zone_area_m2": null, "data_source": "Census PCA 2011 joined to SHRUG spatial bridge", "join_method": "Exact code-based join: Census Town/Village = SHRUG pc11_village_id", "disclaimer": "Decision Support — Requires Official Verification & Geotechnical Assessment" }, "geometry": { "type": "Point", "coordinates": [ 299842.576229434635025, 3364922.38142271200195 ] } },
{ "type": "Feature", "properties": { "village_id": 42623, "village_name": "Laluri", "households": 201, "tot_pop": 903, "pop_male": 430, "pop_female": 473, "pop_sc": 449, "pop_st": 0, "shrid2": "11-05-058-00292-042623", "shrug_state_id": 5, "shrug_district_id": 58, "shrug_subdist_id": 292.0, "direct_zone_overlap": false, "hazard_zone_flag": 0, "hazard_zone_label": "Outside Candidate Hazard-Based Red Zone", "nearest_hazard_distance_m": 14434.2, "dist_to_nearest_redzone_m": 14434.2, "proximity_band": "Beyond 10 km", "nearest_zone_id": "RZ-250", "matched_zone_id": null, "matched_zone_label": null, "matched_zone_mh_score": null, "matched_zone_priority": null, "matched_zone_area_m2": null, "data_source": "Census PCA 2011 joined to SHRUG spatial bridge", "join_method": "Exact code-based join: Census Town/Village = SHRUG pc11_village_id", "disclaimer": "Decision Support — Requires Official Verification & Geotechnical Assessment" }, "geometry": { "type": "Point", "coordinates": [ 299423.320308931171894, 3364582.483581928070635 ] } },
{ "type": "Feature", "properties": { "village_id": 42624, "village_name": "Dewal", "households": 65, "tot_pop": 317, "pop_male": 143, "pop_female": 174, "pop_sc": 0, "pop_st": 0, "shrid2": "11-05-058-00292-042624", "shrug_state_id": 5, "shrug_district_id": 58, "shrug_subdist_id": 292.0, "direct_zone_overlap": false, "hazard_zone_flag": 0, "hazard_zone_label": "Outside Candidate Hazard-Based Red Zone", "nearest_hazard_distance_m": 14806.9, "dist_to_nearest_redzone_m": 14806.9, "proximity_band": "Beyond 10 km", "nearest_zone_id": "RZ-250", "matched_zone_id": null, "matched_zone_label": null, "matched_zone_mh_score": null, "matched_zone_priority": null, "matched_zone_area_m2": null, "data_source": "Census PCA 2011 joined to SHRUG spatial bridge", "join_method": "Exact code-based join: Census Town/Village = SHRUG pc11_village_id", "disclaimer": "Decision Support — Requires Official Verification & Geotechnical Assessment" }, "geometry": { "type": "Point", "coordinates": [ 298689.273236115346663, 3364745.271187202539295 ] } },
{ "type": "Feature", "properties": { "village_id": 42625, "village_name": "Lamwar", "households": 16, "tot_pop": 95, "pop_male": 42, "pop_female": 53, "pop_sc": 0, "pop_st": 0, "shrid2": "11-05-058-00292-042625", "shrug_state_id": 5, "shrug_district_id": 58, "shrug_subdist_id": 292.0, "direct_zone_overlap": false, "hazard_zone_flag": 0, "hazard_zone_label": "Outside Candidate Hazard-Based Red Zone", "nearest_hazard_distance_m": 14926.7, "dist_to_nearest_redzone_m": 14926.7, "proximity_band": "Beyond 10 km", "nearest_zone_id": "RZ-250", "matched_zone_id": null, "matched_zone_label": null, "matched_zone_mh_score": null, "matched_zone_priority": null, "matched_zone_area_m2": null, "data_source": "Census PCA 2011 joined to SHRUG spatial bridge", "join_method": "Exact code-based join: Census Town/Village = SHRUG pc11_village_id", "disclaimer": "Decision Support — Requires Official Verification & Geotechnical Assessment" }, "geometry": { "type": "Point", "coordinates": [ 298073.285680650384165, 3364652.398614956531674 ] } },
{ "type": "Feature", "properties": { "village_id": 42626, "village_name": "Dharada", "households": 92, "tot_pop": 391, "pop_male": 163, "pop_female": 228, "pop_sc": 200, "pop_st": 0, "shrid2": "11-05-058-00292-042626", "shrug_state_id": 5, "shrug_district_id": 58, "shrug_subdist_id": 292.0, "direct_zone_overlap": false, "hazard_zone_flag": 0, "hazard_zone_label": "Outside Candidate Hazard-Based Red Zone", "nearest_hazard_distance_m": 15098.5, "dist_to_nearest_redzone_m": 15098.5, "proximity_band": "Beyond 10 km", "nearest_zone_id": "RZ-250", "matched_zone_id": null, "matched_zone_label": null, "matched_zone_mh_score": null, "matched_zone_priority": null, "matched_zone_area_m2": null, "data_source": "Census PCA 2011 joined to SHRUG spatial bridge", "join_method": "Exact code-based join: Census Town/Village = SHRUG pc11_village_id", "disclaimer": "Decision Support — Requires Official Verification & Geotechnical Assessment" }, "geometry": { "type": "Point", "coordinates": [ 297150.254048087983392, 3364453.933758542407304 ] } },
{ "type": "Feature", "properties": { "village_id": 42627, "village_name": "Koti", "households": 77, "tot_pop": 370, "pop_male": 158, "pop_female": 212, "pop_sc": 160, "pop_st": 0, "shrid2": "11-05-058-00292-042627", "shrug_state_id": 5, "shrug_district_id": 58, "shrug_subdist_id": 292.0, "direct_zone_overlap": false, "hazard_zone_flag": 0, "hazard_zone_label": "Outside Candidate Hazard-Based Red Zone", "nearest_hazard_distance_m": 15780.2, "dist_to_nearest_redzone_m": 15780.2, "proximity_band": "Beyond 10 km", "nearest_zone_id": "RZ-250", "matched_zone_id": null, "matched_zone_label": null, "matched_zone_mh_score": null, "matched_zone_priority": null, "matched_zone_area_m2": null, "data_source": "Census PCA 2011 joined to SHRUG spatial bridge", "join_method": "Exact code-based join: Census Town/Village = SHRUG pc11_village_id", "disclaimer": "Decision Support — Requires Official Verification & Geotechnical Assessment" }, "geometry": { "type": "Point", "coordinates": [ 296052.449014122539666, 3364676.130639082286507 ] } },
{ "type": "Feature", "properties": { "village_id": 42628, "village_name": "Luthiyag", "households": 184, "tot_pop": 1022, "pop_male": 510, "pop_female": 512, "pop_sc": 0, "pop_st": 0, "shrid2": "11-05-058-00292-042628", "shrug_state_id": 5, "shrug_district_id": 58, "shrug_subdist_id": 292.0, "direct_zone_overlap": false, "hazard_zone_flag": 0, "hazard_zone_label": "Outside Candidate Hazard-Based Red Zone", "nearest_hazard_distance_m": 15751.7, "dist_to_nearest_redzone_m": 15751.7, "proximity_band": "Beyond 10 km", "nearest_zone_id": "RZ-250", "matched_zone_id": null, "matched_zone_label": null, "matched_zone_mh_score": null, "matched_zone_priority": null, "matched_zone_area_m2": null, "data_source": "Census PCA 2011 joined to SHRUG spatial bridge", "join_method": "Exact code-based join: Census Town/Village = SHRUG pc11_village_id", "disclaimer": "Decision Support — Requires Official Verification & Geotechnical Assessment" }, "geometry": { "type": "Point", "coordinates": [ 295023.93175900564529, 3364052.529930439777672 ] } },
{ "type": "Feature", "properties": { "village_id": 42629, "village_name": "Tyunkhar", "households": 283, "tot_pop": 1656, "pop_male": 860, "pop_female": 796, "pop_sc": 317, "pop_st": 0, "shrid2": "11-05-058-00292-042629", "shrug_state_id": 5, "shrug_district_id": 58, "shrug_subdist_id": 292.0, "direct_zone_overlap": false, "hazard_zone_flag": 0, "hazard_zone_label": "Outside Candidate Hazard-Based Red Zone", "nearest_hazard_distance_m": 14681.7, "dist_to_nearest_redzone_m": 14681.7, "proximity_band": "Beyond 10 km", "nearest_zone_id": "RZ-250", "matched_zone_id": null, "matched_zone_label": null, "matched_zone_mh_score": null, "matched_zone_priority": null, "matched_zone_area_m2": null, "data_source": "Census PCA 2011 joined to SHRUG spatial bridge", "join_method": "Exact code-based join: Census Town/Village = SHRUG pc11_village_id", "disclaimer": "Decision Support — Requires Official Verification & Geotechnical Assessment" }, "geometry": { "type": "Point", "coordinates": [ 296606.89351874042768, 3363726.328392050694674 ] } },
{ "type": "Feature", "properties": { "village_id": 42630, "village_name": "Makhet", "households": 98, "tot_pop": 435, "pop_male": 189, "pop_female": 246, "pop_sc": 0, "pop_st": 0, "shrid2": "11-05-058-00292-042630", "shrug_state_id": 5, "shrug_district_id": 58, "shrug_subdist_id": 292.0, "direct_zone_overlap": false, "hazard_zone_flag": 0, "hazard_zone_label": "Outside Candidate Hazard-Based Red Zone", "nearest_hazard_distance_m": 14070.3, "dist_to_nearest_redzone_m": 14070.3, "proximity_band": "Beyond 10 km", "nearest_zone_id": "RZ-250", "matched_zone_id": null, "matched_zone_label": null, "matched_zone_mh_score": null, "matched_zone_priority": null, "matched_zone_area_m2": null, "data_source": "Census PCA 2011 joined to SHRUG spatial bridge", "join_method": "Exact code-based join: Census Town/Village = SHRUG pc11_village_id", "disclaimer": "Decision Support — Requires Official Verification & Geotechnical Assessment" }, "geometry": { "type": "Point", "coordinates": [ 298176.753735050675459, 3363773.647059570066631 ] } },
{ "type": "Feature", "properties": { "village_id": 42631, "village_name": "Mayali", "households": 155, "tot_pop": 659, "pop_male": 314, "pop_female": 345, "pop_sc": 30, "pop_st": 0, "shrid2": "11-05-058-00292-042631", "shrug_state_id": 5, "shrug_district_id": 58, "shrug_subdist_id": 292.0, "direct_zone_overlap": false, "hazard_zone_flag": 0, "hazard_zone_label": "Outside Candidate Hazard-Based Red Zone", "nearest_hazard_distance_m": 13752.3, "dist_to_nearest_redzone_m": 13752.3, "proximity_band": "Beyond 10 km", "nearest_zone_id": "RZ-250", "matched_zone_id": null, "matched_zone_label": null, "matched_zone_mh_score": null, "matched_zone_priority": null, "matched_zone_area_m2": null, "data_source": "Census PCA 2011 joined to SHRUG spatial bridge", "join_method": "Exact code-based join: Census Town/Village = SHRUG pc11_village_id", "disclaimer": "Decision Support — Requires Official Verification & Geotechnical Assessment" }, "geometry": { "type": "Point", "coordinates": [ 299306.792431647423655, 3363836.265991501510143 ] } },
{ "type": "Feature", "properties": { "village_id": 42632, "village_name": "Jakhani", "households": 75, "tot_pop": 305, "pop_male": 131, "pop_female": 174, "pop_sc": 92, "pop_st": 0, "shrid2": "11-05-058-00292-042632", "shrug_state_id": 5, "shrug_district_id": 58, "shrug_subdist_id": 292.0, "direct_zone_overlap": false, "hazard_zone_flag": 0, "hazard_zone_label": "Outside Candidate Hazard-Based Red Zone", "nearest_hazard_distance_m": 13142.8, "dist_to_nearest_redzone_m": 13142.8, "proximity_band": "Beyond 10 km", "nearest_zone_id": "RZ-250", "matched_zone_id": null, "matched_zone_label": null, "matched_zone_mh_score": null, "matched_zone_priority": null, "matched_zone_area_m2": null, "data_source": "Census PCA 2011 joined to SHRUG spatial bridge", "join_method": "Exact code-based join: Census Town/Village = SHRUG pc11_village_id", "disclaimer": "Decision Support — Requires Official Verification & Geotechnical Assessment" }, "geometry": { "type": "Point", "coordinates": [ 300706.219914269866422, 3363569.377823563758284 ] } },
{ "type": "Feature", "properties": { "village_id": 42633, "village_name": "Lauga", "households": 121, "tot_pop": 511, "pop_male": 244, "pop_female": 267, "pop_sc": 24, "pop_st": 1, "shrid2": "11-05-058-00292-042633", "shrug_state_id": 5, "shrug_district_id": 58, "shrug_subdist_id": 292.0, "direct_zone_overlap": false, "hazard_zone_flag": 0, "hazard_zone_label": "Outside Candidate Hazard-Based Red Zone", "nearest_hazard_distance_m": 12626.6, "dist_to_nearest_redzone_m": 12626.6, "proximity_band": "Beyond 10 km", "nearest_zone_id": "RZ-250", "matched_zone_id": null, "matched_zone_label": null, "matched_zone_mh_score": null, "matched_zone_priority": null, "matched_zone_area_m2": null, "data_source": "Census PCA 2011 joined to SHRUG spatial bridge", "join_method": "Exact code-based join: Census Town/Village = SHRUG pc11_village_id", "disclaimer": "Decision Support — Requires Official Verification & Geotechnical Assessment" }, "geometry": { "type": "Point", "coordinates": [ 299357.649425834883004, 3362669.777763863559812 ] } },
{ "type": "Feature", "properties": { "village_id": 42634, "village_name": "Sakalana", "households": 54, "tot_pop": 250, "pop_male": 121, "pop_female": 129, "pop_sc": 32, "pop_st": 0, "shrid2": "11-05-058-00292-042634", "shrug_state_id": 5, "shrug_district_id": 58, "shrug_subdist_id": 292.0, "direct_zone_overlap": false, "hazard_zone_flag": 0, "hazard_zone_label": "Outside Candidate Hazard-Based Red Zone", "nearest_hazard_distance_m": 11482.3, "dist_to_nearest_redzone_m": 11482.3, "proximity_band": "Beyond 10 km", "nearest_zone_id": "RZ-250", "matched_zone_id": null, "matched_zone_label": null, "matched_zone_mh_score": null, "matched_zone_priority": null, "matched_zone_area_m2": null, "data_source": "Census PCA 2011 joined to SHRUG spatial bridge", "join_method": "Exact code-based join: Census Town/Village = SHRUG pc11_village_id", "disclaimer": "Decision Support — Requires Official Verification & Geotechnical Assessment" }, "geometry": { "type": "Point", "coordinates": [ 299560.39770301518729, 3361529.282683262601495 ] } },
{ "type": "Feature", "properties": { "village_id": 42635, "village_name": "Badhani", "households": 88, "tot_pop": 424, "pop_male": 183, "pop_female": 241, "pop_sc": 25, "pop_st": 0, "shrid2": "11-05-058-00292-042635", "shrug_state_id": 5, "shrug_district_id": 58, "shrug_subdist_id": 292.0, "direct_zone_overlap": false, "hazard_zone_flag": 0, "hazard_zone_label": "Outside Candidate Hazard-Based Red Zone", "nearest_hazard_distance_m": 4359.0, "dist_to_nearest_redzone_m": 4359.0, "proximity_band": "2 km to 5 km", "nearest_zone_id": "RZ-070", "matched_zone_id": null, "matched_zone_label": null, "matched_zone_mh_score": null, "matched_zone_priority": null, "matched_zone_area_m2": null, "data_source": "Census PCA 2011 joined to SHRUG spatial bridge", "join_method": "Exact code-based join: Census Town/Village = SHRUG pc11_village_id", "disclaimer": "Decision Support — Requires Official Verification & Geotechnical Assessment" }, "geometry": { "type": "Point", "coordinates": [ 302236.197112583206035, 3376557.167781885713339 ] } },
{ "type": "Feature", "properties": { "village_id": 42636, "village_name": "Jagtoli", "households": 14, "tot_pop": 84, "pop_male": 38, "pop_female": 46, "pop_sc": 7, "pop_st": 0, "shrid2": "11-05-058-00292-042636", "shrug_state_id": 5, "shrug_district_id": 58, "shrug_subdist_id": 292.0, "direct_zone_overlap": false, "hazard_zone_flag": 0, "hazard_zone_label": "Outside Candidate Hazard-Based Red Zone", "nearest_hazard_distance_m": 4542.4, "dist_to_nearest_redzone_m": 4542.4, "proximity_band": "2 km to 5 km", "nearest_zone_id": "RZ-070", "matched_zone_id": null, "matched_zone_label": null, "matched_zone_mh_score": null, "matched_zone_priority": null, "matched_zone_area_m2": null, "data_source": "Census PCA 2011 joined to SHRUG spatial bridge", "join_method": "Exact code-based join: Census Town/Village = SHRUG pc11_village_id", "disclaimer": "Decision Support — Requires Official Verification & Geotechnical Assessment" }, "geometry": { "type": "Point", "coordinates": [ 302962.967977930675261, 3375587.782838705927134 ] } },
{ "type": "Feature", "properties": { "village_id": 42637, "village_name": "Gethana", "households": 157, "tot_pop": 768, "pop_male": 335, "pop_female": 433, "pop_sc": 249, "pop_st": 0, "shrid2": "11-05-058-00292-042637", "shrug_state_id": 5, "shrug_district_id": 58, "shrug_subdist_id": 292.0, "direct_zone_overlap": false, "hazard_zone_flag": 0, "hazard_zone_label": "Outside Candidate Hazard-Based Red Zone", "nearest_hazard_distance_m": 5353.7, "dist_to_nearest_redzone_m": 5353.7, "proximity_band": "5 km to 10 km", "nearest_zone_id": "RZ-070", "matched_zone_id": null, "matched_zone_label": null, "matched_zone_mh_score": null, "matched_zone_priority": null, "matched_zone_area_m2": null, "data_source": "Census PCA 2011 joined to SHRUG spatial bridge", "join_method": "Exact code-based join: Census Town/Village = SHRUG pc11_village_id", "disclaimer": "Decision Support — Requires Official Verification & Geotechnical Assessment" }, "geometry": { "type": "Point", "coordinates": [ 301859.12002851231955, 3375478.630234804004431 ] } },
{ "type": "Feature", "properties": { "village_id": 42638, "village_name": "Dhar Kuri", "households": 107, "tot_pop": 507, "pop_male": 200, "pop_female": 307, "pop_sc": 0, "pop_st": 0, "shrid2": "11-05-058-00292-042638", "shrug_state_id": 5, "shrug_district_id": 58, "shrug_subdist_id": 292.0, "direct_zone_overlap": false, "hazard_zone_flag": 0, "hazard_zone_label": "Outside Candidate Hazard-Based Red Zone", "nearest_hazard_distance_m": 5557.7, "dist_to_nearest_redzone_m": 5557.7, "proximity_band": "5 km to 10 km", "nearest_zone_id": "RZ-070", "matched_zone_id": null, "matched_zone_label": null, "matched_zone_mh_score": null, "matched_zone_priority": null, "matched_zone_area_m2": null, "data_source": "Census PCA 2011 joined to SHRUG spatial bridge", "join_method": "Exact code-based join: Census Town/Village = SHRUG pc11_village_id", "disclaimer": "Decision Support — Requires Official Verification & Geotechnical Assessment" }, "geometry": { "type": "Point", "coordinates": [ 301102.4369214111357, 3376078.191316192038357 ] } },
{ "type": "Feature", "properties": { "village_id": 42639, "village_name": "Kot", "households": 96, "tot_pop": 497, "pop_male": 229, "pop_female": 268, "pop_sc": 323, "pop_st": 0, "shrid2": "11-05-058-00292-042639", "shrug_state_id": 5, "shrug_district_id": 58, "shrug_subdist_id": 292.0, "direct_zone_overlap": false, "hazard_zone_flag": 0, "hazard_zone_label": "Outside Candidate Hazard-Based Red Zone", "nearest_hazard_distance_m": 6342.4, "dist_to_nearest_redzone_m": 6342.4, "proximity_band": "5 km to 10 km", "nearest_zone_id": "RZ-070", "matched_zone_id": null, "matched_zone_label": null, "matched_zone_mh_score": null, "matched_zone_priority": null, "matched_zone_area_m2": null, "data_source": "Census PCA 2011 joined to SHRUG spatial bridge", "join_method": "Exact code-based join: Census Town/Village = SHRUG pc11_village_id", "disclaimer": "Decision Support — Requires Official Verification & Geotechnical Assessment" }, "geometry": { "type": "Point", "coordinates": [ 300654.049813260906376, 3375360.920036136638373 ] } },
{ "type": "Feature", "properties": { "village_id": 42640, "village_name": "San", "households": 75, "tot_pop": 445, "pop_male": 208, "pop_female": 237, "pop_sc": 0, "pop_st": 0, "shrid2": "11-05-058-00292-042640", "shrug_state_id": 5, "shrug_district_id": 58, "shrug_subdist_id": 292.0, "direct_zone_overlap": false, "hazard_zone_flag": 0, "hazard_zone_label": "Outside Candidate Hazard-Based Red Zone", "nearest_hazard_distance_m": 6282.4, "dist_to_nearest_redzone_m": 6282.4, "proximity_band": "5 km to 10 km", "nearest_zone_id": "RZ-070", "matched_zone_id": null, "matched_zone_label": null, "matched_zone_mh_score": null, "matched_zone_priority": null, "matched_zone_area_m2": null, "data_source": "Census PCA 2011 joined to SHRUG spatial bridge", "join_method": "Exact code-based join: Census Town/Village = SHRUG pc11_village_id", "disclaimer": "Decision Support — Requires Official Verification & Geotechnical Assessment" }, "geometry": { "type": "Point", "coordinates": [ 301386.081671821477357, 3374642.517413580790162 ] } },
{ "type": "Feature", "properties": { "village_id": 42641, "village_name": "Sirwadi", "households": 137, "tot_pop": 817, "pop_male": 442, "pop_female": 375, "pop_sc": 270, "pop_st": 0, "shrid2": "11-05-058-00292-042641", "shrug_state_id": 5, "shrug_district_id": 58, "shrug_subdist_id": 292.0, "direct_zone_overlap": false, "hazard_zone_flag": 0, "hazard_zone_label": "Outside Candidate Hazard-Based Red Zone", "nearest_hazard_distance_m": 6521.9, "dist_to_nearest_redzone_m": 6521.9, "proximity_band": "5 km to 10 km", "nearest_zone_id": "RZ-070", "matched_zone_id": null, "matched_zone_label": null, "matched_zone_mh_score": null, "matched_zone_priority": null, "matched_zone_area_m2": null, "data_source": "Census PCA 2011 joined to SHRUG spatial bridge", "join_method": "Exact code-based join: Census Town/Village = SHRUG pc11_village_id", "disclaimer": "Decision Support — Requires Official Verification & Geotechnical Assessment" }, "geometry": { "type": "Point", "coordinates": [ 302691.831050502485596, 3373430.219984972849488 ] } },
{ "type": "Feature", "properties": { "village_id": 42642, "village_name": "Jakhawari Malli", "households": 153, "tot_pop": 800, "pop_male": 370, "pop_female": 430, "pop_sc": 452, "pop_st": 0, "shrid2": "11-05-058-00292-042642", "shrug_state_id": 5, "shrug_district_id": 58, "shrug_subdist_id": 292.0, "direct_zone_overlap": false, "hazard_zone_flag": 0, "hazard_zone_label": "Outside Candidate Hazard-Based Red Zone", "nearest_hazard_distance_m": 7350.0, "dist_to_nearest_redzone_m": 7350.0, "proximity_band": "5 km to 10 km", "nearest_zone_id": "RZ-070", "matched_zone_id": null, "matched_zone_label": null, "matched_zone_mh_score": null, "matched_zone_priority": null, "matched_zone_area_m2": null, "data_source": "Census PCA 2011 joined to SHRUG spatial bridge", "join_method": "Exact code-based join: Census Town/Village = SHRUG pc11_village_id", "disclaimer": "Decision Support — Requires Official Verification & Geotechnical Assessment" }, "geometry": { "type": "Point", "coordinates": [ 300419.044141456834041, 3374096.001635169610381 ] } },
{ "type": "Feature", "properties": { "village_id": 42643, "village_name": "Liswalta", "households": 99, "tot_pop": 466, "pop_male": 185, "pop_female": 281, "pop_sc": 0, "pop_st": 0, "shrid2": "11-05-058-00292-042643", "shrug_state_id": 5, "shrug_district_id": 58, "shrug_subdist_id": 292.0, "direct_zone_overlap": false, "hazard_zone_flag": 0, "hazard_zone_label": "Outside Candidate Hazard-Based Red Zone", "nearest_hazard_distance_m": 8425.1, "dist_to_nearest_redzone_m": 8425.1, "proximity_band": "5 km to 10 km", "nearest_zone_id": "RZ-070", "matched_zone_id": null, "matched_zone_label": null, "matched_zone_mh_score": null, "matched_zone_priority": null, "matched_zone_area_m2": null, "data_source": "Census PCA 2011 joined to SHRUG spatial bridge", "join_method": "Exact code-based join: Census Town/Village = SHRUG pc11_village_id", "disclaimer": "Decision Support — Requires Official Verification & Geotechnical Assessment" }, "geometry": { "type": "Point", "coordinates": [ 299354.005548028741032, 3373664.463757847901434 ] } },
{ "type": "Feature", "properties": { "village_id": 42644, "village_name": "Khaliyan", "households": 216, "tot_pop": 1153, "pop_male": 522, "pop_female": 631, "pop_sc": 321, "pop_st": 0, "shrid2": "11-05-058-00292-042644", "shrug_state_id": 5, "shrug_district_id": 58, "shrug_subdist_id": 292.0, "direct_zone_overlap": false, "hazard_zone_flag": 0, "hazard_zone_label": "Outside Candidate Hazard-Based Red Zone", "nearest_hazard_distance_m": 8120.7, "dist_to_nearest_redzone_m": 8120.7, "proximity_band": "5 km to 10 km", "nearest_zone_id": "RZ-070", "matched_zone_id": null, "matched_zone_label": null, "matched_zone_mh_score": null, "matched_zone_priority": null, "matched_zone_area_m2": null, "data_source": "Census PCA 2011 joined to SHRUG spatial bridge", "join_method": "Exact code-based join: Census Town/Village = SHRUG pc11_village_id", "disclaimer": "Decision Support — Requires Official Verification & Geotechnical Assessment" }, "geometry": { "type": "Point", "coordinates": [ 301177.998126459191553, 3372469.215842416975647 ] } },
{ "type": "Feature", "properties": { "village_id": 42645, "village_name": "Jakhawari Talli", "households": 70, "tot_pop": 331, "pop_male": 157, "pop_female": 174, "pop_sc": 138, "pop_st": 0, "shrid2": "11-05-058-00292-042645", "shrug_state_id": 5, "shrug_district_id": 58, "shrug_subdist_id": 292.0, "direct_zone_overlap": false, "hazard_zone_flag": 0, "hazard_zone_label": "Outside Candidate Hazard-Based Red Zone", "nearest_hazard_distance_m": 9047.8, "dist_to_nearest_redzone_m": 9047.8, "proximity_band": "5 km to 10 km", "nearest_zone_id": "RZ-070", "matched_zone_id": null, "matched_zone_label": null, "matched_zone_mh_score": null, "matched_zone_priority": null, "matched_zone_area_m2": null, "data_source": "Census PCA 2011 joined to SHRUG spatial bridge", "join_method": "Exact code-based join: Census Town/Village = SHRUG pc11_village_id", "disclaimer": "Decision Support — Requires Official Verification & Geotechnical Assessment" }, "geometry": { "type": "Point", "coordinates": [ 300164.871081232442521, 3372055.374861428514123 ] } },
{ "type": "Feature", "properties": { "village_id": 42646, "village_name": "Pujar Gaon", "households": 72, "tot_pop": 340, "pop_male": 160, "pop_female": 180, "pop_sc": 0, "pop_st": 0, "shrid2": "11-05-058-00292-042646", "shrug_state_id": 5, "shrug_district_id": 58, "shrug_subdist_id": 292.0, "direct_zone_overlap": false, "hazard_zone_flag": 0, "hazard_zone_label": "Outside Candidate Hazard-Based Red Zone", "nearest_hazard_distance_m": 8619.3, "dist_to_nearest_redzone_m": 8619.3, "proximity_band": "5 km to 10 km", "nearest_zone_id": "RZ-070", "matched_zone_id": null, "matched_zone_label": null, "matched_zone_mh_score": null, "matched_zone_priority": null, "matched_zone_area_m2": null, "data_source": "Census PCA 2011 joined to SHRUG spatial bridge", "join_method": "Exact code-based join: Census Town/Village = SHRUG pc11_village_id", "disclaimer": "Decision Support — Requires Official Verification & Geotechnical Assessment" }, "geometry": { "type": "Point", "coordinates": [ 301894.09360505931545, 3371483.875709719024599 ] } },
{ "type": "Feature", "properties": { "village_id": 42647, "village_name": "Pulan", "households": 136, "tot_pop": 777, "pop_male": 397, "pop_female": 380, "pop_sc": 0, "pop_st": 0, "shrid2": "11-05-058-00292-042647", "shrug_state_id": 5, "shrug_district_id": 58, "shrug_subdist_id": 292.0, "direct_zone_overlap": false, "hazard_zone_flag": 0, "hazard_zone_label": "Outside Candidate Hazard-Based Red Zone", "nearest_hazard_distance_m": 8322.6, "dist_to_nearest_redzone_m": 8322.6, "proximity_band": "5 km to 10 km", "nearest_zone_id": "RZ-070", "matched_zone_id": null, "matched_zone_label": null, "matched_zone_mh_score": null, "matched_zone_priority": null, "matched_zone_area_m2": null, "data_source": "Census PCA 2011 joined to SHRUG spatial bridge", "join_method": "Exact code-based join: Census Town/Village = SHRUG pc11_village_id", "disclaimer": "Decision Support — Requires Official Verification & Geotechnical Assessment" }, "geometry": { "type": "Point", "coordinates": [ 303285.427463453495875, 3371256.007754954043776 ] } },
{ "type": "Feature", "properties": { "village_id": 42648, "village_name": "Munyadhar", "households": 57, "tot_pop": 300, "pop_male": 163, "pop_female": 137, "pop_sc": 32, "pop_st": 0, "shrid2": "11-05-058-00292-042648", "shrug_state_id": 5, "shrug_district_id": 58, "shrug_subdist_id": 292.0, "direct_zone_overlap": false, "hazard_zone_flag": 0, "hazard_zone_label": "Outside Candidate Hazard-Based Red Zone", "nearest_hazard_distance_m": 10621.9, "dist_to_nearest_redzone_m": 10621.9, "proximity_band": "Beyond 10 km", "nearest_zone_id": "RZ-070", "matched_zone_id": null, "matched_zone_label": null, "matched_zone_mh_score": null, "matched_zone_priority": null, "matched_zone_area_m2": null, "data_source": "Census PCA 2011 joined to SHRUG spatial bridge", "join_method": "Exact code-based join: Census Town/Village = SHRUG pc11_village_id", "disclaimer": "Decision Support — Requires Official Verification & Geotechnical Assessment" }, "geometry": { "type": "Point", "coordinates": [ 301287.49807606486138, 3369555.94607667485252 ] } },
{ "type": "Feature", "properties": { "village_id": 42649, "village_name": "Pauthi", "households": 334, "tot_pop": 1486, "pop_male": 582, "pop_female": 904, "pop_sc": 247, "pop_st": 0, "shrid2": "11-05-058-00292-042649", "shrug_state_id": 5, "shrug_district_id": 58, "shrug_subdist_id": 292.0, "direct_zone_overlap": false, "hazard_zone_flag": 0, "hazard_zone_label": "Outside Candidate Hazard-Based Red Zone", "nearest_hazard_distance_m": 11420.8, "dist_to_nearest_redzone_m": 11420.8, "proximity_band": "Beyond 10 km", "nearest_zone_id": "RZ-070", "matched_zone_id": null, "matched_zone_label": null, "matched_zone_mh_score": null, "matched_zone_priority": null, "matched_zone_area_m2": null, "data_source": "Census PCA 2011 joined to SHRUG spatial bridge", "join_method": "Exact code-based join: Census Town/Village = SHRUG pc11_village_id", "disclaimer": "Decision Support — Requires Official Verification & Geotechnical Assessment" }, "geometry": { "type": "Point", "coordinates": [ 299999.152108764275908, 3369319.746696588583291 ] } },
{ "type": "Feature", "properties": { "village_id": 42650, "village_name": "Bhatwari", "households": 103, "tot_pop": 541, "pop_male": 234, "pop_female": 307, "pop_sc": 305, "pop_st": 0, "shrid2": "11-05-058-00292-042650", "shrug_state_id": 5, "shrug_district_id": 58, "shrug_subdist_id": 292.0, "direct_zone_overlap": false, "hazard_zone_flag": 0, "hazard_zone_label": "Outside Candidate Hazard-Based Red Zone", "nearest_hazard_distance_m": 11488.3, "dist_to_nearest_redzone_m": 11488.3, "proximity_band": "Beyond 10 km", "nearest_zone_id": "RZ-070", "matched_zone_id": null, "matched_zone_label": null, "matched_zone_mh_score": null, "matched_zone_priority": null, "matched_zone_area_m2": null, "data_source": "Census PCA 2011 joined to SHRUG spatial bridge", "join_method": "Exact code-based join: Census Town/Village = SHRUG pc11_village_id", "disclaimer": "Decision Support — Requires Official Verification & Geotechnical Assessment" }, "geometry": { "type": "Point", "coordinates": [ 300966.545721856993623, 3368750.285560719203204 ] } },
{ "type": "Feature", "properties": { "village_id": 42651, "village_name": "Chopara", "households": 94, "tot_pop": 388, "pop_male": 158, "pop_female": 230, "pop_sc": 0, "pop_st": 0, "shrid2": "11-05-058-00292-042651", "shrug_state_id": 5, "shrug_district_id": 58, "shrug_subdist_id": 292.0, "direct_zone_overlap": false, "hazard_zone_flag": 0, "hazard_zone_label": "Outside Candidate Hazard-Based Red Zone", "nearest_hazard_distance_m": 10964.5, "dist_to_nearest_redzone_m": 10964.5, "proximity_band": "Beyond 10 km", "nearest_zone_id": "RZ-070", "matched_zone_id": null, "matched_zone_label": null, "matched_zone_mh_score": null, "matched_zone_priority": null, "matched_zone_area_m2": null, "data_source": "Census PCA 2011 joined to SHRUG spatial bridge", "join_method": "Exact code-based join: Census Town/Village = SHRUG pc11_village_id", "disclaimer": "Decision Support — Requires Official Verification & Geotechnical Assessment" }, "geometry": { "type": "Point", "coordinates": [ 302523.403652617591433, 3368726.362306111492217 ] } },
{ "type": "Feature", "properties": { "village_id": 42652, "village_name": "Nandawan Gaon", "households": 32, "tot_pop": 150, "pop_male": 66, "pop_female": 84, "pop_sc": 0, "pop_st": 0, "shrid2": "11-05-058-00292-042652", "shrug_state_id": 5, "shrug_district_id": 58, "shrug_subdist_id": 292.0, "direct_zone_overlap": false, "hazard_zone_flag": 0, "hazard_zone_label": "Outside Candidate Hazard-Based Red Zone", "nearest_hazard_distance_m": 12397.6, "dist_to_nearest_redzone_m": 12397.6, "proximity_band": "Beyond 10 km", "nearest_zone_id": "RZ-070", "matched_zone_id": null, "matched_zone_label": null, "matched_zone_mh_score": null, "matched_zone_priority": null, "matched_zone_area_m2": null, "data_source": "Census PCA 2011 joined to SHRUG spatial bridge", "join_method": "Exact code-based join: Census Town/Village = SHRUG pc11_village_id", "disclaimer": "Decision Support — Requires Official Verification & Geotechnical Assessment" }, "geometry": { "type": "Point", "coordinates": [ 299496.201546429656446, 3368482.170213468838483 ] } },
{ "type": "Feature", "properties": { "village_id": 42653, "village_name": "Chaura", "households": 112, "tot_pop": 496, "pop_male": 223, "pop_female": 273, "pop_sc": 232, "pop_st": 0, "shrid2": "11-05-058-00292-042653", "shrug_state_id": 5, "shrug_district_id": 58, "shrug_subdist_id": 292.0, "direct_zone_overlap": false, "hazard_zone_flag": 0, "hazard_zone_label": "Outside Candidate Hazard-Based Red Zone", "nearest_hazard_distance_m": 13438.3, "dist_to_nearest_redzone_m": 13438.3, "proximity_band": "Beyond 10 km", "nearest_zone_id": "RZ-070", "matched_zone_id": null, "matched_zone_label": null, "matched_zone_mh_score": null, "matched_zone_priority": null, "matched_zone_area_m2": null, "data_source": "Census PCA 2011 joined to SHRUG spatial bridge", "join_method": "Exact code-based join: Census Town/Village = SHRUG pc11_village_id", "disclaimer": "Decision Support — Requires Official Verification & Geotechnical Assessment" }, "geometry": { "type": "Point", "coordinates": [ 300109.946308827085886, 3366997.528569551650435 ] } },
{ "type": "Feature", "properties": { "village_id": 42654, "village_name": "Kandiyali", "households": 46, "tot_pop": 243, "pop_male": 110, "pop_female": 133, "pop_sc": 0, "pop_st": 0, "shrid2": "11-05-058-00292-042654", "shrug_state_id": 5, "shrug_district_id": 58, "shrug_subdist_id": 292.0, "direct_zone_overlap": false, "hazard_zone_flag": 0, "hazard_zone_label": "Outside Candidate Hazard-Based Red Zone", "nearest_hazard_distance_m": 12505.7, "dist_to_nearest_redzone_m": 12505.7, "proximity_band": "Beyond 10 km", "nearest_zone_id": "RZ-070", "matched_zone_id": null, "matched_zone_label": null, "matched_zone_mh_score": null, "matched_zone_priority": null, "matched_zone_area_m2": null, "data_source": "Census PCA 2011 joined to SHRUG spatial bridge", "join_method": "Exact code-based join: Census Town/Village = SHRUG pc11_village_id", "disclaimer": "Decision Support — Requires Official Verification & Geotechnical Assessment" }, "geometry": { "type": "Point", "coordinates": [ 300827.487274657876696, 3367701.102563447784632 ] } },
{ "type": "Feature", "properties": { "village_id": 42655, "village_name": "Panjana", "households": 95, "tot_pop": 403, "pop_male": 185, "pop_female": 218, "pop_sc": 119, "pop_st": 0, "shrid2": "11-05-058-00292-042655", "shrug_state_id": 5, "shrug_district_id": 58, "shrug_subdist_id": 292.0, "direct_zone_overlap": false, "hazard_zone_flag": 0, "hazard_zone_label": "Outside Candidate Hazard-Based Red Zone", "nearest_hazard_distance_m": 12733.4, "dist_to_nearest_redzone_m": 12733.4, "proximity_band": "Beyond 10 km", "nearest_zone_id": "RZ-070", "matched_zone_id": null, "matched_zone_label": null, "matched_zone_mh_score": null, "matched_zone_priority": null, "matched_zone_area_m2": null, "data_source": "Census PCA 2011 joined to SHRUG spatial bridge", "join_method": "Exact code-based join: Census Town/Village = SHRUG pc11_village_id", "disclaimer": "Decision Support — Requires Official Verification & Geotechnical Assessment" }, "geometry": { "type": "Point", "coordinates": [ 301692.394562611065339, 3367133.890584800858051 ] } },
{ "type": "Feature", "properties": { "village_id": 42656, "village_name": "Uroli", "households": 15, "tot_pop": 66, "pop_male": 23, "pop_female": 43, "pop_sc": 31, "pop_st": 0, "shrid2": "11-05-058-00292-042656", "shrug_state_id": 5, "shrug_district_id": 58, "shrug_subdist_id": 292.0, "direct_zone_overlap": false, "hazard_zone_flag": 0, "hazard_zone_label": "Outside Candidate Hazard-Based Red Zone", "nearest_hazard_distance_m": 12388.3, "dist_to_nearest_redzone_m": 12388.3, "proximity_band": "Beyond 10 km", "nearest_zone_id": "RZ-070", "matched_zone_id": null, "matched_zone_label": null, "matched_zone_mh_score": null, "matched_zone_priority": null, "matched_zone_area_m2": null, "data_source": "Census PCA 2011 joined to SHRUG spatial bridge", "join_method": "Exact code-based join: Census Town/Village = SHRUG pc11_village_id", "disclaimer": "Decision Support — Requires Official Verification & Geotechnical Assessment" }, "geometry": { "type": "Point", "coordinates": [ 304083.773090690548997, 3366941.204148227348924 ] } },
{ "type": "Feature", "properties": { "village_id": 42657, "village_name": "Kurchholi", "households": 161, "tot_pop": 777, "pop_male": 324, "pop_female": 453, "pop_sc": 0, "pop_st": 0, "shrid2": "11-05-058-00292-042657", "shrug_state_id": 5, "shrug_district_id": 58, "shrug_subdist_id": 292.0, "direct_zone_overlap": false, "hazard_zone_flag": 0, "hazard_zone_label": "Outside Candidate Hazard-Based Red Zone", "nearest_hazard_distance_m": 14065.3, "dist_to_nearest_redzone_m": 14065.3, "proximity_band": "Beyond 10 km", "nearest_zone_id": "RZ-070", "matched_zone_id": null, "matched_zone_label": null, "matched_zone_mh_score": null, "matched_zone_priority": null, "matched_zone_area_m2": null, "data_source": "Census PCA 2011 joined to SHRUG spatial bridge", "join_method": "Exact code-based join: Census Town/Village = SHRUG pc11_village_id", "disclaimer": "Decision Support — Requires Official Verification & Geotechnical Assessment" }, "geometry": { "type": "Point", "coordinates": [ 304556.456105928868055, 3365205.685983533971012 ] } },
{ "type": "Feature", "properties": { "village_id": 42658, "village_name": "Rahar", "households": 43, "tot_pop": 182, "pop_male": 79, "pop_female": 103, "pop_sc": 49, "pop_st": 0, "shrid2": "11-05-058-00292-042658", "shrug_state_id": 5, "shrug_district_id": 58, "shrug_subdist_id": 292.0, "direct_zone_overlap": false, "hazard_zone_flag": 0, "hazard_zone_label": "Outside Candidate Hazard-Based Red Zone", "nearest_hazard_distance_m": 13802.9, "dist_to_nearest_redzone_m": 13802.9, "proximity_band": "Beyond 10 km", "nearest_zone_id": "RZ-070", "matched_zone_id": null, "matched_zone_label": null, "matched_zone_mh_score": null, "matched_zone_priority": null, "matched_zone_area_m2": null, "data_source": "Census PCA 2011 joined to SHRUG spatial bridge", "join_method": "Exact code-based join: Census Town/Village = SHRUG pc11_village_id", "disclaimer": "Decision Support — Requires Official Verification & Geotechnical Assessment" }, "geometry": { "type": "Point", "coordinates": [ 302077.811887825198937, 3365901.986490863841027 ] } },
{ "type": "Feature", "properties": { "village_id": 42659, "village_name": "Khal", "households": 6, "tot_pop": 26, "pop_male": 9, "pop_female": 17, "pop_sc": 0, "pop_st": 0, "shrid2": "11-05-058-00292-042659", "shrug_state_id": 5, "shrug_district_id": 58, "shrug_subdist_id": 292.0, "direct_zone_overlap": false, "hazard_zone_flag": 0, "hazard_zone_label": "Outside Candidate Hazard-Based Red Zone", "nearest_hazard_distance_m": 14166.4, "dist_to_nearest_redzone_m": 14166.4, "proximity_band": "Beyond 10 km", "nearest_zone_id": "RZ-070", "matched_zone_id": null, "matched_zone_label": null, "matched_zone_mh_score": null, "matched_zone_priority": null, "matched_zone_area_m2": null, "data_source": "Census PCA 2011 joined to SHRUG spatial bridge", "join_method": "Exact code-based join: Census Town/Village = SHRUG pc11_village_id", "disclaimer": "Decision Support — Requires Official Verification & Geotechnical Assessment" }, "geometry": { "type": "Point", "coordinates": [ 301317.501273870235309, 3365748.746178473811597 ] } },
{ "type": "Feature", "properties": { "village_id": 42660, "village_name": "Bagjiwala", "households": 7, "tot_pop": 25, "pop_male": 10, "pop_female": 15, "pop_sc": 0, "pop_st": 0, "shrid2": "11-05-058-00292-042660", "shrug_state_id": 5, "shrug_district_id": 58, "shrug_subdist_id": 292.0, "direct_zone_overlap": false, "hazard_zone_flag": 0, "hazard_zone_label": "Outside Candidate Hazard-Based Red Zone", "nearest_hazard_distance_m": 14434.3, "dist_to_nearest_redzone_m": 14434.3, "proximity_band": "Beyond 10 km", "nearest_zone_id": "RZ-250", "matched_zone_id": null, "matched_zone_label": null, "matched_zone_mh_score": null, "matched_zone_priority": null, "matched_zone_area_m2": null, "data_source": "Census PCA 2011 joined to SHRUG spatial bridge", "join_method": "Exact code-based join: Census Town/Village = SHRUG pc11_village_id", "disclaimer": "Decision Support — Requires Official Verification & Geotechnical Assessment" }, "geometry": { "type": "Point", "coordinates": [ 301768.449110382818617, 3365045.79289813246578 ] } },
{ "type": "Feature", "properties": { "village_id": 42661, "village_name": "Nag", "households": 53, "tot_pop": 222, "pop_male": 105, "pop_female": 117, "pop_sc": 0, "pop_st": 0, "shrid2": "11-05-058-00292-042661", "shrug_state_id": 5, "shrug_district_id": 58, "shrug_subdist_id": 292.0, "direct_zone_overlap": false, "hazard_zone_flag": 0, "hazard_zone_label": "Outside Candidate Hazard-Based Red Zone", "nearest_hazard_distance_m": 13390.1, "dist_to_nearest_redzone_m": 13390.1, "proximity_band": "Beyond 10 km", "nearest_zone_id": "RZ-250", "matched_zone_id": null, "matched_zone_label": null, "matched_zone_mh_score": null, "matched_zone_priority": null, "matched_zone_area_m2": null, "data_source": "Census PCA 2011 joined to SHRUG spatial bridge", "join_method": "Exact code-based join: Census Town/Village = SHRUG pc11_village_id", "disclaimer": "Decision Support — Requires Official Verification & Geotechnical Assessment" }, "geometry": { "type": "Point", "coordinates": [ 301800.906445800210349, 3363998.348255740012974 ] } },
{ "type": "Feature", "properties": { "village_id": 42662, "village_name": "Purwana", "households": 42, "tot_pop": 199, "pop_male": 100, "pop_female": 99, "pop_sc": 44, "pop_st": 0, "shrid2": "11-05-058-00292-042662", "shrug_state_id": 5, "shrug_district_id": 58, "shrug_subdist_id": 292.0, "direct_zone_overlap": false, "hazard_zone_flag": 0, "hazard_zone_label": "Outside Candidate Hazard-Based Red Zone", "nearest_hazard_distance_m": 13801.3, "dist_to_nearest_redzone_m": 13801.3, "proximity_band": "Beyond 10 km", "nearest_zone_id": "RZ-250", "matched_zone_id": null, "matched_zone_label": null, "matched_zone_mh_score": null, "matched_zone_priority": null, "matched_zone_area_m2": null, "data_source": "Census PCA 2011 joined to SHRUG spatial bridge", "join_method": "Exact code-based join: Census Town/Village = SHRUG pc11_village_id", "disclaimer": "Decision Support — Requires Official Verification & Geotechnical Assessment" }, "geometry": { "type": "Point", "coordinates": [ 302545.79528998490423, 3364478.021396242082119 ] } },
{ "type": "Feature", "properties": { "village_id": 42663, "village_name": "Dharkot", "households": 145, "tot_pop": 741, "pop_male": 343, "pop_female": 398, "pop_sc": 156, "pop_st": 0, "shrid2": "11-05-058-00292-042663", "shrug_state_id": 5, "shrug_district_id": 58, "shrug_subdist_id": 292.0, "direct_zone_overlap": false, "hazard_zone_flag": 0, "hazard_zone_label": "Outside Candidate Hazard-Based Red Zone", "nearest_hazard_distance_m": 13439.6, "dist_to_nearest_redzone_m": 13439.6, "proximity_band": "Beyond 10 km", "nearest_zone_id": "RZ-250", "matched_zone_id": null, "matched_zone_label": null, "matched_zone_mh_score": null, "matched_zone_priority": null, "matched_zone_area_m2": null, "data_source": "Census PCA 2011 joined to SHRUG spatial bridge", "join_method": "Exact code-based join: Census Town/Village = SHRUG pc11_village_id", "disclaimer": "Decision Support — Requires Official Verification & Geotechnical Assessment" }, "geometry": { "type": "Point", "coordinates": [ 303529.348839885089546, 3364141.263098175171763 ] } },
{ "type": "Feature", "properties": { "village_id": 42664, "village_name": "Atholi", "households": 11, "tot_pop": 52, "pop_male": 27, "pop_female": 25, "pop_sc": 2, "pop_st": 0, "shrid2": "11-05-058-00292-042664", "shrug_state_id": 5, "shrug_district_id": 58, "shrug_subdist_id": 292.0, "direct_zone_overlap": false, "hazard_zone_flag": 0, "hazard_zone_label": "Outside Candidate Hazard-Based Red Zone", "nearest_hazard_distance_m": 12657.4, "dist_to_nearest_redzone_m": 12657.4, "proximity_band": "Beyond 10 km", "nearest_zone_id": "RZ-250", "matched_zone_id": null, "matched_zone_label": null, "matched_zone_mh_score": null, "matched_zone_priority": null, "matched_zone_area_m2": null, "data_source": "Census PCA 2011 joined to SHRUG spatial bridge", "join_method": "Exact code-based join: Census Town/Village = SHRUG pc11_village_id", "disclaimer": "Decision Support — Requires Official Verification & Geotechnical Assessment" }, "geometry": { "type": "Point", "coordinates": [ 302734.07568269665353, 3363342.890284179709852 ] } },
{ "type": "Feature", "properties": { "village_id": 42665, "village_name": "Bharnga", "households": 77, "tot_pop": 363, "pop_male": 182, "pop_female": 181, "pop_sc": 107, "pop_st": 0, "shrid2": "11-05-058-00292-042665", "shrug_state_id": 5, "shrug_district_id": 58, "shrug_subdist_id": 292.0, "direct_zone_overlap": false, "hazard_zone_flag": 0, "hazard_zone_label": "Outside Candidate Hazard-Based Red Zone", "nearest_hazard_distance_m": 12048.7, "dist_to_nearest_redzone_m": 12048.7, "proximity_band": "Beyond 10 km", "nearest_zone_id": "RZ-250", "matched_zone_id": null, "matched_zone_label": null, "matched_zone_mh_score": null, "matched_zone_priority": null, "matched_zone_area_m2": null, "data_source": "Census PCA 2011 joined to SHRUG spatial bridge", "join_method": "Exact code-based join: Census Town/Village = SHRUG pc11_village_id", "disclaimer": "Decision Support — Requires Official Verification & Geotechnical Assessment" }, "geometry": { "type": "Point", "coordinates": [ 301780.24568259564694, 3362643.687877803109586 ] } },
{ "type": "Feature", "properties": { "village_id": 42666, "village_name": "Palot", "households": 52, "tot_pop": 238, "pop_male": 94, "pop_female": 144, "pop_sc": 0, "pop_st": 0, "shrid2": "11-05-058-00292-042666", "shrug_state_id": 5, "shrug_district_id": 58, "shrug_subdist_id": 292.0, "direct_zone_overlap": false, "hazard_zone_flag": 0, "hazard_zone_label": "Outside Candidate Hazard-Based Red Zone", "nearest_hazard_distance_m": 10932.2, "dist_to_nearest_redzone_m": 10932.2, "proximity_band": "Beyond 10 km", "nearest_zone_id": "RZ-250", "matched_zone_id": null, "matched_zone_label": null, "matched_zone_mh_score": null, "matched_zone_priority": null, "matched_zone_area_m2": null, "data_source": "Census PCA 2011 joined to SHRUG spatial bridge", "join_method": "Exact code-based join: Census Town/Village = SHRUG pc11_village_id", "disclaimer": "Decision Support — Requires Official Verification & Geotechnical Assessment" }, "geometry": { "type": "Point", "coordinates": [ 300981.932491827872582, 3361367.272736167535186 ] } },
{ "type": "Feature", "properties": { "village_id": 42667, "village_name": "Bainoli", "households": 64, "tot_pop": 229, "pop_male": 103, "pop_female": 126, "pop_sc": 0, "pop_st": 0, "shrid2": "11-05-058-00292-042667", "shrug_state_id": 5, "shrug_district_id": 58, "shrug_subdist_id": 292.0, "direct_zone_overlap": false, "hazard_zone_flag": 0, "hazard_zone_label": "Outside Candidate Hazard-Based Red Zone", "nearest_hazard_distance_m": 10309.8, "dist_to_nearest_redzone_m": 10309.8, "proximity_band": "Beyond 10 km", "nearest_zone_id": "RZ-250", "matched_zone_id": null, "matched_zone_label": null, "matched_zone_mh_score": null, "matched_zone_priority": null, "matched_zone_area_m2": null, "data_source": "Census PCA 2011 joined to SHRUG spatial bridge", "join_method": "Exact code-based join: Census Town/Village = SHRUG pc11_village_id", "disclaimer": "Decision Support — Requires Official Verification & Geotechnical Assessment" }, "geometry": { "type": "Point", "coordinates": [ 300030.024148807337042, 3360451.31425641849637 ] } },
{ "type": "Feature", "properties": { "village_id": 42668, "village_name": "Barshot", "households": 12, "tot_pop": 41, "pop_male": 12, "pop_female": 29, "pop_sc": 0, "pop_st": 0, "shrid2": "11-05-058-00292-042668", "shrug_state_id": 5, "shrug_district_id": 58, "shrug_subdist_id": 292.0, "direct_zone_overlap": false, "hazard_zone_flag": 0, "hazard_zone_label": "Outside Candidate Hazard-Based Red Zone", "nearest_hazard_distance_m": 10762.1, "dist_to_nearest_redzone_m": 10762.1, "proximity_band": "Beyond 10 km", "nearest_zone_id": "RZ-250", "matched_zone_id": null, "matched_zone_label": null, "matched_zone_mh_score": null, "matched_zone_priority": null, "matched_zone_area_m2": null, "data_source": "Census PCA 2011 joined to SHRUG spatial bridge", "join_method": "Exact code-based join: Census Town/Village = SHRUG pc11_village_id", "disclaimer": "Decision Support — Requires Official Verification & Geotechnical Assessment" }, "geometry": { "type": "Point", "coordinates": [ 302326.618919868487865, 3361412.219684012699872 ] } },
{ "type": "Feature", "properties": { "village_id": 42669, "village_name": "Biran Goan", "households": 30, "tot_pop": 116, "pop_male": 48, "pop_female": 68, "pop_sc": 0, "pop_st": 0, "shrid2": "11-05-058-00292-042669", "shrug_state_id": 5, "shrug_district_id": 58, "shrug_subdist_id": 292.0, "direct_zone_overlap": false, "hazard_zone_flag": 0, "hazard_zone_label": "Outside Candidate Hazard-Based Red Zone", "nearest_hazard_distance_m": 10313.0, "dist_to_nearest_redzone_m": 10313.0, "proximity_band": "Beyond 10 km", "nearest_zone_id": "RZ-250", "matched_zone_id": null, "matched_zone_label": null, "matched_zone_mh_score": null, "matched_zone_priority": null, "matched_zone_area_m2": null, "data_source": "Census PCA 2011 joined to SHRUG spatial bridge", "join_method": "Exact code-based join: Census Town/Village = SHRUG pc11_village_id", "disclaimer": "Decision Support — Requires Official Verification & Geotechnical Assessment" }, "geometry": { "type": "Point", "coordinates": [ 302397.028266023437027, 3360967.847263724077493 ] } },
{ "type": "Feature", "properties": { "village_id": 42670, "village_name": "Tuneta", "households": 91, "tot_pop": 371, "pop_male": 161, "pop_female": 210, "pop_sc": 51, "pop_st": 0, "shrid2": "11-05-058-00292-042670", "shrug_state_id": 5, "shrug_district_id": 58, "shrug_subdist_id": 292.0, "direct_zone_overlap": false, "hazard_zone_flag": 0, "hazard_zone_label": "Outside Candidate Hazard-Based Red Zone", "nearest_hazard_distance_m": 10516.8, "dist_to_nearest_redzone_m": 10516.8, "proximity_band": "Beyond 10 km", "nearest_zone_id": "RZ-250", "matched_zone_id": null, "matched_zone_label": null, "matched_zone_mh_score": null, "matched_zone_priority": null, "matched_zone_area_m2": null, "data_source": "Census PCA 2011 joined to SHRUG spatial bridge", "join_method": "Exact code-based join: Census Town/Village = SHRUG pc11_village_id", "disclaimer": "Decision Support — Requires Official Verification & Geotechnical Assessment" }, "geometry": { "type": "Point", "coordinates": [ 303193.742147194338031, 3361217.182291143573821 ] } },
{ "type": "Feature", "properties": { "village_id": 42671, "village_name": "Tariyal Gaon", "households": 35, "tot_pop": 191, "pop_male": 94, "pop_female": 97, "pop_sc": 0, "pop_st": 0, "shrid2": "11-05-058-00292-042671", "shrug_state_id": 5, "shrug_district_id": 58, "shrug_subdist_id": 292.0, "direct_zone_overlap": false, "hazard_zone_flag": 0, "hazard_zone_label": "Outside Candidate Hazard-Based Red Zone", "nearest_hazard_distance_m": 11149.1, "dist_to_nearest_redzone_m": 11149.1, "proximity_band": "Beyond 10 km", "nearest_zone_id": "RZ-250", "matched_zone_id": null, "matched_zone_label": null, "matched_zone_mh_score": null, "matched_zone_priority": null, "matched_zone_area_m2": null, "data_source": "Census PCA 2011 joined to SHRUG spatial bridge", "join_method": "Exact code-based join: Census Town/Village = SHRUG pc11_village_id", "disclaimer": "Decision Support — Requires Official Verification & Geotechnical Assessment" }, "geometry": { "type": "Point", "coordinates": [ 303761.32701237272704, 3361845.806228827219456 ] } },
{ "type": "Feature", "properties": { "village_id": 42672, "village_name": "Lariyasyu", "households": 44, "tot_pop": 198, "pop_male": 92, "pop_female": 106, "pop_sc": 137, "pop_st": 0, "shrid2": "11-05-058-00292-042672", "shrug_state_id": 5, "shrug_district_id": 58, "shrug_subdist_id": 292.0, "direct_zone_overlap": false, "hazard_zone_flag": 0, "hazard_zone_label": "Outside Candidate Hazard-Based Red Zone", "nearest_hazard_distance_m": 10154.6, "dist_to_nearest_redzone_m": 10154.6, "proximity_band": "Beyond 10 km", "nearest_zone_id": "RZ-250", "matched_zone_id": null, "matched_zone_label": null, "matched_zone_mh_score": null, "matched_zone_priority": null, "matched_zone_area_m2": null, "data_source": "Census PCA 2011 joined to SHRUG spatial bridge", "join_method": "Exact code-based join: Census Town/Village = SHRUG pc11_village_id", "disclaimer": "Decision Support — Requires Official Verification & Geotechnical Assessment" }, "geometry": { "type": "Point", "coordinates": [ 303787.704054102650844, 3360849.836444355081767 ] } },
{ "type": "Feature", "properties": { "village_id": 42673, "village_name": "Sema", "households": 119, "tot_pop": 549, "pop_male": 263, "pop_female": 286, "pop_sc": 226, "pop_st": 0, "shrid2": "11-05-058-00292-042673", "shrug_state_id": 5, "shrug_district_id": 58, "shrug_subdist_id": 292.0, "direct_zone_overlap": false, "hazard_zone_flag": 0, "hazard_zone_label": "Outside Candidate Hazard-Based Red Zone", "nearest_hazard_distance_m": 10169.4, "dist_to_nearest_redzone_m": 10169.4, "proximity_band": "Beyond 10 km", "nearest_zone_id": "RZ-250", "matched_zone_id": null, "matched_zone_label": null, "matched_zone_mh_score": null, "matched_zone_priority": null, "matched_zone_area_m2": null, "data_source": "Census PCA 2011 joined to SHRUG spatial bridge", "join_method": "Exact code-based join: Census Town/Village = SHRUG pc11_village_id", "disclaimer": "Decision Support — Requires Official Verification & Geotechnical Assessment" }, "geometry": { "type": "Point", "coordinates": [ 304882.724867248267401, 3360764.751212771516293 ] } },
{ "type": "Feature", "properties": { "village_id": 42674, "village_name": "Subhani Sumari", "households": 321, "tot_pop": 1403, "pop_male": 729, "pop_female": 674, "pop_sc": 329, "pop_st": 0, "shrid2": "11-05-058-00292-042674", "shrug_state_id": 5, "shrug_district_id": 58, "shrug_subdist_id": 292.0, "direct_zone_overlap": false, "hazard_zone_flag": 0, "hazard_zone_label": "Outside Candidate Hazard-Based Red Zone", "nearest_hazard_distance_m": 9659.9, "dist_to_nearest_redzone_m": 9659.9, "proximity_band": "5 km to 10 km", "nearest_zone_id": "RZ-250", "matched_zone_id": null, "matched_zone_label": null, "matched_zone_mh_score": null, "matched_zone_priority": null, "matched_zone_area_m2": null, "data_source": "Census PCA 2011 joined to SHRUG spatial bridge", "join_method": "Exact code-based join: Census Town/Village = SHRUG pc11_village_id", "disclaimer": "Decision Support — Requires Official Verification & Geotechnical Assessment" }, "geometry": { "type": "Point", "coordinates": [ 306292.694758498168085, 3359922.649365125223994 ] } },
{ "type": "Feature", "properties": { "village_id": 42675, "village_name": "Lekh Lawari", "households": 73, "tot_pop": 346, "pop_male": 147, "pop_female": 199, "pop_sc": 91, "pop_st": 0, "shrid2": "11-05-058-00292-042675", "shrug_state_id": 5, "shrug_district_id": 58, "shrug_subdist_id": 292.0, "direct_zone_overlap": false, "hazard_zone_flag": 0, "hazard_zone_label": "Outside Candidate Hazard-Based Red Zone", "nearest_hazard_distance_m": 9415.9, "dist_to_nearest_redzone_m": 9415.9, "proximity_band": "5 km to 10 km", "nearest_zone_id": "RZ-250", "matched_zone_id": null, "matched_zone_label": null, "matched_zone_mh_score": null, "matched_zone_priority": null, "matched_zone_area_m2": null, "data_source": "Census PCA 2011 joined to SHRUG spatial bridge", "join_method": "Exact code-based join: Census Town/Village = SHRUG pc11_village_id", "disclaimer": "Decision Support — Requires Official Verification & Geotechnical Assessment" }, "geometry": { "type": "Point", "coordinates": [ 304736.046102224849164, 3360024.579703765921295 ] } },
{ "type": "Feature", "properties": { "village_id": 42676, "village_name": "Hariyali", "households": 83, "tot_pop": 364, "pop_male": 151, "pop_female": 213, "pop_sc": 14, "pop_st": 0, "shrid2": "11-05-058-00292-042676", "shrug_state_id": 5, "shrug_district_id": 58, "shrug_subdist_id": 292.0, "direct_zone_overlap": false, "hazard_zone_flag": 0, "hazard_zone_label": "Outside Candidate Hazard-Based Red Zone", "nearest_hazard_distance_m": 8898.3, "dist_to_nearest_redzone_m": 8898.3, "proximity_band": "5 km to 10 km", "nearest_zone_id": "RZ-250", "matched_zone_id": null, "matched_zone_label": null, "matched_zone_mh_score": null, "matched_zone_priority": null, "matched_zone_area_m2": null, "data_source": "Census PCA 2011 joined to SHRUG spatial bridge", "join_method": "Exact code-based join: Census Town/Village = SHRUG pc11_village_id", "disclaimer": "Decision Support — Requires Official Verification & Geotechnical Assessment" }, "geometry": { "type": "Point", "coordinates": [ 304262.015524867165368, 3359559.815095052588731 ] } },
{ "type": "Feature", "properties": { "village_id": 42677, "village_name": "Dangi", "households": 65, "tot_pop": 298, "pop_male": 131, "pop_female": 167, "pop_sc": 216, "pop_st": 0, "shrid2": "11-05-058-00292-042677", "shrug_state_id": 5, "shrug_district_id": 58, "shrug_subdist_id": 292.0, "direct_zone_overlap": false, "hazard_zone_flag": 0, "hazard_zone_label": "Outside Candidate Hazard-Based Red Zone", "nearest_hazard_distance_m": 9253.6, "dist_to_nearest_redzone_m": 9253.6, "proximity_band": "5 km to 10 km", "nearest_zone_id": "RZ-250", "matched_zone_id": null, "matched_zone_label": null, "matched_zone_mh_score": null, "matched_zone_priority": null, "matched_zone_area_m2": null, "data_source": "Census PCA 2011 joined to SHRUG spatial bridge", "join_method": "Exact code-based join: Census Town/Village = SHRUG pc11_village_id", "disclaimer": "Decision Support — Requires Official Verification & Geotechnical Assessment" }, "geometry": { "type": "Point", "coordinates": [ 303452.489839671121445, 3359955.63531667040661 ] } },
{ "type": "Feature", "properties": { "village_id": 42678, "village_name": "Jakholi Talli", "households": 10, "tot_pop": 42, "pop_male": 18, "pop_female": 24, "pop_sc": 0, "pop_st": 0, "shrid2": "11-05-058-00292-042678", "shrug_state_id": 5, "shrug_district_id": 58, "shrug_subdist_id": 292.0, "direct_zone_overlap": false, "hazard_zone_flag": 0, "hazard_zone_label": "Outside Candidate Hazard-Based Red Zone", "nearest_hazard_distance_m": 9663.1, "dist_to_nearest_redzone_m": 9663.1, "proximity_band": "5 km to 10 km", "nearest_zone_id": "RZ-250", "matched_zone_id": null, "matched_zone_label": null, "matched_zone_mh_score": null, "matched_zone_priority": null, "matched_zone_area_m2": null, "data_source": "Census PCA 2011 joined to SHRUG spatial bridge", "join_method": "Exact code-based join: Census Town/Village = SHRUG pc11_village_id", "disclaimer": "Decision Support — Requires Official Verification & Geotechnical Assessment" }, "geometry": { "type": "Point", "coordinates": [ 302628.98499060200993, 3360335.712437685579062 ] } },
{ "type": "Feature", "properties": { "village_id": 42679, "village_name": "Doma Jakhal", "households": 122, "tot_pop": 558, "pop_male": 220, "pop_female": 338, "pop_sc": 120, "pop_st": 0, "shrid2": "11-05-058-00292-042679", "shrug_state_id": 5, "shrug_district_id": 58, "shrug_subdist_id": 292.0, "direct_zone_overlap": false, "hazard_zone_flag": 0, "hazard_zone_label": "Outside Candidate Hazard-Based Red Zone", "nearest_hazard_distance_m": 9869.9, "dist_to_nearest_redzone_m": 9869.9, "proximity_band": "5 km to 10 km", "nearest_zone_id": "RZ-250", "matched_zone_id": null, "matched_zone_label": null, "matched_zone_mh_score": null, "matched_zone_priority": null, "matched_zone_area_m2": null, "data_source": "Census PCA 2011 joined to SHRUG spatial bridge", "join_method": "Exact code-based join: Census Town/Village = SHRUG pc11_village_id", "disclaimer": "Decision Support — Requires Official Verification & Geotechnical Assessment" }, "geometry": { "type": "Point", "coordinates": [ 301866.144742148986552, 3360454.747543157078326 ] } },
{ "type": "Feature", "properties": { "village_id": 42680, "village_name": "Srikot", "households": 29, "tot_pop": 166, "pop_male": 79, "pop_female": 87, "pop_sc": 53, "pop_st": 0, "shrid2": "11-05-058-00292-042680", "shrug_state_id": 5, "shrug_district_id": 58, "shrug_subdist_id": 292.0, "direct_zone_overlap": false, "hazard_zone_flag": 0, "hazard_zone_label": "Outside Candidate Hazard-Based Red Zone", "nearest_hazard_distance_m": 10199.1, "dist_to_nearest_redzone_m": 10199.1, "proximity_band": "Beyond 10 km", "nearest_zone_id": "RZ-250", "matched_zone_id": null, "matched_zone_label": null, "matched_zone_mh_score": null, "matched_zone_priority": null, "matched_zone_area_m2": null, "data_source": "Census PCA 2011 joined to SHRUG spatial bridge", "join_method": "Exact code-based join: Census Town/Village = SHRUG pc11_village_id", "disclaimer": "Decision Support — Requires Official Verification & Geotechnical Assessment" }, "geometry": { "type": "Point", "coordinates": [ 301167.44313795119524, 3360657.609556047711521 ] } },
{ "type": "Feature", "properties": { "village_id": 42681, "village_name": "Udiyan Gaon", "households": 97, "tot_pop": 425, "pop_male": 192, "pop_female": 233, "pop_sc": 0, "pop_st": 0, "shrid2": "11-05-058-00292-042681", "shrug_state_id": 5, "shrug_district_id": 58, "shrug_subdist_id": 292.0, "direct_zone_overlap": false, "hazard_zone_flag": 0, "hazard_zone_label": "Outside Candidate Hazard-Based Red Zone", "nearest_hazard_distance_m": 9563.8, "dist_to_nearest_redzone_m": 9563.8, "proximity_band": "5 km to 10 km", "nearest_zone_id": "RZ-250", "matched_zone_id": null, "matched_zone_label": null, "matched_zone_mh_score": null, "matched_zone_priority": null, "matched_zone_area_m2": null, "data_source": "Census PCA 2011 joined to SHRUG spatial bridge", "join_method": "Exact code-based join: Census Town/Village = SHRUG pc11_village_id", "disclaimer": "Decision Support — Requires Official Verification & Geotechnical Assessment" }, "geometry": { "type": "Point", "coordinates": [ 301196.274332848726772, 3360012.519204990938306 ] } },
{ "type": "Feature", "properties": { "village_id": 42682, "village_name": "Kot", "households": 37, "tot_pop": 176, "pop_male": 61, "pop_female": 115, "pop_sc": 0, "pop_st": 0, "shrid2": "11-05-058-00292-042682", "shrug_state_id": 5, "shrug_district_id": 58, "shrug_subdist_id": 292.0, "direct_zone_overlap": false, "hazard_zone_flag": 0, "hazard_zone_label": "Outside Candidate Hazard-Based Red Zone", "nearest_hazard_distance_m": 9248.9, "dist_to_nearest_redzone_m": 9248.9, "proximity_band": "5 km to 10 km", "nearest_zone_id": "RZ-250", "matched_zone_id": null, "matched_zone_label": null, "matched_zone_mh_score": null, "matched_zone_priority": null, "matched_zone_area_m2": null, "data_source": "Census PCA 2011 joined to SHRUG spatial bridge", "join_method": "Exact code-based join: Census Town/Village = SHRUG pc11_village_id", "disclaimer": "Decision Support — Requires Official Verification & Geotechnical Assessment" }, "geometry": { "type": "Point", "coordinates": [ 300614.986892973654903, 3359526.969391982071102 ] } },
{ "type": "Feature", "properties": { "village_id": 42683, "village_name": "Dhariyana", "households": 61, "tot_pop": 219, "pop_male": 85, "pop_female": 134, "pop_sc": 0, "pop_st": 0, "shrid2": "11-05-058-00292-042683", "shrug_state_id": 5, "shrug_district_id": 58, "shrug_subdist_id": 292.0, "direct_zone_overlap": false, "hazard_zone_flag": 0, "hazard_zone_label": "Outside Candidate Hazard-Based Red Zone", "nearest_hazard_distance_m": 8710.9, "dist_to_nearest_redzone_m": 8710.9, "proximity_band": "5 km to 10 km", "nearest_zone_id": "RZ-250", "matched_zone_id": null, "matched_zone_label": null, "matched_zone_mh_score": null, "matched_zone_priority": null, "matched_zone_area_m2": null, "data_source": "Census PCA 2011 joined to SHRUG spatial bridge", "join_method": "Exact code-based join: Census Town/Village = SHRUG pc11_village_id", "disclaimer": "Decision Support — Requires Official Verification & Geotechnical Assessment" }, "geometry": { "type": "Point", "coordinates": [ 301383.130646713194437, 3359180.235145693644881 ] } },
{ "type": "Feature", "properties": { "village_id": 42684, "village_name": "Jakholi Malli", "households": 34, "tot_pop": 134, "pop_male": 55, "pop_female": 79, "pop_sc": 0, "pop_st": 0, "shrid2": "11-05-058-00292-042684", "shrug_state_id": 5, "shrug_district_id": 58, "shrug_subdist_id": 292.0, "direct_zone_overlap": false, "hazard_zone_flag": 0, "hazard_zone_label": "Outside Candidate Hazard-Based Red Zone", "nearest_hazard_distance_m": 8948.9, "dist_to_nearest_redzone_m": 8948.9, "proximity_band": "5 km to 10 km", "nearest_zone_id": "RZ-250", "matched_zone_id": null, "matched_zone_label": null, "matched_zone_mh_score": null, "matched_zone_priority": null, "matched_zone_area_m2": null, "data_source": "Census PCA 2011 joined to SHRUG spatial bridge", "join_method": "Exact code-based join: Census Town/Village = SHRUG pc11_village_id", "disclaimer": "Decision Support — Requires Official Verification & Geotechnical Assessment" }, "geometry": { "type": "Point", "coordinates": [ 302498.45156495104311, 3359607.127424671314657 ] } },
{ "type": "Feature", "properties": { "village_id": 42685, "village_name": "Naouli", "households": 61, "tot_pop": 249, "pop_male": 99, "pop_female": 150, "pop_sc": 0, "pop_st": 0, "shrid2": "11-05-058-00292-042685", "shrug_state_id": 5, "shrug_district_id": 58, "shrug_subdist_id": 292.0, "direct_zone_overlap": false, "hazard_zone_flag": 0, "hazard_zone_label": "Outside Candidate Hazard-Based Red Zone", "nearest_hazard_distance_m": 8297.6, "dist_to_nearest_redzone_m": 8297.6, "proximity_band": "5 km to 10 km", "nearest_zone_id": "RZ-250", "matched_zone_id": null, "matched_zone_label": null, "matched_zone_mh_score": null, "matched_zone_priority": null, "matched_zone_area_m2": null, "data_source": "Census PCA 2011 joined to SHRUG spatial bridge", "join_method": "Exact code-based join: Census Town/Village = SHRUG pc11_village_id", "disclaimer": "Decision Support — Requires Official Verification & Geotechnical Assessment" }, "geometry": { "type": "Point", "coordinates": [ 303216.586479395977221, 3358998.074182485695928 ] } },
{ "type": "Feature", "properties": { "village_id": 42686, "village_name": "Sil Gaon", "households": 73, "tot_pop": 309, "pop_male": 137, "pop_female": 172, "pop_sc": 10, "pop_st": 1, "shrid2": "11-05-058-00292-042686", "shrug_state_id": 5, "shrug_district_id": 58, "shrug_subdist_id": 292.0, "direct_zone_overlap": false, "hazard_zone_flag": 0, "hazard_zone_label": "Outside Candidate Hazard-Based Red Zone", "nearest_hazard_distance_m": 8145.6, "dist_to_nearest_redzone_m": 8145.6, "proximity_band": "5 km to 10 km", "nearest_zone_id": "RZ-250", "matched_zone_id": null, "matched_zone_label": null, "matched_zone_mh_score": null, "matched_zone_priority": null, "matched_zone_area_m2": null, "data_source": "Census PCA 2011 joined to SHRUG spatial bridge", "join_method": "Exact code-based join: Census Town/Village = SHRUG pc11_village_id", "disclaimer": "Decision Support — Requires Official Verification & Geotechnical Assessment" }, "geometry": { "type": "Point", "coordinates": [ 302046.488960824091919, 3358737.301263956353068 ] } },
{ "type": "Feature", "properties": { "village_id": 42687, "village_name": "Kwila", "households": 51, "tot_pop": 142, "pop_male": 66, "pop_female": 76, "pop_sc": 5, "pop_st": 0, "shrid2": "11-05-058-00292-042687", "shrug_state_id": 5, "shrug_district_id": 58, "shrug_subdist_id": 292.0, "direct_zone_overlap": false, "hazard_zone_flag": 0, "hazard_zone_label": "Outside Candidate Hazard-Based Red Zone", "nearest_hazard_distance_m": 7257.9, "dist_to_nearest_redzone_m": 7257.9, "proximity_band": "5 km to 10 km", "nearest_zone_id": "RZ-250", "matched_zone_id": null, "matched_zone_label": null, "matched_zone_mh_score": null, "matched_zone_priority": null, "matched_zone_area_m2": null, "data_source": "Census PCA 2011 joined to SHRUG spatial bridge", "join_method": "Exact code-based join: Census Town/Village = SHRUG pc11_village_id", "disclaimer": "Decision Support — Requires Official Verification & Geotechnical Assessment" }, "geometry": { "type": "Point", "coordinates": [ 303016.835116057598498, 3357950.779904720373452 ] } },
{ "type": "Feature", "properties": { "village_id": 42688, "village_name": "Kanda", "households": 132, "tot_pop": 625, "pop_male": 270, "pop_female": 355, "pop_sc": 177, "pop_st": 0, "shrid2": "11-05-058-00292-042688", "shrug_state_id": 5, "shrug_district_id": 58, "shrug_subdist_id": 292.0, "direct_zone_overlap": false, "hazard_zone_flag": 0, "hazard_zone_label": "Outside Candidate Hazard-Based Red Zone", "nearest_hazard_distance_m": 8138.6, "dist_to_nearest_redzone_m": 8138.6, "proximity_band": "5 km to 10 km", "nearest_zone_id": "RZ-250", "matched_zone_id": null, "matched_zone_label": null, "matched_zone_mh_score": null, "matched_zone_priority": null, "matched_zone_area_m2": null, "data_source": "Census PCA 2011 joined to SHRUG spatial bridge", "join_method": "Exact code-based join: Census Town/Village = SHRUG pc11_village_id", "disclaimer": "Decision Support — Requires Official Verification & Geotechnical Assessment" }, "geometry": { "type": "Point", "coordinates": [ 305059.15527727198787, 3358672.4612224441953 ] } },
{ "type": "Feature", "properties": { "village_id": 42689, "village_name": "Pingari", "households": 28, "tot_pop": 116, "pop_male": 50, "pop_female": 66, "pop_sc": 9, "pop_st": 0, "shrid2": "11-05-058-00292-042689", "shrug_state_id": 5, "shrug_district_id": 58, "shrug_subdist_id": 292.0, "direct_zone_overlap": false, "hazard_zone_flag": 0, "hazard_zone_label": "Outside Candidate Hazard-Based Red Zone", "nearest_hazard_distance_m": 7129.6, "dist_to_nearest_redzone_m": 7129.6, "proximity_band": "5 km to 10 km", "nearest_zone_id": "RZ-250", "matched_zone_id": null, "matched_zone_label": null, "matched_zone_mh_score": null, "matched_zone_priority": null, "matched_zone_area_m2": null, "data_source": "Census PCA 2011 joined to SHRUG spatial bridge", "join_method": "Exact code-based join: Census Town/Village = SHRUG pc11_village_id", "disclaimer": "Decision Support — Requires Official Verification & Geotechnical Assessment" }, "geometry": { "type": "Point", "coordinates": [ 305371.463234200724401, 3357557.387225775048137 ] } },
{ "type": "Feature", "properties": { "village_id": 42690, "village_name": "Ratanpur", "households": 51, "tot_pop": 209, "pop_male": 84, "pop_female": 125, "pop_sc": 25, "pop_st": 0, "shrid2": "11-05-058-00292-042690", "shrug_state_id": 5, "shrug_district_id": 58, "shrug_subdist_id": 292.0, "direct_zone_overlap": false, "hazard_zone_flag": 0, "hazard_zone_label": "Outside Candidate Hazard-Based Red Zone", "nearest_hazard_distance_m": 6437.4, "dist_to_nearest_redzone_m": 6437.4, "proximity_band": "5 km to 10 km", "nearest_zone_id": "RZ-250", "matched_zone_id": null, "matched_zone_label": null, "matched_zone_mh_score": null, "matched_zone_priority": null, "matched_zone_area_m2": null, "data_source": "Census PCA 2011 joined to SHRUG spatial bridge", "join_method": "Exact code-based join: Census Town/Village = SHRUG pc11_village_id", "disclaimer": "Decision Support — Requires Official Verification & Geotechnical Assessment" }, "geometry": { "type": "Point", "coordinates": [ 304301.306501344835851, 3357077.860525812488049 ] } },
{ "type": "Feature", "properties": { "village_id": 42691, "village_name": "Ghegar", "households": 253, "tot_pop": 1084, "pop_male": 453, "pop_female": 631, "pop_sc": 189, "pop_st": 0, "shrid2": "11-05-058-00292-042691", "shrug_state_id": 5, "shrug_district_id": 58, "shrug_subdist_id": 292.0, "direct_zone_overlap": false, "hazard_zone_flag": 0, "hazard_zone_label": "Outside Candidate Hazard-Based Red Zone", "nearest_hazard_distance_m": 6022.7, "dist_to_nearest_redzone_m": 6022.7, "proximity_band": "5 km to 10 km", "nearest_zone_id": "RZ-250", "matched_zone_id": null, "matched_zone_label": null, "matched_zone_mh_score": null, "matched_zone_priority": null, "matched_zone_area_m2": null, "data_source": "Census PCA 2011 joined to SHRUG spatial bridge", "join_method": "Exact code-based join: Census Town/Village = SHRUG pc11_village_id", "disclaimer": "Decision Support — Requires Official Verification & Geotechnical Assessment" }, "geometry": { "type": "Point", "coordinates": [ 303298.995175352029037, 3356724.247943359892815 ] } },
{ "type": "Feature", "properties": { "village_id": 42692, "village_name": "Medanpur", "households": 72, "tot_pop": 298, "pop_male": 118, "pop_female": 180, "pop_sc": 0, "pop_st": 0, "shrid2": "11-05-058-00292-042692", "shrug_state_id": 5, "shrug_district_id": 58, "shrug_subdist_id": 292.0, "direct_zone_overlap": false, "hazard_zone_flag": 0, "hazard_zone_label": "Outside Candidate Hazard-Based Red Zone", "nearest_hazard_distance_m": 5686.6, "dist_to_nearest_redzone_m": 5686.6, "proximity_band": "5 km to 10 km", "nearest_zone_id": "RZ-250", "matched_zone_id": null, "matched_zone_label": null, "matched_zone_mh_score": null, "matched_zone_priority": null, "matched_zone_area_m2": null, "data_source": "Census PCA 2011 joined to SHRUG spatial bridge", "join_method": "Exact code-based join: Census Town/Village = SHRUG pc11_village_id", "disclaimer": "Decision Support — Requires Official Verification & Geotechnical Assessment" }, "geometry": { "type": "Point", "coordinates": [ 305058.435121136019006, 3356145.346007206942886 ] } },
{ "type": "Feature", "properties": { "village_id": 42693, "village_name": "Mawan Gaon", "households": 82, "tot_pop": 389, "pop_male": 199, "pop_female": 190, "pop_sc": 88, "pop_st": 0, "shrid2": "11-05-058-00292-042693", "shrug_state_id": 5, "shrug_district_id": 58, "shrug_subdist_id": 292.0, "direct_zone_overlap": false, "hazard_zone_flag": 0, "hazard_zone_label": "Outside Candidate Hazard-Based Red Zone", "nearest_hazard_distance_m": 14246.0, "dist_to_nearest_redzone_m": 14246.0, "proximity_band": "Beyond 10 km", "nearest_zone_id": "RZ-250", "matched_zone_id": null, "matched_zone_label": null, "matched_zone_mh_score": null, "matched_zone_priority": null, "matched_zone_area_m2": null, "data_source": "Census PCA 2011 joined to SHRUG spatial bridge", "join_method": "Exact code-based join: Census Town/Village = SHRUG pc11_village_id", "disclaimer": "Decision Support — Requires Official Verification & Geotechnical Assessment" }, "geometry": { "type": "Point", "coordinates": [ 302941.089564891590271, 3364941.303090187720954 ] } },
{ "type": "Feature", "properties": { "village_id": 42694, "village_name": "Barsari", "households": 13, "tot_pop": 70, "pop_male": 41, "pop_female": 29, "pop_sc": 17, "pop_st": 0, "shrid2": "11-05-058-00292-042694", "shrug_state_id": 5, "shrug_district_id": 58, "shrug_subdist_id": 292.0, "direct_zone_overlap": false, "hazard_zone_flag": 0, "hazard_zone_label": "Outside Candidate Hazard-Based Red Zone", "nearest_hazard_distance_m": 11208.5, "dist_to_nearest_redzone_m": 11208.5, "proximity_band": "Beyond 10 km", "nearest_zone_id": "RZ-250", "matched_zone_id": null, "matched_zone_label": null, "matched_zone_mh_score": null, "matched_zone_priority": null, "matched_zone_area_m2": null, "data_source": "Census PCA 2011 joined to SHRUG spatial bridge", "join_method": "Exact code-based join: Census Town/Village = SHRUG pc11_village_id", "disclaimer": "Decision Support — Requires Official Verification & Geotechnical Assessment" }, "geometry": { "type": "Point", "coordinates": [ 302389.149799531500321, 3361866.459948032628745 ] } },
{ "type": "Feature", "properties": { "village_id": 42695, "village_name": "Talla", "households": 256, "tot_pop": 1228, "pop_male": 604, "pop_female": 624, "pop_sc": 333, "pop_st": 0, "shrid2": "11-05-058-00292-042695", "shrug_state_id": 5, "shrug_district_id": 58, "shrug_subdist_id": 292.0, "direct_zone_overlap": false, "hazard_zone_flag": 0, "hazard_zone_label": "Outside Candidate Hazard-Based Red Zone", "nearest_hazard_distance_m": 12491.0, "dist_to_nearest_redzone_m": 12491.0, "proximity_band": "Beyond 10 km", "nearest_zone_id": "RZ-250", "matched_zone_id": null, "matched_zone_label": null, "matched_zone_mh_score": null, "matched_zone_priority": null, "matched_zone_area_m2": null, "data_source": "Census PCA 2011 joined to SHRUG spatial bridge", "join_method": "Exact code-based join: Census Town/Village = SHRUG pc11_village_id", "disclaimer": "Decision Support — Requires Official Verification & Geotechnical Assessment" }, "geometry": { "type": "Point", "coordinates": [ 304242.643120460794307, 3363165.549808100331575 ] } },
{ "type": "Feature", "properties": { "village_id": 42696, "village_name": "Jakhatoli", "households": 144, "tot_pop": 727, "pop_male": 328, "pop_female": 399, "pop_sc": 137, "pop_st": 0, "shrid2": "11-05-058-00292-042696", "shrug_state_id": 5, "shrug_district_id": 58, "shrug_subdist_id": 292.0, "direct_zone_overlap": false, "hazard_zone_flag": 0, "hazard_zone_label": "Outside Candidate Hazard-Based Red Zone", "nearest_hazard_distance_m": 13323.8, "dist_to_nearest_redzone_m": 13323.8, "proximity_band": "Beyond 10 km", "nearest_zone_id": "RZ-250", "matched_zone_id": null, "matched_zone_label": null, "matched_zone_mh_score": null, "matched_zone_priority": null, "matched_zone_area_m2": null, "data_source": "Census PCA 2011 joined to SHRUG spatial bridge", "join_method": "Exact code-based join: Census Town/Village = SHRUG pc11_village_id", "disclaimer": "Decision Support — Requires Official Verification & Geotechnical Assessment" }, "geometry": { "type": "Point", "coordinates": [ 305040.025953258911613, 3363926.191520073916763 ] } },
{ "type": "Feature", "properties": { "village_id": 42697, "village_name": "Tat", "households": 112, "tot_pop": 500, "pop_male": 229, "pop_female": 271, "pop_sc": 94, "pop_st": 0, "shrid2": "11-05-058-00292-042697", "shrug_state_id": 5, "shrug_district_id": 58, "shrug_subdist_id": 292.0, "direct_zone_overlap": false, "hazard_zone_flag": 0, "hazard_zone_label": "Outside Candidate Hazard-Based Red Zone", "nearest_hazard_distance_m": 13872.8, "dist_to_nearest_redzone_m": 13872.8, "proximity_band": "Beyond 10 km", "nearest_zone_id": "RZ-250", "matched_zone_id": null, "matched_zone_label": null, "matched_zone_mh_score": null, "matched_zone_priority": null, "matched_zone_area_m2": null, "data_source": "Census PCA 2011 joined to SHRUG spatial bridge", "join_method": "Exact code-based join: Census Town/Village = SHRUG pc11_village_id", "disclaimer": "Decision Support — Requires Official Verification & Geotechnical Assessment" }, "geometry": { "type": "Point", "coordinates": [ 306105.481537086190656, 3364311.091783487703651 ] } },
{ "type": "Feature", "properties": { "village_id": 42698, "village_name": "Dhankuri", "households": 14, "tot_pop": 80, "pop_male": 38, "pop_female": 42, "pop_sc": 7, "pop_st": 0, "shrid2": "11-05-058-00292-042698", "shrug_state_id": 5, "shrug_district_id": 58, "shrug_subdist_id": 292.0, "direct_zone_overlap": false, "hazard_zone_flag": 0, "hazard_zone_label": "Outside Candidate Hazard-Based Red Zone", "nearest_hazard_distance_m": 13379.5, "dist_to_nearest_redzone_m": 13379.5, "proximity_band": "Beyond 10 km", "nearest_zone_id": "RZ-153", "matched_zone_id": null, "matched_zone_label": null, "matched_zone_mh_score": null, "matched_zone_priority": null, "matched_zone_area_m2": null, "data_source": "Census PCA 2011 joined to SHRUG spatial bridge", "join_method": "Exact code-based join: Census Town/Village = SHRUG pc11_village_id", "disclaimer": "Decision Support — Requires Official Verification & Geotechnical Assessment" }, "geometry": { "type": "Point", "coordinates": [ 306815.322272539720871, 3364246.850612292997539 ] } },
{ "type": "Feature", "properties": { "village_id": 42699, "village_name": "Musa Dung", "households": 166, "tot_pop": 738, "pop_male": 315, "pop_female": 423, "pop_sc": 99, "pop_st": 0, "shrid2": "11-05-058-00292-042699", "shrug_state_id": 5, "shrug_district_id": 58, "shrug_subdist_id": 292.0, "direct_zone_overlap": false, "hazard_zone_flag": 0, "hazard_zone_label": "Outside Candidate Hazard-Based Red Zone", "nearest_hazard_distance_m": 12568.5, "dist_to_nearest_redzone_m": 12568.5, "proximity_band": "Beyond 10 km", "nearest_zone_id": "RZ-153", "matched_zone_id": null, "matched_zone_label": null, "matched_zone_mh_score": null, "matched_zone_priority": null, "matched_zone_area_m2": null, "data_source": "Census PCA 2011 joined to SHRUG spatial bridge", "join_method": "Exact code-based join: Census Town/Village = SHRUG pc11_village_id", "disclaimer": "Decision Support — Requires Official Verification & Geotechnical Assessment" }, "geometry": { "type": "Point", "coordinates": [ 307728.828984669642523, 3364204.675215569790453 ] } },
{ "type": "Feature", "properties": { "village_id": 42700, "village_name": "Pali", "households": 62, "tot_pop": 286, "pop_male": 133, "pop_female": 153, "pop_sc": 31, "pop_st": 0, "shrid2": "11-05-058-00292-042700", "shrug_state_id": 5, "shrug_district_id": 58, "shrug_subdist_id": 292.0, "direct_zone_overlap": false, "hazard_zone_flag": 0, "hazard_zone_label": "Outside Candidate Hazard-Based Red Zone", "nearest_hazard_distance_m": 13387.6, "dist_to_nearest_redzone_m": 13387.6, "proximity_band": "Beyond 10 km", "nearest_zone_id": "RZ-153", "matched_zone_id": null, "matched_zone_label": null, "matched_zone_mh_score": null, "matched_zone_priority": null, "matched_zone_area_m2": null, "data_source": "Census PCA 2011 joined to SHRUG spatial bridge", "join_method": "Exact code-based join: Census Town/Village = SHRUG pc11_village_id", "disclaimer": "Decision Support — Requires Official Verification & Geotechnical Assessment" }, "geometry": { "type": "Point", "coordinates": [ 307121.171963989851065, 3363587.064561549574137 ] } },
{ "type": "Feature", "properties": { "village_id": 42701, "village_name": "Jaili", "households": 91, "tot_pop": 422, "pop_male": 182, "pop_female": 240, "pop_sc": 0, "pop_st": 0, "shrid2": "11-05-058-00292-042701", "shrug_state_id": 5, "shrug_district_id": 58, "shrug_subdist_id": 292.0, "direct_zone_overlap": false, "hazard_zone_flag": 0, "hazard_zone_label": "Outside Candidate Hazard-Based Red Zone", "nearest_hazard_distance_m": 12968.2, "dist_to_nearest_redzone_m": 12968.2, "proximity_band": "Beyond 10 km", "nearest_zone_id": "RZ-250", "matched_zone_id": null, "matched_zone_label": null, "matched_zone_mh_score": null, "matched_zone_priority": null, "matched_zone_area_m2": null, "data_source": "Census PCA 2011 joined to SHRUG spatial bridge", "join_method": "Exact code-based join: Census Town/Village = SHRUG pc11_village_id", "disclaimer": "Decision Support — Requires Official Verification & Geotechnical Assessment" }, "geometry": { "type": "Point", "coordinates": [ 305793.015981720760465, 3363449.978213858790696 ] } },
{ "type": "Feature", "properties": { "village_id": 42702, "village_name": "Kandali", "households": 102, "tot_pop": 557, "pop_male": 269, "pop_female": 288, "pop_sc": 164, "pop_st": 0, "shrid2": "11-05-058-00292-042702", "shrug_state_id": 5, "shrug_district_id": 58, "shrug_subdist_id": 292.0, "direct_zone_overlap": false, "hazard_zone_flag": 0, "hazard_zone_label": "Outside Candidate Hazard-Based Red Zone", "nearest_hazard_distance_m": 12002.4, "dist_to_nearest_redzone_m": 12002.4, "proximity_band": "Beyond 10 km", "nearest_zone_id": "RZ-250", "matched_zone_id": null, "matched_zone_label": null, "matched_zone_mh_score": null, "matched_zone_priority": null, "matched_zone_area_m2": null, "data_source": "Census PCA 2011 joined to SHRUG spatial bridge", "join_method": "Exact code-based join: Census Town/Village = SHRUG pc11_village_id", "disclaimer": "Decision Support — Requires Official Verification & Geotechnical Assessment" }, "geometry": { "type": "Point", "coordinates": [ 305439.528421919501852, 3362532.137979922816157 ] } },
{ "type": "Feature", "properties": { "village_id": 42703, "village_name": "Bhimali", "households": 66, "tot_pop": 286, "pop_male": 127, "pop_female": 159, "pop_sc": 20, "pop_st": 0, "shrid2": "11-05-058-00292-042703", "shrug_state_id": 5, "shrug_district_id": 58, "shrug_subdist_id": 292.0, "direct_zone_overlap": false, "hazard_zone_flag": 0, "hazard_zone_label": "Outside Candidate Hazard-Based Red Zone", "nearest_hazard_distance_m": 10457.3, "dist_to_nearest_redzone_m": 10457.3, "proximity_band": "Beyond 10 km", "nearest_zone_id": "RZ-250", "matched_zone_id": null, "matched_zone_label": null, "matched_zone_mh_score": null, "matched_zone_priority": null, "matched_zone_area_m2": null, "data_source": "Census PCA 2011 joined to SHRUG spatial bridge", "join_method": "Exact code-based join: Census Town/Village = SHRUG pc11_village_id", "disclaimer": "Decision Support — Requires Official Verification & Geotechnical Assessment" }, "geometry": { "type": "Point", "coordinates": [ 305953.513503116671927, 3360846.060363412834704 ] } },
{ "type": "Feature", "properties": { "village_id": 42704, "village_name": "Sisau", "households": 104, "tot_pop": 508, "pop_male": 250, "pop_female": 258, "pop_sc": 269, "pop_st": 0, "shrid2": "11-05-058-00292-042704", "shrug_state_id": 5, "shrug_district_id": 58, "shrug_subdist_id": 292.0, "direct_zone_overlap": false, "hazard_zone_flag": 0, "hazard_zone_label": "Outside Candidate Hazard-Based Red Zone", "nearest_hazard_distance_m": 11081.9, "dist_to_nearest_redzone_m": 11081.9, "proximity_band": "Beyond 10 km", "nearest_zone_id": "RZ-250", "matched_zone_id": null, "matched_zone_label": null, "matched_zone_mh_score": null, "matched_zone_priority": null, "matched_zone_area_m2": null, "data_source": "Census PCA 2011 joined to SHRUG spatial bridge", "join_method": "Exact code-based join: Census Town/Village = SHRUG pc11_village_id", "disclaimer": "Decision Support — Requires Official Verification & Geotechnical Assessment" }, "geometry": { "type": "Point", "coordinates": [ 306790.368448995286599, 3361256.679513197857887 ] } },
{ "type": "Feature", "properties": { "village_id": 42705, "village_name": "Mar Gaon", "households": 38, "tot_pop": 259, "pop_male": 129, "pop_female": 130, "pop_sc": 0, "pop_st": 0, "shrid2": "11-05-058-00292-042705", "shrug_state_id": 5, "shrug_district_id": 58, "shrug_subdist_id": 292.0, "direct_zone_overlap": false, "hazard_zone_flag": 0, "hazard_zone_label": "Outside Candidate Hazard-Based Red Zone", "nearest_hazard_distance_m": 12603.4, "dist_to_nearest_redzone_m": 12603.4, "proximity_band": "Beyond 10 km", "nearest_zone_id": "RZ-250", "matched_zone_id": null, "matched_zone_label": null, "matched_zone_mh_score": null, "matched_zone_priority": null, "matched_zone_area_m2": null, "data_source": "Census PCA 2011 joined to SHRUG spatial bridge", "join_method": "Exact code-based join: Census Town/Village = SHRUG pc11_village_id", "disclaimer": "Decision Support — Requires Official Verification & Geotechnical Assessment" }, "geometry": { "type": "Point", "coordinates": [ 306760.592677417560481, 3362852.730529417283833 ] } },
{ "type": "Feature", "properties": { "village_id": 42706, "village_name": "Kumari", "households": 245, "tot_pop": 1092, "pop_male": 498, "pop_female": 594, "pop_sc": 181, "pop_st": 0, "shrid2": "11-05-058-00292-042706", "shrug_state_id": 5, "shrug_district_id": 58, "shrug_subdist_id": 292.0, "direct_zone_overlap": false, "hazard_zone_flag": 0, "hazard_zone_label": "Outside Candidate Hazard-Based Red Zone", "nearest_hazard_distance_m": 12696.7, "dist_to_nearest_redzone_m": 12696.7, "proximity_band": "Beyond 10 km", "nearest_zone_id": "RZ-153", "matched_zone_id": null, "matched_zone_label": null, "matched_zone_mh_score": null, "matched_zone_priority": null, "matched_zone_area_m2": null, "data_source": "Census PCA 2011 joined to SHRUG spatial bridge", "join_method": "Exact code-based join: Census Town/Village = SHRUG pc11_village_id", "disclaimer": "Decision Support — Requires Official Verification & Geotechnical Assessment" }, "geometry": { "type": "Point", "coordinates": [ 307981.275939921208192, 3363445.588133454322815 ] } },
{ "type": "Feature", "properties": { "village_id": 42707, "village_name": "Phalati", "households": 88, "tot_pop": 381, "pop_male": 179, "pop_female": 202, "pop_sc": 200, "pop_st": 0, "shrid2": "11-05-058-00292-042707", "shrug_state_id": 5, "shrug_district_id": 58, "shrug_subdist_id": 292.0, "direct_zone_overlap": false, "hazard_zone_flag": 0, "hazard_zone_label": "Outside Candidate Hazard-Based Red Zone", "nearest_hazard_distance_m": 11825.8, "dist_to_nearest_redzone_m": 11825.8, "proximity_band": "Beyond 10 km", "nearest_zone_id": "RZ-153", "matched_zone_id": null, "matched_zone_label": null, "matched_zone_mh_score": null, "matched_zone_priority": null, "matched_zone_area_m2": null, "data_source": "Census PCA 2011 joined to SHRUG spatial bridge", "join_method": "Exact code-based join: Census Town/Village = SHRUG pc11_village_id", "disclaimer": "Decision Support — Requires Official Verification & Geotechnical Assessment" }, "geometry": { "type": "Point", "coordinates": [ 308914.895258384989575, 3363573.05488872108981 ] } },
{ "type": "Feature", "properties": { "village_id": 42708, "village_name": "Chaka", "households": 188, "tot_pop": 784, "pop_male": 381, "pop_female": 403, "pop_sc": 162, "pop_st": 0, "shrid2": "11-05-058-00292-042708", "shrug_state_id": 5, "shrug_district_id": 58, "shrug_subdist_id": 292.0, "direct_zone_overlap": false, "hazard_zone_flag": 0, "hazard_zone_label": "Outside Candidate Hazard-Based Red Zone", "nearest_hazard_distance_m": 10828.0, "dist_to_nearest_redzone_m": 10828.0, "proximity_band": "Beyond 10 km", "nearest_zone_id": "RZ-153", "matched_zone_id": null, "matched_zone_label": null, "matched_zone_mh_score": null, "matched_zone_priority": null, "matched_zone_area_m2": null, "data_source": "Census PCA 2011 joined to SHRUG spatial bridge", "join_method": "Exact code-based join: Census Town/Village = SHRUG pc11_village_id", "disclaimer": "Decision Support — Requires Official Verification & Geotechnical Assessment" }, "geometry": { "type": "Point", "coordinates": [ 309940.610285777365789, 3363813.736774445977062 ] } },
{ "type": "Feature", "properties": { "village_id": 42709, "village_name": "Dhariyaj", "households": 74, "tot_pop": 347, "pop_male": 148, "pop_female": 199, "pop_sc": 0, "pop_st": 0, "shrid2": "11-05-058-00292-042709", "shrug_state_id": 5, "shrug_district_id": 58, "shrug_subdist_id": 292.0, "direct_zone_overlap": false, "hazard_zone_flag": 0, "hazard_zone_label": "Outside Candidate Hazard-Based Red Zone", "nearest_hazard_distance_m": 12254.2, "dist_to_nearest_redzone_m": 12254.2, "proximity_band": "Beyond 10 km", "nearest_zone_id": "RZ-070", "matched_zone_id": null, "matched_zone_label": null, "matched_zone_mh_score": null, "matched_zone_priority": null, "matched_zone_area_m2": null, "data_source": "Census PCA 2011 joined to SHRUG spatial bridge", "join_method": "Exact code-based join: Census Town/Village = SHRUG pc11_village_id", "disclaimer": "Decision Support — Requires Official Verification & Geotechnical Assessment" }, "geometry": { "type": "Point", "coordinates": [ 305535.9731700043194, 3366972.564247028902173 ] } },
{ "type": "Feature", "properties": { "village_id": 42710, "village_name": "Kirora Talla", "households": 78, "tot_pop": 350, "pop_male": 151, "pop_female": 199, "pop_sc": 219, "pop_st": 0, "shrid2": "11-05-058-00292-042710", "shrug_state_id": 5, "shrug_district_id": 58, "shrug_subdist_id": 292.0, "direct_zone_overlap": false, "hazard_zone_flag": 0, "hazard_zone_label": "Outside Candidate Hazard-Based Red Zone", "nearest_hazard_distance_m": 11794.1, "dist_to_nearest_redzone_m": 11794.1, "proximity_band": "Beyond 10 km", "nearest_zone_id": "RZ-070", "matched_zone_id": null, "matched_zone_label": null, "matched_zone_mh_score": null, "matched_zone_priority": null, "matched_zone_area_m2": null, "data_source": "Census PCA 2011 joined to SHRUG spatial bridge", "join_method": "Exact code-based join: Census Town/Village = SHRUG pc11_village_id", "disclaimer": "Decision Support — Requires Official Verification & Geotechnical Assessment" }, "geometry": { "type": "Point", "coordinates": [ 306922.325150260992814, 3367488.153872601222247 ] } },
{ "type": "Feature", "properties": { "village_id": 42711, "village_name": "Kirora Malla", "households": 103, "tot_pop": 473, "pop_male": 196, "pop_female": 277, "pop_sc": 0, "pop_st": 0, "shrid2": "11-05-058-00292-042711", "shrug_state_id": 5, "shrug_district_id": 58, "shrug_subdist_id": 292.0, "direct_zone_overlap": false, "hazard_zone_flag": 0, "hazard_zone_label": "Outside Candidate Hazard-Based Red Zone", "nearest_hazard_distance_m": 11468.2, "dist_to_nearest_redzone_m": 11468.2, "proximity_band": "Beyond 10 km", "nearest_zone_id": "RZ-153", "matched_zone_id": null, "matched_zone_label": null, "matched_zone_mh_score": null, "matched_zone_priority": null, "matched_zone_area_m2": null, "data_source": "Census PCA 2011 joined to SHRUG spatial bridge", "join_method": "Exact code-based join: Census Town/Village = SHRUG pc11_village_id", "disclaimer": "Decision Support — Requires Official Verification & Geotechnical Assessment" }, "geometry": { "type": "Point", "coordinates": [ 307721.930380904814228, 3367843.917368845548481 ] } },
{ "type": "Feature", "properties": { "village_id": 42712, "village_name": "Utarsu", "households": 114, "tot_pop": 499, "pop_male": 209, "pop_female": 290, "pop_sc": 104, "pop_st": 0, "shrid2": "11-05-058-00292-042712", "shrug_state_id": 5, "shrug_district_id": 58, "shrug_subdist_id": 292.0, "direct_zone_overlap": false, "hazard_zone_flag": 0, "hazard_zone_label": "Outside Candidate Hazard-Based Red Zone", "nearest_hazard_distance_m": 11104.2, "dist_to_nearest_redzone_m": 11104.2, "proximity_band": "Beyond 10 km", "nearest_zone_id": "RZ-153", "matched_zone_id": null, "matched_zone_label": null, "matched_zone_mh_score": null, "matched_zone_priority": null, "matched_zone_area_m2": null, "data_source": "Census PCA 2011 joined to SHRUG spatial bridge", "join_method": "Exact code-based join: Census Town/Village = SHRUG pc11_village_id", "disclaimer": "Decision Support — Requires Official Verification & Geotechnical Assessment" }, "geometry": { "type": "Point", "coordinates": [ 308259.479537063278258, 3367027.229841319378465 ] } },
{ "type": "Feature", "properties": { "village_id": 42713, "village_name": "Marora", "households": 62, "tot_pop": 275, "pop_male": 125, "pop_female": 150, "pop_sc": 17, "pop_st": 0, "shrid2": "11-05-058-00292-042713", "shrug_state_id": 5, "shrug_district_id": 58, "shrug_subdist_id": 292.0, "direct_zone_overlap": false, "hazard_zone_flag": 0, "hazard_zone_label": "Outside Candidate Hazard-Based Red Zone", "nearest_hazard_distance_m": 11586.7, "dist_to_nearest_redzone_m": 11586.7, "proximity_band": "Beyond 10 km", "nearest_zone_id": "RZ-153", "matched_zone_id": null, "matched_zone_label": null, "matched_zone_mh_score": null, "matched_zone_priority": null, "matched_zone_area_m2": null, "data_source": "Census PCA 2011 joined to SHRUG spatial bridge", "join_method": "Exact code-based join: Census Town/Village = SHRUG pc11_village_id", "disclaimer": "Decision Support — Requires Official Verification & Geotechnical Assessment" }, "geometry": { "type": "Point", "coordinates": [ 307873.637876620399766, 3366595.210834473837167 ] } },
{ "type": "Feature", "properties": { "village_id": 42714, "village_name": "Sem", "households": 76, "tot_pop": 291, "pop_male": 134, "pop_female": 157, "pop_sc": 3, "pop_st": 0, "shrid2": "11-05-058-00292-042714", "shrug_state_id": 5, "shrug_district_id": 58, "shrug_subdist_id": 292.0, "direct_zone_overlap": false, "hazard_zone_flag": 0, "hazard_zone_label": "Outside Candidate Hazard-Based Red Zone", "nearest_hazard_distance_m": 12182.4, "dist_to_nearest_redzone_m": 12182.4, "proximity_band": "Beyond 10 km", "nearest_zone_id": "RZ-153", "matched_zone_id": null, "matched_zone_label": null, "matched_zone_mh_score": null, "matched_zone_priority": null, "matched_zone_area_m2": null, "data_source": "Census PCA 2011 joined to SHRUG spatial bridge", "join_method": "Exact code-based join: Census Town/Village = SHRUG pc11_village_id", "disclaimer": "Decision Support — Requires Official Verification & Geotechnical Assessment" }, "geometry": { "type": "Point", "coordinates": [ 307327.212276272184681, 3366337.574866705574095 ] } },
{ "type": "Feature", "properties": { "village_id": 42715, "village_name": "Thati", "households": 88, "tot_pop": 371, "pop_male": 172, "pop_female": 199, "pop_sc": 195, "pop_st": 0, "shrid2": "11-05-058-00292-042715", "shrug_state_id": 5, "shrug_district_id": 58, "shrug_subdist_id": 292.0, "direct_zone_overlap": false, "hazard_zone_flag": 0, "hazard_zone_label": "Outside Candidate Hazard-Based Red Zone", "nearest_hazard_distance_m": 12511.7, "dist_to_nearest_redzone_m": 12511.7, "proximity_band": "Beyond 10 km", "nearest_zone_id": "RZ-070", "matched_zone_id": null, "matched_zone_label": null, "matched_zone_mh_score": null, "matched_zone_priority": null, "matched_zone_area_m2": null, "data_source": "Census PCA 2011 joined to SHRUG spatial bridge", "join_method": "Exact code-based join: Census Town/Village = SHRUG pc11_village_id", "disclaimer": "Decision Support — Requires Official Verification & Geotechnical Assessment" }, "geometry": { "type": "Point", "coordinates": [ 306621.561668676906265, 3366743.156399699859321 ] } },
{ "type": "Feature", "properties": { "village_id": 42716, "village_name": "Munnadewal", "households": 86, "tot_pop": 388, "pop_male": 189, "pop_female": 199, "pop_sc": 95, "pop_st": 0, "shrid2": "11-05-058-00292-042716", "shrug_state_id": 5, "shrug_district_id": 58, "shrug_subdist_id": 292.0, "direct_zone_overlap": false, "hazard_zone_flag": 0, "hazard_zone_label": "Outside Candidate Hazard-Based Red Zone", "nearest_hazard_distance_m": 12991.3, "dist_to_nearest_redzone_m": 12991.3, "proximity_band": "Beyond 10 km", "nearest_zone_id": "RZ-070", "matched_zone_id": null, "matched_zone_label": null, "matched_zone_mh_score": null, "matched_zone_priority": null, "matched_zone_area_m2": null, "data_source": "Census PCA 2011 joined to SHRUG spatial bridge", "join_method": "Exact code-based join: Census Town/Village = SHRUG pc11_village_id", "disclaimer": "Decision Support — Requires Official Verification & Geotechnical Assessment" }, "geometry": { "type": "Point", "coordinates": [ 306111.330323877977207, 3366239.009951710700989 ] } },
{ "type": "Feature", "properties": { "village_id": 42717, "village_name": "Jakholi", "households": 296, "tot_pop": 1435, "pop_male": 682, "pop_female": 753, "pop_sc": 282, "pop_st": 0, "shrid2": "11-05-058-00292-042717", "shrug_state_id": 5, "shrug_district_id": 58, "shrug_subdist_id": 292.0, "direct_zone_overlap": false, "hazard_zone_flag": 0, "hazard_zone_label": "Outside Candidate Hazard-Based Red Zone", "nearest_hazard_distance_m": 13926.4, "dist_to_nearest_redzone_m": 13926.4, "proximity_band": "Beyond 10 km", "nearest_zone_id": "RZ-070", "matched_zone_id": null, "matched_zone_label": null, "matched_zone_mh_score": null, "matched_zone_priority": null, "matched_zone_area_m2": null, "data_source": "Census PCA 2011 joined to SHRUG spatial bridge", "join_method": "Exact code-based join: Census Town/Village = SHRUG pc11_village_id", "disclaimer": "Decision Support — Requires Official Verification & Geotechnical Assessment" }, "geometry": { "type": "Point", "coordinates": [ 305664.862118581891991, 3365299.41448046406731 ] } },
{ "type": "Feature", "properties": { "village_id": 42718, "village_name": "Dangwal Gaon", "households": 98, "tot_pop": 495, "pop_male": 250, "pop_female": 245, "pop_sc": 35, "pop_st": 0, "shrid2": "11-05-058-00292-042718", "shrug_state_id": 5, "shrug_district_id": 58, "shrug_subdist_id": 292.0, "direct_zone_overlap": false, "hazard_zone_flag": 0, "hazard_zone_label": "Outside Candidate Hazard-Based Red Zone", "nearest_hazard_distance_m": 12904.0, "dist_to_nearest_redzone_m": 12904.0, "proximity_band": "Beyond 10 km", "nearest_zone_id": "RZ-153", "matched_zone_id": null, "matched_zone_label": null, "matched_zone_mh_score": null, "matched_zone_priority": null, "matched_zone_area_m2": null, "data_source": "Census PCA 2011 joined to SHRUG spatial bridge", "join_method": "Exact code-based join: Census Town/Village = SHRUG pc11_village_id", "disclaimer": "Decision Support — Requires Official Verification & Geotechnical Assessment" }, "geometry": { "type": "Point", "coordinates": [ 306799.815347010851838, 3365600.776746153831482 ] } },
{ "type": "Feature", "properties": { "village_id": 42719, "village_name": "Ghanat Gaon", "households": 74, "tot_pop": 375, "pop_male": 197, "pop_female": 178, "pop_sc": 43, "pop_st": 1, "shrid2": "11-05-058-00292-042719", "shrug_state_id": 5, "shrug_district_id": 58, "shrug_subdist_id": 292.0, "direct_zone_overlap": false, "hazard_zone_flag": 0, "hazard_zone_label": "Outside Candidate Hazard-Based Red Zone", "nearest_hazard_distance_m": 12670.0, "dist_to_nearest_redzone_m": 12670.0, "proximity_band": "Beyond 10 km", "nearest_zone_id": "RZ-153", "matched_zone_id": null, "matched_zone_label": null, "matched_zone_mh_score": null, "matched_zone_priority": null, "matched_zone_area_m2": null, "data_source": "Census PCA 2011 joined to SHRUG spatial bridge", "join_method": "Exact code-based join: Census Town/Village = SHRUG pc11_village_id", "disclaimer": "Decision Support — Requires Official Verification & Geotechnical Assessment" }, "geometry": { "type": "Point", "coordinates": [ 307314.91790987062268, 3364883.902300154790282 ] } },
{ "type": "Feature", "properties": { "village_id": 42720, "village_name": "Koti", "households": 57, "tot_pop": 262, "pop_male": 114, "pop_female": 148, "pop_sc": 0, "pop_st": 0, "shrid2": "11-05-058-00292-042720", "shrug_state_id": 5, "shrug_district_id": 58, "shrug_subdist_id": 292.0, "direct_zone_overlap": false, "hazard_zone_flag": 0, "hazard_zone_label": "Outside Candidate Hazard-Based Red Zone", "nearest_hazard_distance_m": 11841.9, "dist_to_nearest_redzone_m": 11841.9, "proximity_band": "Beyond 10 km", "nearest_zone_id": "RZ-153", "matched_zone_id": null, "matched_zone_label": null, "matched_zone_mh_score": null, "matched_zone_priority": null, "matched_zone_area_m2": null, "data_source": "Census PCA 2011 joined to SHRUG spatial bridge", "join_method": "Exact code-based join: Census Town/Village = SHRUG pc11_village_id", "disclaimer": "Decision Support — Requires Official Verification & Geotechnical Assessment" }, "geometry": { "type": "Point", "coordinates": [ 307919.20500542211812, 3365616.433361578267068 ] } },
{ "type": "Feature", "properties": { "village_id": 42721, "village_name": "Dovalya", "households": 48, "tot_pop": 214, "pop_male": 109, "pop_female": 105, "pop_sc": 0, "pop_st": 0, "shrid2": "11-05-058-00292-042721", "shrug_state_id": 5, "shrug_district_id": 58, "shrug_subdist_id": 292.0, "direct_zone_overlap": false, "hazard_zone_flag": 0, "hazard_zone_label": "Outside Candidate Hazard-Based Red Zone", "nearest_hazard_distance_m": 11093.2, "dist_to_nearest_redzone_m": 11093.2, "proximity_band": "Beyond 10 km", "nearest_zone_id": "RZ-153", "matched_zone_id": null, "matched_zone_label": null, "matched_zone_mh_score": null, "matched_zone_priority": null, "matched_zone_area_m2": null, "data_source": "Census PCA 2011 joined to SHRUG spatial bridge", "join_method": "Exact code-based join: Census Town/Village = SHRUG pc11_village_id", "disclaimer": "Decision Support — Requires Official Verification & Geotechnical Assessment" }, "geometry": { "type": "Point", "coordinates": [ 308596.807531560305506, 3365944.276856413111091 ] } },
{ "type": "Feature", "properties": { "village_id": 42722, "village_name": "Basta", "households": 161, "tot_pop": 652, "pop_male": 293, "pop_female": 359, "pop_sc": 70, "pop_st": 0, "shrid2": "11-05-058-00292-042722", "shrug_state_id": 5, "shrug_district_id": 58, "shrug_subdist_id": 292.0, "direct_zone_overlap": false, "hazard_zone_flag": 0, "hazard_zone_label": "Outside Candidate Hazard-Based Red Zone", "nearest_hazard_distance_m": 10478.2, "dist_to_nearest_redzone_m": 10478.2, "proximity_band": "Beyond 10 km", "nearest_zone_id": "RZ-153", "matched_zone_id": null, "matched_zone_label": null, "matched_zone_mh_score": null, "matched_zone_priority": null, "matched_zone_area_m2": null, "data_source": "Census PCA 2011 joined to SHRUG spatial bridge", "join_method": "Exact code-based join: Census Town/Village = SHRUG pc11_village_id", "disclaimer": "Decision Support — Requires Official Verification & Geotechnical Assessment" }, "geometry": { "type": "Point", "coordinates": [ 309045.657813349505886, 3366539.20465773018077 ] } },
{ "type": "Feature", "properties": { "village_id": 42723, "village_name": "Dobh", "households": 107, "tot_pop": 472, "pop_male": 184, "pop_female": 288, "pop_sc": 0, "pop_st": 0, "shrid2": "11-05-058-00292-042723", "shrug_state_id": 5, "shrug_district_id": 58, "shrug_subdist_id": 292.0, "direct_zone_overlap": false, "hazard_zone_flag": 0, "hazard_zone_label": "Outside Candidate Hazard-Based Red Zone", "nearest_hazard_distance_m": 8459.8, "dist_to_nearest_redzone_m": 8459.8, "proximity_band": "5 km to 10 km", "nearest_zone_id": "RZ-153", "matched_zone_id": null, "matched_zone_label": null, "matched_zone_mh_score": null, "matched_zone_priority": null, "matched_zone_area_m2": null, "data_source": "Census PCA 2011 joined to SHRUG spatial bridge", "join_method": "Exact code-based join: Census Town/Village = SHRUG pc11_village_id", "disclaimer": "Decision Support — Requires Official Verification & Geotechnical Assessment" }, "geometry": { "type": "Point", "coordinates": [ 310823.253288290579803, 3367675.451442576013505 ] } },
{ "type": "Feature", "properties": { "village_id": 42724, "village_name": "Kuri Aduli", "households": 119, "tot_pop": 576, "pop_male": 275, "pop_female": 301, "pop_sc": 79, "pop_st": 0, "shrid2": "11-05-058-00292-042724", "shrug_state_id": 5, "shrug_district_id": 58, "shrug_subdist_id": 292.0, "direct_zone_overlap": false, "hazard_zone_flag": 0, "hazard_zone_label": "Outside Candidate Hazard-Based Red Zone", "nearest_hazard_distance_m": 7556.8, "dist_to_nearest_redzone_m": 7556.8, "proximity_band": "5 km to 10 km", "nearest_zone_id": "RZ-153", "matched_zone_id": null, "matched_zone_label": null, "matched_zone_mh_score": null, "matched_zone_priority": null, "matched_zone_area_m2": null, "data_source": "Census PCA 2011 joined to SHRUG spatial bridge", "join_method": "Exact code-based join: Census Town/Village = SHRUG pc11_village_id", "disclaimer": "Decision Support — Requires Official Verification & Geotechnical Assessment" }, "geometry": { "type": "Point", "coordinates": [ 311699.149806984118186, 3367895.478964036330581 ] } },
{ "type": "Feature", "properties": { "village_id": 42725, "village_name": "Lukhundri", "households": 9, "tot_pop": 40, "pop_male": 19, "pop_female": 21, "pop_sc": 23, "pop_st": 0, "shrid2": "11-05-058-00292-042725", "shrug_state_id": 5, "shrug_district_id": 58, "shrug_subdist_id": 292.0, "direct_zone_overlap": false, "hazard_zone_flag": 0, "hazard_zone_label": "Outside Candidate Hazard-Based Red Zone", "nearest_hazard_distance_m": 9773.8, "dist_to_nearest_redzone_m": 9773.8, "proximity_band": "5 km to 10 km", "nearest_zone_id": "RZ-153", "matched_zone_id": null, "matched_zone_label": null, "matched_zone_mh_score": null, "matched_zone_priority": null, "matched_zone_area_m2": null, "data_source": "Census PCA 2011 joined to SHRUG spatial bridge", "join_method": "Exact code-based join: Census Town/Village = SHRUG pc11_village_id", "disclaimer": "Decision Support — Requires Official Verification & Geotechnical Assessment" }, "geometry": { "type": "Point", "coordinates": [ 309949.138283300620969, 3366095.872806257102638 ] } },
{ "type": "Feature", "properties": { "village_id": 42726, "village_name": "Jakhanyal Gaon", "households": 43, "tot_pop": 185, "pop_male": 76, "pop_female": 109, "pop_sc": 35, "pop_st": 0, "shrid2": "11-05-058-00292-042726", "shrug_state_id": 5, "shrug_district_id": 58, "shrug_subdist_id": 292.0, "direct_zone_overlap": false, "hazard_zone_flag": 0, "hazard_zone_label": "Outside Candidate Hazard-Based Red Zone", "nearest_hazard_distance_m": 10668.6, "dist_to_nearest_redzone_m": 10668.6, "proximity_band": "Beyond 10 km", "nearest_zone_id": "RZ-153", "matched_zone_id": null, "matched_zone_label": null, "matched_zone_mh_score": null, "matched_zone_priority": null, "matched_zone_area_m2": null, "data_source": "Census PCA 2011 joined to SHRUG spatial bridge", "join_method": "Exact code-based join: Census Town/Village = SHRUG pc11_village_id", "disclaimer": "Decision Support — Requires Official Verification & Geotechnical Assessment" }, "geometry": { "type": "Point", "coordinates": [ 309244.291727932926733, 3365458.262157696764916 ] } },
{ "type": "Feature", "properties": { "village_id": 42727, "village_name": "Gair Sera", "households": 1, "tot_pop": 3, "pop_male": 1, "pop_female": 2, "pop_sc": 0, "pop_st": 0, "shrid2": "11-05-058-00292-042727", "shrug_state_id": 5, "shrug_district_id": 58, "shrug_subdist_id": 292.0, "direct_zone_overlap": false, "hazard_zone_flag": 0, "hazard_zone_label": "Outside Candidate Hazard-Based Red Zone", "nearest_hazard_distance_m": 10848.9, "dist_to_nearest_redzone_m": 10848.9, "proximity_band": "Beyond 10 km", "nearest_zone_id": "RZ-153", "matched_zone_id": null, "matched_zone_label": null, "matched_zone_mh_score": null, "matched_zone_priority": null, "matched_zone_area_m2": null, "data_source": "Census PCA 2011 joined to SHRUG spatial bridge", "join_method": "Exact code-based join: Census Town/Village = SHRUG pc11_village_id", "disclaimer": "Decision Support — Requires Official Verification & Geotechnical Assessment" }, "geometry": { "type": "Point", "coordinates": [ 309272.127901450905483, 3364963.012457191944122 ] } },
{ "type": "Feature", "properties": { "village_id": 42728, "village_name": "Patiyon", "households": 21, "tot_pop": 104, "pop_male": 50, "pop_female": 54, "pop_sc": 0, "pop_st": 0, "shrid2": "11-05-058-00292-042728", "shrug_state_id": 5, "shrug_district_id": 58, "shrug_subdist_id": 292.0, "direct_zone_overlap": false, "hazard_zone_flag": 0, "hazard_zone_label": "Outside Candidate Hazard-Based Red Zone", "nearest_hazard_distance_m": 10183.8, "dist_to_nearest_redzone_m": 10183.8, "proximity_band": "Beyond 10 km", "nearest_zone_id": "RZ-153", "matched_zone_id": null, "matched_zone_label": null, "matched_zone_mh_score": null, "matched_zone_priority": null, "matched_zone_area_m2": null, "data_source": "Census PCA 2011 joined to SHRUG spatial bridge", "join_method": "Exact code-based join: Census Town/Village = SHRUG pc11_village_id", "disclaimer": "Decision Support — Requires Official Verification & Geotechnical Assessment" }, "geometry": { "type": "Point", "coordinates": [ 310270.853920608351473, 3364505.092849262524396 ] } },
{ "type": "Feature", "properties": { "village_id": 42729, "village_name": "Khor", "households": 107, "tot_pop": 487, "pop_male": 222, "pop_female": 265, "pop_sc": 0, "pop_st": 0, "shrid2": "11-05-058-00292-042729", "shrug_state_id": 5, "shrug_district_id": 58, "shrug_subdist_id": 292.0, "direct_zone_overlap": false, "hazard_zone_flag": 0, "hazard_zone_label": "Outside Candidate Hazard-Based Red Zone", "nearest_hazard_distance_m": 3493.4, "dist_to_nearest_redzone_m": 3493.4, "proximity_band": "2 km to 5 km", "nearest_zone_id": "RZ-070", "matched_zone_id": null, "matched_zone_label": null, "matched_zone_mh_score": null, "matched_zone_priority": null, "matched_zone_area_m2": null, "data_source": "Census PCA 2011 joined to SHRUG spatial bridge", "join_method": "Exact code-based join: Census Town/Village = SHRUG pc11_village_id", "disclaimer": "Decision Support — Requires Official Verification & Geotechnical Assessment" }, "geometry": { "type": "Point", "coordinates": [ 306398.765363977756351, 3375789.447922891937196 ] } },
{ "type": "Feature", "properties": { "village_id": 42730, "village_name": "Dangi", "households": 60, "tot_pop": 224, "pop_male": 101, "pop_female": 123, "pop_sc": 0, "pop_st": 0, "shrid2": "11-05-058-00292-042730", "shrug_state_id": 5, "shrug_district_id": 58, "shrug_subdist_id": 292.0, "direct_zone_overlap": false, "hazard_zone_flag": 0, "hazard_zone_label": "Outside Candidate Hazard-Based Red Zone", "nearest_hazard_distance_m": 4142.2, "dist_to_nearest_redzone_m": 4142.2, "proximity_band": "2 km to 5 km", "nearest_zone_id": "RZ-070", "matched_zone_id": null, "matched_zone_label": null, "matched_zone_mh_score": null, "matched_zone_priority": null, "matched_zone_area_m2": null, "data_source": "Census PCA 2011 joined to SHRUG spatial bridge", "join_method": "Exact code-based join: Census Town/Village = SHRUG pc11_village_id", "disclaimer": "Decision Support — Requires Official Verification & Geotechnical Assessment" }, "geometry": { "type": "Point", "coordinates": [ 307140.886241680651437, 3375317.028887669090182 ] } },
{ "type": "Feature", "properties": { "village_id": 42731, "village_name": "Bag Seer", "households": 128, "tot_pop": 634, "pop_male": 295, "pop_female": 339, "pop_sc": 310, "pop_st": 0, "shrid2": "11-05-058-00292-042731", "shrug_state_id": 5, "shrug_district_id": 58, "shrug_subdist_id": 292.0, "direct_zone_overlap": false, "hazard_zone_flag": 0, "hazard_zone_label": "Outside Candidate Hazard-Based Red Zone", "nearest_hazard_distance_m": 5059.0, "dist_to_nearest_redzone_m": 5059.0, "proximity_band": "5 km to 10 km", "nearest_zone_id": "RZ-070", "matched_zone_id": null, "matched_zone_label": null, "matched_zone_mh_score": null, "matched_zone_priority": null, "matched_zone_area_m2": null, "data_source": "Census PCA 2011 joined to SHRUG spatial bridge", "join_method": "Exact code-based join: Census Town/Village = SHRUG pc11_village_id", "disclaimer": "Decision Support — Requires Official Verification & Geotechnical Assessment" }, "geometry": { "type": "Point", "coordinates": [ 307670.901248550741002, 3374537.453487201128155 ] } },
{ "type": "Feature", "properties": { "village_id": 42732, "village_name": "Bhunal Gaon", "households": 187, "tot_pop": 1045, "pop_male": 542, "pop_female": 503, "pop_sc": 511, "pop_st": 0, "shrid2": "11-05-058-00292-042732", "shrug_state_id": 5, "shrug_district_id": 58, "shrug_subdist_id": 292.0, "direct_zone_overlap": false, "hazard_zone_flag": 0, "hazard_zone_label": "Outside Candidate Hazard-Based Red Zone", "nearest_hazard_distance_m": 5351.4, "dist_to_nearest_redzone_m": 5351.4, "proximity_band": "5 km to 10 km", "nearest_zone_id": "RZ-070", "matched_zone_id": null, "matched_zone_label": null, "matched_zone_mh_score": null, "matched_zone_priority": null, "matched_zone_area_m2": null, "data_source": "Census PCA 2011 joined to SHRUG spatial bridge", "join_method": "Exact code-based join: Census Town/Village = SHRUG pc11_village_id", "disclaimer": "Decision Support — Requires Official Verification & Geotechnical Assessment" }, "geometry": { "type": "Point", "coordinates": [ 306844.606643871637061, 3373983.403491416014731 ] } },
{ "type": "Feature", "properties": { "village_id": 42733, "village_name": "Mathya Gaon", "households": 75, "tot_pop": 344, "pop_male": 184, "pop_female": 160, "pop_sc": 6, "pop_st": 9, "shrid2": "11-05-058-00292-042733", "shrug_state_id": 5, "shrug_district_id": 58, "shrug_subdist_id": 292.0, "direct_zone_overlap": false, "hazard_zone_flag": 0, "hazard_zone_label": "Outside Candidate Hazard-Based Red Zone", "nearest_hazard_distance_m": 6164.7, "dist_to_nearest_redzone_m": 6164.7, "proximity_band": "5 km to 10 km", "nearest_zone_id": "RZ-070", "matched_zone_id": null, "matched_zone_label": null, "matched_zone_mh_score": null, "matched_zone_priority": null, "matched_zone_area_m2": null, "data_source": "Census PCA 2011 joined to SHRUG spatial bridge", "join_method": "Exact code-based join: Census Town/Village = SHRUG pc11_village_id", "disclaimer": "Decision Support — Requires Official Verification & Geotechnical Assessment" }, "geometry": { "type": "Point", "coordinates": [ 308136.873293921002187, 3373533.557527917437255 ] } },
{ "type": "Feature", "properties": { "village_id": 42734, "village_name": "Uchhola", "households": 177, "tot_pop": 1044, "pop_male": 463, "pop_female": 581, "pop_sc": 380, "pop_st": 1, "shrid2": "11-05-058-00292-042734", "shrug_state_id": 5, "shrug_district_id": 58, "shrug_subdist_id": 292.0, "direct_zone_overlap": false, "hazard_zone_flag": 0, "hazard_zone_label": "Outside Candidate Hazard-Based Red Zone", "nearest_hazard_distance_m": 7871.4, "dist_to_nearest_redzone_m": 7871.4, "proximity_band": "5 km to 10 km", "nearest_zone_id": "RZ-070", "matched_zone_id": null, "matched_zone_label": null, "matched_zone_mh_score": null, "matched_zone_priority": null, "matched_zone_area_m2": null, "data_source": "Census PCA 2011 joined to SHRUG spatial bridge", "join_method": "Exact code-based join: Census Town/Village = SHRUG pc11_village_id", "disclaimer": "Decision Support — Requires Official Verification & Geotechnical Assessment" }, "geometry": { "type": "Point", "coordinates": [ 309474.339128666964825, 3372280.46989188157022 ] } },
{ "type": "Feature", "properties": { "village_id": 42735, "village_name": "Syur", "households": 272, "tot_pop": 1387, "pop_male": 688, "pop_female": 699, "pop_sc": 278, "pop_st": 0, "shrid2": "11-05-058-00292-042735", "shrug_state_id": 5, "shrug_district_id": 58, "shrug_subdist_id": 292.0, "direct_zone_overlap": false, "hazard_zone_flag": 0, "hazard_zone_label": "Outside Candidate Hazard-Based Red Zone", "nearest_hazard_distance_m": 8606.6, "dist_to_nearest_redzone_m": 8606.6, "proximity_band": "5 km to 10 km", "nearest_zone_id": "RZ-153", "matched_zone_id": null, "matched_zone_label": null, "matched_zone_mh_score": null, "matched_zone_priority": null, "matched_zone_area_m2": null, "data_source": "Census PCA 2011 joined to SHRUG spatial bridge", "join_method": "Exact code-based join: Census Town/Village = SHRUG pc11_village_id", "disclaimer": "Decision Support — Requires Official Verification & Geotechnical Assessment" }, "geometry": { "type": "Point", "coordinates": [ 310437.778664547309745, 3369893.587093872949481 ] } },
{ "type": "Feature", "properties": { "village_id": 42736, "village_name": "Kimana", "households": 80, "tot_pop": 262, "pop_male": 97, "pop_female": 165, "pop_sc": 9, "pop_st": 0, "shrid2": "11-05-058-00292-042736", "shrug_state_id": 5, "shrug_district_id": 58, "shrug_subdist_id": 292.0, "direct_zone_overlap": false, "hazard_zone_flag": 0, "hazard_zone_label": "Outside Candidate Hazard-Based Red Zone", "nearest_hazard_distance_m": 6942.2, "dist_to_nearest_redzone_m": 6942.2, "proximity_band": "5 km to 10 km", "nearest_zone_id": "RZ-153", "matched_zone_id": null, "matched_zone_label": null, "matched_zone_mh_score": null, "matched_zone_priority": null, "matched_zone_area_m2": null, "data_source": "Census PCA 2011 joined to SHRUG spatial bridge", "join_method": "Exact code-based join: Census Town/Village = SHRUG pc11_village_id", "disclaimer": "Decision Support — Requires Official Verification & Geotechnical Assessment" }, "geometry": { "type": "Point", "coordinates": [ 312110.650806103250943, 3369298.742287817411125 ] } },
{ "type": "Feature", "properties": { "village_id": 42737, "village_name": "Dankot", "households": 91, "tot_pop": 451, "pop_male": 244, "pop_female": 207, "pop_sc": 267, "pop_st": 0, "shrid2": "11-05-058-00292-042737", "shrug_state_id": 5, "shrug_district_id": 58, "shrug_subdist_id": 292.0, "direct_zone_overlap": false, "hazard_zone_flag": 0, "hazard_zone_label": "Outside Candidate Hazard-Based Red Zone", "nearest_hazard_distance_m": 5821.4, "dist_to_nearest_redzone_m": 5821.4, "proximity_band": "5 km to 10 km", "nearest_zone_id": "RZ-153", "matched_zone_id": null, "matched_zone_label": null, "matched_zone_mh_score": null, "matched_zone_priority": null, "matched_zone_area_m2": null, "data_source": "Census PCA 2011 joined to SHRUG spatial bridge", "join_method": "Exact code-based join: Census Town/Village = SHRUG pc11_village_id", "disclaimer": "Decision Support — Requires Official Verification & Geotechnical Assessment" }, "geometry": { "type": "Point", "coordinates": [ 313321.707521967415232, 3368601.153700233902782 ] } },
{ "type": "Feature", "properties": { "village_id": 42738, "village_name": "Arkhund", "households": 173, "tot_pop": 833, "pop_male": 401, "pop_female": 432, "pop_sc": 118, "pop_st": 0, "shrid2": "11-05-058-00292-042738", "shrug_state_id": 5, "shrug_district_id": 58, "shrug_subdist_id": 292.0, "direct_zone_overlap": false, "hazard_zone_flag": 0, "hazard_zone_label": "Outside Candidate Hazard-Based Red Zone", "nearest_hazard_distance_m": 4845.3, "dist_to_nearest_redzone_m": 4845.3, "proximity_band": "2 km to 5 km", "nearest_zone_id": "RZ-153", "matched_zone_id": null, "matched_zone_label": null, "matched_zone_mh_score": null, "matched_zone_priority": null, "matched_zone_area_m2": null, "data_source": "Census PCA 2011 joined to SHRUG spatial bridge", "join_method": "Exact code-based join: Census Town/Village = SHRUG pc11_village_id", "disclaimer": "Decision Support — Requires Official Verification & Geotechnical Assessment" }, "geometry": { "type": "Point", "coordinates": [ 314717.114982016442809, 3367495.365833079908043 ] } },
{ "type": "Feature", "properties": { "village_id": 42739, "village_name": "Rayari", "households": 176, "tot_pop": 761, "pop_male": 375, "pop_female": 386, "pop_sc": 161, "pop_st": 0, "shrid2": "11-05-058-00292-042739", "shrug_state_id": 5, "shrug_district_id": 58, "shrug_subdist_id": 292.0, "direct_zone_overlap": false, "hazard_zone_flag": 0, "hazard_zone_label": "Outside Candidate Hazard-Based Red Zone", "nearest_hazard_distance_m": 5878.9, "dist_to_nearest_redzone_m": 5878.9, "proximity_band": "5 km to 10 km", "nearest_zone_id": "RZ-153", "matched_zone_id": null, "matched_zone_label": null, "matched_zone_mh_score": null, "matched_zone_priority": null, "matched_zone_area_m2": null, "data_source": "Census PCA 2011 joined to SHRUG spatial bridge", "join_method": "Exact code-based join: Census Town/Village = SHRUG pc11_village_id", "disclaimer": "Decision Support — Requires Official Verification & Geotechnical Assessment" }, "geometry": { "type": "Point", "coordinates": [ 313877.435983560746536, 3366871.233712257351726 ] } },
{ "type": "Feature", "properties": { "village_id": 42740, "village_name": "Thapala", "households": 24, "tot_pop": 136, "pop_male": 70, "pop_female": 66, "pop_sc": 0, "pop_st": 0, "shrid2": "11-05-058-00292-042740", "shrug_state_id": 5, "shrug_district_id": 58, "shrug_subdist_id": 292.0, "direct_zone_overlap": false, "hazard_zone_flag": 0, "hazard_zone_label": "Outside Candidate Hazard-Based Red Zone", "nearest_hazard_distance_m": 11128.0, "dist_to_nearest_redzone_m": 11128.0, "proximity_band": "Beyond 10 km", "nearest_zone_id": "RZ-250", "matched_zone_id": null, "matched_zone_label": null, "matched_zone_mh_score": null, "matched_zone_priority": null, "matched_zone_area_m2": null, "data_source": "Census PCA 2011 joined to SHRUG spatial bridge", "join_method": "Exact code-based join: Census Town/Village = SHRUG pc11_village_id", "disclaimer": "Decision Support — Requires Official Verification & Geotechnical Assessment" }, "geometry": { "type": "Point", "coordinates": [ 297649.549621206708252, 3360239.138135008979589 ] } }
]
}
