{
"type": "FeatureCollection",
"name": "arterial_roads",
"crs": { "type": "name", "properties": { "name": "urn:ogc:def:crs:OGC:1.3:CRS84" } },
"features": [
{ "type": "Feature", "properties": { "osm_id": 27283338, "highway": "trunk", "name": null, "name_en": null, "ref": "NH109K", "surface": "asphalt", "maxspeed": null, "oneway": "no", "access": "yes", "motor_vehicle": null, "bridge": "no", "tunnel": "no", "smoothness": null, "tracktype": null, "lanes": null, "layer": "0", "length_m": 4762.75, "assumed_speed_kmh": 35.0, "travel_time_min": 8.1647, "is_vehicular": true, "is_arterial": true }, "geometry": { "type": "LineString", "coordinates": [ [ 79.2561699, 30.2236218 ], [ 79.2565822, 30.2241938 ], [ 79.2571902, 30.2251888 ], [ 79.257204900000019, 30.2252378 ], [ 79.2572984, 30.2254018 ], [ 79.25736, 30.2256987 ], [ 79.2574258, 30.2261514 ], [ 79.2574209, 30.2263347 ], [ 79.2575517, 30.2268333 ], [ 79.257618800000017, 30.2269213 ], [ 79.2576964, 30.2269793 ], [ 79.257836, 30.2270256 ], [ 79.2583493, 30.2271315 ], [ 79.2587325, 30.2271902 ], [ 79.2598672, 30.2275329 ], [ 79.2602143, 30.2275263 ], [ 79.260562800000017, 30.2275676 ], [ 79.261061, 30.2274888 ], [ 79.2619557, 30.2274955 ], [ 79.2631006, 30.2272395 ], [ 79.263319900000013, 30.2270299 ], [ 79.2640698, 30.226524 ], [ 79.264816, 30.226531 ], [ 79.2660318, 30.2268826 ], [ 79.2675834, 30.2270245 ], [ 79.2678386, 30.2270661 ], [ 79.2683273, 30.227043800000011 ], [ 79.2698125, 30.2268559 ], [ 79.2704186, 30.2265128 ], [ 79.2716016, 30.2250715 ], [ 79.272607, 30.2235078 ], [ 79.2730421, 30.2220897 ], [ 79.2732576, 30.2216717 ], [ 79.2733625, 30.2214778 ], [ 79.2734238, 30.2211666 ], [ 79.2734364, 30.2209912 ], [ 79.2734169, 30.2208722 ], [ 79.2733586, 30.2207474 ], [ 79.2733538, 30.2207041 ], [ 79.2733629, 30.2206672 ], [ 79.2736883, 30.2197492 ], [ 79.2737305, 30.2195923 ], [ 79.2737326, 30.2194418 ], [ 79.2736693, 30.2192313 ], [ 79.2734465, 30.2189696 ], [ 79.2734418, 30.21887850000001 ], [ 79.2735406, 30.2186647 ], [ 79.2737179, 30.2180619 ], [ 79.2745233, 30.2159856 ], [ 79.2746532, 30.2155632 ], [ 79.274794, 30.2153132 ], [ 79.2748941, 30.2150555 ], [ 79.2749518, 30.2148143 ], [ 79.2750161, 30.2144015 ], [ 79.275011500000019, 30.2142871 ], [ 79.2749537, 30.2138912 ], [ 79.2749407, 30.2136319 ], [ 79.2749653, 30.2135303 ], [ 79.2750365, 30.213380600000011 ], [ 79.2750461, 30.2132659 ], [ 79.2750192, 30.2131594 ], [ 79.2748737, 30.2129452 ], [ 79.274819, 30.2128401 ], [ 79.274819, 30.2127137 ], [ 79.2748075, 30.2126422 ], [ 79.2747728, 30.2125823 ], [ 79.2746766, 30.2124942 ], [ 79.2745996, 30.2124093 ], [ 79.2745576, 30.2122387 ], [ 79.2745305, 30.2120268 ], [ 79.274641, 30.211848 ], [ 79.275253800000016, 30.2115331 ], [ 79.2761492, 30.2103656 ], [ 79.2765071, 30.2097833 ], [ 79.2768442, 30.2091876 ], [ 79.276993, 30.2085198 ], [ 79.2770008, 30.2084771 ], [ 79.277018, 30.208396 ], [ 79.277107, 30.2078814 ], [ 79.2771196, 30.2077868 ], [ 79.2770423, 30.206817099999984 ], [ 79.2769357, 30.206478699999987 ], [ 79.2767195, 30.2062121 ], [ 79.2764897, 30.205733 ], [ 79.2762355, 30.2049646 ], [ 79.2761673, 30.2047943 ], [ 79.276022, 30.2042477 ], [ 79.2760376, 30.2040464 ], [ 79.276109, 30.2037954 ], [ 79.2762002, 30.2036073 ], [ 79.276521, 30.203197 ], [ 79.2771498, 30.2021446 ], [ 79.2774999, 30.2018105 ], [ 79.2775707, 30.2017002 ], [ 79.2776005, 30.2016016 ], [ 79.2776217, 30.201359 ], [ 79.27765, 30.2012901 ] ] } },
{ "type": "Feature", "properties": { "osm_id": 27283359, "highway": "trunk", "name": null, "name_en": null, "ref": "NH707A", "surface": "unknown", "maxspeed": null, "oneway": "no", "access": "yes", "motor_vehicle": null, "bridge": "no", "tunnel": "no", "smoothness": null, "tracktype": null, "lanes": null, "layer": "0", "length_m": 1744.22, "assumed_speed_kmh": 35.0, "travel_time_min": 2.9901, "is_vehicular": true, "is_arterial": true }, "geometry": { "type": "LineString", "coordinates": [ [ 78.700079, 30.2896468 ], [ 78.7001967, 30.289645 ], [ 78.7002893, 30.2896612 ], [ 78.7005267, 30.2897851 ], [ 78.700591, 30.2898222 ], [ 78.7007064, 30.2898268 ], [ 78.7009424, 30.2897087 ], [ 78.7009746, 30.289667 ], [ 78.7010148, 30.2895443 ], [ 78.7010577, 30.2894516 ], [ 78.7012026, 30.2892918 ], [ 78.7013635, 30.2892988 ], [ 78.7014547, 30.2893289 ], [ 78.7015727, 30.2893659 ], [ 78.701787300000021, 30.2894563 ], [ 78.7021011, 30.2897295 ], [ 78.702184300000013, 30.2898037 ], [ 78.7022808, 30.2898453 ], [ 78.702372, 30.2898662 ], [ 78.7025356, 30.2898685 ], [ 78.7026241, 30.2898477 ], [ 78.7027609, 30.2897434 ], [ 78.7028226, 30.2895883 ], [ 78.702916500000015, 30.2893057 ], [ 78.7029299, 30.2891853 ], [ 78.7028184, 30.2889871 ], [ 78.7027448, 30.2889212 ], [ 78.7027475, 30.2888541 ], [ 78.7028038, 30.2887707 ], [ 78.7029621, 30.2886665 ], [ 78.7037748, 30.2885553 ], [ 78.7039062, 30.2884627 ], [ 78.704035, 30.2882334 ], [ 78.7040859, 30.2881477 ], [ 78.7041262, 30.2881199 ], [ 78.70419320000002, 30.288106 ], [ 78.7044856, 30.2882704 ], [ 78.7045714, 30.288333 ], [ 78.7046412, 30.2883584 ], [ 78.7047377, 30.2883561 ], [ 78.704778, 30.2882843 ], [ 78.7047645, 30.2881569 ], [ 78.7046814, 30.2880041 ], [ 78.7046251, 30.2878883 ], [ 78.7046412, 30.2877701 ], [ 78.70475380000002, 30.2876358 ], [ 78.7048101, 30.2873671 ], [ 78.7050676, 30.2871286 ], [ 78.7052339, 30.2869827 ], [ 78.7053627, 30.2868252 ], [ 78.705427, 30.2866955 ], [ 78.7054807, 30.2865959 ], [ 78.7055531, 30.2864615 ], [ 78.7056819, 30.2863342 ], [ 78.7057731, 30.2862809 ], [ 78.7059152, 30.2861466 ], [ 78.7063765, 30.285498 ], [ 78.7065214, 30.2854471 ], [ 78.706626, 30.2853938 ], [ 78.7067842, 30.2853591 ], [ 78.7069264, 30.2853637 ], [ 78.7072402, 30.2854401 ], [ 78.7074038, 30.285322 ], [ 78.7074923, 30.2852873 ], [ 78.7077096, 30.2852641 ], [ 78.7079805, 30.2853429 ], [ 78.7080851, 30.285349799999988 ], [ 78.7082246, 30.285317400000011 ], [ 78.7082916, 30.285234 ], [ 78.7083131, 30.2850927 ], [ 78.7083346, 30.2849653 ], [ 78.7084016, 30.2847777 ], [ 78.7084445, 30.284743 ], [ 78.7086296, 30.2846712 ], [ 78.709276, 30.2845924 ], [ 78.7094182, 30.2845345 ], [ 78.7094879, 30.2844928 ], [ 78.70958450000002, 30.2844002 ], [ 78.7097079, 30.2840365 ], [ 78.7097713, 30.283994499999988 ], [ 78.7098929, 30.2839138 ], [ 78.7100726, 30.2838165 ], [ 78.7101907, 30.2837308 ], [ 78.7102228, 30.2836567 ], [ 78.7102173, 30.2834901 ], [ 78.7103548, 30.2830965 ], [ 78.7105991, 30.2827618 ], [ 78.7114221, 30.2825859 ], [ 78.7117088, 30.282621299999988 ] ] } },
{ "type": "Feature", "properties": { "osm_id": 27283361, "highway": "trunk", "name": null, "name_en": null, "ref": "NH707A", "surface": "unknown", "maxspeed": null, "oneway": "no", "access": "yes", "motor_vehicle": null, "bridge": "no", "tunnel": "no", "smoothness": null, "tracktype": null, "lanes": null, "layer": "0", "length_m": 2930.51, "assumed_speed_kmh": 35.0, "travel_time_min": 5.0237, "is_vehicular": true, "is_arterial": true }, "geometry": { "type": "LineString", "coordinates": [ [ 78.681398, 30.3010005 ], [ 78.6816101, 30.3009718 ], [ 78.6820596, 30.300751499999986 ], [ 78.6824075, 30.3004306 ], [ 78.6828954, 30.3003597 ], [ 78.6830977, 30.3004291 ], [ 78.6832186, 30.3004619 ], [ 78.6833069, 30.3004604 ], [ 78.6833712, 30.3004291 ], [ 78.683509, 30.3001652 ], [ 78.6836613, 30.299693 ], [ 78.6842018, 30.2990942 ], [ 78.6844532, 30.2989198 ], [ 78.6846756, 30.2987247 ], [ 78.6850749, 30.2985815 ], [ 78.6867754, 30.2981688 ], [ 78.6870003, 30.2980807 ], [ 78.6870834, 30.2980531 ], [ 78.6871612, 30.2980426 ], [ 78.6872417, 30.2980427 ], [ 78.6873396, 30.2980809 ], [ 78.6874831, 30.2980994 ], [ 78.6876723, 30.2980185 ], [ 78.6879976, 30.2979316 ], [ 78.6883732, 30.2978912 ], [ 78.6891529, 30.2980203 ], [ 78.6894706, 30.298224499999989 ], [ 78.689615500000016, 30.298309 ], [ 78.6896624, 30.2983206 ], [ 78.689716, 30.298316 ], [ 78.689775, 30.2982986 ], [ 78.6898276, 30.2982634 ], [ 78.6899614, 30.2980137 ], [ 78.6901577, 30.2979386 ], [ 78.690995, 30.2971069 ], [ 78.6911282, 30.2970005 ], [ 78.6914165, 30.2969716 ], [ 78.69164, 30.2970903 ], [ 78.691707, 30.2971532 ], [ 78.6918538, 30.2972923 ], [ 78.69195430000002, 30.2973259 ], [ 78.6920575, 30.2973016 ], [ 78.692085, 30.2972267 ], [ 78.6920412, 30.2970841 ], [ 78.6919168, 30.296909 ], [ 78.6918993, 30.2968129 ], [ 78.6919194, 30.2967122 ], [ 78.6920342, 30.296516100000012 ], [ 78.692261, 30.2961873 ], [ 78.6926813, 30.295689 ], [ 78.6927147, 30.2955519 ], [ 78.6927268, 30.2955126 ], [ 78.692759, 30.2954766 ], [ 78.6929655, 30.2953713 ], [ 78.6932015, 30.2953088 ], [ 78.6933046, 30.2952601 ], [ 78.6934108, 30.294993799999986 ], [ 78.6936843, 30.2948247 ], [ 78.6937303, 30.2946761 ], [ 78.6939639, 30.2944009 ], [ 78.694025, 30.2942064 ], [ 78.6939859, 30.2939676 ], [ 78.6939774, 30.293767 ], [ 78.6939043, 30.2935093 ], [ 78.693915, 30.2934456 ], [ 78.6939606, 30.293368 ], [ 78.694021, 30.2933286 ], [ 78.6940813, 30.293317 ], [ 78.69433, 30.293300399999985 ], [ 78.6947467, 30.293273 ], [ 78.6948913, 30.2932591 ], [ 78.6949825, 30.2931735 ], [ 78.6949772, 30.2929763 ], [ 78.6949772, 30.2926686 ], [ 78.695207700000012, 30.2924375 ], [ 78.6953617, 30.2923122 ], [ 78.696008600000013, 30.2922074 ], [ 78.6964769, 30.2923476 ], [ 78.6967287, 30.292481 ], [ 78.6968655, 30.2924856 ], [ 78.6969486, 30.2924301 ], [ 78.6969861, 30.2923721 ], [ 78.6969888, 30.2922957 ], [ 78.6969156, 30.2921405 ], [ 78.6966469, 30.2918636 ], [ 78.6962217, 30.2914735 ], [ 78.6962163, 30.2911655 ], [ 78.6963184, 30.2910444 ], [ 78.696455, 30.2909733 ], [ 78.696694, 30.2909627 ], [ 78.696903, 30.290957 ], [ 78.697131, 30.2908783 ], [ 78.6973911, 30.2908737 ], [ 78.6976389, 30.2909647 ], [ 78.6978461, 30.2910581 ], [ 78.6980644, 30.291103 ], [ 78.6982334, 30.2910497 ], [ 78.6983219, 30.2909015 ], [ 78.6983536, 30.290711 ], [ 78.6982897, 30.2904244 ], [ 78.6983836, 30.290273799999987 ], [ 78.6985204, 30.2902229 ], [ 78.6985968, 30.2902275 ], [ 78.6986575, 30.2902718 ], [ 78.698760900000011, 30.2904805 ], [ 78.6988168, 30.290673399999985 ], [ 78.6988758, 30.2907081 ], [ 78.6989455, 30.2907162 ], [ 78.6990045, 30.290693 ], [ 78.6990501, 30.2906432 ], [ 78.6991094, 30.2904536 ], [ 78.6991327, 30.2903614 ], [ 78.6991511, 30.289929 ], [ 78.6991748, 30.28985 ], [ 78.6992472, 30.289799 ], [ 78.6993706, 30.2897689 ], [ 78.6995465, 30.2898113 ], [ 78.6997756, 30.2898245 ], [ 78.700079, 30.2896468 ] ] } },
{ "type": "Feature", "properties": { "osm_id": 27283553, "highway": "trunk", "name": null, "name_en": null, "ref": "NH7", "surface": "unknown", "maxspeed": "50", "oneway": "no", "access": "yes", "motor_vehicle": null, "bridge": "yes", "tunnel": "no", "smoothness": null, "tracktype": null, "lanes": null, "layer": "1", "length_m": 142.61, "assumed_speed_kmh": 35.0, "travel_time_min": 0.2445, "is_vehicular": true, "is_arterial": true }, "geometry": { "type": "LineString", "coordinates": [ [ 78.7468653, 30.214177 ], [ 78.7466439, 30.213665 ], [ 78.7464217, 30.2129513 ] ] } },
{ "type": "Feature", "properties": { "osm_id": 37789623, "highway": "trunk", "name": null, "name_en": null, "ref": "NH7", "surface": "unknown", "maxspeed": "50", "oneway": "no", "access": "yes", "motor_vehicle": null, "bridge": "no", "tunnel": "no", "smoothness": null, "tracktype": null, "lanes": "2", "layer": "0", "length_m": 196.98, "assumed_speed_kmh": 35.0, "travel_time_min": 0.3377, "is_vehicular": true, "is_arterial": true }, "geometry": { "type": "LineString", "coordinates": [ [ 79.2182373, 30.261777 ], [ 79.2181772, 30.2618697 ], [ 79.2180815, 30.2619549 ], [ 79.2179483, 30.2620138 ], [ 79.2178071, 30.2620436 ], [ 79.2176738, 30.2620592 ], [ 79.2175758, 30.2620446 ], [ 79.2174662, 30.2620154 ], [ 79.217316, 30.2620198 ], [ 79.2171925, 30.262091399999985 ], [ 79.2171091, 30.2622035 ], [ 79.217081, 30.2623472 ], [ 79.2169995, 30.2624577 ], [ 79.216915, 30.262492899999987 ], [ 79.2168125, 30.2624986 ], [ 79.2166407, 30.2624653 ] ] } },
{ "type": "Feature", "properties": { "osm_id": 37789799, "highway": "trunk", "name": null, "name_en": null, "ref": "NH7", "surface": "unknown", "maxspeed": "50", "oneway": "no", "access": "yes", "motor_vehicle": null, "bridge": "no", "tunnel": "no", "smoothness": null, "tracktype": null, "lanes": "2", "layer": "0", "length_m": 2779.94, "assumed_speed_kmh": 35.0, "travel_time_min": 4.7656, "is_vehicular": true, "is_arterial": true }, "geometry": { "type": "LineString", "coordinates": [ [ 78.7449097, 30.2180894 ], [ 78.7446576, 30.2180106 ], [ 78.7444162, 30.2179225 ], [ 78.7442338, 30.2179063 ], [ 78.7439307, 30.2179272 ], [ 78.743684, 30.2179156 ], [ 78.74349620000001, 30.2178275 ], [ 78.7434023, 30.2177186 ], [ 78.7432978, 30.2175332 ], [ 78.7431904, 30.217384800000012 ], [ 78.7430698, 30.2173176 ], [ 78.742941, 30.2173223 ], [ 78.7427551, 30.2174375 ], [ 78.7419102, 30.2182109 ], [ 78.741695900000011, 30.2185107 ], [ 78.7415, 30.21867 ], [ 78.74074, 30.2194 ], [ 78.74056, 30.21968 ], [ 78.7400888, 30.2201165 ], [ 78.7395768, 30.2205409 ], [ 78.7390483, 30.2210717 ], [ 78.7389461, 30.2211946 ], [ 78.738729400000011, 30.22144260000001 ], [ 78.73844, 30.2216 ], [ 78.73763, 30.22189 ], [ 78.73677, 30.22205 ], [ 78.7364, 30.22218 ], [ 78.73602, 30.22232 ], [ 78.7346, 30.22314 ], [ 78.73398, 30.22374 ], [ 78.73374, 30.22404 ], [ 78.73278, 30.2248 ], [ 78.7319124, 30.225339 ], [ 78.7311612, 30.2258261 ], [ 78.7303259, 30.2263951 ], [ 78.7298659, 30.2267248 ], [ 78.729568, 30.2269383 ], [ 78.729211, 30.2272313 ], [ 78.72864, 30.22766 ], [ 78.72796, 30.22819 ], [ 78.72698, 30.22871 ], [ 78.72654, 30.22932 ], [ 78.72639, 30.2297 ], [ 78.7263182, 30.2299925 ], [ 78.72625, 30.23027 ], [ 78.72548, 30.23068 ], [ 78.7252029, 30.2308166 ], [ 78.7249664, 30.2312328 ], [ 78.7249376, 30.2315145 ], [ 78.725, 30.231747 ], [ 78.7250501, 30.2319734 ], [ 78.72514, 30.23221 ], [ 78.7255107, 30.2326057 ], [ 78.7255366, 30.2326677 ] ] } },
{ "type": "Feature", "properties": { "osm_id": 37795859, "highway": "primary", "name": null, "name_en": null, "ref": "SH 34", "surface": "unknown", "maxspeed": null, "oneway": "no", "access": "yes", "motor_vehicle": null, "bridge": "no", "tunnel": "no", "smoothness": null, "tracktype": null, "lanes": null, "layer": "0", "length_m": 29531.7, "assumed_speed_kmh": 30.0, "travel_time_min": 59.0634, "is_vehicular": true, "is_arterial": true }, "geometry": { "type": "LineString", "coordinates": [ [ 79.0064174, 30.3080471 ], [ 79.0065026, 30.3079741 ], [ 79.0065782, 30.3078272 ], [ 79.0065762, 30.3076839 ], [ 79.0066003, 30.30756430000001 ], [ 79.0066849, 30.3074909 ], [ 79.006862, 30.307374 ], [ 79.0070076, 30.3072544 ], [ 79.0070725, 30.3070975 ], [ 79.0070174, 30.306981 ], [ 79.0069007, 30.3067338 ], [ 79.0068989, 30.3065494 ], [ 79.0069438, 30.3063916 ], [ 79.0070678, 30.3063072 ], [ 79.0072481, 30.3062744 ], [ 79.0074126, 30.3062956 ], [ 79.0079303, 30.3066264 ], [ 79.0081409, 30.3067264 ], [ 79.008244800000014, 30.3067406 ], [ 79.0083676, 30.3067139 ], [ 79.0084328, 30.3066894 ], [ 79.0084802, 30.306649199999988 ], [ 79.0085263, 30.3064322 ], [ 79.0085909, 30.3062365 ], [ 79.0087064, 30.3061543 ], [ 79.0088983, 30.3061286 ], [ 79.0091014, 30.3061295 ], [ 79.009336, 30.306251 ], [ 79.0094612, 30.3064175 ], [ 79.0095812, 30.3066033 ], [ 79.0096607, 30.3066489 ], [ 79.0097652, 30.3066502 ], [ 79.0099367, 30.3065988 ], [ 79.0101033, 30.3064616 ], [ 79.0102516, 30.3062851 ], [ 79.0103567, 30.3061818 ], [ 79.0104618, 30.3061608 ], [ 79.0105993, 30.306184499999986 ], [ 79.0107122, 30.3062467 ], [ 79.010934, 30.3064065 ], [ 79.0111604, 30.306528 ], [ 79.0113657, 30.3066089 ], [ 79.0115287, 30.3066571 ], [ 79.0116277, 30.3066634 ], [ 79.0117473, 30.3066131 ], [ 79.0118691, 30.3065157 ], [ 79.0120769, 30.30635 ], [ 79.0122651, 30.3062572 ], [ 79.012439, 30.3062203 ], [ 79.0127948, 30.3062312 ], [ 79.0128771, 30.3062285 ], [ 79.013490600000011, 30.3060879 ], [ 79.013666, 30.3060563 ], [ 79.0137753, 30.3060592 ], [ 79.0139128, 30.3061015 ], [ 79.0140336, 30.3061681 ], [ 79.0141405, 30.306201200000011 ], [ 79.014402, 30.3062446 ], [ 79.0146085, 30.3063014 ], [ 79.0147298, 30.3063921 ], [ 79.0147924, 30.3065562 ], [ 79.0147946, 30.3066566 ], [ 79.0147546, 30.3067172 ], [ 79.0146605, 30.3067512 ], [ 79.0145464, 30.3068362 ], [ 79.0144793, 30.3069868 ], [ 79.0144256, 30.3070794 ], [ 79.0143161, 30.307174 ], [ 79.0142154, 30.3072358 ], [ 79.0140432, 30.3072918 ], [ 79.013965, 30.3073343 ], [ 79.0139376, 30.3073741 ], [ 79.013924, 30.3075063 ], [ 79.0139612, 30.3077076 ], [ 79.0140434, 30.3079301 ], [ 79.0140324, 30.3080516 ], [ 79.0140229, 30.3081485 ], [ 79.0140403, 30.3082141 ], [ 79.0140893, 30.3082878 ], [ 79.0141763, 30.3083629 ], [ 79.0143186, 30.3084721 ], [ 79.0144033, 30.3085873 ], [ 79.0145327, 30.3089152 ], [ 79.01457640000001, 30.3089849 ], [ 79.0146529, 30.3090367 ], [ 79.014732, 30.3090654 ], [ 79.0148616, 30.3090763 ], [ 79.0150988, 30.3091377 ], [ 79.0153329, 30.3093098 ], [ 79.0155057, 30.3094657 ], [ 79.0155906, 30.309606 ], [ 79.01563, 30.3097956 ], [ 79.0156435, 30.3100151 ], [ 79.0156957, 30.3101234 ], [ 79.0157751, 30.3102271 ], [ 79.0158072, 30.3102713 ], [ 79.015824, 30.3103408 ], [ 79.0157938, 30.3104161 ], [ 79.0157222, 30.3104644 ], [ 79.0156306, 30.3105107 ], [ 79.0155746, 30.3106005 ], [ 79.015559, 30.3106961 ], [ 79.0155556, 30.3108013 ], [ 79.0155892, 30.3109268 ], [ 79.0155869, 30.3110619 ], [ 79.01554, 30.3111314 ], [ 79.0155288, 30.3112173 ], [ 79.0155512, 30.311449 ], [ 79.0155644, 30.3115542 ], [ 79.0156065, 30.3116445 ], [ 79.0156719, 30.3117019 ], [ 79.0157636, 30.3117183 ], [ 79.0158374, 30.311699 ], [ 79.0159291, 30.3116343 ], [ 79.0161793, 30.3113276 ], [ 79.0163396, 30.3112491 ], [ 79.0164424, 30.3111549 ], [ 79.0165768, 30.3109897 ], [ 79.0167097, 30.3109364 ], [ 79.0168235, 30.3108286 ], [ 79.0168881, 30.3107684 ], [ 79.0169943, 30.3107153 ], [ 79.0171667, 30.3106784 ], [ 79.0173232, 30.3106743 ], [ 79.0174197, 30.310647 ], [ 79.0175161, 30.3105733 ], [ 79.0175952, 30.310559699999985 ], [ 79.0176921, 30.3105841 ], [ 79.0178371, 30.3106402 ], [ 79.0181265, 30.310744 ], [ 79.0181961, 30.3107795 ], [ 79.0183378, 30.3109114 ], [ 79.0184452, 30.3109934 ], [ 79.0185596, 30.3110413 ], [ 79.0186833, 30.3110581 ], [ 79.0188108, 30.3110359 ], [ 79.0188868, 30.3109954 ], [ 79.0189031, 30.3109378 ], [ 79.0189316, 30.310768499999984 ], [ 79.0188086, 30.3102135 ], [ 79.0187056, 30.3100718 ], [ 79.0186631, 30.3099057 ], [ 79.0187034, 30.3097436 ], [ 79.0188018, 30.3095872 ], [ 79.0188935, 30.3095003 ], [ 79.0189532, 30.3092706 ], [ 79.0189156, 30.3090389 ], [ 79.0187815, 30.3088872 ], [ 79.018465, 30.308654499999989 ], [ 79.0181285, 30.3082598 ], [ 79.0181069, 30.3082029 ], [ 79.0181271, 30.3081276 ], [ 79.0182959, 30.3079142 ], [ 79.0183775, 30.3078679 ], [ 79.0184614, 30.3078659 ], [ 79.0187784, 30.307950499999986 ], [ 79.0191491, 30.3080378 ], [ 79.0193358, 30.3080484 ], [ 79.0197864, 30.3080098 ], [ 79.019972, 30.3079885 ], [ 79.0200976, 30.3080045 ], [ 79.0201661, 30.308061 ], [ 79.020208, 30.3081343 ], [ 79.0202035, 30.308193 ], [ 79.0201454, 30.308226 ], [ 79.0200704, 30.3082343 ], [ 79.0199374, 30.3081942 ], [ 79.0197769, 30.308169 ], [ 79.0196384, 30.3081659 ], [ 79.0191869, 30.3082955 ], [ 79.018926, 30.3082928 ], [ 79.0187836, 30.3083146 ], [ 79.0187171, 30.3083866 ], [ 79.0186809, 30.3085058 ], [ 79.0187156, 30.3086013 ], [ 79.0188627, 30.3086737 ], [ 79.0190351, 30.3087037 ], [ 79.0193845, 30.3089643 ], [ 79.0195156, 30.3091136 ], [ 79.019541, 30.3092086 ], [ 79.0194841, 30.3093056 ], [ 79.019326, 30.3094666 ], [ 79.0192785, 30.3095881 ], [ 79.0192833, 30.3097042 ], [ 79.0193544, 30.3099021 ], [ 79.0193781, 30.3100687 ], [ 79.0193623, 30.3101615 ], [ 79.0197037, 30.3112374 ], [ 79.0196435, 30.3113351 ], [ 79.0195471, 30.311403299999984 ], [ 79.0193591, 30.3114817 ], [ 79.0192149, 30.3116149 ], [ 79.0190707, 30.3117201 ], [ 79.0190371, 30.3117809 ], [ 79.0190248, 30.312010699999984 ], [ 79.0190105, 30.312039 ], [ 79.0189868, 30.3120616 ], [ 79.0189545, 30.3120717 ], [ 79.0189119, 30.3120666 ], [ 79.0188012, 30.3120415 ], [ 79.0186525, 30.3120222 ], [ 79.0183261, 30.3120288 ], [ 79.0182287, 30.3120222 ], [ 79.0181191, 30.3119865 ], [ 79.018033, 30.3119267 ], [ 79.017976, 30.3118591 ], [ 79.0178921, 30.3116844 ], [ 79.0178209, 30.311591299999989 ], [ 79.0177523, 30.311556 ], [ 79.0176059, 30.3115299 ], [ 79.0174404, 30.3115357 ], [ 79.0173453, 30.3115666 ], [ 79.0172234, 30.3116438 ], [ 79.0170881, 30.311696 ], [ 79.016874, 30.3117209 ], [ 79.0167035, 30.3117587 ], [ 79.0166532, 30.31178670000001 ], [ 79.0166375, 30.3118234 ], [ 79.0166655, 30.3119663 ], [ 79.0166968, 30.3121342 ], [ 79.0166711, 30.3122163 ], [ 79.0166102, 30.31226950000001 ], [ 79.016491, 30.3122993 ], [ 79.016377, 30.3123012 ], [ 79.0162618, 30.312279 ], [ 79.016178, 30.3122848 ], [ 79.0159834, 30.3123447 ], [ 79.0159051, 30.3123543 ], [ 79.0156727, 30.31236 ], [ 79.0155719, 30.3123968 ], [ 79.0154053, 30.312518399999984 ], [ 79.0152972, 30.312659600000011 ], [ 79.0152242, 30.3127549 ], [ 79.0152052, 30.3129132 ], [ 79.0151861, 30.3130011 ], [ 79.0151548, 30.31306570000001 ], [ 79.0150967, 30.3131005 ], [ 79.0149776, 30.3131176 ], [ 79.0149003, 30.313144 ], [ 79.014831, 30.3132009 ], [ 79.0147561, 30.3133351 ], [ 79.01467, 30.3134027 ], [ 79.01451010000001, 30.3134616 ], [ 79.0143759, 30.3134809 ], [ 79.014216, 30.3134722 ], [ 79.0140874, 30.3134268 ], [ 79.0140013, 30.3133795 ], [ 79.0139487, 30.3133293 ], [ 79.013932, 30.3132598 ], [ 79.0139275, 30.3131623 ], [ 79.0138762, 30.3129607 ], [ 79.0138448, 30.3128872 ], [ 79.013743, 30.3128187 ], [ 79.0136345, 30.3127675 ], [ 79.0135784, 30.3127259 ], [ 79.013563, 30.3126275 ], [ 79.0136044, 30.3125619 ], [ 79.0136536, 30.3125387 ], [ 79.0138258, 30.3125455 ], [ 79.013894, 30.3125185 ], [ 79.0139331, 30.3124692 ], [ 79.0139342, 30.3123988 ], [ 79.0139115, 30.31215 ], [ 79.0138738, 30.3120754 ], [ 79.0137721, 30.311976 ], [ 79.0137162, 30.3119113 ], [ 79.0136893, 30.3118321 ], [ 79.0136681, 30.3115174 ], [ 79.0136551, 30.3114582 ], [ 79.0136021, 30.3113881 ], [ 79.0134825, 30.3113031 ], [ 79.0132655, 30.311138100000012 ], [ 79.0129787, 30.3108869 ], [ 79.0129217, 30.3107948 ], [ 79.0128724, 30.3106636 ], [ 79.0128514, 30.3105436 ], [ 79.0128514, 30.3104389 ], [ 79.0128821, 30.310337700000012 ], [ 79.0128942, 30.310165299999987 ], [ 79.0128776, 30.3100676 ], [ 79.012851, 30.3099951 ], [ 79.0126553, 30.3098111 ], [ 79.0124287, 30.3093741 ], [ 79.0122908, 30.3092826 ], [ 79.0121913, 30.3092751 ], [ 79.0120555, 30.309307 ], [ 79.0112432, 30.3095824 ], [ 79.0100026, 30.3095198 ], [ 79.0093374, 30.3098416 ], [ 79.0091933, 30.309876 ], [ 79.0091074, 30.3099281 ], [ 79.0090219, 30.3100577 ], [ 79.0090008, 30.310270200000012 ], [ 79.0089934, 30.3105407 ], [ 79.0088654, 30.310764299999985 ], [ 79.0067845, 30.3117237 ], [ 79.0050633, 30.311906 ], [ 79.0048609, 30.3122084 ], [ 79.004545, 30.3123627 ], [ 79.0042344, 30.3125217 ], [ 79.0037964, 30.3127956 ], [ 79.0036572, 30.3128381 ], [ 79.0035482, 30.3128959 ], [ 79.0035311, 30.312962 ], [ 79.0035445, 30.3130151 ], [ 79.0035724, 30.3130662 ], [ 79.0036143, 30.3130908 ], [ 79.003679, 30.31311250000001 ], [ 79.0037298, 30.313108699999987 ], [ 79.0037698, 30.3130943 ], [ 79.0038346, 30.313029099999987 ], [ 79.003944, 30.3128692 ], [ 79.004368, 30.3125664 ], [ 79.0047549, 30.3124627 ], [ 79.0050385, 30.31233 ], [ 79.0054013, 30.3122139 ], [ 79.0056874, 30.3122327 ], [ 79.0058678, 30.3123721 ], [ 79.0059328, 30.3125888 ], [ 79.005601, 30.3128607 ], [ 79.005429, 30.3132443 ], [ 79.0054999, 30.3135668 ], [ 79.0052268, 30.3138143 ], [ 79.0042315, 30.3142515 ], [ 79.0040868, 30.3148681 ], [ 79.0056252, 30.3161073 ], [ 79.0060191, 30.3164933 ], [ 79.00599, 30.3168368 ], [ 79.0048099, 30.3171158 ], [ 79.0038416, 30.3183473 ], [ 79.0033852, 30.3185315 ], [ 79.0030743, 30.3188637 ], [ 79.0029232, 30.319065 ], [ 79.0029304, 30.3191513 ], [ 79.0031108, 30.3191966 ], [ 79.0032909, 30.3193239 ], [ 79.0034661, 30.3194855 ], [ 79.003734, 30.3195069 ], [ 79.0039488, 30.3195117 ], [ 79.0043041, 30.3193664 ], [ 79.0046592, 30.3191661 ], [ 79.004979, 30.3189919 ], [ 79.0051106, 30.3190008 ], [ 79.0051978, 30.3190792 ], [ 79.0051131, 30.3191936 ], [ 79.0050867, 30.3192945 ], [ 79.004932700000012, 30.3194055 ], [ 79.004934, 30.3197618 ], [ 79.0048119, 30.3198345 ], [ 79.0045915, 30.3198781 ], [ 79.0043891, 30.320086 ], [ 79.0040335, 30.3202976 ], [ 79.0037924, 30.3206385 ], [ 79.0034768, 30.3205166 ], [ 79.003264, 30.3206023 ], [ 79.002977, 30.3209146 ], [ 79.0027653, 30.3209898 ], [ 79.0026521, 30.3211479 ], [ 79.0025851, 30.3214803 ], [ 79.0016762, 30.3220536 ], [ 79.0016955, 30.323219 ], [ 79.0018409, 30.323725 ], [ 79.001960600000018, 30.324053 ], [ 79.0020497, 30.324443 ], [ 79.0023794, 30.3246477 ], [ 79.0022023, 30.325011099999987 ], [ 79.0024702, 30.3251773 ], [ 79.0024088, 30.3254191 ], [ 79.0025294, 30.3257937 ], [ 79.0023139, 30.3264339 ], [ 79.0032916, 30.3285409 ], [ 79.0032052, 30.328727 ], [ 79.0028287, 30.329011199999986 ], [ 79.0023772, 30.3293043 ], [ 79.0023185, 30.3296494 ], [ 79.002218, 30.3299473 ], [ 79.0024826, 30.330308099999989 ], [ 79.0027753, 30.3307072 ], [ 79.0028134, 30.3312362 ], [ 79.003187, 30.3315862 ], [ 79.0035406, 30.331576 ], [ 79.0038356, 30.3318791 ], [ 79.0043714, 30.3321189 ], [ 79.0048513, 30.332261700000011 ], [ 79.0056682, 30.3321147 ], [ 79.006488, 30.3326393 ], [ 79.0064413, 30.3328787 ], [ 79.0059853, 30.3332087 ], [ 79.0059981, 30.3339732 ], [ 79.0055174, 30.3345983 ], [ 79.0056373, 30.3348779 ], [ 79.0067625, 30.3356338 ], [ 79.0068611, 30.3359243 ], [ 79.0065053, 30.3363371 ], [ 79.0064701, 30.3368242 ], [ 79.0067878, 30.3374701 ], [ 79.0067014, 30.3377964 ], [ 79.0061072, 30.337921 ], [ 79.0060537, 30.3380898 ], [ 79.0061894, 30.3386055 ], [ 79.0058692, 30.3391856 ], [ 79.0060528, 30.3395778 ], [ 79.0062985, 30.340103 ], [ 79.0066944, 30.3404197 ], [ 79.0072381, 30.3406047 ], [ 79.007297200000011, 30.3408174 ], [ 79.0071005, 30.3411754 ], [ 79.0071702, 30.3413431 ], [ 79.0124059, 30.344302699999986 ], [ 79.0134512, 30.346445 ], [ 79.0137625, 30.3465642 ], [ 79.0141413, 30.3467418 ], [ 79.0142709, 30.3468658 ], [ 79.0143934, 30.3470041 ], [ 79.0148011, 30.3471952 ], [ 79.0149246, 30.3472243 ], [ 79.0150748, 30.3472137 ], [ 79.0153506, 30.3471799 ], [ 79.0154696, 30.3471779 ], [ 79.015738200000015, 30.3472307 ], [ 79.0158607, 30.3472328 ], [ 79.0159809, 30.3472165 ], [ 79.016101, 30.3471799 ], [ 79.0162769, 30.3471168 ], [ 79.0165087, 30.347002 ], [ 79.0166229, 30.3469135 ], [ 79.0166877, 30.3468861 ], [ 79.0168774, 30.346819 ], [ 79.0169919, 30.3467682 ], [ 79.0170989, 30.346699 ], [ 79.017285, 30.3465275 ], [ 79.0175797, 30.346256 ], [ 79.0176816, 30.3462089 ], [ 79.0181298, 30.3461169 ], [ 79.0182947, 30.3460752 ], [ 79.0188217, 30.345761799999984 ], [ 79.0192047, 30.3453435 ], [ 79.0196379, 30.3447051 ], [ 79.019959, 30.3437448 ], [ 79.0201043, 30.3435439 ], [ 79.0201952, 30.3433379 ], [ 79.0202819, 30.3432414 ], [ 79.0203778, 30.3431882 ], [ 79.020476, 30.3431744 ], [ 79.0205559, 30.3431921 ], [ 79.0206137, 30.3432389 ], [ 79.0206631, 30.343375299999988 ], [ 79.0207156, 30.3434679 ], [ 79.0208914, 30.3436669 ], [ 79.0209759, 30.3437575 ], [ 79.0210725, 30.3438094 ], [ 79.0215442, 30.3439663 ], [ 79.0219186, 30.3441101 ], [ 79.022181, 30.3444087 ], [ 79.0223066, 30.3445435 ], [ 79.022334, 30.3446794 ], [ 79.0222793, 30.3452743 ], [ 79.0222473, 30.3454989 ], [ 79.0222016, 30.345640699999986 ], [ 79.0222131, 30.3457471 ], [ 79.0222678, 30.3458495 ], [ 79.022391, 30.3459128 ], [ 79.022665, 30.3460229 ], [ 79.0227495, 30.346084 ], [ 79.0229093, 30.3462829 ], [ 79.0230051, 30.3463617 ], [ 79.0231489, 30.3464445 ], [ 79.0232539, 30.3465173 ], [ 79.0233019, 30.3466257 ], [ 79.0233498, 30.3466749 ], [ 79.0237401, 30.3468345 ], [ 79.0238314, 30.3468522 ], [ 79.0239684, 30.3468424 ], [ 79.0241099, 30.3468837 ], [ 79.0244984, 30.3470714 ], [ 79.0246943, 30.3472442 ], [ 79.0248404, 30.3473388 ], [ 79.025023, 30.34739 ], [ 79.0252398, 30.3474077 ], [ 79.0255213, 30.347395699999986 ], [ 79.0256247, 30.3474159 ], [ 79.0257632, 30.3474292 ], [ 79.0259687, 30.3474276 ], [ 79.026182800000015, 30.3473906 ], [ 79.026285, 30.3473761 ], [ 79.0263915, 30.3473803 ], [ 79.0264658, 30.3474388 ], [ 79.0265223, 30.3475474 ], [ 79.0265643, 30.3476811 ], [ 79.0266159, 30.3477703 ], [ 79.026716, 30.3478399 ], [ 79.0268612, 30.3479138 ], [ 79.0269177, 30.3479514 ], [ 79.0269742, 30.3480447 ], [ 79.0270904, 30.3483079 ], [ 79.027221200000014, 30.3484417 ], [ 79.0273801, 30.3485384 ], [ 79.0277635, 30.3486603 ], [ 79.0280589, 30.3488038 ], [ 79.0287594, 30.3490197 ], [ 79.0290322, 30.3491171 ], [ 79.0291629, 30.3492201 ], [ 79.0293388, 30.3493775 ], [ 79.0295333, 30.3495336 ], [ 79.0300055, 30.3498939 ], [ 79.0300934, 30.349944 ], [ 79.0301368, 30.3500432 ], [ 79.0301618, 30.3501482 ], [ 79.0303277, 30.3503007 ], [ 79.0304133, 30.35043 ], [ 79.0304767, 30.350489 ], [ 79.0305949, 30.3504904 ], [ 79.0308965, 30.3504688 ], [ 79.0311214, 30.3505263 ], [ 79.0312668, 30.3506313 ], [ 79.0314505, 30.351087100000012 ], [ 79.0317097, 30.3512945 ], [ 79.0319571, 30.3517114 ], [ 79.0319548, 30.351825199999986 ], [ 79.0318228, 30.3521424 ], [ 79.0318016, 30.3522542 ], [ 79.031926500000012, 30.3524108 ], [ 79.0320985, 30.3527707 ], [ 79.0321642, 30.3530129 ], [ 79.0323035, 30.3531367 ], [ 79.0325532, 30.3531834 ], [ 79.0328007, 30.353155 ], [ 79.0330372, 30.3530503 ], [ 79.0332648, 30.3530696 ], [ 79.0334934, 30.3530248 ], [ 79.0336701, 30.352896799999986 ], [ 79.0337643, 30.3527361 ], [ 79.0338963, 30.352620199999986 ], [ 79.034323200000017, 30.3524961 ], [ 79.0345188, 30.3523863 ], [ 79.0347568, 30.3521891 ], [ 79.0350325, 30.3520935 ], [ 79.0352751, 30.3520691 ], [ 79.0355301, 30.3521304 ], [ 79.0363684, 30.3522826 ], [ 79.0365404, 30.3522684 ], [ 79.0367619, 30.3521992 ], [ 79.0369787, 30.3522175 ], [ 79.037219, 30.3522013 ], [ 79.0374688, 30.352126 ], [ 79.0376832, 30.3520203 ], [ 79.0378293, 30.352002 ], [ 79.0379589, 30.3520386 ], [ 79.0382251, 30.3521952 ], [ 79.038449, 30.3522501 ], [ 79.0386658, 30.3522236 ], [ 79.0394855, 30.3520918 ], [ 79.0399852, 30.3522094 ], [ 79.0403419, 30.3523705 ], [ 79.0404518, 30.3523761 ], [ 79.0406921, 30.352248 ], [ 79.0408794, 30.3521109 ], [ 79.0410593, 30.3518881 ], [ 79.0412243, 30.3518191 ], [ 79.0415308, 30.3518012 ], [ 79.0421606, 30.351846399999989 ], [ 79.0424577, 30.3519016 ], [ 79.0426738, 30.351971500000012 ], [ 79.0429387, 30.3519787 ], [ 79.0434702, 30.3520017 ], [ 79.0437651, 30.3520678 ], [ 79.0440713, 30.3521535 ], [ 79.0444748, 30.3523496 ], [ 79.0447426, 30.3525639 ], [ 79.0448547, 30.352699 ], [ 79.0449613, 30.3529448 ], [ 79.0451279, 30.3531518 ], [ 79.0452562, 30.3535185 ], [ 79.0452954, 30.3535822 ], [ 79.0454261, 30.3537533 ], [ 79.0455188, 30.3537947 ], [ 79.0457186, 30.3538002 ], [ 79.0459631, 30.3537809 ], [ 79.0461133, 30.3537974 ], [ 79.0462667, 30.3538747 ], [ 79.0466163, 30.3539129 ], [ 79.0467046, 30.3539422 ], [ 79.046760600000013, 30.3540015 ], [ 79.0468644, 30.3541656 ], [ 79.0469364, 30.354207 ], [ 79.0471887, 30.3543367 ], [ 79.0472272, 30.3544084 ], [ 79.047262100000012, 30.3546075 ], [ 79.0473116, 30.3546889 ], [ 79.0473836, 30.3547275 ], [ 79.0476201, 30.3547978 ], [ 79.0477847, 30.3548889 ], [ 79.0479473, 30.3549089 ], [ 79.0480484, 30.3548916 ], [ 79.0481203, 30.3548171 ], [ 79.0481219, 30.3547468 ], [ 79.0480925, 30.3546943 ], [ 79.0480244, 30.3546682 ], [ 79.0478374, 30.3546806 ], [ 79.047668, 30.3546517 ], [ 79.047540200000014, 30.3545786 ], [ 79.047489, 30.3544738 ], [ 79.0474425, 30.354338 ], [ 79.0473546, 30.3542425 ], [ 79.047093, 30.3540821 ], [ 79.0470184, 30.3539651 ], [ 79.046935800000014, 30.3537382 ], [ 79.0468711, 30.353668699999986 ], [ 79.0464123, 30.3534411 ], [ 79.0459054, 30.3533072 ], [ 79.0457111, 30.3532969 ], [ 79.0455551, 30.3532326 ], [ 79.0455077, 30.3531195 ], [ 79.0454173, 30.352746899999989 ], [ 79.0453254, 30.352217 ], [ 79.0452576, 30.3518558 ], [ 79.044678200000021, 30.3513837 ], [ 79.044785500000017, 30.3510404 ], [ 79.0465879, 30.3503752 ], [ 79.0485178, 30.3505908 ], [ 79.048846, 30.3506636 ], [ 79.0490109, 30.3506695 ], [ 79.0491398, 30.3506305 ], [ 79.0493048, 30.3505895 ], [ 79.0495127, 30.3505915 ], [ 79.0497749, 30.3506461 ], [ 79.0499027, 30.3506425 ], [ 79.050338700000012, 30.3504495 ], [ 79.0505944, 30.3504151 ], [ 79.0508869, 30.3504192 ], [ 79.0511058, 30.3503516 ], [ 79.0512209, 30.3502923 ], [ 79.0512656, 30.3502027 ], [ 79.0512859, 30.3499791 ], [ 79.0514014, 30.3495411 ], [ 79.0514025, 30.3492085 ], [ 79.0514102, 30.3491472 ], [ 79.0514545, 30.349031 ], [ 79.0515641, 30.3489179 ], [ 79.0516942, 30.3488142 ], [ 79.0519157, 30.3485567 ], [ 79.052026500000011, 30.3484787 ], [ 79.0520943, 30.3483929 ], [ 79.0521046, 30.3482639 ], [ 79.0520918, 30.348155 ], [ 79.0521126, 30.348068099999988 ], [ 79.0521621, 30.348019799999989 ], [ 79.0522256, 30.3479745 ], [ 79.0522942, 30.3479519 ], [ 79.0524476, 30.3479423 ], [ 79.0526969, 30.3479809 ], [ 79.0529047, 30.348047099999988 ], [ 79.0529543, 30.3480695 ], [ 79.0530757, 30.3481243 ], [ 79.0532467, 30.3481684 ], [ 79.0534065, 30.3481712 ], [ 79.0535654, 30.3481471 ], [ 79.0540569, 30.3480181 ], [ 79.0542487, 30.3479464 ], [ 79.054448500000021, 30.3478361 ], [ 79.054612, 30.3476913 ], [ 79.0546786, 30.3475547 ], [ 79.0547921, 30.3474278 ], [ 79.0548432, 30.347352 ], [ 79.054856, 30.347312 ], [ 79.0548512, 30.3472389 ], [ 79.0548192, 30.3471106 ], [ 79.0548416, 30.3470362 ], [ 79.0549247, 30.3469548 ], [ 79.0554374, 30.3466169 ], [ 79.0556599, 30.3465121 ], [ 79.0557829, 30.3464279 ], [ 79.055874, 30.3463079 ], [ 79.0559363, 30.3461604 ], [ 79.0564585, 30.3456974 ], [ 79.0566539, 30.3455204 ], [ 79.056745, 30.345399099999987 ], [ 79.0567754, 30.345286 ], [ 79.0567466, 30.3451549 ], [ 79.0566427, 30.3449398 ], [ 79.05659, 30.344846 ], [ 79.0565868, 30.344737 ], [ 79.0566459, 30.3445012 ], [ 79.056655500000019, 30.3442874 ], [ 79.0566763, 30.3442364 ], [ 79.056734, 30.3441706 ], [ 79.0568713, 30.3441123 ], [ 79.0570439, 30.3440764 ], [ 79.0575808, 30.3440433 ], [ 79.0577319, 30.3440199 ], [ 79.0582625, 30.3438902 ], [ 79.0585214, 30.3437923 ], [ 79.058782100000016, 30.3436648 ], [ 79.0588983, 30.3435714 ], [ 79.058956100000017, 30.3434861 ], [ 79.0590312, 30.3433427 ], [ 79.0591031, 30.3432365 ], [ 79.0592501, 30.3431427 ], [ 79.0593555, 30.3430934 ], [ 79.059429, 30.3430424 ], [ 79.0595505, 30.3428714 ], [ 79.0596671, 30.3427817 ], [ 79.0598158, 30.3427183 ], [ 79.0598957, 30.3426714 ], [ 79.0599372, 30.3425997 ], [ 79.0599532, 30.3424728 ], [ 79.0599652, 30.342401 ], [ 79.0602477, 30.341844 ], [ 79.0602521, 30.3417969 ], [ 79.0602297, 30.3417197 ], [ 79.0601114, 30.3415914 ], [ 79.060106, 30.3415385 ], [ 79.0602626, 30.3412847 ], [ 79.0602917, 30.3411943 ], [ 79.0603121, 30.3410831 ], [ 79.0603509, 30.3409689 ], [ 79.0604688, 30.3407482 ], [ 79.0605391, 30.3406047 ], [ 79.0605783, 30.3404403 ], [ 79.0606062, 30.3403661 ], [ 79.0607037, 30.3403247 ], [ 79.060806, 30.3403468 ], [ 79.0608427, 30.3404268 ], [ 79.0608076, 30.3405013 ], [ 79.0606829, 30.3406585 ], [ 79.0605215, 30.340853 ], [ 79.0604443, 30.3410174 ], [ 79.0604176, 30.3411454 ], [ 79.0604448, 30.3412682 ], [ 79.0604128, 30.341384 ], [ 79.0603329, 30.3414764 ], [ 79.0603185, 30.3415868 ], [ 79.0603633, 30.3416502 ], [ 79.0604176, 30.3417578 ], [ 79.0604304, 30.3418364 ], [ 79.0603039, 30.3420566 ], [ 79.0602128, 30.3422703 ], [ 79.0602064, 30.3424552 ], [ 79.0602608, 30.3426331 ], [ 79.0602814, 30.3427713 ], [ 79.0602565, 30.3428221 ], [ 79.0602056, 30.3428679 ], [ 79.0597943, 30.3431468 ], [ 79.0596567, 30.3433186 ], [ 79.0594936, 30.343473 ], [ 79.0594505, 30.3435654 ], [ 79.0594393, 30.3437502 ], [ 79.0593882, 30.3438992 ], [ 79.0590549, 30.3441525 ], [ 79.0584798, 30.3445584 ], [ 79.0578611, 30.3448937 ], [ 79.0577995, 30.3449485 ], [ 79.0577814, 30.3450227 ], [ 79.0578085, 30.3451806 ], [ 79.0578741, 30.345323 ], [ 79.0578899, 30.3454693 ], [ 79.0578085, 30.3456098 ], [ 79.0576759, 30.345724799999985 ], [ 79.0570401, 30.3465141 ], [ 79.0568086, 30.3466551 ], [ 79.0566663, 30.346794399999986 ], [ 79.0565449, 30.3469516 ], [ 79.0565033, 30.3470468 ], [ 79.0565033, 30.3471212 ], [ 79.0565656, 30.3471681 ], [ 79.0567223, 30.3471985 ], [ 79.0568469, 30.347193 ], [ 79.0569588, 30.3471668 ], [ 79.0570162, 30.3471162 ], [ 79.0572976, 30.3468551 ], [ 79.0574414, 30.3467503 ], [ 79.0581935, 30.3468565 ], [ 79.0585551, 30.3467427 ], [ 79.0591039, 30.346909 ], [ 79.0592083, 30.3468011 ], [ 79.0594016, 30.3467489 ], [ 79.0597625, 30.3463851 ], [ 79.0600599, 30.3463343 ], [ 79.0601554, 30.3460853 ], [ 79.0604094, 30.346012 ], [ 79.0609854, 30.3453797 ], [ 79.0612972, 30.3452133 ], [ 79.0614338, 30.344929 ], [ 79.0616106, 30.3449544 ], [ 79.0620784, 30.3451494 ], [ 79.0625954, 30.3449249 ], [ 79.0638181, 30.3439451 ], [ 79.064173, 30.3433775 ], [ 79.0642373, 30.3431282 ], [ 79.0654698, 30.3427594 ], [ 79.0657011, 30.342353400000011 ], [ 79.0659522, 30.3424144 ], [ 79.066347, 30.342201 ], [ 79.0677174, 30.3408062 ], [ 79.067794100000015, 30.34058 ], [ 79.067941200000021, 30.3403979 ], [ 79.0681282, 30.3401647 ], [ 79.068296, 30.3401055 ], [ 79.0684876, 30.3401074 ], [ 79.0686603, 30.3402159 ], [ 79.0688962, 30.3405988 ], [ 79.0690974, 30.340686 ], [ 79.0693763, 30.3406186 ], [ 79.069759, 30.340562 ], [ 79.0700498, 30.340622700000011 ], [ 79.0702987, 30.3406978 ], [ 79.070558, 30.3407551 ], [ 79.0710055, 30.3406171 ], [ 79.071485, 30.3404185 ], [ 79.0718583, 30.3401668 ], [ 79.0724726, 30.3398999 ], [ 79.0727152, 30.3397484 ], [ 79.0730724, 30.3393986 ], [ 79.0731853, 30.3393037 ], [ 79.0732893, 30.3393017 ], [ 79.0733933, 30.339331 ], [ 79.0734475, 30.339368 ], [ 79.0735106, 30.3394767 ], [ 79.073549, 30.3399175 ], [ 79.0734859, 30.3401054 ], [ 79.0734769, 30.3402575 ], [ 79.0735565, 30.3403915 ], [ 79.0737255, 30.340591 ], [ 79.0738679, 30.3406515 ], [ 79.0739945, 30.3406242 ], [ 79.0745857, 30.3404519 ], [ 79.0747561, 30.3404487 ], [ 79.0749482, 30.340520799999986 ], [ 79.0751697, 30.3414142 ], [ 79.0751946, 30.3415858 ], [ 79.0752737, 30.3416834 ], [ 79.0757573, 30.3418737 ], [ 79.0760066, 30.341912799999989 ], [ 79.0761501, 30.3419577 ], [ 79.0762028, 30.3420363 ], [ 79.0761933, 30.3421259 ], [ 79.0761533, 30.3422845 ], [ 79.0760542, 30.3424873 ], [ 79.0760574, 30.3425976 ], [ 79.076099, 30.342654199999984 ], [ 79.0762508, 30.3428155 ], [ 79.0762987, 30.3429204 ], [ 79.0763659, 30.3432762 ], [ 79.0764101, 30.3434648 ], [ 79.0764836, 30.343582099999985 ], [ 79.0766034, 30.3437462 ], [ 79.0766306, 30.343891 ], [ 79.0765286, 30.3444035 ], [ 79.0765462, 30.3445773 ], [ 79.0765344, 30.344666 ], [ 79.0765062, 30.3447428 ], [ 79.0763767, 30.344958 ], [ 79.076364, 30.3450131 ], [ 79.0763847, 30.3450986 ], [ 79.0763959, 30.3451773 ], [ 79.0763546, 30.3454482 ], [ 79.0763072, 30.3456296 ], [ 79.0762383, 30.3457625 ], [ 79.0759219, 30.3461195 ], [ 79.0757456, 30.3462268 ], [ 79.0756687, 30.3463126 ], [ 79.07568, 30.3463867 ], [ 79.0757456, 30.3464862 ], [ 79.075847300000021, 30.3466051 ], [ 79.075847300000021, 30.3467202 ], [ 79.0755343, 30.3475428 ], [ 79.0754992, 30.347672 ], [ 79.0754924, 30.3477579 ], [ 79.0755331, 30.347832 ], [ 79.0756778, 30.3478729 ], [ 79.075847300000021, 30.3480075 ], [ 79.0759467, 30.3481752 ], [ 79.0763151, 30.3486746 ], [ 79.0763355, 30.3487974 ], [ 79.0763219, 30.3489086 ], [ 79.0762541, 30.3493552 ], [ 79.0762609, 30.349482 ], [ 79.0763151, 30.349581499999989 ], [ 79.0764141, 30.3496885 ], [ 79.0773481, 30.350410300000014 ], [ 79.077513, 30.3504946 ], [ 79.0777209, 30.3505044 ], [ 79.0778136, 30.350479 ], [ 79.0779004, 30.3504084 ], [ 79.0782672, 30.349989 ], [ 79.0786453, 30.349671599999986 ], [ 79.0799761, 30.3495812 ], [ 79.0806627, 30.3497529 ], [ 79.081521, 30.3503108 ], [ 79.0818644, 30.3511262 ], [ 79.0816616, 30.3519732 ], [ 79.081489, 30.3522159 ], [ 79.0812876, 30.3524642 ], [ 79.0812397, 30.3525855 ], [ 79.0811821, 30.3528724 ], [ 79.0812013, 30.3529662 ], [ 79.0812972, 30.3530103 ], [ 79.0814378, 30.352982699999984 ], [ 79.0815639, 30.3529072 ], [ 79.081703100000013, 30.3528034 ], [ 79.0817734, 30.3526959 ], [ 79.0818246, 30.3525635 ], [ 79.0820835, 30.3523869 ], [ 79.0825501, 30.3520725 ], [ 79.082646, 30.3519015 ], [ 79.0829692, 30.3517696 ], [ 79.0833972, 30.3514933 ], [ 79.0837679, 30.3510961 ], [ 79.0841004, 30.3509361 ], [ 79.0844967, 30.350519599999988 ], [ 79.0846868, 30.3503748 ], [ 79.0848195, 30.35039 ], [ 79.085164700000021, 30.35071 ], [ 79.0853054, 30.3507072 ], [ 79.085649, 30.3504463 ], [ 79.085975, 30.3503084 ], [ 79.0863354, 30.3503289 ], [ 79.086528, 30.3503194 ], [ 79.0867901, 30.350176 ], [ 79.0869787, 30.3501484 ], [ 79.0870841, 30.3500877 ], [ 79.0872248, 30.3498671 ], [ 79.0873207, 30.3498064 ], [ 79.0875348, 30.3498064 ], [ 79.0878608, 30.349754 ], [ 79.0882636, 30.3496519 ], [ 79.088509, 30.3496536 ], [ 79.0885896, 30.3497678 ], [ 79.0886823, 30.3500905 ], [ 79.0886439, 30.3502588 ], [ 79.0885896, 30.3503718 ], [ 79.0885992, 30.350496 ], [ 79.0890143, 30.3507752 ], [ 79.0898681, 30.351340799999988 ], [ 79.0916774, 30.3513778 ], [ 79.0918581, 30.3514118 ], [ 79.0919666, 30.3515152 ], [ 79.0920141, 30.3517024 ], [ 79.0920186, 30.3519033 ], [ 79.0919097, 30.3523207 ], [ 79.0918445, 30.3525703 ], [ 79.0918613, 30.3526984 ], [ 79.0919372, 30.3527498 ], [ 79.0924164, 30.3529233 ], [ 79.0933463, 30.3532227 ], [ 79.0941532, 30.353128 ], [ 79.0944864, 30.3530015 ], [ 79.0948445, 30.3527611 ], [ 79.095131, 30.3526519 ], [ 79.095231, 30.3527238 ], [ 79.095372, 30.3528585 ], [ 79.0955758, 30.3533149 ], [ 79.0955103, 30.3535882 ], [ 79.0954868, 30.3537325 ], [ 79.095515, 30.3538098 ], [ 79.0956258, 30.3538098 ], [ 79.0958614, 30.3536675 ], [ 79.0962034, 30.353364599999988 ], [ 79.0965164, 30.3530859 ], [ 79.0966507, 30.3529131 ], [ 79.0968418, 30.3526497 ], [ 79.0984941, 30.3535724 ], [ 79.0986391, 30.354158199999986 ], [ 79.09853840000001, 30.3542988 ], [ 79.098463, 30.354435 ], [ 79.0984606, 30.3545387 ], [ 79.0985124, 30.3546749 ], [ 79.0985855, 30.3547766 ], [ 79.0985737, 30.3549108 ], [ 79.0985973, 30.3550165 ], [ 79.0986703, 30.3550551 ], [ 79.0987528, 30.355049 ], [ 79.0988494, 30.3549961 ], [ 79.0990473, 30.3548312 ], [ 79.0992163, 30.3545723 ], [ 79.099535, 30.3543232 ], [ 79.1000175, 30.3541088 ], [ 79.1004528, 30.3554029 ], [ 79.1003876, 30.3557964 ], [ 79.1001979, 30.3560353 ], [ 79.1000778, 30.3562589 ], [ 79.0999423, 30.3564937 ], [ 79.0999199, 30.3567123 ], [ 79.0998677, 30.3569125 ], [ 79.0998469, 30.3570285 ], [ 79.099841, 30.3571352 ], [ 79.0997397, 30.3572785 ], [ 79.0996949, 30.3573975 ], [ 79.0996959, 30.3574933 ], [ 79.0997326, 30.3575734 ], [ 79.099796, 30.357661 ], [ 79.099988700000011, 30.3577738 ], [ 79.1000536, 30.3578415 ], [ 79.1000599, 30.3578887 ], [ 79.0999656, 30.3581083 ], [ 79.0999491, 30.3582852 ], [ 79.0999727, 30.35846 ], [ 79.0999656, 30.3585637 ], [ 79.0998244, 30.3587008 ], [ 79.0997562, 30.3587653 ], [ 79.0997179, 30.3588688 ], [ 79.0997212, 30.3589695 ], [ 79.0997728, 30.3590701 ], [ 79.0998678, 30.359154899999989 ], [ 79.1000111, 30.3592254 ], [ 79.1000646, 30.3592834 ], [ 79.1000827, 30.3593504 ], [ 79.1000911, 30.3595158 ], [ 79.1001127, 30.3595862 ], [ 79.1001594, 30.359661 ], [ 79.1001744, 30.3597343 ], [ 79.1001527, 30.3598579 ], [ 79.100166, 30.3599758 ], [ 79.1002394, 30.3601081 ], [ 79.1003626, 30.3602288 ], [ 79.1004017, 30.3602789 ], [ 79.1004544, 30.3604457 ], [ 79.1005021, 30.3605324 ], [ 79.1006239, 30.3606412 ], [ 79.1007214, 30.3606868 ], [ 79.1008268, 30.3607128 ], [ 79.1009766, 30.3607283 ], [ 79.1010726, 30.3607638 ], [ 79.1011539, 30.3608239 ], [ 79.101271, 30.360905 ], [ 79.101417700000013, 30.3609733 ], [ 79.1015518, 30.3610142 ], [ 79.1018989, 30.3611153 ], [ 79.1022491, 30.3611898 ], [ 79.1023907, 30.361247399999986 ], [ 79.1024836, 30.3613093 ], [ 79.1025205, 30.3613748 ], [ 79.1025026, 30.3614513 ], [ 79.1024371, 30.3615742 ], [ 79.1023907, 30.3616261 ], [ 79.1023005, 30.36169 ], [ 79.1022261, 30.3617582 ], [ 79.1021617, 30.3618574 ], [ 79.1021258, 30.361943 ], [ 79.1021248, 30.362045 ], [ 79.1021512, 30.3622626 ], [ 79.1021174, 30.3623409 ], [ 79.102044600000013, 30.3624356 ], [ 79.1019464, 30.3625759 ], [ 79.1018578, 30.3626778 ], [ 79.1018017, 30.3627556 ], [ 79.101767, 30.36287 ], [ 79.1017607, 30.3629738 ], [ 79.1017829, 30.3630475 ], [ 79.1018251, 30.36310940000001 ], [ 79.1020079, 30.3633171 ], [ 79.1020453, 30.3633833 ], [ 79.1020601, 30.3634561 ], [ 79.1020569, 30.3635727 ], [ 79.1020369, 30.3636883 ], [ 79.1020369, 30.363775699999987 ], [ 79.1020717, 30.3638513 ], [ 79.1021308, 30.3639214 ], [ 79.1023471, 30.3640562 ], [ 79.1024092, 30.3640826 ], [ 79.1024854, 30.3640844 ], [ 79.1026004, 30.3640617 ], [ 79.1026964, 30.3640589 ], [ 79.102802, 30.364083499999989 ], [ 79.1029043, 30.3641418 ], [ 79.103032, 30.3642055 ], [ 79.1033328, 30.3642984 ], [ 79.1033771, 30.3643202 ], [ 79.1034012, 30.364345 ], [ 79.1034559, 30.3644738 ], [ 79.1035498, 30.3645959 ], [ 79.103777400000013, 30.3647771 ], [ 79.1039251, 30.3648491 ], [ 79.1040613, 30.3649237 ], [ 79.1041195, 30.3649813 ], [ 79.1042767, 30.3652138 ], [ 79.1043272, 30.3652688 ], [ 79.1044243, 30.3653444 ], [ 79.1044971, 30.3654273 ], [ 79.1045319, 30.3654801 ], [ 79.1045973, 30.365666699999984 ], [ 79.1046258, 30.3657141 ], [ 79.10468920000001, 30.3657614 ], [ 79.1048074, 30.3658297 ], [ 79.1048865, 30.3659117 ], [ 79.1050228, 30.3661577 ], [ 79.105068, 30.3662076 ], [ 79.1051387, 30.3662331 ], [ 79.1052191, 30.3662311 ], [ 79.1057007, 30.3660768 ], [ 79.1060853, 30.3660355 ], [ 79.1063069, 30.3660346 ], [ 79.1064578, 30.3660273 ], [ 79.1066837, 30.3659818 ], [ 79.1068931, 30.3659672 ], [ 79.1070633, 30.3659364 ], [ 79.1072694, 30.3658337 ], [ 79.1074364, 30.3657884 ], [ 79.1076289, 30.3657098 ], [ 79.1077319, 30.3656351 ], [ 79.1078573, 30.3654523 ], [ 79.1079112, 30.365401599999988 ], [ 79.1080477, 30.3653504 ], [ 79.1082381, 30.365322299999988 ], [ 79.1084217, 30.3653288 ], [ 79.1085814, 30.3653532 ], [ 79.1088046, 30.3653812 ], [ 79.1090399, 30.3653876 ], [ 79.1092436, 30.3654195 ], [ 79.1094251, 30.3654605 ], [ 79.109614, 30.365532399999989 ], [ 79.1096765, 30.3655453 ], [ 79.1100165, 30.3655447 ], [ 79.1101135, 30.3655357 ], [ 79.110249300000021, 30.3654842 ], [ 79.1103702, 30.3654598 ], [ 79.1105269, 30.3654765 ], [ 79.1106813, 30.3655217 ], [ 79.1108112, 30.365556 ], [ 79.1109209, 30.3656134 ], [ 79.1109663, 30.3656608 ], [ 79.1109726, 30.365709 ], [ 79.1109568, 30.3657418 ], [ 79.1109044, 30.3657848 ], [ 79.1107785, 30.3658474 ], [ 79.1106592, 30.3658948 ], [ 79.1104724, 30.3659576 ], [ 79.1103531, 30.3660476 ], [ 79.1103149, 30.3661107 ], [ 79.1103171, 30.3661781 ], [ 79.1103508, 30.366271 ], [ 79.110393, 30.3663775 ], [ 79.1103941, 30.3664458 ], [ 79.1103698, 30.3665086 ], [ 79.1103054, 30.366554099999984 ], [ 79.1102252, 30.3665678 ], [ 79.1100522, 30.3665605 ], [ 79.1100068, 30.3665669 ], [ 79.1099572, 30.3666142 ], [ 79.1098939, 30.36674720000001 ], [ 79.1098852, 30.3668492 ], [ 79.1099741, 30.3670376 ], [ 79.1100279, 30.3671469 ], [ 79.1100611, 30.3671749 ], [ 79.1101368, 30.3672389 ], [ 79.1102207, 30.3673166 ], [ 79.1103328, 30.3673667 ], [ 79.1103896, 30.3673941 ], [ 79.110445400000017, 30.3674388 ] ] } },
{ "type": "Feature", "properties": { "osm_id": 37796694, "highway": "trunk", "name": null, "name_en": null, "ref": "NH7", "surface": "unknown", "maxspeed": "50", "oneway": "no", "access": "yes", "motor_vehicle": null, "bridge": "no", "tunnel": "no", "smoothness": null, "tracktype": null, "lanes": "2", "layer": "0", "length_m": 4456.49, "assumed_speed_kmh": 35.0, "travel_time_min": 7.6397, "is_vehicular": true, "is_arterial": true }, "geometry": { "type": "LineString", "coordinates": [ [ 79.2182373, 30.261777 ], [ 79.2187307, 30.260803 ], [ 79.2189389, 30.2604641 ], [ 79.2191828, 30.260219699999986 ], [ 79.21933970000002, 30.259949500000012 ], [ 79.2196291, 30.259664 ], [ 79.2196796, 30.25958 ], [ 79.2197338, 30.2594273 ], [ 79.2200734, 30.2589037 ], [ 79.2201723, 30.2585668 ], [ 79.2202007, 30.2580511 ], [ 79.2202717, 30.257932 ], [ 79.2203941, 30.2578989 ], [ 79.2204841, 30.2579366 ], [ 79.220490200000015, 30.2580415 ], [ 79.2203143, 30.2585111 ], [ 79.2203209, 30.2588443 ], [ 79.2202021, 30.2592705 ], [ 79.22021, 30.2596719 ], [ 79.2201867, 30.2597442 ], [ 79.21968, 30.26055 ], [ 79.21954, 30.26073 ], [ 79.2194885, 30.2608804 ], [ 79.21929, 30.26146 ], [ 79.21887, 30.26174 ], [ 79.21866, 30.26181 ], [ 79.21848, 30.26196 ], [ 79.21839, 30.26214 ], [ 79.21849, 30.26248 ], [ 79.21847, 30.26302 ], [ 79.21862, 30.26331 ], [ 79.21916, 30.26365 ], [ 79.2196, 30.26405 ], [ 79.22047, 30.26541 ], [ 79.22099, 30.26578 ], [ 79.22133, 30.26596 ], [ 79.22185, 30.26615 ], [ 79.2219435, 30.2662349 ], [ 79.22218, 30.26688 ], [ 79.22239, 30.26707 ], [ 79.22262, 30.2674 ], [ 79.2231, 30.26763 ], [ 79.22351, 30.26821 ], [ 79.22384, 30.26838 ], [ 79.22412, 30.26864 ], [ 79.22455, 30.26891 ], [ 79.22485, 30.26941 ], [ 79.22499, 30.26973 ], [ 79.22504, 30.27002 ], [ 79.2253, 30.27051 ], [ 79.22543, 30.27066 ], [ 79.2255314, 30.2707054 ], [ 79.22594, 30.27071 ], [ 79.2260071, 30.270740499999988 ], [ 79.22616, 30.27132 ], [ 79.2263, 30.27148 ], [ 79.2263753, 30.2717657 ], [ 79.2266389, 30.271962 ], [ 79.2268606, 30.2722116 ], [ 79.227002, 30.272483 ], [ 79.2270779, 30.2727834 ], [ 79.2270804, 30.272956 ], [ 79.2271293, 30.273005 ], [ 79.2275359, 30.2730114 ], [ 79.2279474, 30.2730091 ], [ 79.2282008, 30.2731149 ], [ 79.228273, 30.273298 ], [ 79.2281662, 30.2735088 ], [ 79.2282003, 30.2736896 ], [ 79.2283851, 30.2739255 ], [ 79.2284062, 30.274333599999988 ], [ 79.2282522, 30.2747132 ], [ 79.22794780000001, 30.2750601 ], [ 79.2279263, 30.2751517 ], [ 79.2280002, 30.2752129 ], [ 79.228117, 30.2752019 ], [ 79.22899, 30.27499 ], [ 79.22953, 30.275 ], [ 79.23119, 30.27452 ], [ 79.23191, 30.27449 ], [ 79.23242, 30.2745 ], [ 79.23296, 30.27458 ], [ 79.23329, 30.27479 ], [ 79.23358, 30.27482 ], [ 79.23412, 30.27496 ], [ 79.23518, 30.27504 ], [ 79.23555, 30.27499 ], [ 79.2359185, 30.2748085 ], [ 79.2361146, 30.2748537 ], [ 79.2362154, 30.2750206 ], [ 79.235825800000015, 30.2758932 ], [ 79.2359372, 30.276216 ], [ 79.236201, 30.2764632 ], [ 79.236280300000018, 30.27649 ], [ 79.2366888, 30.2764501 ], [ 79.2367319, 30.2764661 ], [ 79.2370277, 30.276679 ], [ 79.237125800000015, 30.276696 ], [ 79.2378268, 30.2765348 ], [ 79.237952, 30.2765779 ], [ 79.2383241, 30.2769319 ], [ 79.2394098, 30.2778839 ], [ 79.2398498, 30.2780475 ], [ 79.2400044, 30.2780872 ], [ 79.2402113, 30.2780607 ], [ 79.2404963, 30.2780596 ] ] } },
{ "type": "Feature", "properties": { "osm_id": 38121451, "highway": "primary", "name": null, "name_en": null, "ref": "SH 34", "surface": "unknown", "maxspeed": "50", "oneway": "no", "access": "yes", "motor_vehicle": null, "bridge": "no", "tunnel": "no", "smoothness": null, "tracktype": null, "lanes": "2", "layer": "0", "length_m": 151.35, "assumed_speed_kmh": 30.0, "travel_time_min": 0.3027, "is_vehicular": true, "is_arterial": true }, "geometry": { "type": "LineString", "coordinates": [ [ 78.9856098, 30.2872758 ], [ 78.9854642, 30.2873119 ], [ 78.9851932, 30.2873494 ], [ 78.9849602, 30.28735 ], [ 78.984522, 30.2872485 ], [ 78.9844096, 30.2872386 ], [ 78.9842967, 30.2872416 ], [ 78.98424, 30.2872519 ], [ 78.9841964, 30.2872678 ], [ 78.9841481, 30.2873069 ], [ 78.9841199, 30.2873563 ] ] } },
{ "type": "Feature", "properties": { "osm_id": 44817173, "highway": "trunk", "name": null, "name_en": null, "ref": "NH7", "surface": "unknown", "maxspeed": "50", "oneway": "no", "access": "yes", "motor_vehicle": null, "bridge": "no", "tunnel": "no", "smoothness": null, "tracktype": null, "lanes": "2", "layer": "0", "length_m": 7157.53, "assumed_speed_kmh": 35.0, "travel_time_min": 12.2701, "is_vehicular": true, "is_arterial": true }, "geometry": { "type": "LineString", "coordinates": [ [ 78.81079130000002, 30.219734699999986 ], [ 78.8107602, 30.2193861 ], [ 78.8107279, 30.2193242 ], [ 78.8106662, 30.219268599999989 ], [ 78.8104704, 30.2192106 ], [ 78.8100865, 30.219139 ], [ 78.8098092, 30.2190797 ], [ 78.8096362, 30.2190327 ], [ 78.8095719, 30.2189812 ], [ 78.8094958, 30.2187654 ], [ 78.809419, 30.2187135 ], [ 78.809364, 30.2186949 ], [ 78.809309, 30.2186891 ], [ 78.8091856, 30.2187309 ], [ 78.8090351, 30.2187991 ], [ 78.8087577, 30.2188646 ], [ 78.8082888, 30.2187835 ], [ 78.8078012, 30.2186866 ], [ 78.8076407, 30.2186173 ], [ 78.8075572, 30.218461 ], [ 78.8075281, 30.218276700000011 ], [ 78.8074831, 30.2182372 ], [ 78.8074261, 30.218214 ], [ 78.8073631, 30.2182099 ], [ 78.8073027, 30.2182256 ], [ 78.8071941, 30.2182557 ], [ 78.8070747, 30.2183125 ], [ 78.8067493, 30.2184108 ], [ 78.8064928, 30.2183825 ], [ 78.8061562, 30.2182164 ], [ 78.8060796, 30.2181561 ], [ 78.8060259, 30.2180907 ], [ 78.8059496, 30.21784220000001 ], [ 78.8059174, 30.2177783 ], [ 78.8058651, 30.217725 ], [ 78.8058007, 30.2176948 ], [ 78.8057085, 30.2176932 ], [ 78.8055566, 30.217755100000012 ], [ 78.80540640000001, 30.2177713 ], [ 78.8051006, 30.2177597 ], [ 78.8046469, 30.217706 ], [ 78.8044113, 30.2177481 ], [ 78.8041796, 30.2178199 ], [ 78.8035815, 30.2177931 ], [ 78.8033169, 30.2178362 ], [ 78.8030403, 30.2179344 ], [ 78.8027859, 30.2179451 ], [ 78.8025401, 30.2178998 ], [ 78.8021743, 30.2179544 ], [ 78.801943, 30.2180568 ], [ 78.8016754, 30.2181027 ], [ 78.8014527, 30.2181009 ], [ 78.801219500000016, 30.218061 ], [ 78.8010116, 30.217981099999989 ], [ 78.800911, 30.2179915 ], [ 78.8008131, 30.2180193 ], [ 78.8006206, 30.2181652 ], [ 78.800447, 30.218207 ], [ 78.8002716, 30.2182138 ], [ 78.8001065, 30.2182112 ], [ 78.8000251, 30.2182114 ], [ 78.7999146, 30.2182117 ], [ 78.7998301, 30.2182522 ], [ 78.7997726, 30.2183055 ], [ 78.7996649, 30.2184429 ], [ 78.7996276, 30.2185153 ], [ 78.7995712, 30.2185872 ], [ 78.7994626, 30.2186787 ], [ 78.7993064, 30.2187568 ], [ 78.7991149, 30.2188067 ], [ 78.7986258, 30.2189093 ], [ 78.7982008, 30.219034499999989 ], [ 78.797319, 30.2194936 ], [ 78.79692, 30.21967 ], [ 78.79624, 30.220103 ], [ 78.7950745, 30.2208886 ], [ 78.7949471, 30.2209489 ], [ 78.7948201, 30.2209893 ], [ 78.7947547, 30.2209993 ], [ 78.7946916, 30.2210016 ], [ 78.794598, 30.2209844 ], [ 78.7944898, 30.22095 ], [ 78.7944013, 30.2209211 ], [ 78.7941767, 30.2208115 ], [ 78.793992, 30.2207361 ], [ 78.7937789, 30.2206764 ], [ 78.7936181, 30.2206105 ], [ 78.79344, 30.22055 ], [ 78.7933271, 30.2205027 ], [ 78.7932294, 30.2204812 ], [ 78.7931474, 30.2205068 ], [ 78.7930752, 30.220539399999989 ], [ 78.7929998, 30.220592 ], [ 78.7929288, 30.220629 ], [ 78.7927683, 30.2207232 ], [ 78.79246, 30.22085 ], [ 78.7916282, 30.221101 ], [ 78.7902921, 30.2215041 ], [ 78.79014, 30.22155 ], [ 78.7898308, 30.2216179 ], [ 78.7897463, 30.2216364 ], [ 78.7884575, 30.2219583 ], [ 78.78789, 30.2221 ], [ 78.7868106, 30.2225388 ], [ 78.7862098, 30.2228123 ], [ 78.7859899, 30.2229574 ], [ 78.7858236, 30.2230672 ], [ 78.7855573, 30.2231435 ], [ 78.78487, 30.22309 ], [ 78.7847188, 30.2230525 ], [ 78.7836605, 30.2227351 ], [ 78.7832341, 30.2226934 ], [ 78.7827572, 30.2225 ], [ 78.782412, 30.2222958 ], [ 78.7817788, 30.2222114 ], [ 78.78154, 30.22215 ], [ 78.78095, 30.22215 ], [ 78.78012, 30.22222 ], [ 78.77948, 30.22221 ], [ 78.778764, 30.2222801 ], [ 78.77805, 30.22235 ], [ 78.7779914, 30.2223429 ], [ 78.7776574, 30.222227 ], [ 78.7775382, 30.2222213 ], [ 78.7774162, 30.2222363 ], [ 78.7772054, 30.222263 ], [ 78.7768865, 30.2223024 ], [ 78.776604, 30.2223487 ], [ 78.7760362, 30.2223997 ], [ 78.7754922, 30.2223739 ], [ 78.7752865, 30.2223418 ], [ 78.7750895, 30.2222896 ], [ 78.774974, 30.2222503 ], [ 78.774837300000016, 30.2221923 ], [ 78.7747072, 30.2221205 ], [ 78.7745717, 30.2220428 ], [ 78.7744497, 30.2219524 ], [ 78.7743531, 30.2218945 ], [ 78.7742418, 30.2218667 ], [ 78.7741125, 30.2218641 ], [ 78.773185, 30.2218458 ], [ 78.7725087, 30.2218679 ], [ 78.7722463, 30.2218574 ], [ 78.7721282, 30.2218301 ], [ 78.771913, 30.2217805 ], [ 78.7715644, 30.2216791 ], [ 78.771425, 30.2215916 ], [ 78.7713206, 30.2215261 ], [ 78.7711193, 30.2213543 ], [ 78.7710659, 30.2213087 ], [ 78.7708098, 30.2210833 ], [ 78.7705961, 30.2208752 ], [ 78.7704822, 30.22076430000001 ], [ 78.7699017, 30.220218 ], [ 78.7698423, 30.220162 ], [ 78.7697116, 30.2200079 ], [ 78.7695253, 30.2198538 ], [ 78.7689605, 30.2194222 ], [ 78.768335, 30.2189928 ], [ 78.7680837, 30.2188011 ], [ 78.7679023, 30.21866270000001 ], [ 78.7664151, 30.2174376 ], [ 78.7648394, 30.2164479 ], [ 78.764694500000019, 30.2163007 ], [ 78.7645335, 30.2161605 ], [ 78.7644799, 30.216094399999989 ], [ 78.7644517, 30.216033 ], [ 78.7644249, 30.2159507 ], [ 78.7644075, 30.2158684 ], [ 78.7643793, 30.2156204 ], [ 78.7643713, 30.215501 ], [ 78.7643659, 30.215439599999989 ], [ 78.7643444, 30.2153724 ], [ 78.7641942, 30.21499 ], [ 78.7640655, 30.2147211 ], [ 78.7637866, 30.2139956 ], [ 78.7636444, 30.2138287 ], [ 78.7634727, 30.2136781 ], [ 78.7630141, 30.213393 ], [ 78.7627915, 30.213313 ], [ 78.7626708, 30.2132829 ], [ 78.7625501, 30.2132655 ], [ 78.7623516, 30.2132412 ], [ 78.7621585, 30.2132284 ], [ 78.7617159, 30.2133188 ], [ 78.761209, 30.2134695 ], [ 78.76058, 30.21358 ], [ 78.7601401, 30.2137326 ], [ 78.7599059, 30.213787 ], [ 78.7594939, 30.2138078 ], [ 78.7593113, 30.2138403 ], [ 78.759153, 30.213867 ], [ 78.758994, 30.2139215 ], [ 78.7589036, 30.2139655 ], [ 78.7588352, 30.2140176 ], [ 78.7587085, 30.2141045 ], [ 78.758579, 30.214195 ], [ 78.7584463, 30.2142378 ], [ 78.7583645, 30.214246 ], [ 78.7582867, 30.2142309 ], [ 78.757948, 30.214066899999988 ], [ 78.7578046, 30.2140304 ], [ 78.757716, 30.2140194 ], [ 78.7575866, 30.2140095 ], [ 78.7566143, 30.2140072 ], [ 78.7555574, 30.2140231 ], [ 78.7552196, 30.2140078 ], [ 78.7545524, 30.2139776 ], [ 78.7542486, 30.213930699999988 ], [ 78.7540233, 30.2137754 ], [ 78.7535834, 30.2133304 ], [ 78.7533112, 30.2130615 ], [ 78.7530832, 30.2127695 ], [ 78.75298, 30.2126722 ], [ 78.7529028, 30.2126171 ], [ 78.752827, 30.2125933 ], [ 78.7527613, 30.212597400000011 ], [ 78.7526983, 30.2126096 ], [ 78.7525213, 30.2126663 ], [ 78.7523764, 30.2127278 ], [ 78.7520599, 30.2128008 ], [ 78.7517756, 30.2128553 ], [ 78.751089, 30.2128043 ], [ 78.7506786, 30.2127579 ], [ 78.7504439, 30.2126814 ], [ 78.7501222, 30.2125838 ], [ 78.7500322, 30.2125528 ], [ 78.7499343, 30.2125203 ], [ 78.7497593, 30.2124941 ], [ 78.7495494, 30.2125064 ], [ 78.74933, 30.21253 ], [ 78.7491256, 30.212541199999983 ], [ 78.7489821, 30.2125215 ], [ 78.7488547, 30.2124647 ], [ 78.7487568, 30.2124334 ], [ 78.7486549, 30.2124125 ], [ 78.7485576, 30.2124177 ], [ 78.7484686, 30.2124396 ], [ 78.7482224, 30.2125 ], [ 78.7480956, 30.2125226 ], [ 78.7480339, 30.2125284 ], [ 78.7479696, 30.2125255 ], [ 78.7477939, 30.212507 ], [ 78.7476242, 30.2124896 ], [ 78.747501500000013, 30.212494799999988 ], [ 78.7473185, 30.2125571 ], [ 78.746500900000015, 30.2128779 ], [ 78.7464217, 30.2129513 ] ] } },
{ "type": "Feature", "properties": { "osm_id": 44817174, "highway": "trunk", "name": null, "name_en": null, "ref": "NH7", "surface": "asphalt", "maxspeed": "50", "oneway": "no", "access": "yes", "motor_vehicle": null, "bridge": "no", "tunnel": "no", "smoothness": null, "tracktype": null, "lanes": "2", "layer": "0", "length_m": 2396.18, "assumed_speed_kmh": 35.0, "travel_time_min": 4.1077, "is_vehicular": true, "is_arterial": true }, "geometry": { "type": "LineString", "coordinates": [ [ 78.8613239, 30.2403569 ], [ 78.8612721, 30.240466299999987 ], [ 78.861294, 30.2406078 ], [ 78.8615143, 30.241519399999987 ], [ 78.8615043, 30.2418194 ], [ 78.861427, 30.2420212 ], [ 78.8613404, 30.2421319 ], [ 78.8612292, 30.242189199999988 ], [ 78.8611343, 30.2421894 ], [ 78.8605143, 30.241799399999987 ], [ 78.8599643, 30.2415494 ], [ 78.8595143, 30.2412694 ], [ 78.8589843, 30.2412294 ], [ 78.8568743, 30.2419394 ], [ 78.8557643, 30.2421094 ], [ 78.8551543, 30.2420394 ], [ 78.8532243, 30.2414594 ], [ 78.8521343, 30.2413594 ], [ 78.8513743, 30.2411994 ], [ 78.8490743, 30.2404494 ], [ 78.8489043, 30.2403294 ], [ 78.8486443, 30.2400094 ], [ 78.8485843, 30.2397694 ], [ 78.8485643, 30.238819399999986 ], [ 78.8488343, 30.2380794 ], [ 78.8488043, 30.2378694 ], [ 78.8488843, 30.2375894 ], [ 78.8488543, 30.2374594 ], [ 78.8485643, 30.237249399999985 ], [ 78.8483743, 30.2371694 ], [ 78.8478943, 30.2366894 ], [ 78.8478143, 30.2362594 ], [ 78.8477443, 30.2361294 ], [ 78.8464243, 30.2351794 ], [ 78.8460643, 30.2350394 ], [ 78.8452443, 30.234919399999985 ], [ 78.8443021, 30.2344332 ] ] } },
{ "type": "Feature", "properties": { "osm_id": 44817175, "highway": "trunk", "name": null, "name_en": null, "ref": "NH7", "surface": "asphalt", "maxspeed": "50", "oneway": "no", "access": "yes", "motor_vehicle": null, "bridge": "no", "tunnel": "no", "smoothness": null, "tracktype": null, "lanes": "2", "layer": "0", "length_m": 6570.62, "assumed_speed_kmh": 35.0, "travel_time_min": 11.2639, "is_vehicular": true, "is_arterial": true }, "geometry": { "type": "LineString", "coordinates": [ [ 78.9087878, 30.2423401 ], [ 78.9087146, 30.2421889 ], [ 78.9085814, 30.2421373 ], [ 78.9082821, 30.2421898 ], [ 78.9080929, 30.2423272 ], [ 78.9078745, 30.2424328 ], [ 78.9074423, 30.2423965 ], [ 78.9072273, 30.2424719 ], [ 78.9068293, 30.2426029 ], [ 78.906558200000021, 30.2425169 ], [ 78.9061907, 30.2423569 ], [ 78.9060781, 30.2423126 ], [ 78.9059515, 30.24203790000001 ], [ 78.90561, 30.2416385 ], [ 78.9054876, 30.2412926 ], [ 78.9052903, 30.2412128 ], [ 78.9049026, 30.2412152 ], [ 78.9043893, 30.2412724 ], [ 78.9040182, 30.2412043 ], [ 78.90355, 30.2411438 ], [ 78.90319, 30.24103 ], [ 78.9030616, 30.241057 ], [ 78.9027909, 30.2413379 ], [ 78.9025974, 30.2413592 ], [ 78.9024276, 30.2413853 ], [ 78.902174, 30.2414557 ], [ 78.9019834, 30.2414134 ], [ 78.9018814, 30.2412382 ], [ 78.9017128, 30.2411716 ], [ 78.9015086, 30.2411767 ], [ 78.9014429, 30.241279099999986 ], [ 78.9010955, 30.2414622 ], [ 78.9005975, 30.2413418 ], [ 78.8994626, 30.2417528 ], [ 78.8990592, 30.2423607 ], [ 78.8991228, 30.2425727 ], [ 78.8991647, 30.2427772 ], [ 78.8990804, 30.2429076 ], [ 78.8989295, 30.2429813 ], [ 78.8985139, 30.2430894 ], [ 78.8984167, 30.2432149 ], [ 78.8984549, 30.2433953 ], [ 78.8986618, 30.2436954 ], [ 78.8986587, 30.2438471 ], [ 78.8985737, 30.2440078 ], [ 78.8984093, 30.2444009 ], [ 78.8984333, 30.2447406 ], [ 78.8983986, 30.244875900000011 ], [ 78.8983235, 30.2450961 ], [ 78.8982128, 30.2455944 ], [ 78.8981642, 30.2459767 ], [ 78.8980954, 30.2461291 ], [ 78.8978595, 30.2465072 ], [ 78.8977533, 30.2468865 ], [ 78.8977631, 30.2469636 ], [ 78.8978021, 30.2472724 ], [ 78.89740350000001, 30.2483261 ], [ 78.896918, 30.2493038 ], [ 78.8966079, 30.2501138 ], [ 78.8964221, 30.2503579 ], [ 78.896146500000015, 30.2506464 ], [ 78.8959516, 30.2507113 ], [ 78.8945, 30.25083 ], [ 78.89399, 30.25089 ], [ 78.89324, 30.25082 ], [ 78.89306, 30.25085 ], [ 78.89189, 30.25168 ], [ 78.89138, 30.25193 ], [ 78.89067, 30.25201 ], [ 78.89039, 30.25217 ], [ 78.89002, 30.25256 ], [ 78.88945, 30.253 ], [ 78.88917, 30.25308 ], [ 78.8879, 30.25376 ], [ 78.88754, 30.25405 ], [ 78.88687, 30.25509 ], [ 78.88631, 30.25538 ], [ 78.88539, 30.25638 ], [ 78.88513, 30.25651 ], [ 78.8847066, 30.2566512 ], [ 78.8844356, 30.2566976 ], [ 78.8842888, 30.2568376 ], [ 78.8842034, 30.2570199 ], [ 78.88293, 30.25772 ], [ 78.88245, 30.25791 ], [ 78.88155, 30.25796 ], [ 78.88027, 30.25816 ], [ 78.879818, 30.2583121 ], [ 78.8793544, 30.25824140000001 ], [ 78.8791056, 30.2578153 ], [ 78.87939, 30.25603 ], [ 78.87921, 30.25553 ], [ 78.87889, 30.25529 ], [ 78.87881, 30.25436 ], [ 78.8786, 30.25346 ], [ 78.87861, 30.2532 ], [ 78.87841, 30.25252 ], [ 78.8777318, 30.2516021 ], [ 78.877753200000015, 30.2514561 ], [ 78.8778391, 30.2510576 ], [ 78.87778010000001, 30.2509117 ], [ 78.8775333, 30.2507703 ], [ 78.8772651, 30.2505896 ], [ 78.8770156, 30.250293 ], [ 78.8768198, 30.2498667 ], [ 78.8768386, 30.2496674 ], [ 78.8768011, 30.2495331 ], [ 78.8766804, 30.249299 ], [ 78.8765972, 30.24909980000001 ], [ 78.8764953, 30.2490071 ], [ 78.8762271, 30.2489422 ], [ 78.8760018, 30.2488449 ], [ 78.875865, 30.2486781 ], [ 78.8758139, 30.248234900000011 ], [ 78.8757441, 30.2481162 ], [ 78.8755998, 30.2480781 ], [ 78.87545, 30.24808 ], [ 78.87522, 30.24818 ], [ 78.87505, 30.24837 ], [ 78.8748, 30.24923 ], [ 78.87459, 30.24955 ], [ 78.8744894, 30.2496004 ], [ 78.8743912, 30.249621300000012 ], [ 78.8742694, 30.2496352 ], [ 78.87415, 30.2496 ], [ 78.87396, 30.24943 ], [ 78.87336, 30.24906 ], [ 78.87317, 30.24886 ], [ 78.87233, 30.24698 ], [ 78.87228, 30.24676 ], [ 78.8723, 30.24663 ], [ 78.87253, 30.24642 ], [ 78.87271, 30.24637 ], [ 78.87363, 30.24629 ], [ 78.87413, 30.24615 ], [ 78.87449, 30.246 ], [ 78.8749756, 30.245782 ], [ 78.8754466, 30.2455363 ], [ 78.8756427, 30.2453339 ], [ 78.8760166, 30.244681 ], [ 78.876584, 30.2440286 ], [ 78.876597, 30.2438275 ], [ 78.8765502, 30.2437748 ], [ 78.876512, 30.2437319 ] ] } },
{ "type": "Feature", "properties": { "osm_id": 44817176, "highway": "trunk", "name": null, "name_en": null, "ref": "NH7", "surface": "unknown", "maxspeed": "50", "oneway": "no", "access": "yes", "motor_vehicle": null, "bridge": "no", "tunnel": "no", "smoothness": null, "tracktype": null, "lanes": "2", "layer": "0", "length_m": 4904.49, "assumed_speed_kmh": 35.0, "travel_time_min": 8.4077, "is_vehicular": true, "is_arterial": true }, "geometry": { "type": "LineString", "coordinates": [ [ 78.93269, 30.25748 ], [ 78.9319881, 30.2580446 ], [ 78.93137, 30.25821 ], [ 78.9311288, 30.2581624 ], [ 78.930952, 30.2579571 ], [ 78.930932, 30.2576671 ], [ 78.931002, 30.2572671 ], [ 78.931312, 30.2565651 ], [ 78.9315, 30.25639 ], [ 78.9317571, 30.2561988 ], [ 78.9317944, 30.2560705 ], [ 78.93158, 30.2556567 ], [ 78.93145, 30.25534 ], [ 78.93139, 30.25514 ], [ 78.9317, 30.25462 ], [ 78.9317, 30.25412 ], [ 78.93159, 30.25373 ], [ 78.93144, 30.25351 ], [ 78.93147, 30.25329 ], [ 78.93159, 30.25306 ], [ 78.93147, 30.25287 ], [ 78.93096, 30.25242 ], [ 78.93077, 30.25167 ], [ 78.93069, 30.25158 ], [ 78.93016, 30.25149 ], [ 78.92931, 30.25079 ], [ 78.92883, 30.25068 ], [ 78.92873, 30.25039 ], [ 78.92869, 30.24996 ], [ 78.92854, 30.2498 ], [ 78.92762, 30.25005 ], [ 78.92726, 30.25002 ], [ 78.92691, 30.25007 ], [ 78.92625, 30.24997 ], [ 78.92527, 30.25004 ], [ 78.92507, 30.24986 ], [ 78.9248, 30.24989 ], [ 78.9243, 30.25018 ], [ 78.92385, 30.25018 ], [ 78.92324, 30.25052 ], [ 78.92317, 30.25075 ], [ 78.9232, 30.25145 ], [ 78.92334, 30.25264 ], [ 78.92266, 30.25322 ], [ 78.922, 30.25414 ], [ 78.92191, 30.25458 ], [ 78.9214, 30.25564 ], [ 78.92126, 30.25614 ], [ 78.92124, 30.25662 ], [ 78.92137, 30.25733 ], [ 78.92133, 30.25763 ], [ 78.92118, 30.25788 ], [ 78.91989, 30.25819 ], [ 78.91956, 30.25817 ], [ 78.91912, 30.25804 ], [ 78.91866, 30.25774 ], [ 78.91851, 30.25742 ], [ 78.91859, 30.25717 ], [ 78.91879, 30.25685 ], [ 78.91876, 30.25654 ], [ 78.91896, 30.25619 ], [ 78.91873, 30.25528 ], [ 78.91879, 30.25457 ], [ 78.91858, 30.25378 ], [ 78.91828, 30.25327 ], [ 78.91824, 30.25293 ], [ 78.91814, 30.25264 ], [ 78.91783, 30.2522 ], [ 78.91757, 30.25199 ], [ 78.91754, 30.25172 ], [ 78.9176, 30.25119 ], [ 78.91751, 30.251 ], [ 78.91695, 30.25049 ], [ 78.91666, 30.25029 ], [ 78.91585, 30.24988 ], [ 78.91559, 30.24965 ], [ 78.91558, 30.24941 ], [ 78.91548, 30.24908 ], [ 78.91551, 30.24891 ], [ 78.91569, 30.24872 ], [ 78.9171, 30.24754 ], [ 78.91738, 30.24713 ], [ 78.91788, 30.24616 ], [ 78.91831, 30.24447 ], [ 78.91841, 30.24429 ], [ 78.91868, 30.24426 ], [ 78.91889, 30.24418 ], [ 78.9189476, 30.2439454 ], [ 78.9189062, 30.2437894 ], [ 78.9187893, 30.2436037 ], [ 78.9186105, 30.2434201 ], [ 78.9184594, 30.2432749 ], [ 78.9184289, 30.2431032 ], [ 78.9183631, 30.2430431 ] ] } },
{ "type": "Feature", "properties": { "osm_id": 44817177, "highway": "trunk", "name": null, "name_en": null, "ref": "NH7", "surface": "unknown", "maxspeed": "50", "oneway": "no", "access": "yes", "motor_vehicle": null, "bridge": "no", "tunnel": "no", "smoothness": null, "tracktype": null, "lanes": "2", "layer": "0", "length_m": 2308.75, "assumed_speed_kmh": 35.0, "travel_time_min": 3.9579, "is_vehicular": true, "is_arterial": true }, "geometry": { "type": "LineString", "coordinates": [ [ 78.9820753, 30.2849778 ], [ 78.9820622, 30.2849726 ], [ 78.981990400000015, 30.2849679 ], [ 78.9818924, 30.2850439 ], [ 78.9818502, 30.285207699999987 ], [ 78.9817589, 30.2853729 ], [ 78.9809712, 30.2858785 ], [ 78.9806824, 30.2860639 ], [ 78.9804624, 30.2861639 ], [ 78.9799724, 30.2862539 ], [ 78.9793827, 30.286297599999987 ], [ 78.9789218, 30.2862872 ], [ 78.9787646, 30.286261499999988 ], [ 78.9786828, 30.286161 ], [ 78.978825400000019, 30.286102599999985 ], [ 78.9792397, 30.2861264 ], [ 78.9797226, 30.2861327 ], [ 78.9798414, 30.2861115 ], [ 78.9798821, 30.286057 ], [ 78.9798178, 30.2860017 ], [ 78.9795567, 30.2859831 ], [ 78.978961, 30.2858999 ], [ 78.978607600000018, 30.2857176 ], [ 78.9784645, 30.2855558 ], [ 78.9783624, 30.2854739 ], [ 78.9779524, 30.285243899999987 ], [ 78.9773224, 30.2850039 ], [ 78.9769992, 30.284863 ], [ 78.9765453, 30.2846652 ], [ 78.9755719, 30.2840451 ], [ 78.9752487, 30.2837753 ], [ 78.9750324, 30.2833739 ], [ 78.9748824, 30.2833039 ], [ 78.9747228, 30.2833039 ], [ 78.9746624, 30.2833039 ], [ 78.9741724, 30.283173899999987 ], [ 78.9739524, 30.2830539 ], [ 78.9738024, 30.2829339 ], [ 78.9737324, 30.2827239 ], [ 78.9737324, 30.2824939 ], [ 78.9736424, 30.282303899999988 ], [ 78.9733424, 30.2820339 ], [ 78.9727224, 30.2817139 ], [ 78.9715824, 30.2812439 ], [ 78.9715424, 30.2810639 ], [ 78.9715824, 30.2809839 ], [ 78.9722524, 30.2802539 ], [ 78.9722924, 30.2801539 ], [ 78.9722524, 30.2799539 ], [ 78.9720724, 30.2796839 ], [ 78.9721624, 30.2791939 ], [ 78.9721324, 30.2791039 ], [ 78.9719624, 30.2789539 ], [ 78.9719124, 30.2788239 ], [ 78.9719124, 30.2785039 ], [ 78.9712124, 30.277623899999984 ], [ 78.9708624, 30.2774239 ], [ 78.9699324, 30.2767539 ], [ 78.9688153, 30.2758799 ], [ 78.9685501, 30.2758202 ] ] } },
{ "type": "Feature", "properties": { "osm_id": 44817178, "highway": "trunk", "name": null, "name_en": null, "ref": "NH7", "surface": "unknown", "maxspeed": "50", "oneway": "no", "access": "yes", "motor_vehicle": null, "bridge": "no", "tunnel": "no", "smoothness": null, "tracktype": null, "lanes": "2", "layer": "0", "length_m": 2127.57, "assumed_speed_kmh": 35.0, "travel_time_min": 3.6473, "is_vehicular": true, "is_arterial": true }, "geometry": { "type": "LineString", "coordinates": [ [ 79.0438003, 30.3079152 ], [ 79.0436972, 30.3079634 ], [ 79.0436429, 30.3079686 ], [ 79.043592, 30.3079628 ], [ 79.043485, 30.3079216 ], [ 79.0433675, 30.3078634 ], [ 79.0432315, 30.307829 ], [ 79.04311, 30.3078243 ], [ 79.0428804, 30.307794 ], [ 79.0427833, 30.3078049 ], [ 79.0426954, 30.3078269 ], [ 79.0424784, 30.3079297 ], [ 79.0422425, 30.308033 ], [ 79.0420966, 30.3081085 ], [ 79.0419347, 30.3081555 ], [ 79.04167, 30.3081628 ], [ 79.0414546, 30.3081578 ], [ 79.0413434, 30.3081316 ], [ 79.0413106, 30.3081097 ], [ 79.0412876, 30.3080796 ], [ 79.0412683, 30.308010599999985 ], [ 79.0412067, 30.3078617 ], [ 79.0411276, 30.307794799999986 ], [ 79.0410483, 30.3077558 ], [ 79.0409733, 30.3077256 ], [ 79.0408171, 30.3077178 ], [ 79.040601, 30.3077584 ], [ 79.0403983, 30.3078498 ], [ 79.040208, 30.3078664 ], [ 79.0400225, 30.3078732 ], [ 79.0398572, 30.3078657 ], [ 79.0396816, 30.3078527 ], [ 79.0395015, 30.3078688 ], [ 79.039314, 30.3079408 ], [ 79.0391913, 30.3079809 ], [ 79.039071, 30.3079712 ], [ 79.0389228, 30.3079326 ], [ 79.0387541, 30.3078639 ], [ 79.0384803, 30.3077455 ], [ 79.0382623, 30.307654 ], [ 79.037949500000011, 30.3074973 ], [ 79.0376851, 30.3073499 ], [ 79.0376246, 30.3073017 ], [ 79.0375627, 30.3072525 ], [ 79.0375452, 30.3072206 ], [ 79.0375455, 30.307181 ], [ 79.0375521, 30.3071422 ], [ 79.0375725, 30.3071037 ], [ 79.0376088, 30.3070814 ], [ 79.0376583, 30.30707 ], [ 79.0377421, 30.3070837 ], [ 79.0378158, 30.3071088 ], [ 79.0378779, 30.3071551 ], [ 79.0380212, 30.3072316 ], [ 79.0381682, 30.3072593 ], [ 79.0383165, 30.30724 ], [ 79.0384592, 30.3071968 ], [ 79.0385599, 30.307155 ], [ 79.0386015, 30.3070961 ], [ 79.0386124, 30.307056 ], [ 79.0386215, 30.3070223 ], [ 79.0386038, 30.3069433 ], [ 79.0385542, 30.306903 ], [ 79.0384714, 30.3068764 ], [ 79.0383884, 30.306856 ], [ 79.0381935, 30.306827 ], [ 79.0379501, 30.3067689 ], [ 79.0377333, 30.3066851 ], [ 79.0375166, 30.3065233 ], [ 79.037274, 30.3063377 ], [ 79.0370968, 30.306256499999986 ], [ 79.0368213, 30.3061875 ], [ 79.0364095, 30.3060649 ], [ 79.0361653, 30.3059658 ], [ 79.0359806, 30.3059197 ], [ 79.0357424, 30.3058913 ], [ 79.035597, 30.3058726 ], [ 79.0354345, 30.3058312 ], [ 79.0352947, 30.3057216 ], [ 79.0350755, 30.3054735 ], [ 79.0349027, 30.3052247 ], [ 79.0346341, 30.3050297 ], [ 79.0343179, 30.3049025 ], [ 79.0340696, 30.3048236 ], [ 79.0332159, 30.3045754 ], [ 79.0325062, 30.304313 ], [ 79.0319592, 30.3040718 ], [ 79.0314789, 30.303846 ], [ 79.0312669, 30.3037073 ], [ 79.0309775, 30.3034583 ], [ 79.0308287, 30.3033561 ], [ 79.0306327, 30.3032729 ], [ 79.0301314, 30.3032121 ], [ 79.0299172, 30.3031657 ], [ 79.0295973, 30.303058 ], [ 79.0291777, 30.3029495 ], [ 79.0290386, 30.3028906 ], [ 79.028943, 30.3028368 ], [ 79.0288574, 30.3027244 ], [ 79.0288416, 30.3026463 ], [ 79.028849900000012, 30.3025676 ], [ 79.0288963, 30.3023673 ], [ 79.0289028, 30.3021826 ], [ 79.0288764, 30.3020535 ], [ 79.0288094, 30.3019353 ], [ 79.0287644, 30.3018905 ], [ 79.0287103, 30.3018541 ], [ 79.0286679, 30.3018395 ], [ 79.0286214, 30.3018421 ], [ 79.0284432, 30.301894 ], [ 79.0283218, 30.3019459 ], [ 79.0282123, 30.3019568 ], [ 79.0280378, 30.3019529 ], [ 79.02786620000002, 30.3019277 ], [ 79.0275401, 30.3018156 ], [ 79.0273542, 30.3017432 ] ] } },
{ "type": "Feature", "properties": { "osm_id": 44817179, "highway": "trunk", "name": null, "name_en": null, "ref": "NH7", "surface": "unknown", "maxspeed": "50", "oneway": "no", "access": "yes", "motor_vehicle": null, "bridge": "no", "tunnel": "no", "smoothness": null, "tracktype": null, "lanes": "2", "layer": "0", "length_m": 455.65, "assumed_speed_kmh": 35.0, "travel_time_min": 0.7811, "is_vehicular": true, "is_arterial": true }, "geometry": { "type": "LineString", "coordinates": [ [ 79.0936811, 30.299499399999988 ], [ 79.0936041, 30.299429 ], [ 79.0935856, 30.2993477 ], [ 79.0935862, 30.2992399 ], [ 79.09357, 30.29909 ], [ 79.0935151, 30.2989731 ], [ 79.0934461, 30.29884 ], [ 79.0932611, 30.2986094 ], [ 79.0931013, 30.2985086 ], [ 79.092943, 30.2984682 ], [ 79.0927672, 30.2983975 ], [ 79.092648, 30.2983982 ], [ 79.0924912, 30.2984213 ], [ 79.0922374, 30.2984378 ], [ 79.0921289, 30.2984405 ], [ 79.0920622, 30.2984053 ], [ 79.0920009, 30.2983522 ], [ 79.0919454, 30.2983065 ], [ 79.0917425, 30.298179 ], [ 79.0915456, 30.2981343 ], [ 79.09145, 30.29806 ], [ 79.0914014, 30.2979795 ], [ 79.0913919, 30.297902 ], [ 79.091434, 30.297849599999985 ], [ 79.0915523, 30.2977661 ], [ 79.0917039, 30.2976367 ], [ 79.0917831, 30.2974458 ], [ 79.091816, 30.2973102 ], [ 79.0918085, 30.2971869 ], [ 79.0917983, 30.2971613 ], [ 79.0917762, 30.2971059 ], [ 79.0917185, 30.2970674 ], [ 79.0916222, 30.2970451 ], [ 79.0914912, 30.2970277 ] ] } },
{ "type": "Feature", "properties": { "osm_id": 44817180, "highway": "trunk", "name": null, "name_en": null, "ref": "NH7", "surface": "unknown", "maxspeed": "50", "oneway": "no", "access": "yes", "motor_vehicle": null, "bridge": "no", "tunnel": "no", "smoothness": null, "tracktype": null, "lanes": "2", "layer": "0", "length_m": 4014.89, "assumed_speed_kmh": 35.0, "travel_time_min": 6.8827, "is_vehicular": true, "is_arterial": true }, "geometry": { "type": "LineString", "coordinates": [ [ 79.1192496, 30.2885314 ], [ 79.1191651, 30.2886766 ], [ 79.1191756, 30.2890383 ], [ 79.1189657, 30.289296 ], [ 79.118755, 30.2898232 ], [ 79.1184174, 30.2902814 ], [ 79.1183592, 30.2914298 ], [ 79.11801, 30.2922634 ], [ 79.1181215, 30.2927792 ], [ 79.1183061, 30.293117099999986 ], [ 79.1183201, 30.2938929 ], [ 79.1181902, 30.2945698 ], [ 79.1179931, 30.2949468 ], [ 79.117360100000013, 30.2957502 ], [ 79.1170615, 30.2962323 ], [ 79.116883, 30.2964929 ], [ 79.1165633, 30.2967351 ], [ 79.1163018, 30.2969332 ], [ 79.1158966, 30.296997 ], [ 79.1156553, 30.2971364 ], [ 79.1154432, 30.2973096 ], [ 79.1152645, 30.297449799999988 ], [ 79.1150909, 30.297588799999986 ], [ 79.1141294, 30.2983428 ], [ 79.1133862, 30.2989664 ], [ 79.1132296, 30.2990637 ], [ 79.1130628, 30.2991673 ], [ 79.112725, 30.2992742 ], [ 79.1124707, 30.2993358 ], [ 79.11223, 30.29936 ], [ 79.112136, 30.2993324 ], [ 79.1120703, 30.2992975 ], [ 79.1119795, 30.2992817 ], [ 79.1117649, 30.2992675 ], [ 79.1115338, 30.2992976 ], [ 79.1112687, 30.2993665 ], [ 79.1107089, 30.299528699999986 ], [ 79.1104081, 30.2995822 ], [ 79.1101556, 30.2995912 ], [ 79.1098495, 30.2995683 ], [ 79.1095982, 30.2994887 ], [ 79.1093892, 30.2994015 ], [ 79.109218, 30.2993254 ], [ 79.1089625, 30.2990718 ], [ 79.1087811, 30.2989525 ], [ 79.108601, 30.2988273 ], [ 79.1083844, 30.2986114 ], [ 79.1080694, 30.2984676 ], [ 79.1076989, 30.2981824 ], [ 79.1072833, 30.2979628 ], [ 79.107235, 30.2978887 ], [ 79.1072304, 30.297787 ], [ 79.1072521, 30.2976073 ], [ 79.1072446, 30.2974393 ], [ 79.1071696, 30.2972264 ], [ 79.1070889, 30.2971545 ], [ 79.106957300000019, 30.2971105 ], [ 79.1068854, 30.2971128 ], [ 79.1068196, 30.2971524 ], [ 79.1067102, 30.297236 ], [ 79.1065857, 30.2972775 ], [ 79.10648, 30.29724 ], [ 79.1063143, 30.2972357 ], [ 79.1062241, 30.2972333 ], [ 79.1060936, 30.2973374 ], [ 79.105955, 30.2974613 ], [ 79.1058166, 30.2974936 ], [ 79.1056507, 30.2975323 ], [ 79.1055886, 30.297667 ], [ 79.1055095, 30.2977877 ], [ 79.1053449, 30.298016499999985 ], [ 79.1052532, 30.298202 ], [ 79.1051026, 30.2983961 ], [ 79.1049968, 30.2985767 ], [ 79.1049324, 30.2987876 ], [ 79.1048681, 30.2989191 ], [ 79.1048192, 30.2990192 ], [ 79.1046965, 30.2991508 ], [ 79.1045998, 30.2992342 ], [ 79.1044064, 30.29933 ], [ 79.1040128, 30.2994703 ], [ 79.1034943, 30.2996696 ], [ 79.1032477, 30.2997993 ], [ 79.1029717, 30.2998851 ], [ 79.1026791, 30.2999454 ], [ 79.10242, 30.29996 ], [ 79.1019825, 30.2999709 ], [ 79.1017104, 30.2999482 ], [ 79.1015173, 30.2999277 ], [ 79.1011939, 30.2998934 ], [ 79.1006561, 30.2998814 ], [ 79.1005244, 30.2998785 ], [ 79.1000037, 30.2998573 ], [ 79.0996491, 30.2997763 ], [ 79.0993754, 30.2996688 ], [ 79.098767, 30.2995019 ], [ 79.0983129, 30.299397 ], [ 79.0977403, 30.2992358 ], [ 79.0971587, 30.2991397 ], [ 79.0965827, 30.2990474 ], [ 79.0958547, 30.2989674 ], [ 79.0956471, 30.2989537 ], [ 79.0954552, 30.298941 ], [ 79.0952857, 30.2989536 ], [ 79.0951735, 30.2990102 ], [ 79.0951785, 30.2991184 ], [ 79.0952506, 30.2991871 ], [ 79.0953537, 30.2992207 ], [ 79.0955701, 30.2992346 ], [ 79.0958519, 30.299339 ], [ 79.0961852, 30.2994269 ], [ 79.0963508, 30.2994745 ], [ 79.0965081, 30.2995008 ], [ 79.0966917, 30.2994888 ], [ 79.0968616, 30.2994726 ], [ 79.0969606, 30.2995053 ], [ 79.0970377, 30.2995986 ], [ 79.0970576, 30.2996373 ], [ 79.0970278, 30.2996997 ], [ 79.0969621, 30.2997286 ], [ 79.0969098, 30.2997307 ], [ 79.0967754, 30.299689 ], [ 79.0965892, 30.2996558 ], [ 79.0962624, 30.2996199 ], [ 79.095925, 30.2995609 ], [ 79.0955449, 30.2995963 ], [ 79.095265, 30.2996798 ], [ 79.0951392, 30.2996749 ], [ 79.0949424, 30.2996068 ], [ 79.0946496, 30.2995043 ], [ 79.0945317, 30.2994603 ], [ 79.0943528, 30.2994631 ], [ 79.0941297, 30.2995018 ], [ 79.0940061, 30.2995262 ], [ 79.0938496, 30.2995143 ], [ 79.0936811, 30.299499399999988 ] ] } },
{ "type": "Feature", "properties": { "osm_id": 44817181, "highway": "trunk", "name": null, "name_en": null, "ref": "NH7", "surface": "unknown", "maxspeed": "50", "oneway": "no", "access": "yes", "motor_vehicle": null, "bridge": "no", "tunnel": "no", "smoothness": null, "tracktype": null, "lanes": "2", "layer": "0", "length_m": 4069.74, "assumed_speed_kmh": 35.0, "travel_time_min": 6.9767, "is_vehicular": true, "is_arterial": true }, "geometry": { "type": "LineString", "coordinates": [ [ 79.1645681, 30.2709797 ], [ 79.1645311, 30.271091 ], [ 79.1645781, 30.2711969 ], [ 79.164721, 30.2713349 ], [ 79.164959, 30.2714507 ], [ 79.1652327, 30.2715497 ], [ 79.1654687, 30.271609 ], [ 79.1656383, 30.2715795 ], [ 79.16592230000002, 30.2715033 ], [ 79.1660618, 30.2715195 ], [ 79.1662054, 30.2715477 ], [ 79.166335, 30.2716346 ], [ 79.16642, 30.27175 ], [ 79.1665712, 30.2718669 ], [ 79.1667073, 30.2720379 ], [ 79.166802, 30.2722054 ], [ 79.166892, 30.2724265 ], [ 79.1669932, 30.272604300000012 ], [ 79.1670668, 30.2727316 ], [ 79.16717490000002, 30.272896 ], [ 79.1673271, 30.2730783 ], [ 79.1674136, 30.2732341 ], [ 79.1674106, 30.2733963 ], [ 79.1673718, 30.2736073 ], [ 79.1673198, 30.2738943 ], [ 79.1672397, 30.2740959 ], [ 79.1671478, 30.274225 ], [ 79.1670561, 30.2743921 ], [ 79.1669338, 30.2745571 ], [ 79.1668796, 30.2746962 ], [ 79.1667397, 30.2750846 ], [ 79.1666524, 30.2752789 ], [ 79.1666047, 30.2753936 ], [ 79.1666004, 30.2754668 ], [ 79.1666198, 30.2755524 ], [ 79.1666247, 30.2756013 ], [ 79.1666734, 30.2756771 ], [ 79.1666915, 30.2757577 ], [ 79.1667129, 30.2758356 ], [ 79.1667098, 30.2759858 ], [ 79.1666579, 30.2761404 ], [ 79.1665879, 30.2762376 ], [ 79.16650420000002, 30.2763096 ], [ 79.1664191, 30.2763633 ], [ 79.1663276, 30.2764394 ], [ 79.1662547, 30.276541 ], [ 79.1662678, 30.2766345 ], [ 79.1662694, 30.2768083 ], [ 79.1663267, 30.2769613 ], [ 79.1664046, 30.2771627 ], [ 79.1665213, 30.2775457 ], [ 79.1665358, 30.2775931 ], [ 79.1667293, 30.2779896 ], [ 79.1668233, 30.2781702 ], [ 79.1669016, 30.2783024 ], [ 79.1670951, 30.2784501 ], [ 79.167259, 30.2786374 ], [ 79.1674077, 30.2787977 ], [ 79.1675562, 30.2788949 ], [ 79.1677344, 30.2789668 ], [ 79.1678777, 30.2790176 ], [ 79.1679882, 30.2791145 ], [ 79.1680733, 30.2793072 ], [ 79.1681187, 30.2795108 ], [ 79.1681121, 30.279776 ], [ 79.1680811, 30.2799937 ], [ 79.1680057, 30.2801738 ], [ 79.1679013, 30.2803839 ], [ 79.1678538, 30.28052970000001 ], [ 79.1678075, 30.2806722 ], [ 79.167792, 30.2809561 ], [ 79.1678286, 30.2811793 ], [ 79.167913100000021, 30.2813244 ], [ 79.1679383, 30.2814872 ], [ 79.167934, 30.2816487 ], [ 79.1678787, 30.2817386 ], [ 79.1677902, 30.2818085 ], [ 79.167706, 30.281867099999989 ], [ 79.1676041, 30.2819037 ], [ 79.1675038, 30.2819829 ], [ 79.1674177, 30.28214 ], [ 79.1673265, 30.2823114 ], [ 79.1672184, 30.2824462 ], [ 79.1671087, 30.2825335 ], [ 79.1669748, 30.2826875 ], [ 79.1668587, 30.282892 ], [ 79.1667265, 30.2830634 ], [ 79.1666156, 30.2832307 ], [ 79.1665513, 30.2833277 ], [ 79.1664236, 30.2835357 ], [ 79.1663579, 30.2836916 ], [ 79.1663794, 30.2838609 ], [ 79.1664585, 30.2840904 ], [ 79.1665237, 30.284206 ], [ 79.1665854, 30.2843552 ], [ 79.166573, 30.2845673 ], [ 79.1664215, 30.2847536 ], [ 79.1660103, 30.2850401 ], [ 79.1656933, 30.2852884 ], [ 79.1654621, 30.2854243 ], [ 79.1651381, 30.2855366 ], [ 79.1649079, 30.2856154 ], [ 79.1637342, 30.2861731 ], [ 79.1626913, 30.2866889 ], [ 79.1617829, 30.2871651 ], [ 79.1612193, 30.2873694 ], [ 79.1607355, 30.2875443 ], [ 79.1603798, 30.2877944 ], [ 79.1602754, 30.2878501 ], [ 79.1596009, 30.2882099 ], [ 79.1593418, 30.2883447 ], [ 79.1588357, 30.288634 ], [ 79.1584569, 30.2887401 ], [ 79.1579591, 30.288946 ], [ 79.1573725, 30.2891759 ], [ 79.1571934, 30.289279 ], [ 79.1569257, 30.2893582 ], [ 79.1567095, 30.2893994 ], [ 79.1562122, 30.2892612 ], [ 79.1557125, 30.2891167 ], [ 79.1554258, 30.2890654 ], [ 79.1551938, 30.2890238 ], [ 79.15485, 30.28906 ], [ 79.154051100000018, 30.2892813 ], [ 79.1535184, 30.2893679 ], [ 79.15289, 30.28947 ], [ 79.152597600000021, 30.289509299999985 ], [ 79.15222, 30.28956 ], [ 79.1516481, 30.28955 ], [ 79.1510606, 30.2893724 ], [ 79.1508803, 30.289314 ], [ 79.1507563, 30.2891924 ], [ 79.1507732, 30.2890878 ], [ 79.1508239, 30.2889905 ], [ 79.1509338, 30.2889248 ], [ 79.1509986, 30.288913 ], [ 79.1510268, 30.2889078 ], [ 79.1513733, 30.288915 ], [ 79.1517085, 30.2888932 ], [ 79.1518494, 30.2888445 ], [ 79.1520325, 30.2887472 ], [ 79.152303, 30.2884699 ], [ 79.1523678, 30.2883726 ], [ 79.1524269, 30.2881512 ], [ 79.1525509, 30.2880028 ], [ 79.15275, 30.2879033 ], [ 79.1528601, 30.2878285 ], [ 79.1529031, 30.2877498 ], [ 79.1529103, 30.2877129 ], [ 79.1528777, 30.2876646 ], [ 79.1527763, 30.2876646 ], [ 79.1524946, 30.2878374 ], [ 79.1522453, 30.2880491 ], [ 79.1520684, 30.2881659 ], [ 79.1518773, 30.2882325 ], [ 79.1515933, 30.2883877 ], [ 79.15132770000001, 30.2884392 ], [ 79.1510964, 30.2883994 ], [ 79.150986, 30.2883424 ], [ 79.1506946, 30.2883533 ] ] } },
{ "type": "Feature", "properties": { "osm_id": 44817185, "highway": "trunk", "name": null, "name_en": null, "ref": "NH7", "surface": "unknown", "maxspeed": "50", "oneway": "no", "access": "yes", "motor_vehicle": null, "bridge": "no", "tunnel": "no", "smoothness": null, "tracktype": null, "lanes": "2", "layer": "0", "length_m": 67.91, "assumed_speed_kmh": 35.0, "travel_time_min": 0.1164, "is_vehicular": true, "is_arterial": true }, "geometry": { "type": "LineString", "coordinates": [ [ 79.3474792, 30.4074628 ], [ 79.348019, 30.4072244 ], [ 79.3480956, 30.4071674 ] ] } },
{ "type": "Feature", "properties": { "osm_id": 44817187, "highway": "trunk", "name": null, "name_en": null, "ref": "NH7", "surface": "unknown", "maxspeed": "50", "oneway": "no", "access": "yes", "motor_vehicle": null, "bridge": "no", "tunnel": "no", "smoothness": null, "tracktype": null, "lanes": "2", "layer": "0", "length_m": 254.09, "assumed_speed_kmh": 35.0, "travel_time_min": 0.4356, "is_vehicular": true, "is_arterial": true }, "geometry": { "type": "LineString", "coordinates": [ [ 79.3111754, 30.369983 ], [ 79.3111188, 30.3711271 ], [ 79.3117987, 30.372111 ] ] } },
{ "type": "Feature", "properties": { "osm_id": 44817255, "highway": "trunk", "name": null, "name_en": null, "ref": "NH7", "surface": "unknown", "maxspeed": "50", "oneway": "no", "access": "yes", "motor_vehicle": null, "bridge": "no", "tunnel": "no", "smoothness": null, "tracktype": null, "lanes": "2", "layer": "0", "length_m": 3292.57, "assumed_speed_kmh": 35.0, "travel_time_min": 5.6444, "is_vehicular": true, "is_arterial": true }, "geometry": { "type": "LineString", "coordinates": [ [ 79.4924859, 30.7772878 ], [ 79.49235, 30.77718 ], [ 79.49227, 30.77717 ], [ 79.49198, 30.77728 ], [ 79.49177, 30.7773 ], [ 79.49132, 30.77748 ], [ 79.4912341, 30.7777381 ], [ 79.4911871, 30.7780284 ], [ 79.4910072, 30.7783197 ], [ 79.4909362, 30.7784539 ], [ 79.4909392, 30.7790642 ], [ 79.4908561, 30.7790842 ], [ 79.4907782, 30.7789087 ], [ 79.4907734, 30.7785332 ], [ 79.4906673, 30.7783981 ], [ 79.4906903, 30.7782977 ], [ 79.4908371, 30.7781155 ], [ 79.4909594, 30.77754 ], [ 79.4909493, 30.7772609 ], [ 79.49113, 30.77719 ], [ 79.4917812, 30.7767764 ], [ 79.4919495, 30.7766135 ], [ 79.4920532, 30.7761192 ], [ 79.4921514, 30.7759022 ], [ 79.4921153, 30.7756815 ], [ 79.4920363, 30.7754502 ], [ 79.491993, 30.7752812 ], [ 79.4919256, 30.7753582 ], [ 79.4919063, 30.7754431 ], [ 79.491964, 30.775585 ], [ 79.4920136, 30.7756948 ], [ 79.492027, 30.7758289 ], [ 79.491942, 30.7759906 ], [ 79.4918671, 30.7762256 ], [ 79.4918114, 30.7763401 ], [ 79.491713, 30.776438100000011 ], [ 79.4913874, 30.7763461 ], [ 79.4912904, 30.7762868 ], [ 79.4911305, 30.7763297 ], [ 79.4910144, 30.7764639 ], [ 79.4905844, 30.7766344 ], [ 79.4904958, 30.7768435 ], [ 79.490406, 30.7771084 ], [ 79.49033, 30.77723 ], [ 79.4902651, 30.7774213 ], [ 79.4902243, 30.7775657 ], [ 79.4901355, 30.777564 ], [ 79.490095600000018, 30.7774508 ], [ 79.4900986, 30.7772833 ], [ 79.4900826, 30.7771356 ], [ 79.490140600000018, 30.7769889 ], [ 79.4901897, 30.7768182 ], [ 79.490098800000013, 30.776785899999989 ], [ 79.4898797, 30.7769868 ], [ 79.4897673, 30.7772216 ], [ 79.4896894, 30.7774353 ], [ 79.4896953, 30.7778342 ], [ 79.4897036, 30.7781394 ], [ 79.4897397, 30.7783358 ], [ 79.4901243, 30.7789594 ], [ 79.4902238, 30.7791223 ], [ 79.4901781, 30.7792432 ], [ 79.4899631, 30.7795432 ], [ 79.4899583, 30.7797126 ], [ 79.4899763, 30.7798961 ], [ 79.4901378, 30.7800868 ], [ 79.490206, 30.7802797 ], [ 79.4902186, 30.7806909 ], [ 79.4903023, 30.7808238 ], [ 79.4904354, 30.7808747 ], [ 79.4905041, 30.7810496 ], [ 79.4904749, 30.7812345 ], [ 79.4906007, 30.7815397 ], [ 79.4905457, 30.781613499999988 ], [ 79.4904204, 30.7817097 ], [ 79.4903913, 30.7819274 ], [ 79.4903873, 30.7821142 ], [ 79.4904636, 30.782224200000012 ], [ 79.4908381, 30.7825119 ], [ 79.4909359, 30.7827519 ], [ 79.4908815, 30.7830219 ], [ 79.4905759, 30.7832087 ], [ 79.4904407, 30.7833406 ], [ 79.4903366, 30.7835552 ], [ 79.4903143, 30.7838139 ], [ 79.4904105, 30.7841978 ], [ 79.4902731, 30.7844619 ], [ 79.4903094, 30.784694499999986 ], [ 79.4905442, 30.7852238 ], [ 79.4906813, 30.7856187 ], [ 79.4908782, 30.7860094 ], [ 79.4909043, 30.7862264 ], [ 79.4908562, 30.7864849 ], [ 79.4908667, 30.786989899999988 ], [ 79.490863, 30.7871998 ], [ 79.4908381, 30.7874136 ], [ 79.4909048, 30.7875379 ], [ 79.4909206, 30.7876649 ], [ 79.4909385, 30.7879032 ], [ 79.4910047, 30.788451 ], [ 79.491153, 30.7892274 ], [ 79.4913339, 30.789721 ], [ 79.4914138, 30.7908042 ], [ 79.4914927, 30.7912778 ], [ 79.4915413, 30.7916224 ], [ 79.4914943, 30.7921088 ], [ 79.4914556, 30.7924189 ], [ 79.4914031, 30.7929051 ], [ 79.4918789, 30.793625399999986 ], [ 79.4919325, 30.7937751 ] ] } },
{ "type": "Feature", "properties": { "osm_id": 44818223, "highway": "trunk", "name": null, "name_en": null, "ref": "NH107", "surface": "unknown", "maxspeed": "50", "oneway": "no", "access": "yes", "motor_vehicle": null, "bridge": "no", "tunnel": "no", "smoothness": null, "tracktype": null, "lanes": "2", "layer": "0", "length_m": 1774.12, "assumed_speed_kmh": 35.0, "travel_time_min": 3.0413, "is_vehicular": true, "is_arterial": true }, "geometry": { "type": "LineString", "coordinates": [ [ 79.0201145, 30.5942804 ], [ 79.0201988, 30.5941906 ], [ 79.0203328, 30.5941704 ], [ 79.0205531, 30.5942553 ], [ 79.020678, 30.5942355 ], [ 79.0209805, 30.5939043 ], [ 79.0212304, 30.5938421 ], [ 79.0216052, 30.5938421 ], [ 79.0220063, 30.5940798 ], [ 79.0222529, 30.5940826 ], [ 79.02243, 30.594 ], [ 79.02327, 30.59353 ], [ 79.0236856, 30.5933754 ], [ 79.0241297, 30.5932071 ], [ 79.0243968, 30.5930982 ], [ 79.0248337, 30.5929716 ], [ 79.0250632, 30.5930337 ], [ 79.0252295, 30.5931976 ], [ 79.0255782, 30.5931907 ], [ 79.0258303, 30.5930313 ], [ 79.0262836, 30.592782 ], [ 79.026686, 30.592782 ], [ 79.0270059, 30.5929669 ], [ 79.0271044, 30.5929805 ], [ 79.02718, 30.59293 ], [ 79.0273205, 30.5926754 ], [ 79.02732, 30.59256 ], [ 79.02747, 30.59249 ], [ 79.02781, 30.59219 ], [ 79.02824, 30.59201 ], [ 79.02895, 30.59197 ], [ 79.02957, 30.59151 ], [ 79.0298789, 30.5908543 ], [ 79.030212600000013, 30.5903396 ], [ 79.03053, 30.58987 ], [ 79.0304191, 30.589670900000012 ], [ 79.0300772, 30.5895351 ], [ 79.0296037, 30.589487 ], [ 79.0293177, 30.5893681 ], [ 79.0287982, 30.5891728 ], [ 79.0283609, 30.5890907 ], [ 79.0279565, 30.5888728 ], [ 79.0276376, 30.5887596 ], [ 79.0271411, 30.5884511 ], [ 79.0269635, 30.588202 ], [ 79.0267794, 30.5879784 ], [ 79.026204, 30.5877038 ] ] } },
{ "type": "Feature", "properties": { "osm_id": 44818224, "highway": "trunk", "name": null, "name_en": null, "ref": "NH107", "surface": "unknown", "maxspeed": "50", "oneway": "no", "access": "yes", "motor_vehicle": null, "bridge": "no", "tunnel": "no", "smoothness": null, "tracktype": null, "lanes": "2", "layer": "0", "length_m": 4390.07, "assumed_speed_kmh": 35.0, "travel_time_min": 7.5258, "is_vehicular": true, "is_arterial": true }, "geometry": { "type": "LineString", "coordinates": [ [ 79.02116, 30.38896 ], [ 79.0217308, 30.3896867 ], [ 79.0226536, 30.3908813 ], [ 79.02355, 30.39163 ], [ 79.0238977, 30.3919018 ], [ 79.0243578, 30.3920339 ], [ 79.0260315, 30.3922329 ], [ 79.0265357, 30.3923254 ], [ 79.0268576, 30.3924735 ], [ 79.02785, 30.3929039 ], [ 79.0284455, 30.3930566 ], [ 79.0290087, 30.3931213 ], [ 79.0292287, 30.3931954 ], [ 79.02947, 30.39332 ], [ 79.0301356, 30.3936022 ], [ 79.0305772, 30.393696099999985 ], [ 79.0310204, 30.3938015 ], [ 79.0314388, 30.3939542 ], [ 79.0321737, 30.3943475 ], [ 79.032652, 30.3947748 ], [ 79.0333043, 30.3957113 ], [ 79.0336206, 30.3962622 ], [ 79.0339878, 30.3970426 ], [ 79.0342811, 30.3979013 ], [ 79.0345871, 30.39842 ], [ 79.0356606, 30.3989671 ], [ 79.0361758, 30.3992159 ], [ 79.0366514, 30.3993184 ], [ 79.0377073, 30.3994698 ], [ 79.0380888, 30.3994023 ], [ 79.0386513, 30.3993735 ], [ 79.0389874, 30.3996269 ], [ 79.0392846, 30.399849899999985 ], [ 79.0397901, 30.3999135 ], [ 79.0405501, 30.3998914 ], [ 79.0416286, 30.400196099999988 ], [ 79.0422015, 30.400112 ], [ 79.0426543, 30.4001427 ], [ 79.0430684, 30.400352799999986 ], [ 79.0433273, 30.4007585 ], [ 79.044, 30.40111 ], [ 79.0442761, 30.4013726 ], [ 79.0446716, 30.40164 ], [ 79.0449237, 30.4019957 ], [ 79.0449769, 30.4027404 ], [ 79.045179, 30.40402 ], [ 79.0455848, 30.4046457 ], [ 79.0457125, 30.4051783 ], [ 79.0457358, 30.4053896 ], [ 79.0458148, 30.4061052 ], [ 79.0460983, 30.4066256 ], [ 79.046588200000016, 30.4072304 ], [ 79.0469753, 30.4072487 ], [ 79.0475232, 30.4079594 ], [ 79.0480662, 30.4085009 ], [ 79.0481305, 30.4088484 ], [ 79.0483759, 30.4091084 ], [ 79.04906, 30.40945 ], [ 79.0494588, 30.4097516 ], [ 79.0496416, 30.4099791 ], [ 79.049947300000014, 30.4101111 ], [ 79.0501643, 30.4100936 ], [ 79.0504929, 30.4099018 ], [ 79.0508528, 30.4097365 ], [ 79.0519331, 30.409433 ], [ 79.052459, 30.4094367 ], [ 79.0526019, 30.409329799999988 ], [ 79.0526847, 30.4091498 ], [ 79.0527946, 30.4088099 ], [ 79.0529302, 30.4085119 ], [ 79.0529563, 30.4084724 ] ] } },
{ "type": "Feature", "properties": { "osm_id": 44818225, "highway": "trunk", "name": null, "name_en": null, "ref": "NH107", "surface": "unknown", "maxspeed": "50", "oneway": "no", "access": "yes", "motor_vehicle": null, "bridge": "no", "tunnel": "no", "smoothness": null, "tracktype": null, "lanes": "2", "layer": "0", "length_m": 6124.94, "assumed_speed_kmh": 35.0, "travel_time_min": 10.4999, "is_vehicular": true, "is_arterial": true }, "geometry": { "type": "LineString", "coordinates": [ [ 78.9782706, 30.2964175 ], [ 78.978073, 30.2965802 ], [ 78.9778369, 30.2968882 ], [ 78.977676, 30.2970063 ], [ 78.9773354, 30.2972009 ], [ 78.9773005, 30.2972842 ], [ 78.977338, 30.297430099999985 ], [ 78.9774205, 30.2975325 ], [ 78.9775285, 30.297666400000011 ], [ 78.9777109, 30.2979859 ], [ 78.9778128, 30.2981156 ], [ 78.9782366, 30.2983982 ], [ 78.9787542, 30.298710799999988 ], [ 78.9790037, 30.2989331 ], [ 78.9793336, 30.2993917 ], [ 78.9795696, 30.2995862 ], [ 78.9796394, 30.2997066 ], [ 78.9794892, 30.3003087 ], [ 78.9794033, 30.3005032 ], [ 78.979115, 30.3008448 ], [ 78.9790801, 30.3010069 ], [ 78.9790855, 30.3011899 ], [ 78.9792706, 30.3017387 ], [ 78.9794449, 30.3019726 ], [ 78.979697, 30.302169400000011 ], [ 78.9798312, 30.3022297 ], [ 78.9800109, 30.3022528 ], [ 78.980381, 30.3021741 ], [ 78.9805419, 30.3021857 ], [ 78.98066, 30.3022273 ], [ 78.9807351, 30.3023385 ], [ 78.9807753, 30.3025145 ], [ 78.9809228, 30.3026581 ], [ 78.9812742, 30.3028387 ], [ 78.9815156, 30.3028943 ], [ 78.9820627, 30.3029661 ], [ 78.9821834, 30.3030216 ], [ 78.9822451, 30.3031513 ], [ 78.982398, 30.3036654 ], [ 78.9823819, 30.3040846 ], [ 78.9823015, 30.3045292 ], [ 78.982272, 30.3047839 ], [ 78.9822049, 30.3048904 ], [ 78.982052, 30.3050085 ], [ 78.9817141, 30.3051614 ], [ 78.9813681, 30.3053813 ], [ 78.9809362, 30.3055782 ], [ 78.9806948, 30.305819 ], [ 78.980609, 30.3060112 ], [ 78.9806144, 30.3061455 ], [ 78.9807136, 30.3062798 ], [ 78.9808584, 30.306370099999988 ], [ 78.9810462, 30.3064512 ], [ 78.9811964, 30.3065785 ], [ 78.981293, 30.3067615 ], [ 78.9813225, 30.30744 ], [ 78.9812286, 30.3077919 ], [ 78.981132, 30.3082921 ], [ 78.9809469, 30.3087877 ], [ 78.980909400000016, 30.3090725 ], [ 78.9809201, 30.3094013 ], [ 78.9808423, 30.3097023 ], [ 78.9806519, 30.3101863 ], [ 78.9805527, 30.3106772 ], [ 78.9805956, 30.3111079 ], [ 78.9805044, 30.3114089 ], [ 78.9804802, 30.3115455 ], [ 78.9805151, 30.3116566 ], [ 78.9805752, 30.311823 ], [ 78.9806063, 30.311909 ], [ 78.9806117, 30.3119947 ], [ 78.9805688, 30.3120387 ], [ 78.9803622, 30.3120943 ], [ 78.9802174, 30.3121915 ], [ 78.9801396, 30.3123143 ], [ 78.98005910000002, 30.3125759 ], [ 78.9796944, 30.313039 ], [ 78.9795629, 30.3131247 ], [ 78.9792142, 30.3131478 ], [ 78.9788146, 30.3131756 ], [ 78.97849, 30.3131316 ], [ 78.9777122, 30.313171 ], [ 78.9773608, 30.3132613 ], [ 78.9771704, 30.3133771 ], [ 78.9768914, 30.313562300000012 ], [ 78.9762987, 30.3137406 ], [ 78.9759768, 30.313861 ], [ 78.975815900000015, 30.3138656 ], [ 78.975325, 30.3137638 ], [ 78.9751105, 30.3137684 ], [ 78.9746679, 30.3139119 ], [ 78.9742414, 30.3139282 ], [ 78.973941, 30.3138749 ], [ 78.9734475, 30.313685 ], [ 78.9733483, 30.3135785 ], [ 78.9731712, 30.3133099 ], [ 78.972980800000016, 30.3131594 ], [ 78.9727984, 30.3130784 ], [ 78.9725409, 30.313039 ], [ 78.9723049, 30.313046 ], [ 78.9720018, 30.3131525 ], [ 78.9717711, 30.3133493 ], [ 78.9716585, 30.313553 ], [ 78.9715324, 30.313949 ], [ 78.9710764, 30.3148821 ], [ 78.9710657, 30.315028 ], [ 78.9711783, 30.3152642 ], [ 78.9718636, 30.3161869 ], [ 78.971855600000012, 30.3162957 ], [ 78.9717456, 30.316511 ], [ 78.9713084, 30.3170968 ], [ 78.9709168, 30.3174303 ], [ 78.9707479, 30.3174951 ], [ 78.9705199, 30.3175553 ], [ 78.970147, 30.317793799999986 ], [ 78.9693692, 30.318449 ], [ 78.9690983, 30.3185532 ], [ 78.9687684, 30.3186134 ], [ 78.9682641, 30.3189839 ], [ 78.9676526, 30.3192247 ], [ 78.9672958, 30.3194608 ], [ 78.9668265, 30.3196785 ], [ 78.9665556, 30.3198591 ], [ 78.9664536, 30.3199934 ], [ 78.9663115, 30.3205074 ], [ 78.9662954, 30.3207991 ], [ 78.9663678, 30.3211464 ], [ 78.9666199, 30.3217067 ], [ 78.9670027, 30.3224675 ], [ 78.9670276, 30.322517 ], [ 78.9672771, 30.3230449 ], [ 78.9676472, 30.3235913 ], [ 78.9681944, 30.3242072 ], [ 78.9684224, 30.3246749 ], [ 78.9685458, 30.324850799999989 ], [ 78.9686772, 30.3252398 ], [ 78.968704, 30.3265224 ], [ 78.9685699, 30.3281013 ], [ 78.9685377, 30.3284949 ], [ 78.9683634, 30.3290019 ], [ 78.9683258, 30.3293723 ], [ 78.9679128, 30.3307267 ], [ 78.9677626, 30.3313587 ], [ 78.9677679, 30.3315161 ], [ 78.967800100000019, 30.3316411 ], [ 78.967894, 30.3317592 ], [ 78.968170200000017, 30.3319583 ], [ 78.9682883, 30.3321736 ], [ 78.9686396, 30.3328588 ], [ 78.9690795, 30.3338543 ], [ 78.9691653, 30.334238599999985 ], [ 78.9692029, 30.335081199999987 ], [ 78.9690902, 30.3355905 ], [ 78.9691657, 30.3361461 ] ] } },
{ "type": "Feature", "properties": { "osm_id": 44818230, "highway": "primary", "name": null, "name_en": null, "ref": "SH 34", "surface": "unknown", "maxspeed": "50", "oneway": "no", "access": "yes", "motor_vehicle": null, "bridge": "yes", "tunnel": "no", "smoothness": null, "tracktype": null, "lanes": "2", "layer": "1", "length_m": 57.12, "assumed_speed_kmh": 30.0, "travel_time_min": 0.1142, "is_vehicular": true, "is_arterial": true }, "geometry": { "type": "LineString", "coordinates": [ [ 78.9841199, 30.2873563 ], [ 78.9839533, 30.2878508 ] ] } },
{ "type": "Feature", "properties": { "osm_id": 44818232, "highway": "trunk", "name": null, "name_en": null, "ref": "NH107", "surface": "unknown", "maxspeed": "50", "oneway": "no", "access": "yes", "motor_vehicle": null, "bridge": "no", "tunnel": "no", "smoothness": null, "tracktype": null, "lanes": "2", "layer": "0", "length_m": 3534.23, "assumed_speed_kmh": 35.0, "travel_time_min": 6.0587, "is_vehicular": true, "is_arterial": true }, "geometry": { "type": "LineString", "coordinates": [ [ 78.9896477, 30.3669288 ], [ 78.9897254, 30.3669239 ], [ 78.99126, 30.36684 ], [ 78.99212, 30.36697 ], [ 78.9925, 30.36719 ], [ 78.99283, 30.36727 ], [ 78.99444, 30.36751 ], [ 78.99484, 30.36771 ], [ 78.99514, 30.36802 ], [ 78.99544, 30.36854 ], [ 78.99567, 30.36952 ], [ 78.99588, 30.36994 ], [ 78.99597, 30.37069 ], [ 78.99614, 30.37143 ], [ 78.99662, 30.3728 ], [ 78.99756, 30.37415 ], [ 78.99791, 30.37473 ], [ 78.99849, 30.37544 ], [ 78.9985994, 30.3756013 ], [ 78.9994575, 30.3768674 ], [ 78.9995, 30.37693 ], [ 79.00006, 30.37761 ], [ 79.0004732, 30.3779742 ], [ 79.00065, 30.37813 ], [ 79.00147, 30.37874 ], [ 79.00245, 30.37925 ], [ 79.00407, 30.38045 ], [ 79.00453, 30.38063 ], [ 79.00542, 30.38083 ], [ 79.00655, 30.38099 ], [ 79.00756, 30.38125 ], [ 79.00794, 30.38145 ], [ 79.00822, 30.38173 ], [ 79.008416, 30.38206180000001 ], [ 79.0086503, 30.382411799999986 ], [ 79.0089204, 30.3832011 ], [ 79.00937, 30.38369 ], [ 79.0096586, 30.3838578 ], [ 79.0100257, 30.3839455 ], [ 79.0114342, 30.3842818 ], [ 79.0120742, 30.3843338 ], [ 79.0126513, 30.3844287 ], [ 79.013, 30.38468 ], [ 79.014027100000021, 30.3852099 ], [ 79.0144986, 30.3853387 ], [ 79.015308, 30.3854514 ] ] } },
{ "type": "Feature", "properties": { "osm_id": 44818245, "highway": "trunk", "name": null, "name_en": null, "ref": "NH107", "surface": "unknown", "maxspeed": "50", "oneway": "no", "access": "yes", "motor_vehicle": null, "bridge": "no", "tunnel": "no", "smoothness": null, "tracktype": null, "lanes": "2", "layer": "0", "length_m": 3417.25, "assumed_speed_kmh": 35.0, "travel_time_min": 5.8581, "is_vehicular": true, "is_arterial": true }, "geometry": { "type": "LineString", "coordinates": [ [ 79.08153, 30.52312 ], [ 79.08147, 30.52321 ], [ 79.0813, 30.52446 ], [ 79.08123, 30.52461 ], [ 79.08098, 30.52488 ], [ 79.08097, 30.52506 ], [ 79.08136, 30.52532 ], [ 79.08144, 30.52554 ], [ 79.08172, 30.52567 ], [ 79.08183, 30.52578 ], [ 79.0826, 30.52708 ], [ 79.08275, 30.52783 ], [ 79.08328, 30.52826 ], [ 79.08428, 30.52845 ], [ 79.08469, 30.52859 ], [ 79.08487, 30.52876 ], [ 79.08495, 30.52902 ], [ 79.08493, 30.52919 ], [ 79.08479, 30.52933 ], [ 79.08406, 30.52953 ], [ 79.08395, 30.52961 ], [ 79.08381, 30.52983 ], [ 79.08366, 30.52988 ], [ 79.08348, 30.52986 ], [ 79.08337, 30.52994 ], [ 79.08322, 30.53017 ], [ 79.08323, 30.5305 ], [ 79.08295, 30.53105 ], [ 79.0829, 30.53127 ], [ 79.08293, 30.53139 ], [ 79.08338, 30.53241 ], [ 79.08351, 30.53251 ], [ 79.08403, 30.53273 ], [ 79.08471, 30.53286 ], [ 79.08501, 30.53344 ], [ 79.08531, 30.53373 ], [ 79.08539, 30.53406 ], [ 79.08531, 30.53437 ], [ 79.08491, 30.53495 ], [ 79.08479, 30.53523 ], [ 79.08449, 30.53538 ], [ 79.084, 30.53533 ], [ 79.08391, 30.53541 ], [ 79.08392, 30.53551 ], [ 79.08423, 30.5359 ], [ 79.08419, 30.53628 ], [ 79.08435, 30.53679 ], [ 79.08436, 30.53698 ], [ 79.08426, 30.53743 ], [ 79.08419, 30.53755 ], [ 79.08385, 30.53784 ], [ 79.08371, 30.53789 ], [ 79.08279, 30.53793 ], [ 79.08251, 30.53785 ], [ 79.08202, 30.53762 ], [ 79.08119, 30.53756 ], [ 79.08048, 30.53765 ], [ 79.08028, 30.53772 ], [ 79.08022, 30.53781 ], [ 79.08023, 30.53793 ], [ 79.08051, 30.53825 ], [ 79.08051, 30.53836 ], [ 79.08035, 30.53867 ], [ 79.08043, 30.5388 ], [ 79.08078, 30.53901 ], [ 79.0808583, 30.539134700000012 ], [ 79.0808137, 30.539291 ], [ 79.0806665, 30.5394331 ], [ 79.08038, 30.53948 ], [ 79.08018, 30.5395 ], [ 79.07975, 30.5397 ], [ 79.07904, 30.53976 ], [ 79.07875, 30.54008 ], [ 79.0784, 30.54008 ], [ 79.07805, 30.53999 ], [ 79.07747, 30.54001 ], [ 79.07709, 30.54015 ], [ 79.07688, 30.54018 ], [ 79.07658, 30.5404 ], [ 79.07635, 30.5405 ], [ 79.07616, 30.54084 ], [ 79.07606, 30.54089 ], [ 79.07559, 30.54094 ], [ 79.07451, 30.54094 ] ] } },
{ "type": "Feature", "properties": { "osm_id": 44818246, "highway": "trunk", "name": null, "name_en": null, "ref": "NH107", "surface": "unknown", "maxspeed": "50", "oneway": "no", "access": "yes", "motor_vehicle": null, "bridge": "yes", "tunnel": "no", "smoothness": null, "tracktype": null, "lanes": "2", "layer": "1", "length_m": 34.13, "assumed_speed_kmh": 35.0, "travel_time_min": 0.0585, "is_vehicular": true, "is_arterial": true }, "geometry": { "type": "LineString", "coordinates": [ [ 79.04899, 30.55296 ], [ 79.04891, 30.55326 ] ] } },
{ "type": "Feature", "properties": { "osm_id": 44818247, "highway": "trunk", "name": null, "name_en": null, "ref": "NH107", "surface": "unknown", "maxspeed": "50", "oneway": "no", "access": "yes", "motor_vehicle": null, "bridge": "no", "tunnel": "no", "smoothness": null, "tracktype": null, "lanes": "2", "layer": "0", "length_m": 4518.8, "assumed_speed_kmh": 35.0, "travel_time_min": 7.7465, "is_vehicular": true, "is_arterial": true }, "geometry": { "type": "LineString", "coordinates": [ [ 79.07451, 30.54094 ], [ 79.07443, 30.54119 ], [ 79.0745, 30.54168 ], [ 79.0744314, 30.5419276 ], [ 79.07432, 30.54233 ], [ 79.07416, 30.54242 ], [ 79.07388, 30.54242 ], [ 79.07368, 30.54251 ], [ 79.07342, 30.54277 ], [ 79.07325, 30.54302 ], [ 79.07311, 30.5431 ], [ 79.07295, 30.54316 ], [ 79.07259, 30.54318 ], [ 79.07247, 30.54324 ], [ 79.0722, 30.54363 ], [ 79.07175, 30.54395 ], [ 79.07169, 30.54417 ], [ 79.07175, 30.54448 ], [ 79.07201, 30.54485 ], [ 79.07238, 30.54525 ], [ 79.07289, 30.5462 ], [ 79.0732, 30.54645 ], [ 79.07365, 30.54692 ], [ 79.07411, 30.54717 ], [ 79.07426, 30.54737 ], [ 79.07428, 30.54757 ], [ 79.07406, 30.54786 ], [ 79.07395, 30.54816 ], [ 79.07386, 30.54874 ], [ 79.07389, 30.54886 ], [ 79.07445, 30.54931 ], [ 79.07437, 30.54964 ], [ 79.07444, 30.54994 ], [ 79.07463, 30.5501 ], [ 79.07517, 30.5503 ], [ 79.07524, 30.55045 ], [ 79.0752, 30.55051 ], [ 79.07486, 30.55061 ], [ 79.07445, 30.55085 ], [ 79.07386, 30.55085 ], [ 79.07352, 30.55106 ], [ 79.0734, 30.55179 ], [ 79.07301, 30.5523 ], [ 79.0728, 30.55242 ], [ 79.07085, 30.55238 ], [ 79.07067, 30.55241 ], [ 79.07022, 30.55274 ], [ 79.06874, 30.5532 ], [ 79.0686, 30.5532 ], [ 79.06749, 30.55292 ], [ 79.06736, 30.55267 ], [ 79.06727, 30.55261 ], [ 79.06703, 30.55266 ], [ 79.0664, 30.55267 ], [ 79.06577, 30.55284 ], [ 79.06511, 30.55313 ], [ 79.06456, 30.55349 ], [ 79.06453, 30.55364 ], [ 79.06469, 30.55395 ], [ 79.06461, 30.55409 ], [ 79.06417, 30.5541 ], [ 79.0637, 30.55424 ], [ 79.06333, 30.55421 ], [ 79.06294, 30.55434 ], [ 79.06238, 30.55438 ], [ 79.0621, 30.55464 ], [ 79.06182, 30.5553 ], [ 79.06164, 30.55556 ], [ 79.06121, 30.55557 ], [ 79.06061, 30.55583 ], [ 79.06029, 30.55607 ], [ 79.05958, 30.55624 ], [ 79.05921, 30.55638 ], [ 79.05907, 30.55637 ], [ 79.05898, 30.55631 ], [ 79.05879, 30.55585 ], [ 79.05808, 30.55559 ], [ 79.058, 30.55552 ], [ 79.05791, 30.55527 ], [ 79.05778, 30.55514 ], [ 79.05719, 30.55481 ], [ 79.05683, 30.55474 ], [ 79.05668, 30.55476 ], [ 79.05637, 30.55497 ], [ 79.05622, 30.555 ], [ 79.05603, 30.55487 ], [ 79.05505, 30.55449 ], [ 79.05467, 30.55406 ], [ 79.05466, 30.55377 ], [ 79.05445, 30.55344 ], [ 79.05387, 30.55277 ], [ 79.0537, 30.55269 ], [ 79.05345, 30.55267 ], [ 79.05262, 30.55274 ], [ 79.05175, 30.55257 ], [ 79.05107, 30.55282 ], [ 79.05077, 30.55282 ], [ 79.05049, 30.55273 ], [ 79.05022, 30.55257 ], [ 79.05006, 30.55255 ], [ 79.04899, 30.55296 ] ] } },
{ "type": "Feature", "properties": { "osm_id": 44818343, "highway": "trunk", "name": null, "name_en": null, "ref": "NH109", "surface": "unknown", "maxspeed": "50", "oneway": "no", "access": "yes", "motor_vehicle": null, "bridge": "no", "tunnel": "no", "smoothness": null, "tracktype": null, "lanes": "2", "layer": "0", "length_m": 4028.82, "assumed_speed_kmh": 35.0, "travel_time_min": 6.9065, "is_vehicular": true, "is_arterial": true }, "geometry": { "type": "LineString", "coordinates": [ [ 79.250025, 30.2400185 ], [ 79.2500182, 30.24011010000001 ], [ 79.2502029, 30.2403068 ], [ 79.2502207, 30.240421099999985 ], [ 79.2501517, 30.2406008 ], [ 79.2497943, 30.2411701 ], [ 79.2493407, 30.241641099999988 ], [ 79.24826, 30.24244 ], [ 79.24695, 30.24302 ], [ 79.2459, 30.2434 ], [ 79.24484, 30.24355 ], [ 79.24394, 30.24375 ], [ 79.24327, 30.24393 ], [ 79.2430182, 30.2440624 ], [ 79.2422933, 30.2442524 ], [ 79.24215, 30.24429 ], [ 79.2412984, 30.244468 ], [ 79.2408907, 30.244592 ], [ 79.2404925, 30.2447301 ], [ 79.24022, 30.24482 ], [ 79.23973, 30.24499 ], [ 79.23897190000001, 30.2453556 ], [ 79.238706, 30.245527100000011 ], [ 79.2384601, 30.245751 ], [ 79.2382201, 30.2460907 ], [ 79.2381156, 30.2462729 ], [ 79.2380647, 30.246419 ], [ 79.238125, 30.246546 ], [ 79.2382925, 30.2467664 ], [ 79.23838880000001, 30.2469773 ], [ 79.2383996, 30.2472461 ], [ 79.23834, 30.2476556 ], [ 79.2383957, 30.2480817 ], [ 79.2384636, 30.2483979 ], [ 79.2385103, 30.2488089 ], [ 79.2385213, 30.249039 ], [ 79.2385378, 30.249273 ], [ 79.2385196, 30.2494595 ], [ 79.2384147, 30.2495623 ], [ 79.2381052, 30.249941499999988 ], [ 79.237908, 30.2502019 ], [ 79.2376909, 30.2504451 ], [ 79.2374514, 30.2505916 ], [ 79.2369778, 30.2506092 ], [ 79.2365094, 30.2506799 ], [ 79.2360129, 30.2507738 ], [ 79.235716100000019, 30.250826 ], [ 79.2353967, 30.250845199999986 ], [ 79.2348306, 30.2509824 ], [ 79.2344376, 30.2510958 ], [ 79.2341801, 30.2509351 ], [ 79.2336569, 30.250643899999986 ], [ 79.2333547, 30.250700599999988 ], [ 79.2330356, 30.2507853 ], [ 79.2327383, 30.2507704 ], [ 79.2320369, 30.2508092 ], [ 79.2310289, 30.2506684 ], [ 79.2292931, 30.2508346 ], [ 79.2287708, 30.250894 ], [ 79.2280992, 30.2509355 ], [ 79.2278167, 30.2508728 ], [ 79.2274342, 30.2508544 ], [ 79.2266164, 30.250709 ], [ 79.2261095, 30.250763 ], [ 79.2259633, 30.250781 ], [ 79.2257568, 30.2508001 ], [ 79.2256155, 30.2507277 ], [ 79.2255709, 30.2505622 ], [ 79.2256501, 30.2503396 ], [ 79.22566, 30.25017 ], [ 79.2255638, 30.2500436 ], [ 79.22542, 30.24998 ], [ 79.22529, 30.25002 ], [ 79.2252, 30.25011 ], [ 79.2250407, 30.2503602 ], [ 79.2249656, 30.250530799999986 ], [ 79.2248598, 30.250667 ], [ 79.2246631, 30.2507808 ], [ 79.2244963, 30.250832 ], [ 79.224300600000021, 30.2508311 ], [ 79.22321, 30.25073 ], [ 79.22265, 30.2508 ], [ 79.22174560000002, 30.2511747 ], [ 79.2212426, 30.251383 ], [ 79.2210624, 30.251434599999989 ], [ 79.2206706, 30.251518 ], [ 79.220509, 30.2516269 ], [ 79.2203054, 30.25172 ], [ 79.2202388, 30.251823499999986 ], [ 79.2201756, 30.2519703 ], [ 79.220124, 30.2521272 ], [ 79.2200774, 30.2523413 ], [ 79.2199524, 30.2526901 ], [ 79.2198985, 30.2527929 ], [ 79.2197646, 30.2529019 ], [ 79.21965, 30.253013 ], [ 79.2195409, 30.2530754 ], [ 79.2194117, 30.2530996 ], [ 79.2192718, 30.2530692 ], [ 79.2191471, 30.2530328 ], [ 79.2190429, 30.2530133 ], [ 79.2189347, 30.2530227 ] ] } },
{ "type": "Feature", "properties": { "osm_id": 44818344, "highway": "trunk", "name": null, "name_en": null, "ref": "NH109", "surface": "unknown", "maxspeed": "50", "oneway": "no", "access": "yes", "motor_vehicle": null, "bridge": "no", "tunnel": "no", "smoothness": null, "tracktype": null, "lanes": "2", "layer": "0", "length_m": 13646.72, "assumed_speed_kmh": 35.0, "travel_time_min": 23.3944, "is_vehicular": true, "is_arterial": true }, "geometry": { "type": "LineString", "coordinates": [ [ 79.23198, 30.14373 ], [ 79.23157, 30.14394 ], [ 79.23128, 30.14434 ], [ 79.23116, 30.14463 ], [ 79.23087, 30.14494 ], [ 79.2307965, 30.1451219 ], [ 79.2308442, 30.14552 ], [ 79.23106, 30.14598 ], [ 79.2314616, 30.1464142 ], [ 79.2317392, 30.1466793 ], [ 79.2319156, 30.1469711 ], [ 79.2319647, 30.1472336 ], [ 79.2319403, 30.147321 ], [ 79.2318664, 30.1473927 ], [ 79.2317676, 30.1474223 ], [ 79.2314945, 30.1474617 ], [ 79.2313744, 30.1475184 ], [ 79.231312, 30.1476842 ], [ 79.2313073, 30.1479535 ], [ 79.231319400000018, 30.1481172 ], [ 79.2314236, 30.1481972 ], [ 79.2317166, 30.1483712 ], [ 79.2320095, 30.148698 ], [ 79.23204, 30.14879 ], [ 79.23205, 30.14888 ], [ 79.2320022, 30.1489852 ], [ 79.2318926, 30.1490974 ], [ 79.2318344, 30.149281099999985 ], [ 79.2318024, 30.1493388 ], [ 79.23141, 30.1498 ], [ 79.2312955, 30.1499754 ], [ 79.2312697, 30.1502991 ], [ 79.2313135, 30.15091 ], [ 79.231366400000013, 30.1515424 ], [ 79.2314358, 30.1520276 ], [ 79.2313178, 30.1524126 ], [ 79.23109, 30.15285 ], [ 79.23093, 30.15301 ], [ 79.23006, 30.15344 ], [ 79.22975, 30.15377 ], [ 79.22919, 30.15458 ], [ 79.2289015, 30.1548523 ], [ 79.2287495, 30.154954 ], [ 79.2285536, 30.1550588 ], [ 79.2280521, 30.1552981 ], [ 79.2279022, 30.155373399999984 ], [ 79.2275244, 30.1554098 ], [ 79.2273618, 30.1554821 ], [ 79.22714, 30.15569 ], [ 79.2269992, 30.1557903 ], [ 79.2265184, 30.1560405 ], [ 79.2264137, 30.1561149 ], [ 79.2263149, 30.156228 ], [ 79.2261294, 30.1566021 ], [ 79.2260931, 30.1566982 ], [ 79.2261026, 30.1568185 ], [ 79.2262101, 30.157159 ], [ 79.22636, 30.15771 ], [ 79.22636, 30.15802 ], [ 79.22626, 30.1584 ], [ 79.2255, 30.1591 ], [ 79.22526, 30.15941 ], [ 79.22487, 30.15971 ], [ 79.22468, 30.16023 ], [ 79.22448, 30.16049 ], [ 79.2245, 30.16074 ], [ 79.22463, 30.16117 ], [ 79.22472, 30.16129 ], [ 79.22498, 30.16139 ], [ 79.225, 30.1615 ], [ 79.22465, 30.16168 ], [ 79.22445, 30.16184 ], [ 79.2236, 30.16299 ], [ 79.22288, 30.16377 ], [ 79.22247, 30.1646 ], [ 79.2222, 30.16485 ], [ 79.2216666, 30.1651882 ], [ 79.22147, 30.1653 ], [ 79.221355, 30.1654835 ], [ 79.2213896, 30.1657942 ], [ 79.2213165, 30.1659653 ], [ 79.22052, 30.1673 ], [ 79.2204396, 30.1674418 ], [ 79.220421900000019, 30.1676065 ], [ 79.22057, 30.16767 ], [ 79.22096, 30.16766 ], [ 79.22109, 30.16775 ], [ 79.22109, 30.16788 ], [ 79.22105, 30.168 ], [ 79.22057, 30.16824 ], [ 79.22038, 30.16841 ], [ 79.22033, 30.16884 ], [ 79.22026, 30.16899 ], [ 79.21969, 30.16909 ], [ 79.2195774, 30.1692068 ], [ 79.21942, 30.16937 ], [ 79.21869, 30.16996 ], [ 79.2180451, 30.1702973 ], [ 79.21792, 30.17041 ], [ 79.21769, 30.17077 ], [ 79.21703, 30.17125 ], [ 79.21693, 30.17149 ], [ 79.21693, 30.1717 ], [ 79.21711, 30.17211 ], [ 79.21712, 30.17224 ], [ 79.21692, 30.17266 ], [ 79.21687, 30.17306 ], [ 79.2166523, 30.1735523 ], [ 79.216464800000011, 30.1737952 ], [ 79.2163984, 30.1740374 ], [ 79.2162068, 30.1743516 ], [ 79.215933, 30.1745653 ], [ 79.2157116, 30.1748602 ], [ 79.2155268, 30.1749947 ], [ 79.2153054, 30.175087 ], [ 79.2151646, 30.1752069 ], [ 79.2150565, 30.1753191 ], [ 79.2150352, 30.1754148 ], [ 79.2150628, 30.1755468 ], [ 79.2152609, 30.1757592 ], [ 79.2155271, 30.1758898 ], [ 79.216025, 30.1759317 ], [ 79.2168194, 30.1761475 ], [ 79.2173423, 30.176334 ], [ 79.2174948, 30.1765252 ], [ 79.2176232, 30.1766125 ], [ 79.2177262, 30.1766285 ], [ 79.2178528, 30.1765842 ], [ 79.2183075, 30.176365 ], [ 79.2185575, 30.176445 ], [ 79.2190075, 30.176075 ], [ 79.2192075, 30.176065 ], [ 79.2194675, 30.176335 ], [ 79.2195475, 30.176655 ], [ 79.2194806, 30.1768802 ], [ 79.2195674, 30.1771712 ], [ 79.2198775, 30.177365 ], [ 79.2200175, 30.177415 ], [ 79.2205975, 30.177455 ], [ 79.2208675, 30.177615 ], [ 79.2211575, 30.177685 ], [ 79.221377500000017, 30.177675 ], [ 79.2219253, 30.1774518 ], [ 79.2222081, 30.1774556 ], [ 79.2224847, 30.1775173 ], [ 79.2225515, 30.1775932 ], [ 79.2225597, 30.177703 ], [ 79.2225275, 30.177795 ], [ 79.2223423, 30.1781197 ], [ 79.2222702, 30.17835 ], [ 79.2222617, 30.1785344 ], [ 79.2222341, 30.1786991 ], [ 79.2221972, 30.1787923 ], [ 79.2220591, 30.1788854 ], [ 79.221747, 30.1790947 ], [ 79.2215155, 30.1792235 ], [ 79.221096, 30.1793559 ], [ 79.2210522, 30.1794521 ], [ 79.2210668, 30.1795561 ], [ 79.2211434, 30.1796365 ], [ 79.2216668, 30.1798872 ], [ 79.2217982, 30.1800307 ], [ 79.2217799, 30.1801726 ], [ 79.2217854, 30.1802688 ], [ 79.2218164, 30.180417 ], [ 79.2217744, 30.1805368 ], [ 79.2215702, 30.180803199999989 ], [ 79.2215341, 30.1812191 ], [ 79.2214041, 30.1815491 ], [ 79.2211241, 30.1819191 ], [ 79.2210641, 30.1821191 ], [ 79.2210041, 30.183269100000011 ], [ 79.2210841, 30.1836391 ], [ 79.2211241, 30.1837791 ], [ 79.2212341, 30.1838791 ], [ 79.2220141, 30.1842791 ], [ 79.2221041, 30.1843791 ], [ 79.2221541, 30.1845591 ], [ 79.2219241, 30.1848291 ], [ 79.2219241, 30.1849191 ], [ 79.2220341, 30.1852291 ], [ 79.2221241, 30.1853291 ], [ 79.2224741, 30.1854691 ], [ 79.2228441, 30.1852991 ], [ 79.2231341, 30.1853291 ], [ 79.2233341, 30.1854391 ], [ 79.2243741, 30.1862491 ], [ 79.2247541, 30.1864391 ], [ 79.2248441, 30.1865491 ], [ 79.2248841, 30.1867891 ], [ 79.2249754, 30.1874127 ], [ 79.2250517, 30.187839 ], [ 79.224912, 30.1881962 ], [ 79.2246665, 30.1886272 ], [ 79.2245572, 30.1889453 ], [ 79.2246367, 30.1890989 ], [ 79.2249615, 30.1891517 ], [ 79.2254941, 30.1896191 ], [ 79.2257041, 30.1896691 ], [ 79.2261141, 30.1894191 ], [ 79.2265641, 30.1894191 ], [ 79.2274041, 30.1899791 ], [ 79.2282841, 30.1904591 ], [ 79.2287241, 30.1907591 ], [ 79.2291641, 30.1907591 ], [ 79.2293741, 30.190849099999987 ], [ 79.2295841, 30.1910391 ], [ 79.2297641, 30.1911291 ], [ 79.2302741, 30.1912291 ], [ 79.2306641, 30.1912391 ], [ 79.2309841, 30.1910291 ], [ 79.2312241, 30.1910091 ], [ 79.2314791, 30.1910708 ], [ 79.2315995, 30.191178799999989 ], [ 79.2317087, 30.1913275 ], [ 79.2317741, 30.1913591 ], [ 79.2318689, 30.1913535 ], [ 79.231969, 30.191233699999987 ], [ 79.2320546, 30.1911974 ], [ 79.232167300000015, 30.1911938 ], [ 79.2323441, 30.1912391 ], [ 79.232481, 30.1912736 ], [ 79.2326022, 30.1912636 ], [ 79.232787, 30.1911954 ], [ 79.2331026, 30.1911655 ], [ 79.2333815, 30.1911091 ], [ 79.2335369, 30.1910457 ], [ 79.2336741, 30.1908691 ], [ 79.2338541, 30.1908391 ], [ 79.2342241, 30.1909091 ], [ 79.2348141, 30.1905691 ], [ 79.2353341, 30.1901991 ], [ 79.2355941, 30.1901091 ], [ 79.2358239, 30.189927 ], [ 79.2358984, 30.1898224 ], [ 79.2360153, 30.1898034 ], [ 79.2362595, 30.1903706 ], [ 79.2363995, 30.1904106 ], [ 79.2365795, 30.1903906 ], [ 79.2368695, 30.1902406 ], [ 79.2370495, 30.1902506 ], [ 79.2371895, 30.1903206 ], [ 79.2372295, 30.1903906 ], [ 79.2369995, 30.1906306 ], [ 79.2368295, 30.1909106 ], [ 79.2368595, 30.1913306 ], [ 79.2369195, 30.191470599999985 ], [ 79.2375095, 30.1921206 ], [ 79.2375795, 30.1922706 ], [ 79.2377095, 30.1923306 ], [ 79.2382895, 30.1923706 ], [ 79.238449500000016, 30.1924906 ], [ 79.2385795, 30.1932706 ], [ 79.2385795, 30.1935706 ], [ 79.2385406, 30.1937718 ], [ 79.2384815, 30.1940358 ], [ 79.2383904, 30.1945613 ], [ 79.238628, 30.1949645 ], [ 79.2389714, 30.1952262 ], [ 79.2394714, 30.195766199999987 ], [ 79.2398714, 30.1957462 ], [ 79.2402414, 30.1960562 ], [ 79.2404414, 30.1961262 ], [ 79.2407014, 30.1964262 ], [ 79.2413214, 30.1969162 ], [ 79.2416814, 30.1968962 ], [ 79.242241400000012, 30.1973762 ], [ 79.2424814, 30.1973962 ], [ 79.2428614, 30.1972762 ], [ 79.2431814, 30.1974362 ], [ 79.2434014, 30.1973862 ], [ 79.2436814, 30.1972362 ], [ 79.2438614, 30.1972962 ], [ 79.2440214, 30.1975362 ], [ 79.2440414, 30.1976962 ], [ 79.2439814, 30.1977962 ], [ 79.2439714, 30.1979962 ], [ 79.2442414, 30.1982462 ], [ 79.2443114, 30.1985562 ], [ 79.2445714, 30.1989462 ], [ 79.2447614, 30.1991362 ], [ 79.244841400000013, 30.1991762 ], [ 79.2452214, 30.1990662 ], [ 79.2453114, 30.1990862 ], [ 79.2455514, 30.1994062 ], [ 79.2457014, 30.199446200000011 ], [ 79.2465014, 30.1998662 ], [ 79.2473714, 30.2009162 ], [ 79.2476714, 30.2013762 ], [ 79.2478514, 30.2014962 ], [ 79.2483714, 30.2016862 ], [ 79.2484614, 30.2017662 ], [ 79.2485014, 30.2019462 ], [ 79.2483614, 30.2021662 ], [ 79.2483714, 30.202356200000011 ], [ 79.2487675, 30.2025821 ], [ 79.2491375, 30.2028421 ], [ 79.2491375, 30.2029321 ], [ 79.2489396, 30.2031132 ], [ 79.2488382, 30.2032459 ], [ 79.248728, 30.2034579 ], [ 79.248724, 30.203540199999985 ], [ 79.2487155, 30.2037175 ], [ 79.2492417, 30.204083 ], [ 79.2494103, 30.2042776 ], [ 79.2494167, 30.2044957 ], [ 79.249352, 30.204693 ], [ 79.2492312, 30.2050657 ], [ 79.2492025, 30.20544 ], [ 79.2492815, 30.2058045 ], [ 79.2492388, 30.2064355 ], [ 79.2492139, 30.2067976 ], [ 79.2490175, 30.2070721 ], [ 79.2489391, 30.2071385 ], [ 79.2488667, 30.2073753 ], [ 79.248843, 30.20763860000001 ], [ 79.2488734, 30.2081131 ], [ 79.2488036, 30.2084895 ], [ 79.2490628, 30.2089836 ], [ 79.2490975, 30.2098169 ], [ 79.2491998, 30.2102212 ], [ 79.2492705, 30.2103913 ], [ 79.249695, 30.2103437 ], [ 79.2499211, 30.2102126 ], [ 79.2502975, 30.2102678 ], [ 79.250491900000014, 30.2105053 ], [ 79.2505368, 30.211037699999984 ], [ 79.2507019, 30.2112713 ], [ 79.2511702, 30.2114275 ], [ 79.2515858, 30.2120056 ], [ 79.2517663, 30.2119718 ], [ 79.2520839, 30.2117951 ], [ 79.2522181, 30.2118156 ], [ 79.252453, 30.2120694 ], [ 79.2524724, 30.2125067 ], [ 79.252745, 30.2126951 ], [ 79.2532875, 30.212854 ], [ 79.2535168, 30.2132167 ], [ 79.2537644, 30.2132018 ], [ 79.2539574, 30.2132399 ], [ 79.254103, 30.2133988 ], [ 79.2540649, 30.2135972 ], [ 79.2540348, 30.2137521 ], [ 79.2541537, 30.2140618 ], [ 79.253673, 30.2147426 ], [ 79.2535036, 30.2151042 ], [ 79.2530687, 30.2157199 ], [ 79.2529899, 30.2159132 ], [ 79.2529649, 30.2163424 ], [ 79.2530724, 30.2164975 ], [ 79.2531555, 30.2166356 ], [ 79.2530293, 30.2172788 ], [ 79.2531043, 30.2175986 ], [ 79.2530012, 30.2177383 ], [ 79.25279, 30.21788 ], [ 79.2524415, 30.2180462 ], [ 79.2522437, 30.2183002 ], [ 79.2521558, 30.2184969 ], [ 79.2521818, 30.2189707 ], [ 79.2523648, 30.2192515 ], [ 79.2527867, 30.2193621 ], [ 79.2531833, 30.2196331 ], [ 79.2536433, 30.220240799999988 ], [ 79.2541999, 30.2206071 ], [ 79.2543696, 30.2209703 ], [ 79.2543728, 30.2211655 ], [ 79.2544831, 30.2213099 ], [ 79.2546051, 30.2215146 ], [ 79.2547934, 30.2218636 ], [ 79.2548843, 30.221955900000012 ], [ 79.2549869, 30.2220601 ], [ 79.2552868, 30.2223975 ], [ 79.2556606, 30.2227796 ], [ 79.2558652, 30.2229425 ], [ 79.256112, 30.223318 ], [ 79.2562783, 30.2234988 ], [ 79.2562721, 30.2235722 ], [ 79.2561699, 30.2236218 ] ] } },
{ "type": "Feature", "properties": { "osm_id": 44818464, "highway": "trunk", "name": null, "name_en": null, "ref": "NH109", "surface": "unknown", "maxspeed": "50", "oneway": "no", "access": "yes", "motor_vehicle": null, "bridge": "no", "tunnel": "no", "smoothness": null, "tracktype": null, "lanes": "2", "layer": "0", "length_m": 1733.34, "assumed_speed_kmh": 35.0, "travel_time_min": 2.9714, "is_vehicular": true, "is_arterial": true }, "geometry": { "type": "LineString", "coordinates": [ [ 79.2867449, 30.1001039 ], [ 79.2865901, 30.1004545 ], [ 79.286462, 30.1005662 ], [ 79.2863424, 30.1005968 ], [ 79.2862014, 30.1005594 ], [ 79.2859669, 30.1004169 ], [ 79.285845, 30.1004583 ], [ 79.2857939, 30.1005499 ], [ 79.2856789, 30.1007709 ], [ 79.2855699, 30.1008309 ], [ 79.2854679, 30.1008129 ], [ 79.2853789, 30.1007429 ], [ 79.2851479, 30.1004169 ], [ 79.2850509, 30.1003139 ], [ 79.284915, 30.1002771 ], [ 79.284778, 30.1003161 ], [ 79.284544, 30.1004161 ], [ 79.284435, 30.1004171 ], [ 79.284345, 30.1003581 ], [ 79.284256, 30.1002751 ], [ 79.284171, 30.1001651 ], [ 79.284081, 30.0998941 ], [ 79.284, 30.0997801 ], [ 79.283865, 30.0997111 ], [ 79.283725, 30.0996991 ], [ 79.283594, 30.0997511 ], [ 79.283335, 30.0999761 ], [ 79.2833198, 30.1000374 ], [ 79.283307, 30.1000891 ], [ 79.283331, 30.1001871 ], [ 79.283515, 30.1005891 ], [ 79.283608, 30.1007401 ], [ 79.283765, 30.1012201 ], [ 79.283852, 30.101360100000011 ], [ 79.283958, 30.1014811 ], [ 79.2839799, 30.1016818 ], [ 79.283868, 30.1018691 ], [ 79.283891, 30.1019701 ], [ 79.2840612, 30.1020569 ], [ 79.2843272, 30.1021049 ], [ 79.2844492, 30.102138899999986 ], [ 79.2847132, 30.1021569 ], [ 79.2848132, 30.1021919 ], [ 79.2848982, 30.1022859 ], [ 79.2849672, 30.1024029 ], [ 79.2850702, 30.1024859 ], [ 79.2851982, 30.1025399 ], [ 79.2853212, 30.102555899999984 ], [ 79.2854062, 30.1026079 ], [ 79.2854452, 30.1026949 ], [ 79.2853872, 30.1029469 ], [ 79.2853732, 30.1033729 ], [ 79.2853852, 30.1036889 ], [ 79.2854122, 30.1038599 ], [ 79.2854672, 30.1039859 ], [ 79.2855592, 30.1041049 ], [ 79.2858305, 30.1042409 ], [ 79.2859316, 30.1043671 ], [ 79.2857652, 30.1045208 ], [ 79.2856422, 30.1045318 ], [ 79.2855002, 30.1044968 ], [ 79.2853322, 30.1044378 ], [ 79.2852032, 30.1044268 ], [ 79.2851072, 30.1044828 ], [ 79.2850322, 30.1045658 ], [ 79.2849642, 30.1046938 ], [ 79.2849412, 30.1047928 ], [ 79.2848652, 30.1048758 ], [ 79.2847432, 30.1049598 ], [ 79.2845992, 30.1050268 ], [ 79.2843252, 30.1051008 ], [ 79.2842402, 30.1051668 ], [ 79.2841672, 30.1055128 ], [ 79.284152500000019, 30.1056415 ], [ 79.2841518, 30.1059 ], [ 79.2840608, 30.106096 ], [ 79.2840558, 30.106222 ], [ 79.2841198, 30.106313 ], [ 79.2842038, 30.106346 ], [ 79.2843218, 30.106368 ], [ 79.2844598, 30.106416 ], [ 79.2845468, 30.106496 ], [ 79.2845938, 30.106596 ], [ 79.2846068, 30.106712 ], [ 79.2845728, 30.106825 ], [ 79.2845318, 30.107057 ], [ 79.2845558, 30.107166 ], [ 79.2846138, 30.107251 ], [ 79.2850178, 30.107539 ], [ 79.285084800000021, 30.107633 ], [ 79.2850728, 30.107736 ], [ 79.2850018, 30.107802 ], [ 79.2848908, 30.107851 ], [ 79.2847508, 30.107867 ], [ 79.2845416, 30.107881 ], [ 79.2843278, 30.107906 ] ] } },
{ "type": "Feature", "properties": { "osm_id": 44818465, "highway": "trunk", "name": null, "name_en": null, "ref": "NH109", "surface": "unknown", "maxspeed": "50", "oneway": "no", "access": "yes", "motor_vehicle": null, "bridge": "no", "tunnel": "no", "smoothness": null, "tracktype": null, "lanes": "2", "layer": "0", "length_m": 2390.04, "assumed_speed_kmh": 35.0, "travel_time_min": 4.0972, "is_vehicular": true, "is_arterial": true }, "geometry": { "type": "LineString", "coordinates": [ [ 79.288449, 30.0831924 ], [ 79.288505, 30.0832674 ], [ 79.288411, 30.0834774 ], [ 79.288378, 30.0836154 ], [ 79.288398, 30.083762399999987 ], [ 79.28853, 30.0839854 ], [ 79.288587, 30.0844144 ], [ 79.288624, 30.0845654 ], [ 79.288765, 30.0848574 ], [ 79.288824, 30.0850094 ], [ 79.288886, 30.0852954 ], [ 79.289047, 30.0855224 ], [ 79.289186, 30.0856424 ], [ 79.2894, 30.0856244 ], [ 79.28944, 30.08568240000001 ], [ 79.289435, 30.0857804 ], [ 79.28938, 30.0858854 ], [ 79.289263, 30.0859534 ], [ 79.289084, 30.0859754 ], [ 79.288673, 30.0859634 ], [ 79.288495, 30.0859884 ], [ 79.288373, 30.0860484 ], [ 79.288273, 30.0861284 ], [ 79.288189, 30.0862554 ], [ 79.288108, 30.0865864 ], [ 79.288159, 30.0867744 ], [ 79.288196, 30.0870754 ], [ 79.288154, 30.0873671 ], [ 79.2880568, 30.0876594 ], [ 79.28794, 30.0878127 ], [ 79.287817, 30.087954 ], [ 79.287687, 30.0882064 ], [ 79.287605, 30.0883264 ], [ 79.287555, 30.0884394 ], [ 79.2875249, 30.088673 ], [ 79.2877674, 30.0890527 ], [ 79.287795, 30.0892484 ], [ 79.287839, 30.0893754 ], [ 79.287834, 30.0896644 ], [ 79.2877223, 30.0900261 ], [ 79.2877384, 30.0901934 ], [ 79.2878667, 30.0902749 ], [ 79.2880791, 30.090262 ], [ 79.2882178, 30.0902567 ], [ 79.288333, 30.0902454 ], [ 79.288415, 30.0903404 ], [ 79.288494, 30.0904794 ], [ 79.288547, 30.0906134 ], [ 79.288575, 30.0907444 ], [ 79.288518, 30.0908574 ], [ 79.288387, 30.0909394 ], [ 79.28823, 30.0909904 ], [ 79.2878911, 30.0910427 ], [ 79.2876961, 30.091054 ], [ 79.2876368, 30.0912059 ], [ 79.2877265, 30.0913946 ], [ 79.2878269, 30.091518 ], [ 79.2879475, 30.0916376 ], [ 79.2880783, 30.0917264 ], [ 79.2882193, 30.0918071 ], [ 79.288271, 30.091850399999988 ], [ 79.288262, 30.0919664 ], [ 79.288184, 30.0920394 ], [ 79.287925, 30.0921004 ], [ 79.2878039, 30.0921327 ], [ 79.2876855, 30.0923669 ], [ 79.2875493, 30.0926243 ], [ 79.2874731, 30.0927601 ], [ 79.2875313, 30.0929551 ], [ 79.2875813, 30.0930681 ], [ 79.2876183, 30.0932981 ], [ 79.2875773, 30.0934031 ], [ 79.2874923, 30.0935001 ], [ 79.2874283, 30.0936121 ], [ 79.2874043, 30.0937281 ], [ 79.2874343, 30.0938431 ], [ 79.2876137, 30.0940974 ], [ 79.287712, 30.0942726 ], [ 79.2876826, 30.0945281 ], [ 79.2876476, 30.0947699 ], [ 79.2876297, 30.0948723 ], [ 79.287626, 30.0949753 ], [ 79.28773, 30.0953109 ], [ 79.2879006, 30.095503 ], [ 79.2878343, 30.0956031 ], [ 79.2877143, 30.0956901 ], [ 79.2876093, 30.0957301 ], [ 79.2875113, 30.0957881 ], [ 79.2871633, 30.0961591 ], [ 79.2871213, 30.0962801 ], [ 79.2871153, 30.0964261 ], [ 79.2871503, 30.0965861 ], [ 79.2872953, 30.0968991 ], [ 79.2874013, 30.0970281 ], [ 79.2876333, 30.097234099999987 ], [ 79.2876443, 30.0973871 ], [ 79.2875463, 30.0973991 ], [ 79.2873823, 30.097396100000012 ], [ 79.2872223, 30.0974181 ], [ 79.2869253, 30.0975581 ], [ 79.28674, 30.097576 ], [ 79.286631, 30.097651 ], [ 79.286567, 30.097767 ], [ 79.286545, 30.097919 ], [ 79.2865909, 30.0981929 ], [ 79.2866047, 30.0983911 ], [ 79.286403, 30.098605 ], [ 79.286361, 30.0986819 ], [ 79.2863563, 30.0988458 ], [ 79.286612, 30.099082 ], [ 79.286659, 30.099211 ], [ 79.286683, 30.099343 ], [ 79.286662, 30.099479 ], [ 79.286619, 30.099611 ], [ 79.286618, 30.099741 ], [ 79.286656, 30.099873 ], [ 79.286725, 30.099987 ], [ 79.2867449, 30.1001039 ] ] } },
{ "type": "Feature", "properties": { "osm_id": 91935943, "highway": "trunk", "name": null, "name_en": null, "ref": "NH107A", "surface": "unknown", "maxspeed": null, "oneway": "no", "access": "yes", "motor_vehicle": null, "bridge": "no", "tunnel": "no", "smoothness": null, "tracktype": null, "lanes": null, "layer": "0", "length_m": 709.07, "assumed_speed_kmh": 35.0, "travel_time_min": 1.2155, "is_vehicular": true, "is_arterial": true }, "geometry": { "type": "LineString", "coordinates": [ [ 79.3311037, 30.402643699999988 ], [ 79.3308388, 30.4028737 ], [ 79.3307011, 30.403083099999986 ], [ 79.3304587, 30.4032773 ], [ 79.3303538, 30.4032586 ], [ 79.3303187, 30.4032121 ], [ 79.3303232, 30.4031373 ], [ 79.3303892, 30.4030415 ], [ 79.3304832, 30.4029166 ], [ 79.3306254, 30.4026807 ], [ 79.3306202, 30.4026187 ], [ 79.3305903, 30.4022624 ], [ 79.3306006, 30.4016716 ], [ 79.3305251, 30.401270399999987 ], [ 79.3305182, 30.4010843 ], [ 79.3305263, 30.400971200000011 ], [ 79.3303761, 30.4009344 ], [ 79.3302581, 30.4010228 ], [ 79.3301946, 30.4012317 ], [ 79.3299167, 30.4018184 ], [ 79.3298331, 30.402274800000015 ], [ 79.3298088, 30.4023766 ], [ 79.329710800000015, 30.4027863 ], [ 79.3295514, 30.4031011 ], [ 79.3295097, 30.4031834 ], [ 79.3293622, 30.4035181 ], [ 79.3293059, 30.4035706 ], [ 79.3291804, 30.4035793 ] ] } },
{ "type": "Feature", "properties": { "osm_id": 91936084, "highway": "trunk", "name": null, "name_en": null, "ref": "NH107", "surface": "unknown", "maxspeed": "50", "oneway": "no", "access": "yes", "motor_vehicle": null, "bridge": "yes", "tunnel": "no", "smoothness": null, "tracktype": null, "lanes": "2", "layer": "1", "length_m": 47.4, "assumed_speed_kmh": 35.0, "travel_time_min": 0.0813, "is_vehicular": true, "is_arterial": true }, "geometry": { "type": "LineString", "coordinates": [ [ 79.0878596, 30.5036242 ], [ 79.0874624, 30.5038782 ] ] } },
{ "type": "Feature", "properties": { "osm_id": 91936091, "highway": "trunk", "name": null, "name_en": null, "ref": "NH107", "surface": "unknown", "maxspeed": "50", "oneway": "no", "access": "yes", "motor_vehicle": null, "bridge": "no", "tunnel": "no", "smoothness": null, "tracktype": null, "lanes": "2", "layer": "0", "length_m": 4640.45, "assumed_speed_kmh": 35.0, "travel_time_min": 7.9551, "is_vehicular": true, "is_arterial": true }, "geometry": { "type": "LineString", "coordinates": [ [ 79.08376, 30.50975 ], [ 79.08372, 30.50985 ], [ 79.08376, 30.51 ], [ 79.08386, 30.51005 ], [ 79.08431, 30.50998 ], [ 79.08456, 30.51006 ], [ 79.08478, 30.51021 ], [ 79.085, 30.51053 ], [ 79.08533, 30.51082 ], [ 79.08543, 30.51142 ], [ 79.08544, 30.51197 ], [ 79.08553, 30.51226 ], [ 79.08546, 30.51264 ], [ 79.08514, 30.51308 ], [ 79.08523, 30.51359 ], [ 79.08503, 30.51397 ], [ 79.08498, 30.51437 ], [ 79.08478, 30.51473 ], [ 79.08467, 30.51552 ], [ 79.08462, 30.51564 ], [ 79.08442, 30.51578 ], [ 79.08437, 30.51589 ], [ 79.08444, 30.51653 ], [ 79.08465, 30.51689 ], [ 79.08463, 30.51699 ], [ 79.08457, 30.51703 ], [ 79.08442, 30.51699 ], [ 79.08415, 30.51673 ], [ 79.08402, 30.51653 ], [ 79.08388, 30.51619 ], [ 79.08381, 30.51559 ], [ 79.08381, 30.5154 ], [ 79.08402, 30.51516 ], [ 79.08406, 30.51501 ], [ 79.08412, 30.51445 ], [ 79.08424, 30.51402 ], [ 79.08422, 30.51365 ], [ 79.08415, 30.51351 ], [ 79.08384, 30.51318 ], [ 79.08365, 30.51276 ], [ 79.08318, 30.51231 ], [ 79.08291, 30.51186 ], [ 79.08259, 30.51149 ], [ 79.08268, 30.51132 ], [ 79.08317, 30.51104 ], [ 79.08313, 30.51075 ], [ 79.08305, 30.51068 ], [ 79.08273, 30.51056 ], [ 79.08245, 30.51007 ], [ 79.0822, 30.50998 ], [ 79.08183, 30.51004 ], [ 79.08153, 30.51002 ], [ 79.08107, 30.50982 ], [ 79.08087, 30.50964 ], [ 79.08073, 30.50967 ], [ 79.08077, 30.50982 ], [ 79.08163, 30.51024 ], [ 79.08204, 30.51027 ], [ 79.08214, 30.5104 ], [ 79.08217, 30.51073 ], [ 79.08212, 30.51081 ], [ 79.08177, 30.51094 ], [ 79.08123, 30.51137 ], [ 79.08116, 30.51153 ], [ 79.08123, 30.51193 ], [ 79.08149, 30.51243 ], [ 79.08154, 30.51315 ], [ 79.08173, 30.51352 ], [ 79.08173, 30.51426 ], [ 79.08196, 30.51469 ], [ 79.08249, 30.51612 ], [ 79.08256, 30.51622 ], [ 79.08288, 30.51641 ], [ 79.08307, 30.51664 ], [ 79.08302, 30.51694 ], [ 79.08271, 30.51735 ], [ 79.08267, 30.51756 ], [ 79.08275, 30.5177 ], [ 79.08302, 30.5179 ], [ 79.0831, 30.51809 ], [ 79.08329, 30.51815 ], [ 79.08381, 30.51851 ], [ 79.08394, 30.51874 ], [ 79.08415, 30.51894 ], [ 79.08416, 30.51945 ], [ 79.08439, 30.52024 ], [ 79.08436, 30.52045 ], [ 79.0841, 30.52072 ], [ 79.08399, 30.52106 ], [ 79.08362, 30.52156 ], [ 79.08358, 30.52175 ], [ 79.08363, 30.52213 ], [ 79.08344, 30.52257 ], [ 79.08321, 30.52277 ], [ 79.08304, 30.52301 ], [ 79.08316, 30.5233 ], [ 79.08319, 30.52387 ], [ 79.0835, 30.52409 ], [ 79.08371, 30.52432 ], [ 79.08383, 30.52476 ], [ 79.08402, 30.52508 ], [ 79.08444, 30.52556 ], [ 79.0844541, 30.5256888 ], [ 79.0845, 30.52611 ], [ 79.08459, 30.5262 ], [ 79.08501, 30.52636 ], [ 79.0851409, 30.526505 ], [ 79.08538, 30.52677 ], [ 79.0854, 30.52695 ], [ 79.08531, 30.52718 ], [ 79.08535, 30.52782 ], [ 79.08544, 30.52795 ], [ 79.08586, 30.52819 ], [ 79.08624, 30.52856 ], [ 79.08618, 30.52918 ], [ 79.08611, 30.52926 ] ] } },
{ "type": "Feature", "properties": { "osm_id": 91936589, "highway": "trunk", "name": null, "name_en": null, "ref": "NH107A", "surface": "unknown", "maxspeed": null, "oneway": "no", "access": "yes", "motor_vehicle": null, "bridge": "no", "tunnel": "no", "smoothness": null, "tracktype": null, "lanes": null, "layer": "0", "length_m": 6488.56, "assumed_speed_kmh": 35.0, "travel_time_min": 11.1232, "is_vehicular": true, "is_arterial": true }, "geometry": { "type": "LineString", "coordinates": [ [ 79.3284628, 30.4036308 ], [ 79.3283864, 30.4036378 ], [ 79.3283193, 30.4036007 ], [ 79.3282897, 30.4035196 ], [ 79.3282668, 30.4033653 ], [ 79.3282208, 30.4028764 ], [ 79.3281142, 30.4022051 ], [ 79.3281066, 30.401945 ], [ 79.3280801, 30.4016293 ], [ 79.3280069, 30.4011719 ], [ 79.328001300000011, 30.4008641 ], [ 79.328008, 30.400687 ], [ 79.3279751, 30.4004925 ], [ 79.3278525, 30.400247 ], [ 79.3276894, 30.4000752 ], [ 79.3275168, 30.3999492 ], [ 79.3273328, 30.3999084 ], [ 79.3269687, 30.3998266 ], [ 79.3267449, 30.3997808 ], [ 79.326449, 30.3996417 ], [ 79.3262081, 30.3994781 ], [ 79.3260336, 30.3993849 ], [ 79.3257605, 30.3993342 ], [ 79.3254704, 30.3992278 ], [ 79.3253622, 30.3992246 ], [ 79.3250246, 30.3992213 ], [ 79.3247857, 30.3991853 ], [ 79.3245665, 30.3991568 ], [ 79.3242302, 30.399067 ], [ 79.3241131, 30.3990221 ], [ 79.3240114, 30.398956499999986 ], [ 79.323973900000013, 30.3988879 ], [ 79.3239515, 30.398795 ], [ 79.3239406, 30.3987515 ], [ 79.3239026, 30.3986923 ], [ 79.323873, 30.3986675 ], [ 79.3238206, 30.3986493 ], [ 79.3236525, 30.398642 ], [ 79.3234396, 30.3985851 ], [ 79.3232399, 30.3984942 ], [ 79.3230856, 30.3983162 ], [ 79.3227595, 30.3977223 ], [ 79.3228183, 30.3974839 ], [ 79.3227959, 30.3973282 ], [ 79.3227722, 30.3972577 ], [ 79.3227416, 30.3972189 ], [ 79.3226677, 30.3971868 ], [ 79.3225223, 30.3971674 ], [ 79.3223606, 30.3971317 ], [ 79.3221448, 30.397028099999986 ], [ 79.3218375, 30.3968486 ], [ 79.3215991, 30.3967391 ], [ 79.321289900000011, 30.3966646 ], [ 79.3209778, 30.3967178 ], [ 79.3207798, 30.3967946 ], [ 79.3206008, 30.396808599999986 ], [ 79.3205222, 30.396783 ], [ 79.3204268, 30.3966718 ], [ 79.3203688, 30.396528 ], [ 79.3202563, 30.3963252 ], [ 79.3200237, 30.3960598 ], [ 79.3195108, 30.395758799999982 ], [ 79.3192787, 30.3956246 ], [ 79.3191513, 30.3954615 ], [ 79.3188831, 30.3951677 ], [ 79.3187316, 30.3949329 ], [ 79.3184151, 30.3944551 ], [ 79.318291700000017, 30.3941937 ], [ 79.3182215, 30.3939079 ], [ 79.318158, 30.3937655 ], [ 79.3180859, 30.393561 ], [ 79.3179389, 30.3934154 ], [ 79.3177246, 30.3932788 ], [ 79.3175036, 30.3931905 ], [ 79.3172941, 30.393139 ], [ 79.317148, 30.3931471 ], [ 79.3169626, 30.393185299999985 ], [ 79.316837, 30.3932388 ], [ 79.3166359, 30.3933598 ], [ 79.3165165, 30.3935218 ], [ 79.3163742, 30.3937132 ], [ 79.3161144, 30.3938948 ], [ 79.315957, 30.3940665 ], [ 79.3157863, 30.3942956 ], [ 79.3155928, 30.3945295 ], [ 79.3147442, 30.3951091 ], [ 79.3145727, 30.3953587 ], [ 79.3144124, 30.3954637 ], [ 79.313988200000011, 30.3956057 ], [ 79.3135056, 30.3958978 ], [ 79.3134036, 30.3960554 ], [ 79.3133805, 30.3963684 ], [ 79.313439700000018, 30.3966177 ], [ 79.3134577, 30.3969318 ], [ 79.3131952, 30.3973469 ], [ 79.3131217, 30.3975078 ], [ 79.313111, 30.3976628 ], [ 79.3130861, 30.3978079 ], [ 79.312790300000017, 30.3981797 ], [ 79.3125647, 30.3995048 ], [ 79.3125958, 30.3996811 ], [ 79.3129278, 30.4000957 ], [ 79.3131898, 30.40053 ], [ 79.313186, 30.4007524 ], [ 79.3131405, 30.4010518 ], [ 79.3130988, 30.401336400000012 ], [ 79.313021, 30.401562199999987 ], [ 79.3127858, 30.4018092 ], [ 79.3126493, 30.401973 ], [ 79.312379, 30.4021411 ], [ 79.311994, 30.4022381 ], [ 79.3118679, 30.4023081 ], [ 79.3114485, 30.4026841 ], [ 79.3114337, 30.4027834 ], [ 79.3114798, 30.4028693 ], [ 79.3119161, 30.4030265 ], [ 79.3121105, 30.4031908 ], [ 79.3123506, 30.4034464 ], [ 79.3124713, 30.4036558 ], [ 79.312368, 30.4039681 ], [ 79.31236, 30.4042353 ], [ 79.3122688, 30.4043787 ], [ 79.3121025, 30.4044782 ], [ 79.3118826, 30.4045614 ], [ 79.3116465, 30.4046077 ], [ 79.3115446, 30.4046702 ], [ 79.3115044, 30.4047349 ], [ 79.3114883, 30.4048252 ], [ 79.3113434, 30.4051074 ], [ 79.3112129, 30.4053335 ], [ 79.311086, 30.4054652 ], [ 79.3110198, 30.4056239 ], [ 79.310847, 30.405802 ], [ 79.3106943, 30.4059347 ], [ 79.3105854, 30.4061747 ], [ 79.3103565, 30.4064787 ], [ 79.3100714, 30.4068591 ], [ 79.310004, 30.4069704 ], [ 79.3099771, 30.4070856 ], [ 79.3100186, 30.4071505 ], [ 79.3101241, 30.407166 ], [ 79.3102386, 30.4071011 ], [ 79.3103161, 30.406864 ], [ 79.3104451, 30.4066433 ], [ 79.3105614, 30.4065196 ], [ 79.3109982, 30.406115 ], [ 79.3112847, 30.405928899999989 ], [ 79.3114643, 30.4057478 ], [ 79.3116584, 30.4056578 ], [ 79.3118538, 30.4056206 ], [ 79.3119412, 30.4055785 ], [ 79.3120035, 30.4054942 ], [ 79.3120139, 30.4053634 ], [ 79.3120064, 30.4052096 ], [ 79.3120495, 30.405087600000012 ], [ 79.3121354, 30.405016 ], [ 79.3123643, 30.404936 ], [ 79.3130626, 30.404825699999989 ], [ 79.3133714, 30.4047031 ], [ 79.3134356, 30.4045867 ], [ 79.3134565, 30.4042321 ], [ 79.3135796, 30.4037718 ], [ 79.3138525, 30.4031034 ], [ 79.3138231, 30.4028727 ], [ 79.3138241, 30.4027755 ], [ 79.3138359, 30.4027309 ], [ 79.3138724, 30.402692 ], [ 79.3140102, 30.4026324 ], [ 79.3141597, 30.4025295 ], [ 79.3144291, 30.4019325 ], [ 79.3148143, 30.4015104 ], [ 79.314901, 30.4014329 ], [ 79.3150927, 30.4012895 ], [ 79.3152874, 30.400821 ], [ 79.3153436, 30.4007648 ], [ 79.3154056, 30.4007525 ], [ 79.3154985, 30.4007806 ], [ 79.3156434, 30.4009991 ], [ 79.3158628, 30.40133 ], [ 79.3169058, 30.4023658 ], [ 79.3170735, 30.4026156 ], [ 79.3173126, 30.4028008 ], [ 79.3181801, 30.4032887 ], [ 79.3183513, 30.4033568 ], [ 79.3187581, 30.4034117 ], [ 79.319673, 30.4037572 ], [ 79.3199199, 30.403919799999986 ], [ 79.319957400000021, 30.4039445 ], [ 79.3205287, 30.4043207 ], [ 79.3206603, 30.404438800000012 ], [ 79.3208103, 30.4047771 ], [ 79.3214342, 30.405394399999988 ], [ 79.3218745, 30.405642 ], [ 79.3220351, 30.405784 ], [ 79.3223316, 30.4065244 ], [ 79.3226657, 30.4069497 ], [ 79.32304, 30.4072782 ], [ 79.3233803, 30.4073418 ], [ 79.3236173, 30.4075659 ], [ 79.3237652, 30.4077058 ], [ 79.3242925, 30.4080813 ], [ 79.3246163, 30.4087012 ], [ 79.3247238, 30.4088147 ], [ 79.325237, 30.4091209 ], [ 79.3253474, 30.409277 ], [ 79.3256055, 30.4094829 ], [ 79.3256611, 30.4096048 ], [ 79.3255997, 30.4099182 ], [ 79.3256369, 30.4101248 ], [ 79.3256047, 30.4104695 ], [ 79.3256074, 30.4106245 ], [ 79.3257818, 30.4111797 ], [ 79.3259239, 30.4114665 ], [ 79.3260205, 30.411788 ], [ 79.3260393, 30.4119129 ], [ 79.32601, 30.4120099 ] ] } },
{ "type": "Feature", "properties": { "osm_id": 91936651, "highway": "trunk", "name": null, "name_en": null, "ref": "NH107A", "surface": "unknown", "maxspeed": null, "oneway": "no", "access": "yes", "motor_vehicle": null, "bridge": "yes", "tunnel": "no", "smoothness": null, "tracktype": null, "lanes": null, "layer": "1", "length_m": 69.19, "assumed_speed_kmh": 35.0, "travel_time_min": 0.1186, "is_vehicular": true, "is_arterial": true }, "geometry": { "type": "LineString", "coordinates": [ [ 79.3291804, 30.4035793 ], [ 79.3284628, 30.4036308 ] ] } },
{ "type": "Feature", "properties": { "osm_id": 120112189, "highway": "trunk", "name": null, "name_en": null, "ref": "NH107A", "surface": "unknown", "maxspeed": null, "oneway": "no", "access": "yes", "motor_vehicle": null, "bridge": "no", "tunnel": "no", "smoothness": null, "tracktype": null, "lanes": null, "layer": "0", "length_m": 13494.39, "assumed_speed_kmh": 35.0, "travel_time_min": 23.1332, "is_vehicular": true, "is_arterial": true }, "geometry": { "type": "LineString", "coordinates": [ [ 79.1980848, 30.4906293 ], [ 79.1979496, 30.4908304 ], [ 79.1976405, 30.4910327 ], [ 79.1969714, 30.490598 ], [ 79.1965965, 30.4899101 ], [ 79.1965038, 30.489537 ], [ 79.1965632, 30.489298 ], [ 79.196465700000019, 30.4889729 ], [ 79.1964544, 30.4886399 ], [ 79.1963509, 30.4883277 ], [ 79.1961314, 30.4878903 ], [ 79.1956096, 30.487466399999988 ], [ 79.1950717, 30.4864981 ], [ 79.1950676, 30.4859735 ], [ 79.1953082, 30.4856987 ], [ 79.1953892, 30.4855211 ], [ 79.1953314, 30.4853966 ], [ 79.194925, 30.4850185 ], [ 79.1946873, 30.4846816 ], [ 79.1936998, 30.4842661 ], [ 79.1933098, 30.4839985 ], [ 79.1920788, 30.482809899999985 ], [ 79.1918798, 30.4826728 ], [ 79.1917184, 30.4825871 ], [ 79.1912295, 30.482327399999988 ], [ 79.1903177, 30.4825334 ], [ 79.1898663, 30.4825116 ], [ 79.1889172, 30.4821828 ], [ 79.1885148, 30.4821552 ], [ 79.1884376, 30.482093399999989 ], [ 79.1884117, 30.4819213 ], [ 79.1884524, 30.48151330000001 ], [ 79.1884288, 30.481451 ], [ 79.1883494, 30.4814259 ], [ 79.1882574, 30.4814378 ], [ 79.1876399, 30.4819133 ], [ 79.1872523, 30.4820177 ], [ 79.187106900000018, 30.4821686 ], [ 79.1868856, 30.4822294 ], [ 79.1864242, 30.481914 ], [ 79.1864355, 30.4817023 ], [ 79.1863943, 30.4815547 ], [ 79.1863289, 30.4815454 ], [ 79.1859373, 30.4818763 ], [ 79.185806, 30.481903199999987 ], [ 79.1855301, 30.4818527 ], [ 79.1853099, 30.4819162 ], [ 79.1840187, 30.4818859 ], [ 79.1833764, 30.4816952 ], [ 79.1828066, 30.4817479 ], [ 79.1814702, 30.4814741 ], [ 79.1807309, 30.4818142 ], [ 79.18014, 30.4820002 ], [ 79.1800317, 30.4821133 ], [ 79.1799751, 30.4823837 ], [ 79.1798457, 30.4826228 ], [ 79.1798685, 30.482894399999989 ], [ 79.1797966, 30.4830721 ], [ 79.1794792, 30.4834946 ], [ 79.1792957, 30.4836059 ], [ 79.1788276, 30.4836661 ], [ 79.1783841, 30.4836651 ], [ 79.1781614, 30.4834084 ], [ 79.177918, 30.483334 ], [ 79.1777071, 30.4833955 ], [ 79.1775799, 30.4835454 ], [ 79.1774675, 30.4839637 ], [ 79.177317700000017, 30.4840453 ], [ 79.1770899, 30.484064 ], [ 79.1767043, 30.483704199999984 ], [ 79.1764245, 30.4835864 ], [ 79.1759095, 30.4836049 ], [ 79.1755232, 30.4834384 ], [ 79.1750512, 30.4834014 ], [ 79.1746864, 30.483235 ], [ 79.1741929, 30.483031599999986 ], [ 79.1737852, 30.4835309 ], [ 79.1735706, 30.4839192 ], [ 79.173356, 30.4841041 ], [ 79.1732058, 30.4845294 ], [ 79.1730556, 30.4848993 ], [ 79.1724763, 30.4852321 ], [ 79.1724333, 30.4856204 ], [ 79.1722617, 30.4859348 ], [ 79.1719827, 30.4861012 ], [ 79.1718325, 30.4864156 ], [ 79.1713605, 30.4867299 ], [ 79.170824, 30.4869518 ], [ 79.1708257, 30.487121 ], [ 79.170901, 30.487272299999987 ], [ 79.17106, 30.4872476 ], [ 79.1713605, 30.4870442 ], [ 79.1718111, 30.4868963 ], [ 79.1723475, 30.4866929 ], [ 79.1728196, 30.4862491 ], [ 79.1733989, 30.4860827 ], [ 79.173871, 30.4858238 ], [ 79.1743645, 30.4856389 ], [ 79.174901, 30.4856944 ], [ 79.1751155, 30.4855834 ], [ 79.1752228, 30.4853985 ], [ 79.1755876, 30.485417 ], [ 79.1762743, 30.4852506 ], [ 79.1765961, 30.4850842 ], [ 79.1769394, 30.4851397 ], [ 79.1773257, 30.4852691 ], [ 79.177669, 30.485417 ], [ 79.1787204, 30.4853246 ], [ 79.1783986, 30.4855834 ], [ 79.1778621, 30.4856019 ], [ 79.1771025, 30.4855317 ], [ 79.176816200000019, 30.4855858 ], [ 79.1763865, 30.4859203 ], [ 79.1762335, 30.4859924 ], [ 79.176078, 30.4859857 ], [ 79.1758891, 30.4861201 ], [ 79.175537500000019, 30.4859587 ], [ 79.1754537, 30.485967 ], [ 79.1754193, 30.4860256 ], [ 79.1757282, 30.4866798 ], [ 79.1763743, 30.4871819 ], [ 79.1765388, 30.4875946 ], [ 79.1765165, 30.4878957 ], [ 79.176287, 30.488085 ], [ 79.1761322, 30.4880917 ], [ 79.175772, 30.4879256 ], [ 79.1755214, 30.4877247 ], [ 79.1751116, 30.4875502 ], [ 79.1748263, 30.4873467 ], [ 79.1746262, 30.4871108 ], [ 79.1744167, 30.4871739 ], [ 79.1742936, 30.4874029 ], [ 79.1740404, 30.4876629 ], [ 79.1740219, 30.4877796 ], [ 79.1742094, 30.48820880000001 ], [ 79.1741914, 30.4883524 ], [ 79.1738799, 30.4886331 ], [ 79.1738642, 30.488752 ], [ 79.1739933, 30.4889571 ], [ 79.1739729, 30.4890641 ], [ 79.173649, 30.4894083 ], [ 79.173286, 30.489418400000012 ], [ 79.1731369, 30.4894817 ], [ 79.17298, 30.4897999 ], [ 79.172609, 30.4901827 ], [ 79.1722797, 30.4909 ], [ 79.1720831, 30.4910699 ], [ 79.1717467, 30.4910567 ], [ 79.1714248, 30.4911122 ], [ 79.1709957, 30.4909088 ], [ 79.1705665, 30.4908718 ], [ 79.1703519, 30.490871800000011 ], [ 79.1698584, 30.4909273 ], [ 79.1694078, 30.4910752 ], [ 79.1689787, 30.4912046 ], [ 79.168613900000011, 30.4911677 ], [ 79.168292, 30.4910567 ], [ 79.1680345, 30.4909828 ], [ 79.1674766, 30.4909458 ], [ 79.1670904, 30.4909273 ], [ 79.1667256, 30.4906684 ], [ 79.1664681, 30.4909458 ], [ 79.1662321, 30.4912046 ], [ 79.166039, 30.491556 ], [ 79.1657815, 30.4919997 ], [ 79.1651377, 30.4920737 ], [ 79.1646871, 30.4921291 ], [ 79.164343800000012, 30.4922956 ], [ 79.1638932, 30.492462 ], [ 79.1635928, 30.4926654 ], [ 79.1629276, 30.4927578 ], [ 79.1627559, 30.4925174 ], [ 79.1626916, 30.4921291 ], [ 79.1627988, 30.4918518 ], [ 79.1627774, 30.491482 ], [ 79.1627988, 30.4912046 ], [ 79.1628632, 30.4908348 ], [ 79.162949, 30.490483499999989 ], [ 79.1624341, 30.4902062 ], [ 79.1619191, 30.4899103 ], [ 79.1616616, 30.4897439 ], [ 79.1610179, 30.4899103 ], [ 79.1607174, 30.490372599999986 ], [ 79.160417, 30.4904096 ], [ 79.1600093, 30.4906314 ], [ 79.1593227, 30.4905945 ], [ 79.1587863, 30.4903356 ], [ 79.1584429, 30.4902616 ], [ 79.1580352, 30.490502 ], [ 79.1574988, 30.4904835 ], [ 79.157134, 30.4902801 ], [ 79.1570696, 30.4900582 ], [ 79.1568122, 30.4898548 ], [ 79.1566619, 30.4896884 ], [ 79.1564259, 30.4895035 ], [ 79.1560182, 30.4895405 ], [ 79.1555676, 30.4894111 ], [ 79.15503120000001, 30.4893556 ], [ 79.1546449, 30.4891892 ], [ 79.1542319, 30.4890736 ], [ 79.1537973, 30.4889673 ], [ 79.1533199, 30.4888471 ], [ 79.152923900000019, 30.488704500000011 ], [ 79.1527825, 30.4887127 ], [ 79.1527207, 30.4887597 ], [ 79.1527006, 30.4888303 ], [ 79.152715, 30.4888972 ], [ 79.1527862, 30.4889483 ], [ 79.1528788, 30.4889579 ], [ 79.1529498, 30.4889581 ], [ 79.1531858, 30.4889442 ], [ 79.1533897, 30.4889812 ], [ 79.1537491, 30.4890921 ], [ 79.1540173, 30.4891614 ], [ 79.1544089, 30.4894111 ], [ 79.1546771, 30.4896145 ], [ 79.1549722, 30.4897485 ], [ 79.1546932, 30.4899196 ], [ 79.1544357, 30.4897439 ], [ 79.1542426, 30.4895729 ], [ 79.1536471, 30.4894989 ], [ 79.1534111, 30.4896052 ], [ 79.153271500000017, 30.4898022 ], [ 79.1531214, 30.4901414 ], [ 79.152821, 30.4903726 ], [ 79.1523811, 30.4906129 ], [ 79.1521022, 30.4907516 ], [ 79.1519177, 30.4908349 ], [ 79.1517077, 30.4908412 ], [ 79.1516198, 30.490894 ], [ 79.1515779, 30.4909748 ], [ 79.151647600000018, 30.4910656 ], [ 79.1517704, 30.4910945 ], [ 79.1518976, 30.4910642 ], [ 79.1521558, 30.490955 ], [ 79.1525421, 30.4907979 ], [ 79.1528961, 30.4907054 ], [ 79.1532394, 30.4906222 ], [ 79.1536901, 30.4906777 ], [ 79.1539797, 30.4907424 ], [ 79.1542158, 30.4908903 ], [ 79.1544625, 30.4909365 ], [ 79.1549346, 30.4911399 ], [ 79.1553423, 30.4913063 ], [ 79.1560397, 30.4915744 ], [ 79.1565225, 30.4917039 ], [ 79.1570696, 30.491999699999987 ], [ 79.1572735, 30.4922216 ], [ 79.1575632, 30.492351 ], [ 79.1579923, 30.4925544 ], [ 79.1582713, 30.4927023 ], [ 79.158582400000014, 30.4928503 ], [ 79.1588614, 30.4929889 ], [ 79.1588292, 30.493257 ], [ 79.1587755, 30.4936176 ], [ 79.1588721, 30.4939412 ], [ 79.1590867, 30.4941076 ], [ 79.1593012, 30.4943757 ], [ 79.1592369, 30.4947917 ], [ 79.1589901, 30.4950783 ], [ 79.1588614, 30.4953371 ], [ 79.1584966, 30.4957161 ], [ 79.1586361, 30.496049 ], [ 79.1583464, 30.4962801 ], [ 79.158046, 30.4963448 ], [ 79.1578099, 30.4966129 ], [ 79.1578317, 30.4968304 ], [ 79.1577348, 30.4969457 ], [ 79.1577563, 30.4972138 ], [ 79.1579494, 30.497334 ], [ 79.1581103, 30.4977407 ], [ 79.1582498, 30.498313899999989 ], [ 79.1584, 30.4990072 ], [ 79.1582498, 30.4993862 ], [ 79.1581103, 30.4998577 ], [ 79.1579387, 30.5003754 ], [ 79.1579816, 30.500893 ], [ 79.1581425, 30.5011057 ], [ 79.1583786, 30.5010502 ], [ 79.1586039, 30.5009577 ], [ 79.1588399, 30.5008653 ], [ 79.1589901, 30.5006712 ], [ 79.1590008, 30.5004401 ], [ 79.1590867, 30.5001997 ], [ 79.1593227, 30.5000333 ], [ 79.1595909, 30.499811499999986 ], [ 79.1599772, 30.4997467 ], [ 79.160417, 30.4997005 ], [ 79.1608247, 30.4997005 ], [ 79.1611144, 30.4997467 ], [ 79.161350400000018, 30.5000333 ], [ 79.1615865, 30.5002459 ], [ 79.1617689, 30.5002829 ], [ 79.1620049, 30.5002644 ], [ 79.1624555, 30.5003476 ], [ 79.1629276, 30.5003384 ], [ 79.1632495, 30.5004863 ], [ 79.1635284, 30.5004863 ], [ 79.1638395, 30.500920799999985 ], [ 79.1640327, 30.5012813 ], [ 79.1643009, 30.5014569 ], [ 79.16473, 30.5015124 ], [ 79.1652772, 30.5015216 ], [ 79.1655991, 30.5014754 ], [ 79.16576, 30.5012813 ], [ 79.1657493, 30.5010132 ], [ 79.165642, 30.5007266 ], [ 79.1655776, 30.5003661 ], [ 79.1654274, 30.5000611 ], [ 79.16540590000001, 30.499719 ], [ 79.165448900000015, 30.49946940000001 ], [ 79.1656098, 30.4992938 ], [ 79.165996, 30.4991921 ], [ 79.1665969, 30.499192099999988 ], [ 79.1671011, 30.4991459 ], [ 79.1674122, 30.4994509 ], [ 79.1675517, 30.4998762 ], [ 79.1678736, 30.5000148 ], [ 79.1684208, 30.4999594 ], [ 79.1687533, 30.5000518 ], [ 79.1692361, 30.5000611 ], [ 79.1696868, 30.4998947 ], [ 79.1702768, 30.4999131 ], [ 79.1708669, 30.4999039 ], [ 79.1713926, 30.5003754 ], [ 79.1716501, 30.5007729 ], [ 79.1720149, 30.5008191 ], [ 79.1724333, 30.5008283 ], [ 79.1729483, 30.5007082 ], [ 79.173238, 30.5008283 ], [ 79.173549100000017, 30.5008283 ], [ 79.1739354, 30.5006434 ], [ 79.1744825, 30.5005048 ], [ 79.1749439, 30.5004586 ], [ 79.1754803, 30.500606499999986 ], [ 79.1758451, 30.500874499999988 ], [ 79.1762206, 30.5010132 ], [ 79.1765961, 30.5009577 ], [ 79.1770896, 30.5010664 ], [ 79.1770156, 30.501195 ] ] } },
{ "type": "Feature", "properties": { "osm_id": 146816810, "highway": "trunk", "name": null, "name_en": null, "ref": "NH107A", "surface": "unknown", "maxspeed": null, "oneway": "no", "access": "yes", "motor_vehicle": null, "bridge": "no", "tunnel": "no", "smoothness": null, "tracktype": null, "lanes": null, "layer": "0", "length_m": 12399.94, "assumed_speed_kmh": 35.0, "travel_time_min": 21.257, "is_vehicular": true, "is_arterial": true }, "geometry": { "type": "LineString", "coordinates": [ [ 79.2488441, 30.4679134 ], [ 79.2491982, 30.4675898 ], [ 79.2493913, 30.4672476 ], [ 79.249648800000017, 30.4669424 ], [ 79.2499706, 30.4668315 ], [ 79.2501852, 30.4665078 ], [ 79.25055, 30.4661379 ], [ 79.250904, 30.465805 ], [ 79.2512474, 30.4654443 ], [ 79.2516121, 30.465009700000014 ], [ 79.2518589, 30.4646028 ], [ 79.2519877, 30.4642144 ], [ 79.25241680000002, 30.4639092 ], [ 79.2528567, 30.4635208 ], [ 79.2531571, 30.4630492 ], [ 79.2535326, 30.4626978 ], [ 79.2544767, 30.4624573 ], [ 79.2551312, 30.4622539 ], [ 79.2556247, 30.4622724 ], [ 79.256129, 30.4622724 ], [ 79.2567298, 30.4620319 ], [ 79.2570731, 30.4619395 ], [ 79.2577276, 30.4617268 ], [ 79.2580924, 30.461301299999985 ], [ 79.2582855, 30.4609314 ], [ 79.2585108, 30.4605708 ], [ 79.258543, 30.460173099999988 ], [ 79.2584786, 30.4598309 ], [ 79.2585859, 30.45935 ], [ 79.258639500000015, 30.4588229 ], [ 79.2588434, 30.458305 ], [ 79.2587254, 30.457916499999989 ], [ 79.258543, 30.4576021 ], [ 79.2584142, 30.4571859 ], [ 79.2587039, 30.4569362 ], [ 79.2592511, 30.4563073 ], [ 79.259851900000015, 30.4558634 ], [ 79.260281, 30.4555859 ], [ 79.2606995, 30.4553177 ], [ 79.261064300000015, 30.4549201 ], [ 79.2613217, 30.4546148 ], [ 79.2613861, 30.4540877 ], [ 79.261944, 30.4539767 ], [ 79.2623946, 30.4537917 ], [ 79.2629096, 30.4537455 ], [ 79.2633066, 30.453717699999988 ], [ 79.2637894, 30.453653 ], [ 79.2640469, 30.4536622 ], [ 79.2644868, 30.4536437 ], [ 79.2648193, 30.453394 ], [ 79.2649052, 30.4531443 ], [ 79.2651627, 30.4528021 ], [ 79.2652807, 30.4524876 ], [ 79.2653343, 30.4521547 ], [ 79.2653236, 30.4518217 ], [ 79.2651627, 30.4515998 ], [ 79.2650951, 30.4513512 ], [ 79.2650446, 30.4510818 ], [ 79.2650125, 30.4509246 ], [ 79.2649565, 30.4508519 ], [ 79.2648837, 30.450813599999989 ], [ 79.2648114, 30.450836100000011 ], [ 79.264787100000021, 30.4508915 ], [ 79.2648301, 30.4510356 ], [ 79.2649019, 30.4513538 ], [ 79.2650232, 30.4516275 ], [ 79.2651408, 30.451897 ], [ 79.2651596, 30.4520355 ], [ 79.2651197, 30.4521546 ], [ 79.2650292, 30.4524228 ], [ 79.264767, 30.4526671 ], [ 79.2639932, 30.4529038 ], [ 79.2633924, 30.453051799999987 ], [ 79.2627487, 30.4532738 ], [ 79.2619333, 30.4531998 ], [ 79.2612037, 30.453236799999988 ], [ 79.2603025, 30.4534218 ], [ 79.2595729, 30.4537177 ], [ 79.2591009, 30.4541617 ], [ 79.2588863, 30.4546426 ], [ 79.2583713, 30.4549755 ], [ 79.257856300000014, 30.4551235 ], [ 79.2575559, 30.4554565 ], [ 79.2575345, 30.4559004 ], [ 79.2573413, 30.4562888 ], [ 79.2570195, 30.4566403 ], [ 79.2564187, 30.4569547 ], [ 79.2559466, 30.4572692 ], [ 79.2554745, 30.4574541 ], [ 79.2554316, 30.4576761 ], [ 79.2551527, 30.4578795 ], [ 79.2545948, 30.458009 ], [ 79.2541656, 30.45812 ], [ 79.2538867, 30.4584159 ], [ 79.2532858, 30.4585824 ], [ 79.2532215, 30.4588229 ], [ 79.2530069, 30.4590078 ], [ 79.2526636, 30.4591558 ], [ 79.2520628, 30.4592298 ], [ 79.2517409, 30.4590078 ], [ 79.2511401, 30.4590633 ], [ 79.2504749, 30.4594887 ], [ 79.2500672, 30.4595627 ], [ 79.2494664, 30.4596367 ], [ 79.2486081, 30.4595257 ], [ 79.2480931, 30.4598402 ], [ 79.2474923, 30.4600066 ], [ 79.2469129, 30.4602101 ], [ 79.2462048, 30.4601176 ], [ 79.2457113, 30.4603765 ], [ 79.2451748, 30.460709499999989 ], [ 79.2447671, 30.460802 ], [ 79.2442736, 30.460765 ], [ 79.2438874, 30.4607095 ], [ 79.2432437, 30.460691 ], [ 79.242557, 30.460802 ], [ 79.242042, 30.4609314 ], [ 79.241527, 30.4611349 ], [ 79.240776, 30.4610794 ], [ 79.2404327, 30.4613383 ], [ 79.2399392, 30.4615418 ], [ 79.2394886, 30.4617083 ], [ 79.2392096, 30.4618562 ], [ 79.239038, 30.4621152 ], [ 79.238759, 30.4622076 ], [ 79.2383298, 30.4623556 ], [ 79.2379007, 30.4625406 ], [ 79.2374715, 30.46267 ], [ 79.2371926, 30.4625776 ], [ 79.2366776, 30.4625221 ], [ 79.2360553, 30.462503599999987 ], [ 79.2356476, 30.4625221 ], [ 79.2356047, 30.4627995 ], [ 79.2357335, 30.4630954 ], [ 79.2356476, 30.463372899999989 ], [ 79.2353901, 30.4635948 ], [ 79.2349395, 30.4635208 ], [ 79.2345962, 30.4634838 ], [ 79.2344031, 30.4637613 ], [ 79.2342314, 30.4639647 ], [ 79.2342958, 30.4642052 ], [ 79.2341885, 30.4645936 ], [ 79.2342314, 30.464871 ], [ 79.233931, 30.465019 ], [ 79.233416, 30.4651669 ], [ 79.232901100000021, 30.4651854 ], [ 79.2327079, 30.4653889 ], [ 79.2325363, 30.4657218 ], [ 79.2323217, 30.4659437 ], [ 79.2319604, 30.4659534 ], [ 79.2316351, 30.4659622 ], [ 79.2310557, 30.4661287 ], [ 79.230583600000017, 30.4663321 ], [ 79.2301759, 30.466554 ], [ 79.2297039, 30.466887 ], [ 79.2293176, 30.4670164 ], [ 79.2288456, 30.467145899999977 ], [ 79.2283306, 30.4672384 ], [ 79.2280731, 30.4674603 ], [ 79.22788, 30.4677562 ], [ 79.2276439, 30.4679781 ], [ 79.2273006, 30.4682186 ], [ 79.2268715, 30.4683665 ], [ 79.2264852, 30.468533 ], [ 79.226335, 30.4687549 ], [ 79.2262063, 30.4688289 ], [ 79.22603460000002, 30.4687734 ], [ 79.2261848, 30.4684775 ], [ 79.2268285, 30.4680706 ], [ 79.2272577, 30.4674418 ], [ 79.2279443, 30.466887 ], [ 79.2284164, 30.4663321 ], [ 79.2290601, 30.4657403 ], [ 79.2296367, 30.4652433 ], [ 79.2297897, 30.4651114 ], [ 79.2306041, 30.464624699999987 ], [ 79.2310817, 30.4644167 ], [ 79.2314906, 30.4640238 ], [ 79.2318044, 30.463598 ], [ 79.2321945, 30.4632612 ], [ 79.2322996, 30.4631391 ], [ 79.2323326, 30.462956 ], [ 79.2325371, 30.4627374 ], [ 79.2330693, 30.46254 ], [ 79.2331199, 30.4622921 ], [ 79.233088, 30.4620355 ], [ 79.2329296, 30.4616442 ], [ 79.2331225, 30.4613169 ], [ 79.2330958, 30.4608525 ], [ 79.2333419, 30.460281299999988 ], [ 79.2336294, 30.459961400000012 ], [ 79.2338589, 30.45956 ], [ 79.2343652, 30.4593149 ], [ 79.2345529, 30.4591153 ], [ 79.2348679, 30.45902 ], [ 79.2350422, 30.4590321 ], [ 79.2351287, 30.4589701 ], [ 79.2352188, 30.45883250000001 ], [ 79.2353077, 30.4580746 ], [ 79.2355795, 30.4576546 ], [ 79.2358586, 30.457413 ], [ 79.2366629, 30.4569542 ], [ 79.2369567, 30.4566702 ], [ 79.2372204, 30.4565473 ], [ 79.2377818, 30.4565013 ], [ 79.2378627, 30.4563796 ], [ 79.2378677, 30.4562319 ], [ 79.2377992, 30.4561387 ], [ 79.2378554, 30.455671800000012 ], [ 79.2382214, 30.4549228 ], [ 79.2384313, 30.4546726 ], [ 79.2387425, 30.4544981 ], [ 79.2388212, 30.4541333 ], [ 79.2390087, 30.4539266 ], [ 79.2408207, 30.4532366 ], [ 79.2414667, 30.4532254 ], [ 79.2419297, 30.4532781 ], [ 79.2420578, 30.4532298 ], [ 79.242118, 30.4530952 ], [ 79.2419443, 30.4529691 ], [ 79.2417388, 30.4530911 ], [ 79.2407792, 30.4529968 ], [ 79.2403288, 30.4530072 ], [ 79.2397508, 30.4531687 ], [ 79.2394522, 30.4531355 ], [ 79.2384546, 30.4536019 ], [ 79.2377454, 30.4536555 ], [ 79.237546, 30.4538529 ], [ 79.2374339, 30.4540589 ], [ 79.2374016, 30.4544919 ], [ 79.2372374, 30.454906 ], [ 79.2370097, 30.4550525 ], [ 79.2368411, 30.4550671 ], [ 79.2360635, 30.4556666 ], [ 79.2352905, 30.4556174 ], [ 79.2345904, 30.455705 ], [ 79.2338544, 30.4555116 ], [ 79.232889, 30.455411799999986 ], [ 79.2325138, 30.45543 ], [ 79.2321785, 30.4555592 ], [ 79.2319276, 30.4557274 ], [ 79.2317908, 30.4559539 ], [ 79.2317564, 30.4563594 ], [ 79.2316235, 30.4566231 ], [ 79.2310181, 30.4572856 ], [ 79.2307391, 30.4578791 ], [ 79.2306604, 30.4581644 ], [ 79.2304756, 30.4583647 ], [ 79.2302437, 30.4588865 ], [ 79.230129500000018, 30.4593197 ], [ 79.2300157, 30.459455099999989 ], [ 79.2297818, 30.4594545 ], [ 79.2294657, 30.4593735 ], [ 79.2293067, 30.4594132 ], [ 79.2290329, 30.4596988 ], [ 79.2275588, 30.4603362 ], [ 79.2273773, 30.4606177 ], [ 79.2268646, 30.4609935 ], [ 79.226299, 30.461182 ], [ 79.2254656, 30.4612821 ], [ 79.2247527, 30.4614945 ], [ 79.2244578, 30.4616464 ] ] } },
{ "type": "Feature", "properties": { "osm_id": 223893506, "highway": "trunk", "name": null, "name_en": null, "ref": "NH7", "surface": "unknown", "maxspeed": null, "oneway": "no", "access": "yes", "motor_vehicle": null, "bridge": "no", "tunnel": "no", "smoothness": null, "tracktype": null, "lanes": null, "layer": "0", "length_m": 10490.85, "assumed_speed_kmh": 35.0, "travel_time_min": 17.9843, "is_vehicular": true, "is_arterial": true }, "geometry": { "type": "LineString", "coordinates": [ [ 79.4919325, 30.7937751 ], [ 79.492072, 30.7940885 ], [ 79.49219, 30.7941991 ], [ 79.4924583, 30.7943557 ], [ 79.4928338, 30.794494 ], [ 79.4929947, 30.7947612 ], [ 79.4928659, 30.7948442 ], [ 79.4926514, 30.7947612 ], [ 79.492351, 30.7946507 ], [ 79.4920613, 30.7946138 ], [ 79.4918896, 30.7947336 ], [ 79.4920398, 30.7948258 ], [ 79.492351, 30.7948718 ], [ 79.4926406, 30.7950562 ], [ 79.492715700000019, 30.7952589 ], [ 79.4926943, 30.795563 ], [ 79.4927801, 30.7958395 ], [ 79.4927694, 30.7960884 ], [ 79.492715700000019, 30.7962542 ], [ 79.4928874, 30.7964386 ], [ 79.4930269, 30.796586 ], [ 79.4928981, 30.7971943 ], [ 79.4927908, 30.797581299999987 ], [ 79.4926192, 30.7980053 ], [ 79.492544100000018, 30.7982725 ], [ 79.4926085, 30.7986319 ], [ 79.4926299, 30.799019 ], [ 79.4926728, 30.7991941 ], [ 79.4926085, 30.79936 ], [ 79.4926943, 30.799701 ], [ 79.4928552, 30.7999959 ], [ 79.4929303, 30.800217 ], [ 79.4929303, 30.8004014 ], [ 79.4929303, 30.8005949 ], [ 79.4929411, 30.8007239 ], [ 79.4928445, 30.8009543 ], [ 79.492823, 30.8011663 ], [ 79.4928123, 30.8013966 ], [ 79.4927908, 30.8015809 ], [ 79.492823, 30.8017008 ], [ 79.492715700000019, 30.801875800000012 ], [ 79.492715700000019, 30.80208780000001 ], [ 79.4926192, 30.802226 ], [ 79.4925119, 30.8024288 ], [ 79.4925226, 30.8026499 ], [ 79.492469, 30.8028158 ], [ 79.4924583, 30.8029909 ], [ 79.4925119, 30.8031936 ], [ 79.4924583, 30.8033687 ], [ 79.4923617, 30.8036452 ], [ 79.4922421, 30.8039207 ], [ 79.4921793, 30.8041797 ], [ 79.4922099, 30.8045105 ], [ 79.492222200000015, 30.8047049 ], [ 79.49219, 30.8048247 ], [ 79.492222200000015, 30.8049814 ], [ 79.4923064, 30.8051832 ], [ 79.4923617, 30.8054053 ], [ 79.4924459, 30.805644 ], [ 79.492435200000017, 30.8058651 ], [ 79.4923402, 30.8061241 ], [ 79.4921455, 30.8063259 ], [ 79.4919738, 30.8065931 ], [ 79.4918666, 30.8069433 ], [ 79.4917394, 30.8071562 ], [ 79.4915983, 30.8074593 ], [ 79.49154470000002, 30.807745 ], [ 79.4914589, 30.8080214 ], [ 79.4914283, 30.8082435 ], [ 79.491534, 30.8084453 ], [ 79.491718, 30.8087043 ], [ 79.4918129, 30.8089337 ], [ 79.4918344, 30.8094405 ], [ 79.491888, 30.8098736 ], [ 79.4918896, 30.8099576 ], [ 79.4918558, 30.810021 ], [ 79.4917746, 30.8100221 ], [ 79.491718, 30.8099759 ], [ 79.4917056, 30.809717 ], [ 79.4916305, 30.8094682 ], [ 79.491491, 30.8091917 ], [ 79.4912781, 30.8089991 ], [ 79.4911048, 30.8088416 ], [ 79.4910619, 30.808989 ], [ 79.4911386, 30.8091374 ], [ 79.4912137, 30.8093309 ], [ 79.4913087, 30.809634 ], [ 79.4912979, 30.8099289 ], [ 79.4911799, 30.8100948 ], [ 79.4911155, 30.8099658 ], [ 79.4911155, 30.8097262 ], [ 79.4910619, 30.809597199999985 ], [ 79.4908473, 30.8093668 ], [ 79.4906435, 30.8092378 ], [ 79.4905147, 30.8093392 ], [ 79.4906773, 30.8095336 ], [ 79.4907738, 30.8097547 ], [ 79.490806, 30.809985099999988 ], [ 79.4907508, 30.8102606 ], [ 79.4906022, 30.810538 ], [ 79.4904949, 30.8107591 ], [ 79.4903431, 30.8109333 ], [ 79.490225, 30.8111729 ], [ 79.4897959, 30.8117073 ], [ 79.4895615, 30.8121505 ], [ 79.4893362, 30.8124915 ], [ 79.4892595, 30.8127393 ], [ 79.489486400000018, 30.8127587 ], [ 79.4897009, 30.8126205 ], [ 79.489989, 30.8126288 ], [ 79.4901408, 30.812731 ], [ 79.4901821, 30.813154 ], [ 79.4902374, 30.8135327 ], [ 79.4901194, 30.8139381 ], [ 79.4899262, 30.8142053 ], [ 79.4897422, 30.8143058 ], [ 79.4896457, 30.814573 ], [ 79.4894848, 30.814803299999987 ], [ 79.4895293, 30.8149517 ], [ 79.4897224, 30.8147951 ], [ 79.4899584, 30.8145739 ], [ 79.490160700000018, 30.8143334 ], [ 79.4904074, 30.8141768 ], [ 79.4905362, 30.8142597 ], [ 79.4904611, 30.8144993 ], [ 79.4903554, 30.814749 ], [ 79.4902572, 30.815052099999985 ], [ 79.4901499, 30.8152456 ], [ 79.489871, 30.8154023 ], [ 79.4897331, 30.8157994 ], [ 79.4896457, 30.8161486 ], [ 79.4895277, 30.816683 ], [ 79.4894526, 30.8171806 ], [ 79.4893683, 30.8175593 ], [ 79.4893238, 30.8180191 ], [ 79.4893882, 30.8183323 ], [ 79.4895169, 30.8188207 ], [ 79.4896795, 30.8192086 ], [ 79.4896135, 30.8195578 ], [ 79.4893989, 30.819871 ], [ 79.4893453, 30.8202304 ], [ 79.4894756, 30.8205077 ], [ 79.4896795, 30.8207749 ], [ 79.4897975, 30.8210144 ], [ 79.4896688, 30.8210697 ], [ 79.4895599, 30.8209122 ], [ 79.4894005, 30.8207288 ], [ 79.4892074, 30.8205814 ], [ 79.4889912, 30.8204976 ], [ 79.488948300000018, 30.8206266 ], [ 79.4891522, 30.820801599999989 ], [ 79.4892396, 30.8209315 ], [ 79.4893024, 30.8210688 ], [ 79.4893898, 30.821254 ], [ 79.4894955, 30.8214926 ], [ 79.4895937, 30.8216594 ], [ 79.4896671, 30.8218612 ], [ 79.4895599, 30.822017800000012 ], [ 79.4894204, 30.8218704 ], [ 79.4892916, 30.8217322 ], [ 79.4891001, 30.8216225 ], [ 79.4891629, 30.8217875 ], [ 79.4892611, 30.8219634 ], [ 79.489304, 30.8221477 ], [ 79.489304, 30.8223043 ], [ 79.489270200000021, 30.8224785 ], [ 79.489304, 30.8227097 ], [ 79.4894113, 30.8228848 ], [ 79.4895293, 30.8231796 ], [ 79.4896135, 30.8233722 ], [ 79.4895186, 30.8234652 ], [ 79.4893898, 30.8233086 ], [ 79.4891307, 30.8229852 ], [ 79.4890036, 30.8227005 ], [ 79.4889177, 30.8224794 ], [ 79.4887981, 30.8222758 ], [ 79.4886372, 30.821981 ], [ 79.48851, 30.8219911 ], [ 79.4884655, 30.8221376 ], [ 79.4886281, 30.8224057 ], [ 79.4886586, 30.8227641 ], [ 79.488723, 30.823003599999989 ], [ 79.4887783, 30.823456 ], [ 79.4886372, 30.8239066 ], [ 79.4884028, 30.82423 ], [ 79.4882724, 30.8245054 ], [ 79.4881758, 30.824791 ], [ 79.4880471, 30.8250859 ], [ 79.4879736, 30.825418500000012 ], [ 79.4878985, 30.825787 ], [ 79.4877681, 30.826127 ], [ 79.487641, 30.8263398 ], [ 79.487383500000021, 30.8266991 ], [ 79.4873191, 30.8268926 ], [ 79.4875337, 30.827104499999987 ], [ 79.4874785, 30.8273523 ], [ 79.4872639, 30.8275089 ], [ 79.4870171, 30.8276563 ], [ 79.4867596, 30.8277669 ], [ 79.4865343, 30.8279235 ], [ 79.4863857, 30.82823770000001 ], [ 79.486375, 30.8286615 ], [ 79.486363, 30.8289922 ], [ 79.4862468, 30.8292918 ], [ 79.4861451, 30.829492 ], [ 79.4861215, 30.8297403 ], [ 79.4861656, 30.8299919 ], [ 79.4861333, 30.8301903 ], [ 79.4860065, 30.8302113 ], [ 79.4859093, 30.830095900000011 ], [ 79.4858243, 30.8299152 ], [ 79.4857346, 30.8297615 ], [ 79.4856438, 30.8298674 ], [ 79.4854416, 30.8301724 ], [ 79.4853558, 30.8304764 ], [ 79.4852898, 30.8308808 ], [ 79.4854094, 30.8311673 ], [ 79.4855151, 30.8318113 ], [ 79.4855365, 30.8320508 ], [ 79.4855382, 30.8323281 ], [ 79.4854185, 30.8326681 ], [ 79.4852791, 30.8330458 ], [ 79.4851825, 30.8333129 ], [ 79.485204, 30.8335525 ], [ 79.4855044, 30.8337551 ], [ 79.4858048, 30.8339486 ], [ 79.4859458, 30.8341614 ], [ 79.4860408, 30.8343631 ], [ 79.486139, 30.8346865 ], [ 79.4862232, 30.835008 ], [ 79.4861604, 30.8352669 ], [ 79.4860408, 30.8355423 ], [ 79.4858922, 30.8357735 ], [ 79.485568700000016, 30.8360213 ], [ 79.4854078, 30.8362424 ], [ 79.4853987, 30.8364368 ], [ 79.4853654, 30.836657 ], [ 79.4852709, 30.8368589 ], [ 79.4850624, 30.8371668 ], [ 79.484871, 30.8374561 ], [ 79.4846771, 30.8378306 ], [ 79.4845826, 30.8380679 ], [ 79.484522, 30.8382551 ], [ 79.4843548, 30.8387025 ], [ 79.4842918, 30.8390022 ], [ 79.4842166, 30.839216499999988 ], [ 79.4840518, 30.8393934 ], [ 79.483319900000012, 30.8398657 ], [ 79.4829588, 30.8402507 ], [ 79.4826074, 30.8405919 ], [ 79.4822754, 30.8408167 ], [ 79.4819361, 30.8410268 ], [ 79.4817592, 30.8410747 ], [ 79.481083, 30.8410435 ], [ 79.4808237, 30.8409852 ], [ 79.480671, 30.8409041 ], [ 79.4804699, 30.8407293 ], [ 79.480356, 30.840660599999985 ], [ 79.4802057, 30.8406419 ], [ 79.4800021, 30.8406377 ], [ 79.479864, 30.8406752 ], [ 79.4790058, 30.8411002 ], [ 79.4787417, 30.8412218 ], [ 79.4786046, 30.841321900000011 ], [ 79.4782893, 30.8417236 ], [ 79.4779963, 30.8421826 ], [ 79.4778438, 30.8426211 ], [ 79.4777632, 30.8427874 ], [ 79.4776587, 30.8429683 ], [ 79.4775953, 30.8431096 ], [ 79.4775062, 30.8433406 ], [ 79.4773708, 30.8434936 ], [ 79.4772303, 30.8436804 ], [ 79.4771154, 30.8439232 ], [ 79.4770041, 30.8441189 ], [ 79.4769064, 30.8443558 ], [ 79.4768515, 30.8445632 ], [ 79.4767641, 30.844756 ], [ 79.476639, 30.8449458 ], [ 79.4765139, 30.8451135 ], [ 79.476394, 30.8452518 ], [ 79.4762912, 30.8454372 ], [ 79.4761455, 30.8457064 ], [ 79.4760255, 30.8458491 ], [ 79.4758782, 30.8460139 ], [ 79.475652, 30.8463288 ], [ 79.4754377, 30.846576 ], [ 79.4753178, 30.8467407 ], [ 79.4752578, 30.8467952 ], [ 79.4752081, 30.8468099 ], [ 79.4751601, 30.8467981 ], [ 79.4751361, 30.8467613 ], [ 79.4751224, 30.8466878 ], [ 79.4751378, 30.8466054 ], [ 79.4754515, 30.8458727 ], [ 79.475478900000013, 30.8458006 ], [ 79.4754686, 30.8457579 ], [ 79.4754343, 30.8457226 ], [ 79.4753863, 30.8457314 ], [ 79.4753452, 30.8457565 ], [ 79.4745501, 30.8465495 ], [ 79.4744729, 30.8466024 ], [ 79.4743958, 30.8466127 ], [ 79.474341, 30.8465863 ], [ 79.4743273, 30.8465406 ], [ 79.4743598, 30.846473 ], [ 79.474634, 30.8460213 ], [ 79.4746494, 30.8459786 ], [ 79.4746186, 30.8459507 ], [ 79.4745792, 30.8459477 ], [ 79.4745124, 30.8459639 ], [ 79.4737309, 30.8463715 ], [ 79.4731363, 30.8466333 ], [ 79.4729666, 30.8467996 ], [ 79.4726324, 30.8472645 ], [ 79.4724165, 30.8476559 ], [ 79.4722726, 30.8479339 ], [ 79.472216, 30.8479531 ], [ 79.4721646, 30.8479472 ], [ 79.4721183, 30.8479016 ], [ 79.4721012, 30.8477898 ], [ 79.4720515, 30.8475087 ], [ 79.4719624, 30.8473543 ], [ 79.4718424, 30.8471895 ], [ 79.4717859, 30.847138 ], [ 79.4717173, 30.8471365 ], [ 79.4716693, 30.847168899999986 ], [ 79.4716436, 30.847317499999988 ], [ 79.4716368, 30.847785300000016 ], [ 79.4715614, 30.848206099999988 ], [ 79.4715083, 30.8488844 ], [ 79.4713283, 30.8493478 ], [ 79.4713626, 30.8494949 ], [ 79.4714997, 30.849817099999989 ], [ 79.4715408, 30.8499451 ], [ 79.4715065, 30.8500319 ], [ 79.4713729, 30.8501305 ], [ 79.471163800000014, 30.8502408 ], [ 79.4708296, 30.8503247 ], [ 79.4705572, 30.8503909 ], [ 79.4701339, 30.8504895 ], [ 79.4698117, 30.850554199999987 ], [ 79.4696712, 30.850616 ], [ 79.4695255, 30.8507381 ], [ 79.4694638, 30.8509441 ], [ 79.4693764, 30.851103 ], [ 79.4691194, 30.8512619 ], [ 79.4689172, 30.8514266 ], [ 79.4688212, 30.851519299999989 ], [ 79.468785200000013, 30.8515973 ], [ 79.4687561, 30.851762099999988 ], [ 79.468759500000019, 30.851868 ], [ 79.4687921, 30.8518945 ], [ 79.4688366, 30.8519018 ], [ 79.468864, 30.8518812 ], [ 79.4689686, 30.8517326 ], [ 79.469044, 30.8516811 ], [ 79.4691108, 30.8516605 ], [ 79.4695512, 30.8516605 ], [ 79.4696438, 30.8516532 ], [ 79.4697449, 30.8516355 ], [ 79.4698563, 30.8515737 ], [ 79.4700293, 30.851434 ], [ 79.470103, 30.8513104 ], [ 79.4701527, 30.8512545 ], [ 79.4701904, 30.8512368 ], [ 79.4702281, 30.8512471 ], [ 79.4702384, 30.8512883 ], [ 79.4702453, 30.8514355 ], [ 79.4702076, 30.8515487 ], [ 79.4701476, 30.8517268 ], [ 79.4700345, 30.8518636 ], [ 79.4698546, 30.8519739 ], [ 79.4696609, 30.85206070000001 ], [ 79.4694861, 30.8522373 ], [ 79.4693353, 30.8524123 ], [ 79.4691656, 30.8526065 ], [ 79.4689806, 30.8526948 ], [ 79.4688863, 30.8527522 ] ] } },
{ "type": "Feature", "properties": { "osm_id": 226836163, "highway": "trunk", "name": null, "name_en": null, "ref": "NH107", "surface": "unknown", "maxspeed": "50", "oneway": "no", "access": "yes", "motor_vehicle": null, "bridge": "no", "tunnel": "no", "smoothness": null, "tracktype": null, "lanes": "2", "layer": "0", "length_m": 2406.65, "assumed_speed_kmh": 35.0, "travel_time_min": 4.1257, "is_vehicular": true, "is_arterial": true }, "geometry": { "type": "LineString", "coordinates": [ [ 79.0403002, 30.5765707 ], [ 79.0403357, 30.5765641 ], [ 79.04063, 30.57661 ], [ 79.04121, 30.57651 ], [ 79.04145, 30.57659 ], [ 79.04169, 30.57679 ], [ 79.04231, 30.57772 ], [ 79.04304, 30.57834 ], [ 79.04571, 30.57825 ], [ 79.04601, 30.5783 ], [ 79.04628, 30.57844 ], [ 79.0465466, 30.578493 ], [ 79.0467827, 30.5785099 ], [ 79.04702, 30.57857 ], [ 79.04746, 30.5787 ], [ 79.04764, 30.5787 ], [ 79.04777, 30.57859 ], [ 79.04783, 30.57838 ], [ 79.04779, 30.57731 ], [ 79.04766, 30.57698 ], [ 79.04752, 30.5768 ], [ 79.04686, 30.57627 ], [ 79.04683, 30.57618 ], [ 79.04687, 30.57615 ], [ 79.04709, 30.57607 ], [ 79.04751, 30.57605 ], [ 79.04785, 30.57591 ], [ 79.04841, 30.57622 ], [ 79.04857, 30.57623 ], [ 79.04871, 30.57621 ], [ 79.04935, 30.57584 ], [ 79.04955910000001, 30.5757928 ], [ 79.0496922, 30.5757815 ], [ 79.0498804, 30.5757896 ], [ 79.0500658, 30.575853899999988 ], [ 79.05017, 30.5759328 ], [ 79.05022, 30.57607 ], [ 79.05033, 30.57609 ], [ 79.05042, 30.57603 ], [ 79.0504748, 30.5759204 ], [ 79.0504623, 30.5756731 ], [ 79.0503716, 30.575475 ], [ 79.0503628, 30.5752154 ], [ 79.0504229, 30.5750712 ], [ 79.0505377, 30.5749933 ], [ 79.05075, 30.57489 ], [ 79.05086, 30.57472 ], [ 79.05082, 30.57424 ], [ 79.0509, 30.57418 ], [ 79.05104, 30.57423 ], [ 79.05114, 30.57437 ], [ 79.05144, 30.57499 ], [ 79.05175, 30.57509 ], [ 79.05213, 30.57503 ], [ 79.05288, 30.57467 ], [ 79.05323, 30.57445 ], [ 79.05337, 30.57451 ], [ 79.05377, 30.57484 ], [ 79.054, 30.57476 ], [ 79.05446, 30.57443 ], [ 79.05463, 30.5744 ], [ 79.05528, 30.57459 ], [ 79.05566, 30.57493 ], [ 79.05579, 30.575 ], [ 79.05592, 30.575 ], [ 79.05626, 30.57483 ] ] } },
{ "type": "Feature", "properties": { "osm_id": 226839275, "highway": "trunk", "name": null, "name_en": null, "ref": "NH107", "surface": "unknown", "maxspeed": "50", "oneway": "no", "access": "yes", "motor_vehicle": null, "bridge": "yes", "tunnel": "no", "smoothness": null, "tracktype": null, "lanes": "2", "layer": "0", "length_m": 35.41, "assumed_speed_kmh": 35.0, "travel_time_min": 0.0607, "is_vehicular": true, "is_arterial": true }, "geometry": { "type": "LineString", "coordinates": [ [ 78.9998221, 30.6354756 ], [ 78.9997354, 30.6351651 ] ] } },
{ "type": "Feature", "properties": { "osm_id": 226839276, "highway": "trunk", "name": null, "name_en": null, "ref": "NH107", "surface": "unknown", "maxspeed": "50", "oneway": "no", "access": "yes", "motor_vehicle": null, "bridge": "no", "tunnel": "no", "smoothness": null, "tracktype": null, "lanes": "2", "layer": "0", "length_m": 5304.92, "assumed_speed_kmh": 35.0, "travel_time_min": 9.0941, "is_vehicular": true, "is_arterial": true }, "geometry": { "type": "LineString", "coordinates": [ [ 78.9986392, 30.6237074 ], [ 78.998602, 30.6235353 ], [ 78.9983927, 30.6234153 ], [ 78.9980858, 30.6233593 ], [ 78.9975093, 30.6234713 ], [ 78.9970768, 30.6234593 ], [ 78.9968351, 30.6233953 ], [ 78.996756, 30.6232953 ], [ 78.9968304, 30.6230992 ], [ 78.9971419, 30.6228471 ], [ 78.9979789, 30.6228831 ], [ 78.9986857, 30.622835099999989 ], [ 78.9995877, 30.6226991 ], [ 78.9999132, 30.6227671 ], [ 79.0000642, 30.622869 ], [ 79.0001503, 30.6229271 ], [ 79.0003883, 30.62305060000001 ], [ 79.0007827, 30.6231152 ], [ 79.0010663, 30.6230752 ], [ 79.0014709, 30.622935099999985 ], [ 79.0018335, 30.6229391 ], [ 79.0021404, 30.6230512 ], [ 79.0025356, 30.6230872 ], [ 79.0028028, 30.623127 ], [ 79.003261, 30.6231952 ], [ 79.003720300000012, 30.623347 ], [ 79.0041237, 30.6236274 ], [ 79.0043351, 30.6240115 ], [ 79.004735, 30.6241355 ], [ 79.0052841, 30.6242754 ], [ 79.0054887, 30.6243534 ], [ 79.0055096, 30.6244574 ], [ 79.0053399, 30.6246875 ], [ 79.0051865, 30.6250796 ], [ 79.0052748, 30.6253337 ], [ 79.0054352, 30.6254117 ], [ 79.005602600000017, 30.6253637 ], [ 79.0065977, 30.6250516 ], [ 79.0073254, 30.6248416 ], [ 79.0075695, 30.6248116 ], [ 79.007981, 30.6245955 ], [ 79.0080735, 30.6244754 ], [ 79.008118200000013, 30.6244174 ], [ 79.0081647, 30.6243294 ], [ 79.0081716, 30.6241233 ], [ 79.0080019, 30.6237712 ], [ 79.007974, 30.6236692 ], [ 79.0079787, 30.6235912 ], [ 79.008053100000012, 30.6234631 ], [ 79.0082414, 30.6232591 ], [ 79.0084111, 30.622977 ], [ 79.0084553, 30.6227849 ], [ 79.0085692, 30.6226269 ], [ 79.0087575, 30.6224928 ], [ 79.0088179, 30.6223788 ], [ 79.0091039, 30.6221547 ], [ 79.0091783, 30.6220067 ], [ 79.0092806, 30.6215685 ], [ 79.0092504, 30.6214265 ], [ 79.0089737, 30.6211024 ], [ 79.0089505, 30.6209803 ], [ 79.008983, 30.6208983 ], [ 79.0091202, 30.6208303 ], [ 79.009199200000012, 30.620752199999984 ], [ 79.0094085, 30.6203761 ], [ 79.0094712, 30.6202041 ], [ 79.0095921, 30.620136 ], [ 79.0099967, 30.61997 ], [ 79.0100827, 30.6198859 ], [ 79.0101059, 30.6197339 ], [ 79.0099967, 30.6195578 ], [ 79.0097293, 30.6191597 ], [ 79.0095689, 30.6188056 ], [ 79.009541, 30.6185995 ], [ 79.0096642, 30.6184154 ], [ 79.0097941, 30.6181909 ], [ 79.009913, 30.6179853 ], [ 79.0101501, 30.6175231 ], [ 79.0103012, 30.617281 ], [ 79.0105104, 30.617191 ], [ 79.0108173, 30.6171749 ], [ 79.0117915, 30.6168348 ], [ 79.0120635, 30.6167488 ], [ 79.0122192, 30.6166347 ], [ 79.0125354, 30.6164006 ], [ 79.0127888, 30.6161946 ], [ 79.0130911, 30.6160865 ], [ 79.0135956, 30.6159105 ], [ 79.0138931, 30.6157244 ], [ 79.0140977, 30.6156524 ], [ 79.0142767, 30.6155083 ], [ 79.0146627, 30.6153582 ], [ 79.0148696, 30.6153562 ], [ 79.0151904, 30.6154463 ], [ 79.015316, 30.6154383 ], [ 79.0154043, 30.6153582 ], [ 79.015402, 30.6152802 ], [ 79.0152206, 30.6150681 ], [ 79.0150207, 30.614784 ], [ 79.0148975, 30.6145919 ], [ 79.0147045, 30.6144659 ], [ 79.0144302, 30.6142318 ], [ 79.0143232, 30.6140057 ], [ 79.0143302, 30.6138396 ], [ 79.0143488, 30.6136495 ], [ 79.0142605, 30.6135275 ], [ 79.0137769, 30.6132934 ], [ 79.013639700000013, 30.6131593 ], [ 79.0135328, 30.6130113 ], [ 79.0133375, 30.612711099999984 ], [ 79.013019, 30.6125071 ], [ 79.01264470000001, 30.6120809 ], [ 79.0124416, 30.6118981 ], [ 79.012409, 30.611614 ], [ 79.0125578, 30.6114739 ], [ 79.0128414, 30.6114579 ], [ 79.0132599, 30.61165 ], [ 79.0137202, 30.61169 ], [ 79.014599, 30.6117741 ], [ 79.0149571, 30.611742 ], [ 79.0153197, 30.6114979 ], [ 79.0156824, 30.6114539 ], [ 79.016128800000018, 30.611578 ], [ 79.0163473, 30.6118221 ], [ 79.016259, 30.6124704 ], [ 79.0164124, 30.6130466 ], [ 79.016724, 30.6133467 ], [ 79.0173098, 30.6133267 ], [ 79.0177609, 30.6132267 ], [ 79.0183421, 30.6125584 ], [ 79.0185653, 30.6122943 ], [ 79.0186676, 30.6121142 ], [ 79.0186676, 30.6118701 ], [ 79.0184351, 30.6114579 ], [ 79.0176446, 30.6103094 ], [ 79.0174819, 30.6100573 ], [ 79.0174819, 30.6099172 ], [ 79.0175702, 30.609705099999989 ], [ 79.0177516, 30.609405 ], [ 79.0185746, 30.6087287 ], [ 79.0187001, 30.6084966 ], [ 79.0186536, 30.6082845 ], [ 79.0183235, 30.6079523 ], [ 79.0180585, 30.6075841 ], [ 79.0177934, 30.6074081 ], [ 79.0177097, 30.60722 ], [ 79.0176725, 30.6068878 ], [ 79.0174261, 30.606623699999989 ], [ 79.0173703, 30.6063035 ], [ 79.017147100000017, 30.6058233 ], [ 79.0171285, 30.6054751 ], [ 79.0171026, 30.6053226 ], [ 79.0171852, 30.6052382 ] ] } },
{ "type": "Feature", "properties": { "osm_id": 226839740, "highway": "trunk", "name": null, "name_en": null, "ref": "NH107", "surface": "unknown", "maxspeed": "50", "oneway": "no", "access": "yes", "motor_vehicle": "private", "bridge": "no", "tunnel": "no", "smoothness": null, "tracktype": null, "lanes": "2", "layer": "0", "length_m": 3013.69, "assumed_speed_kmh": 35.0, "travel_time_min": 5.1663, "is_vehicular": true, "is_arterial": true }, "geometry": { "type": "LineString", "coordinates": [ [ 79.02566680000001, 30.6525762 ], [ 79.0250224, 30.6524446 ], [ 79.0248855, 30.6524459 ], [ 79.0247126, 30.6523665 ], [ 79.0245548, 30.652112 ], [ 79.0246111, 30.6516319 ], [ 79.0247031, 30.6513828 ], [ 79.0248396, 30.651174 ], [ 79.025301, 30.6507789 ], [ 79.0251988, 30.650324 ], [ 79.0247725, 30.650046 ], [ 79.024664, 30.6495962 ], [ 79.0242892, 30.649138 ], [ 79.0241708, 30.6487816 ], [ 79.024059, 30.6484309 ], [ 79.0241083, 30.6479557 ], [ 79.0240294, 30.6476785 ], [ 79.0238585, 30.6475766 ], [ 79.0235527, 30.6475879 ], [ 79.0230398, 30.6475936 ], [ 79.0227504, 30.6474974 ], [ 79.022231, 30.6472485 ], [ 79.021215, 30.6468355 ], [ 79.0209487, 30.6467931 ], [ 79.0204588, 30.6468157 ], [ 79.0201497, 30.6466941 ], [ 79.0199558, 30.6464706 ], [ 79.0198999, 30.64625 ], [ 79.0198604, 30.645936 ], [ 79.0197125, 30.6456645 ], [ 79.0195382, 30.645429700000012 ], [ 79.019387, 30.6453533 ], [ 79.018828, 30.6452628 ], [ 79.0182724, 30.6451016 ], [ 79.0181113, 30.645011 ], [ 79.0178055, 30.6446433 ], [ 79.017503, 30.6443152 ], [ 79.0169868, 30.6439474 ], [ 79.0167139, 30.6436278 ], [ 79.0163983, 30.6432289 ], [ 79.0161418, 30.643096 ], [ 79.015698, 30.6429461 ], [ 79.0154448, 30.6427565 ], [ 79.015241, 30.6425133 ], [ 79.015116, 30.642117200000012 ], [ 79.0148891, 30.6416533 ], [ 79.0141297, 30.6408641 ], [ 79.013643, 30.6403492 ], [ 79.0131236, 30.6397835 ], [ 79.0126665, 30.6395034 ], [ 79.0120254, 30.6391159 ], [ 79.011118, 30.6386208 ], [ 79.0103782, 30.6381201 ], [ 79.0097042, 30.6374666 ], [ 79.0093557, 30.6373223 ], [ 79.0091518, 30.6373422 ], [ 79.0089052, 30.6374129 ], [ 79.0087902, 30.637412900000012 ], [ 79.0085041, 30.6372262 ], [ 79.0076493, 30.6370536 ], [ 79.0073994, 30.6371158 ], [ 79.0070311, 30.6372318 ], [ 79.0065314, 30.6372714 ], [ 79.0058442, 30.6373139 ], [ 79.0052195, 30.6373676 ] ] } },
{ "type": "Feature", "properties": { "osm_id": 227070957, "highway": "trunk", "name": null, "name_en": null, "ref": "NH7", "surface": "unknown", "maxspeed": "50", "oneway": "no", "access": "yes", "motor_vehicle": null, "bridge": "no", "tunnel": "no", "smoothness": null, "tracktype": null, "lanes": "2", "layer": "0", "length_m": 5311.74, "assumed_speed_kmh": 35.0, "travel_time_min": 9.1058, "is_vehicular": true, "is_arterial": true }, "geometry": { "type": "LineString", "coordinates": [ [ 79.4986374, 30.716716 ], [ 79.498434500000016, 30.7168097 ], [ 79.4982019, 30.7167823 ], [ 79.4977663, 30.7167872 ], [ 79.497612700000019, 30.7168384 ], [ 79.4975031, 30.7170521 ], [ 79.4975553, 30.7171745 ], [ 79.497702, 30.717350199999984 ], [ 79.4977768, 30.7175657 ], [ 79.497791, 30.7179969 ], [ 79.4977623, 30.718257500000011 ], [ 79.497667, 30.7185947 ], [ 79.4975434, 30.7187208 ], [ 79.4974298, 30.7189032 ], [ 79.4973429, 30.719123 ], [ 79.4974587, 30.7194155 ], [ 79.4974354, 30.7197369 ], [ 79.4972132, 30.7201127 ], [ 79.497125, 30.7203712 ], [ 79.4970865, 30.7205971 ], [ 79.4970715, 30.7207546 ], [ 79.4971377, 30.721041 ], [ 79.4972595, 30.7215395 ], [ 79.4974228, 30.722069799999986 ], [ 79.4976538, 30.7227419 ], [ 79.4979799, 30.7233901 ], [ 79.4978965, 30.7235789 ], [ 79.497898400000011, 30.7237373 ], [ 79.4980563, 30.7239145 ], [ 79.49771, 30.72449 ], [ 79.4976251, 30.7247055 ], [ 79.4976041, 30.724979 ], [ 79.4977616, 30.7251672 ], [ 79.4978378, 30.7254228 ], [ 79.4978466, 30.7255778 ], [ 79.4977897, 30.7257067 ], [ 79.4976644, 30.7257608 ], [ 79.4975972, 30.7258287 ], [ 79.4975908, 30.7259947 ], [ 79.4976368, 30.7262234 ], [ 79.4977227, 30.7263878 ], [ 79.4977849, 30.7265073 ], [ 79.4977948, 30.726626 ], [ 79.4977374, 30.72675090000001 ], [ 79.4975747, 30.7268898 ], [ 79.4972197, 30.7271659 ], [ 79.4970228, 30.727351400000011 ], [ 79.496969, 30.727442300000011 ], [ 79.4968649, 30.7275872 ], [ 79.496444, 30.7279786 ], [ 79.4964132, 30.7281069 ], [ 79.496436, 30.7281972 ], [ 79.4966405, 30.728396600000011 ], [ 79.4966374, 30.7284551 ], [ 79.4964051, 30.7287116 ], [ 79.4963845, 30.7288516 ], [ 79.4965926, 30.7297238 ], [ 79.496552600000015, 30.7300342 ], [ 79.496659, 30.7302152 ], [ 79.4966087, 30.7307247 ], [ 79.4965368, 30.7308476 ], [ 79.4964509, 30.730936599999989 ], [ 79.4963429, 30.730968 ], [ 79.4961922, 30.7309521 ], [ 79.4961098, 30.7308694 ], [ 79.4956447, 30.7301773 ], [ 79.4955093, 30.7300941 ], [ 79.4953798, 30.730076499999988 ], [ 79.4952764, 30.7300935 ], [ 79.495222, 30.7301708 ], [ 79.4950938, 30.7303044 ], [ 79.4948151, 30.7305518 ], [ 79.4945636, 30.7309485 ], [ 79.4940646, 30.7319145 ], [ 79.4940227, 30.7320182 ], [ 79.4940462, 30.732081 ], [ 79.4941486, 30.7321114 ], [ 79.4942465, 30.7320463 ], [ 79.4946308, 30.7313648 ], [ 79.4947556, 30.731281 ], [ 79.4954105, 30.731205 ], [ 79.495505, 30.7312207 ], [ 79.495533, 30.7312761 ], [ 79.4955033, 30.7313494 ], [ 79.4954205, 30.7313932 ], [ 79.4951016, 30.7314336 ], [ 79.494949, 30.7315166 ], [ 79.4948979, 30.7316494 ], [ 79.4948843, 30.7319201 ], [ 79.4948384, 30.732116 ], [ 79.494795, 30.7321975 ], [ 79.49471530000001, 30.7322894 ], [ 79.4944217, 30.7324914 ], [ 79.494273, 30.7326329 ], [ 79.4941084, 30.7328762 ], [ 79.4940432, 30.7329716 ], [ 79.4939019, 30.7333693 ], [ 79.4934081, 30.7340414 ], [ 79.4930451, 30.7344591 ], [ 79.4930351, 30.7345953 ], [ 79.4930915, 30.7347485 ], [ 79.4934778, 30.7351575 ], [ 79.4937568, 30.7354571 ], [ 79.4937953, 30.7355789 ], [ 79.4937685, 30.7357057 ], [ 79.4934375, 30.7364645 ], [ 79.4934118, 30.7366486 ], [ 79.4934349, 30.7368219 ], [ 79.4935663, 30.7371078 ], [ 79.4936841, 30.7376669 ], [ 79.4936988, 30.7377506 ], [ 79.4937771, 30.7378284 ], [ 79.4938995, 30.7378768 ], [ 79.4940473, 30.737931 ], [ 79.4941685, 30.7379581 ], [ 79.4947309, 30.7381306 ], [ 79.4950514, 30.738302200000014 ], [ 79.4951772, 30.7384205 ], [ 79.4956839, 30.7389916 ], [ 79.4958633, 30.7392422 ], [ 79.4959106, 30.7394362 ], [ 79.4957335, 30.7399319 ], [ 79.4956209, 30.74025 ], [ 79.4955437, 30.740457 ], [ 79.4954343, 30.7406095 ], [ 79.4950284, 30.7411264 ], [ 79.4948725, 30.7414349 ], [ 79.4946901, 30.7416562 ], [ 79.4942771, 30.7420205 ], [ 79.4941783, 30.7421019 ], [ 79.4939718, 30.742293 ], [ 79.493891, 30.7424271 ], [ 79.4938569, 30.7425159 ], [ 79.4937714, 30.7430602 ], [ 79.4937936, 30.7432799 ], [ 79.4938988, 30.743514699999988 ], [ 79.49421, 30.74392 ], [ 79.4943463, 30.7440191 ], [ 79.4948368, 30.7443365 ], [ 79.4950065, 30.7444976 ], [ 79.4956355, 30.7447021 ], [ 79.49578, 30.74474 ], [ 79.4960039, 30.744883 ], [ 79.4962131, 30.7450907 ], [ 79.49633, 30.745206 ], [ 79.4965001, 30.7453028 ], [ 79.4970212, 30.7458002 ], [ 79.497712, 30.7463539 ], [ 79.4979539, 30.7465548 ], [ 79.4980353, 30.7468804 ], [ 79.4980289, 30.7472703 ], [ 79.4980461, 30.7477312 ], [ 79.4981667, 30.7482361 ], [ 79.4981188, 30.748716699999985 ], [ 79.4980282, 30.7488618 ], [ 79.4978328, 30.749164 ], [ 79.4978166, 30.7492917 ], [ 79.4977756, 30.7494477 ], [ 79.4977441, 30.7495568 ], [ 79.4976552, 30.7498202 ], [ 79.4975867, 30.7500015 ], [ 79.4975079, 30.7503554 ], [ 79.4975344, 30.7505911 ], [ 79.4976386, 30.7508279 ], [ 79.4978229, 30.751091 ], [ 79.4978883, 30.7513183 ], [ 79.4982382, 30.751991 ], [ 79.4985781, 30.7524729 ] ] } },
{ "type": "Feature", "properties": { "osm_id": 227070959, "highway": "trunk", "name": null, "name_en": null, "ref": "NH7", "surface": "unknown", "maxspeed": "50", "oneway": "no", "access": "yes", "motor_vehicle": null, "bridge": "no", "tunnel": "no", "smoothness": null, "tracktype": null, "lanes": "2", "layer": "0", "length_m": 3628.26, "assumed_speed_kmh": 35.0, "travel_time_min": 6.2199, "is_vehicular": true, "is_arterial": true }, "geometry": { "type": "LineString", "coordinates": [ [ 79.502228, 30.7083894 ], [ 79.5019162, 30.708914 ], [ 79.5017437, 30.7093444 ], [ 79.5015816, 30.7094793 ], [ 79.5011194, 30.7095694 ], [ 79.500416, 30.709699399999987 ], [ 79.5000433, 30.709835 ], [ 79.4998331, 30.7100793 ], [ 79.4994395, 30.710344 ], [ 79.4986202, 30.7108854 ], [ 79.498240800000019, 30.7113496 ], [ 79.4980857, 30.711598699999985 ], [ 79.4978921, 30.7117191 ], [ 79.4977221, 30.711805499999986 ], [ 79.497354700000017, 30.7120432 ], [ 79.4973412, 30.7121379 ], [ 79.4973998, 30.712165 ], [ 79.497502600000018, 30.7121541 ], [ 79.4979737, 30.7119573 ], [ 79.4982819, 30.7117871 ], [ 79.4985941, 30.7114401 ], [ 79.4988181, 30.71124 ], [ 79.4993949, 30.7109444 ], [ 79.4998488, 30.71085 ], [ 79.4999148, 30.7109009 ], [ 79.4998488, 30.7110011 ], [ 79.499731, 30.7110101 ], [ 79.4993841, 30.7110798 ], [ 79.4990198, 30.711308 ], [ 79.4987214, 30.711629299999988 ], [ 79.4986686, 30.7120076 ], [ 79.4985328, 30.7122246 ], [ 79.498364, 30.7125901 ], [ 79.4982895, 30.7129534 ], [ 79.4980473, 30.7131479 ], [ 79.497610300000019, 30.7133327 ], [ 79.4973633, 30.7134734 ], [ 79.4972373, 30.713658 ], [ 79.4972415, 30.7138438 ], [ 79.497311700000012, 30.7140224 ], [ 79.4973037, 30.7140926 ], [ 79.4972495, 30.7141707 ], [ 79.4972383, 30.714283899999987 ], [ 79.497267, 30.7143286 ], [ 79.4973356, 30.7143366 ], [ 79.4973978, 30.7142919 ], [ 79.4974121, 30.7142489 ], [ 79.4974129, 30.7139538 ], [ 79.4973763, 30.7138438 ], [ 79.497448, 30.7136748 ], [ 79.4975507, 30.713607499999988 ], [ 79.497948, 30.7134078 ], [ 79.4984799, 30.7133473 ], [ 79.4988646, 30.713336500000011 ], [ 79.4991674, 30.71314 ], [ 79.499328600000013, 30.7127982 ], [ 79.4995833, 30.7122302 ], [ 79.4996232, 30.7119454 ], [ 79.4997482, 30.711835 ], [ 79.5001445, 30.7118268 ], [ 79.5004219, 30.7118606 ], [ 79.5004783, 30.7118877 ], [ 79.5004896, 30.7119373 ], [ 79.500467, 30.7119756 ], [ 79.5004129, 30.7120027 ], [ 79.500046, 30.7120139 ], [ 79.4999188, 30.7120835 ], [ 79.4999071, 30.7122262 ], [ 79.4998346, 30.7125317 ], [ 79.4997244, 30.7128199 ], [ 79.499751, 30.7131071 ], [ 79.4996809, 30.7132794 ], [ 79.4995569, 30.7135086 ], [ 79.4993922, 30.7137625 ], [ 79.4993986, 30.713847 ], [ 79.4994368, 30.7138757 ], [ 79.499515, 30.7138693 ], [ 79.4995437, 30.7138231 ], [ 79.4995447, 30.7138046 ], [ 79.4997605, 30.7134698 ], [ 79.4999198, 30.7131537 ], [ 79.5000322, 30.712755 ], [ 79.5001559, 30.7125806 ], [ 79.5003577, 30.712541 ], [ 79.5007896, 30.7124734 ], [ 79.5010383, 30.7124048 ], [ 79.5013106, 30.712244 ], [ 79.50142390000002, 30.712245599999989 ], [ 79.5014605, 30.7122966 ], [ 79.5014414, 30.7123445 ], [ 79.5013249, 30.7123699 ], [ 79.5010588, 30.7125471 ], [ 79.5005313, 30.7127525 ], [ 79.500321, 30.7130072 ], [ 79.5002657, 30.7133806 ], [ 79.5001964, 30.7135952 ], [ 79.4999817, 30.7137694 ], [ 79.4998893, 30.7138269 ], [ 79.4998768, 30.7138968 ], [ 79.4999095, 30.7139476 ], [ 79.4999637, 30.7139532 ], [ 79.5000246, 30.7139296 ], [ 79.5000818, 30.7138979 ], [ 79.500230400000021, 30.7137461 ], [ 79.5003613, 30.713629199999986 ], [ 79.5004414, 30.7134666 ], [ 79.5005831, 30.7132586 ], [ 79.501022, 30.7131432 ], [ 79.501333, 30.7129316 ], [ 79.5014712, 30.7127569 ], [ 79.5016058, 30.7127583 ], [ 79.5016193, 30.7128598 ], [ 79.5015201, 30.7129274 ], [ 79.5012765, 30.7131304 ], [ 79.5011074, 30.7132522 ], [ 79.5010014, 30.713319899999981 ], [ 79.5008741, 30.7139093 ], [ 79.5006379, 30.7140424 ], [ 79.5003153, 30.7142143 ], [ 79.5002419, 30.7143332 ], [ 79.5002291, 30.714762 ], [ 79.5000642, 30.7150922 ], [ 79.4999311, 30.7153862 ], [ 79.4998111, 30.7154847 ], [ 79.499652, 30.7155034 ], [ 79.4992532, 30.7153467 ], [ 79.4991766, 30.7153116 ], [ 79.4990809, 30.7153467 ], [ 79.4989406, 30.7157485 ], [ 79.4987556, 30.7161217 ], [ 79.4986907, 30.716525199999985 ], [ 79.4986374, 30.716716 ] ] } },
{ "type": "Feature", "properties": { "osm_id": 227203771, "highway": "trunk", "name": null, "name_en": null, "ref": "NH7", "surface": "unknown", "maxspeed": null, "oneway": "no", "access": "yes", "motor_vehicle": null, "bridge": "yes", "tunnel": "no", "smoothness": null, "tracktype": null, "lanes": null, "layer": "0", "length_m": 20.09, "assumed_speed_kmh": 35.0, "travel_time_min": 0.0344, "is_vehicular": true, "is_arterial": true }, "geometry": { "type": "LineString", "coordinates": [ [ 79.4688863, 30.8527522 ], [ 79.4687612, 30.8528978 ] ] } },
{ "type": "Feature", "properties": { "osm_id": 227203772, "highway": "trunk", "name": null, "name_en": null, "ref": "NH7", "surface": "unknown", "maxspeed": null, "oneway": "no", "access": "yes", "motor_vehicle": null, "bridge": "no", "tunnel": "no", "smoothness": null, "tracktype": null, "lanes": null, "layer": "0", "length_m": 467.8, "assumed_speed_kmh": 35.0, "travel_time_min": 0.8019, "is_vehicular": true, "is_arterial": true }, "geometry": { "type": "LineString", "coordinates": [ [ 79.4687612, 30.8528978 ], [ 79.4686464, 30.8530464 ], [ 79.4685693, 30.8531229 ], [ 79.468504700000011, 30.8533006 ], [ 79.468504700000011, 30.8536763 ], [ 79.4684421, 30.854052 ], [ 79.4682903, 30.8545159 ], [ 79.4681429, 30.8549031 ], [ 79.4681429, 30.8550642 ], [ 79.4681742, 30.8556354 ], [ 79.468134, 30.8558616 ], [ 79.4679866, 30.8561529 ], [ 79.467866, 30.8564635 ], [ 79.4678482, 30.8565286 ], [ 79.4679107, 30.8565747 ], [ 79.4679821, 30.8565785 ], [ 79.4683232, 30.8565095 ] ] } },
{ "type": "Feature", "properties": { "osm_id": 227205654, "highway": "trunk", "name": null, "name_en": null, "ref": "NH7", "surface": "unknown", "maxspeed": null, "oneway": "no", "access": "yes", "motor_vehicle": null, "bridge": "yes", "tunnel": "no", "smoothness": null, "tracktype": null, "lanes": null, "layer": "0", "length_m": 29.96, "assumed_speed_kmh": 35.0, "travel_time_min": 0.0514, "is_vehicular": true, "is_arterial": true }, "geometry": { "type": "LineString", "coordinates": [ [ 79.4683232, 30.8565095 ], [ 79.4686346, 30.8564801 ] ] } },
{ "type": "Feature", "properties": { "osm_id": 227205655, "highway": "trunk", "name": null, "name_en": null, "ref": "NH7", "surface": "unknown", "maxspeed": null, "oneway": "no", "access": "yes", "motor_vehicle": null, "bridge": "no", "tunnel": "no", "smoothness": null, "tracktype": null, "lanes": null, "layer": "0", "length_m": 2460.41, "assumed_speed_kmh": 35.0, "travel_time_min": 4.2178, "is_vehicular": true, "is_arterial": true }, "geometry": { "type": "LineString", "coordinates": [ [ 79.4686346, 30.8564801 ], [ 79.4688078, 30.8564664 ], [ 79.4688441, 30.856463499999986 ], [ 79.469054, 30.856544 ], [ 79.4693085, 30.8568047 ], [ 79.4695184, 30.8570117 ], [ 79.4696345, 30.8572456 ], [ 79.469732800000017, 30.857517699999985 ], [ 79.4697551, 30.857851300000011 ], [ 79.469773, 30.858365 ], [ 79.469773, 30.8586027 ], [ 79.469692600000016, 30.8588749 ], [ 79.4695184, 30.8591624 ], [ 79.4693934, 30.8593924 ], [ 79.4693353, 30.8596109 ], [ 79.4692996, 30.8597413 ], [ 79.4694068, 30.8600863 ], [ 79.4695318, 30.8604198 ], [ 79.4695988, 30.8606 ], [ 79.469737200000012, 30.8607227 ], [ 79.4698757, 30.860856800000011 ], [ 79.4700409, 30.8611175 ], [ 79.4700543, 30.861267 ], [ 79.470099, 30.8615814 ], [ 79.4702151, 30.8622714 ], [ 79.4703223, 30.8628733 ], [ 79.4703446, 30.8630611 ], [ 79.4702865, 30.8634789 ], [ 79.4702597, 30.863866099999989 ], [ 79.4701615, 30.864092299999985 ], [ 79.4699471, 30.8643031 ], [ 79.4696434, 30.8646213 ], [ 79.4693398, 30.8649088 ], [ 79.4691835, 30.8652577 ], [ 79.4690361, 30.8656755 ], [ 79.468951200000021, 30.8659783 ], [ 79.4688575, 30.8661585 ], [ 79.4685404, 30.8666875 ], [ 79.468393, 30.867013300000011 ], [ 79.4682412, 30.8672625 ], [ 79.4681563, 30.8675155 ], [ 79.4681385, 30.8677953 ], [ 79.4680715, 30.8682323 ], [ 79.4680536, 30.86847 ], [ 79.4681161, 30.8686655 ], [ 79.468134, 30.8688533 ], [ 79.4681385, 30.869048800000012 ], [ 79.4683305, 30.8697234 ], [ 79.4684689, 30.8703367 ], [ 79.4685448, 30.8704824 ], [ 79.4687592, 30.8707354 ], [ 79.4688396, 30.8708657 ], [ 79.4688932, 30.8710995 ], [ 79.4688932, 30.8713832 ], [ 79.468853, 30.871594 ], [ 79.4688039, 30.8717818 ], [ 79.4688128, 30.8719773 ], [ 79.4689244, 30.8721 ], [ 79.4691567, 30.8722112 ], [ 79.4692237, 30.87233 ], [ 79.469219200000012, 30.8725216 ], [ 79.4692237, 30.87279 ], [ 79.4691924, 30.8731426 ], [ 79.469219200000012, 30.8732959 ], [ 79.4693353, 30.8734454 ], [ 79.4693889, 30.8736064 ], [ 79.4694157, 30.8738862 ], [ 79.4694648, 30.8739935 ], [ 79.469737200000012, 30.8741928 ], [ 79.4697953, 30.874304 ], [ 79.4697283, 30.8744727 ], [ 79.4697104, 30.8747256 ], [ 79.469706, 30.875078299999984 ], [ 79.4696568, 30.8754156 ], [ 79.4697149, 30.8758947 ], [ 79.4697149, 30.876232 ], [ 79.4696747, 30.876377599999987 ], [ 79.4696077, 30.8764811 ], [ 79.4694514, 30.8765195 ], [ 79.4692683, 30.8765655 ], [ 79.4691486, 30.8766324 ] ] } },
{ "type": "Feature", "properties": { "osm_id": 227343454, "highway": "trunk", "name": null, "name_en": null, "ref": "NH7", "surface": "unknown", "maxspeed": "50", "oneway": "no", "access": "yes", "motor_vehicle": null, "bridge": "no", "tunnel": "no", "smoothness": null, "tracktype": null, "lanes": "2", "layer": "0", "length_m": 2248.51, "assumed_speed_kmh": 35.0, "travel_time_min": 3.8546, "is_vehicular": true, "is_arterial": true }, "geometry": { "type": "LineString", "coordinates": [ [ 79.4996662, 30.7632634 ], [ 79.4997228, 30.7632636 ], [ 79.4997586, 30.7632554 ], [ 79.4998319, 30.7631973 ], [ 79.5000083, 30.7629177 ], [ 79.50016, 30.76276 ], [ 79.5002387, 30.7625456 ], [ 79.500353, 30.762047 ], [ 79.5003745, 30.7619702 ], [ 79.5004404, 30.7619314 ], [ 79.5004983, 30.7619434 ], [ 79.5005306, 30.7619796 ], [ 79.5005443, 30.7620381 ], [ 79.500498, 30.7622585 ], [ 79.5005361, 30.7626536 ], [ 79.5006314, 30.7632256 ], [ 79.5005936, 30.7635395 ], [ 79.5004997, 30.7638975 ], [ 79.5002375, 30.7645864 ], [ 79.5001597, 30.764712699999986 ], [ 79.5001119, 30.7648463 ], [ 79.5000914, 30.7649831 ], [ 79.5001059, 30.7653799 ], [ 79.5001977, 30.7656165 ], [ 79.500191, 30.7658649 ], [ 79.5002288, 30.7660708 ], [ 79.500233, 30.7661539 ], [ 79.5002026, 30.7663107 ], [ 79.5002246, 30.7663797 ], [ 79.500274, 30.76646 ], [ 79.5003465, 30.7665223 ], [ 79.5005242, 30.7666697 ], [ 79.5005876, 30.7667607 ], [ 79.5006092, 30.7668062 ], [ 79.500614, 30.7668569 ], [ 79.5005963, 30.7669134 ], [ 79.5004298, 30.7670783 ], [ 79.5001693, 30.7672993 ], [ 79.4998375, 30.7675775 ], [ 79.4996886, 30.7676529 ], [ 79.4995394, 30.7676746 ], [ 79.4992829, 30.7676764 ], [ 79.499216, 30.7676879 ], [ 79.4989445, 30.767894899999988 ], [ 79.4986649, 30.7682144 ], [ 79.4986377, 30.768276 ], [ 79.4986247, 30.7683211 ], [ 79.4986356, 30.7683595 ], [ 79.4986759, 30.7683835 ], [ 79.4987191, 30.76837 ], [ 79.4987495, 30.7683338 ], [ 79.4988072, 30.7682462 ], [ 79.4990139, 30.768014099999988 ], [ 79.49914, 30.7678805 ], [ 79.4992636, 30.7677981 ], [ 79.4993145, 30.7677909 ], [ 79.499371200000013, 30.7677938 ], [ 79.4995778, 30.7678514 ], [ 79.4997475, 30.7678636 ], [ 79.4998894, 30.7678611 ], [ 79.4999401, 30.7678741 ], [ 79.4999871, 30.7678985 ], [ 79.499998100000013, 30.7679375 ], [ 79.4999923, 30.7679736 ], [ 79.4999558, 30.7679947 ], [ 79.4999106, 30.767996599999989 ], [ 79.4994174, 30.767946500000011 ], [ 79.4993124, 30.7679816 ], [ 79.4991569, 30.7681393 ], [ 79.4989548, 30.7683504 ], [ 79.4988731, 30.7684927 ], [ 79.4988759, 30.768786 ], [ 79.4987344, 30.7690706 ], [ 79.4986437, 30.7691595 ], [ 79.4985725, 30.769365 ], [ 79.498422, 30.7695297 ], [ 79.4982105, 30.7699286 ], [ 79.4977787, 30.7704275 ], [ 79.497427, 30.7711439 ], [ 79.4969773, 30.7718767 ], [ 79.4968384, 30.7720867 ], [ 79.4967459, 30.7724984 ], [ 79.4964647, 30.773355299999984 ], [ 79.496181, 30.7738778 ], [ 79.49612, 30.77423 ], [ 79.49581, 30.77486 ], [ 79.4957451, 30.7750484 ], [ 79.4956843, 30.7751562 ], [ 79.4956121, 30.7752497 ], [ 79.495319, 30.7754502 ], [ 79.4951335, 30.775536 ], [ 79.4948222, 30.77559 ], [ 79.4947731, 30.7756261 ], [ 79.4947504, 30.775681 ] ] } },
{ "type": "Feature", "properties": { "osm_id": 227343455, "highway": "trunk", "name": null, "name_en": null, "ref": "NH7", "surface": "unknown", "maxspeed": "50", "oneway": "no", "access": "yes", "motor_vehicle": null, "bridge": "yes", "tunnel": "no", "smoothness": null, "tracktype": null, "lanes": "2", "layer": "1", "length_m": 25.05, "assumed_speed_kmh": 35.0, "travel_time_min": 0.0429, "is_vehicular": true, "is_arterial": true }, "geometry": { "type": "LineString", "coordinates": [ [ 79.4985781, 30.7524729 ], [ 79.4986572, 30.7526883 ] ] } },
{ "type": "Feature", "properties": { "osm_id": 228093709, "highway": "trunk", "name": "Karanprayag Bridge", "name_en": null, "ref": "NH7", "surface": "unknown", "maxspeed": "50", "oneway": "no", "access": "yes", "motor_vehicle": null, "bridge": "yes", "tunnel": "no", "smoothness": null, "tracktype": null, "lanes": "2", "layer": "1", "length_m": 93.41, "assumed_speed_kmh": 35.0, "travel_time_min": 0.1601, "is_vehicular": true, "is_arterial": true }, "geometry": { "type": "LineString", "coordinates": [ [ 79.2166407, 30.2624653 ], [ 79.2156857, 30.2623145 ] ] } },
{ "type": "Feature", "properties": { "osm_id": 228093713, "highway": "trunk", "name": null, "name_en": null, "ref": "NH7", "surface": "unknown", "maxspeed": "50", "oneway": "no", "access": "yes", "motor_vehicle": null, "bridge": "no", "tunnel": "no", "smoothness": null, "tracktype": null, "lanes": "2", "layer": "0", "length_m": 831.98, "assumed_speed_kmh": 35.0, "travel_time_min": 1.4263, "is_vehicular": true, "is_arterial": true }, "geometry": { "type": "LineString", "coordinates": [ [ 79.2156857, 30.2623145 ], [ 79.2155975, 30.2623003 ], [ 79.2155064, 30.2623077 ], [ 79.2154187, 30.2623387 ], [ 79.2153517, 30.2624306 ], [ 79.2151689, 30.2628334 ], [ 79.2150615, 30.2630237 ], [ 79.214922, 30.2633063 ], [ 79.2147779, 30.263578 ], [ 79.21465, 30.263688299999984 ], [ 79.214461, 30.26381 ], [ 79.2140757, 30.2640259 ], [ 79.2139852, 30.2640597 ], [ 79.2135877, 30.2641387 ], [ 79.2130753, 30.2643296 ], [ 79.2128769, 30.2644409 ], [ 79.2126731, 30.264538 ], [ 79.2123218, 30.2647988 ], [ 79.2121667, 30.2649936 ], [ 79.2120208, 30.2651779 ], [ 79.211844, 30.265335 ], [ 79.2116493, 30.2654561 ], [ 79.2112862, 30.2656651 ], [ 79.2107122, 30.2659574 ], [ 79.2103928, 30.266082300000011 ], [ 79.2101967, 30.2661885 ], [ 79.209918200000018, 30.2663703 ], [ 79.2097772, 30.2664926 ], [ 79.2096793, 30.2665416 ], [ 79.2095173, 30.2666599 ], [ 79.2093679, 30.2667242 ], [ 79.2092527, 30.2667145 ], [ 79.2091798, 30.266705 ] ] } },
{ "type": "Feature", "properties": { "osm_id": 228157400, "highway": "primary", "name": null, "name_en": null, "ref": "SH 34", "surface": "unknown", "maxspeed": null, "oneway": "no", "access": "yes", "motor_vehicle": null, "bridge": "no", "tunnel": "no", "smoothness": null, "tracktype": null, "lanes": null, "layer": "0", "length_m": 1193.73, "assumed_speed_kmh": 30.0, "travel_time_min": 2.3875, "is_vehicular": true, "is_arterial": true }, "geometry": { "type": "LineString", "coordinates": [ [ 79.3100186, 30.4071505 ], [ 79.3099464, 30.4072172 ], [ 79.3096208, 30.4075358 ], [ 79.3095195, 30.4076566 ], [ 79.3094283, 30.4077908 ], [ 79.309369300000014, 30.4079018 ], [ 79.3093532, 30.4080198 ], [ 79.309364, 30.4081123 ], [ 79.3094104, 30.4082124 ], [ 79.309731, 30.4088476 ], [ 79.309895, 30.409336 ], [ 79.3099433, 30.4094078 ], [ 79.3099895, 30.4094712 ], [ 79.310466, 30.4097797 ], [ 79.310528, 30.4098334 ], [ 79.3106675, 30.4100601 ], [ 79.31069380000001, 30.4101424 ], [ 79.3107212, 30.4104926 ], [ 79.3107637, 30.410569500000012 ], [ 79.311066, 30.4108771 ], [ 79.3111315, 30.4109692 ], [ 79.3111503, 30.4110733 ], [ 79.3111449, 30.4111982 ], [ 79.3110993, 30.411320799999984 ], [ 79.3110356, 30.411476 ], [ 79.3105618, 30.4122559 ], [ 79.3105482, 30.4123062 ], [ 79.3105701, 30.4123544 ], [ 79.3106174, 30.412396799999989 ], [ 79.3108037, 30.4125317 ], [ 79.3108957, 30.4126353 ], [ 79.3109583, 30.4127274 ], [ 79.3109679, 30.4128081 ], [ 79.3109545, 30.4128856 ], [ 79.3109248, 30.4129454 ], [ 79.310367, 30.4133308 ], [ 79.3101766, 30.4134361 ], [ 79.310074, 30.4134591 ], [ 79.3099301, 30.4134591 ], [ 79.3098117, 30.4134615 ], [ 79.3096912, 30.4134812 ], [ 79.3095611, 30.413542 ], [ 79.309395, 30.4136541 ], [ 79.3093293, 30.4137304 ], [ 79.309262, 30.4137889 ], [ 79.309135, 30.4138745 ], [ 79.3090555, 30.4139392 ], [ 79.3090192, 30.4140144 ], [ 79.3090059, 30.4141197 ], [ 79.3090054, 30.414237 ], [ 79.3089487, 30.4143818 ], [ 79.3088616, 30.4145059 ], [ 79.3086988, 30.4147095 ], [ 79.3086827, 30.4147344 ], [ 79.3086791, 30.4147622 ], [ 79.3086869, 30.4147869 ], [ 79.3089201, 30.415030500000011 ], [ 79.3091239, 30.4153554 ], [ 79.3091775, 30.4155029 ], [ 79.3092056, 30.4155867 ], [ 79.3092258, 30.415663100000014 ], [ 79.3092319, 30.4157359 ], [ 79.3092312, 30.4157456 ], [ 79.3092264, 30.415753 ], [ 79.3091942, 30.4157623 ] ] } },
{ "type": "Feature", "properties": { "osm_id": 228157404, "highway": "primary", "name": null, "name_en": null, "ref": null, "surface": "unknown", "maxspeed": null, "oneway": "no", "access": "yes", "motor_vehicle": null, "bridge": "yes", "tunnel": "no", "smoothness": null, "tracktype": null, "lanes": null, "layer": "1", "length_m": 48.56, "assumed_speed_kmh": 30.0, "travel_time_min": 0.0971, "is_vehicular": true, "is_arterial": true }, "geometry": { "type": "LineString", "coordinates": [ [ 79.3091942, 30.4157623 ], [ 79.3087023, 30.4158632 ] ] } },
{ "type": "Feature", "properties": { "osm_id": 228920861, "highway": "trunk", "name": null, "name_en": null, "ref": "NH7", "surface": "unknown", "maxspeed": "50", "oneway": "no", "access": "yes", "motor_vehicle": null, "bridge": "yes", "tunnel": "no", "smoothness": null, "tracktype": null, "lanes": "2", "layer": "1", "length_m": 56.32, "assumed_speed_kmh": 35.0, "travel_time_min": 0.0965, "is_vehicular": true, "is_arterial": true }, "geometry": { "type": "LineString", "coordinates": [ [ 79.1649458, 30.2705916 ], [ 79.1645681, 30.2709797 ] ] } },
{ "type": "Feature", "properties": { "osm_id": 228920870, "highway": "trunk", "name": null, "name_en": null, "ref": "NH7", "surface": "unknown", "maxspeed": "50", "oneway": "no", "access": "yes", "motor_vehicle": null, "bridge": "yes", "tunnel": "no", "smoothness": null, "tracktype": null, "lanes": "2", "layer": "1", "length_m": 44.51, "assumed_speed_kmh": 35.0, "travel_time_min": 0.0763, "is_vehicular": true, "is_arterial": true }, "geometry": { "type": "LineString", "coordinates": [ [ 79.1506946, 30.2883533 ], [ 79.150232, 30.2883472 ] ] } },
{ "type": "Feature", "properties": { "osm_id": 228920883, "highway": "trunk", "name": null, "name_en": null, "ref": "NH7", "surface": "unknown", "maxspeed": "50", "oneway": "no", "access": "yes", "motor_vehicle": null, "bridge": "no", "tunnel": "no", "smoothness": null, "tracktype": null, "lanes": "2", "layer": "0", "length_m": 1623.54, "assumed_speed_kmh": 35.0, "travel_time_min": 2.7832, "is_vehicular": true, "is_arterial": true }, "geometry": { "type": "LineString", "coordinates": [ [ 79.150232, 30.2883472 ], [ 79.150097, 30.288366 ], [ 79.149961800000014, 30.2884107 ], [ 79.1498072, 30.288488899999987 ], [ 79.1496298, 30.2886305 ], [ 79.1495112, 30.28872 ], [ 79.149406, 30.2887538 ], [ 79.1493271, 30.2887586 ], [ 79.149219200000019, 30.2887232 ], [ 79.1489322, 30.2885981 ], [ 79.1487595, 30.2884187 ], [ 79.1485805, 30.288233 ], [ 79.1484055, 30.288097 ], [ 79.1481691, 30.2879511 ], [ 79.1478176, 30.2879023 ], [ 79.1475228, 30.2879419 ], [ 79.1473612, 30.2880033 ], [ 79.147186, 30.2881298 ], [ 79.1469232, 30.2882685 ], [ 79.1467619, 30.288331 ], [ 79.1466611, 30.2883481 ], [ 79.14651, 30.2883447 ], [ 79.146278400000014, 30.2882566 ], [ 79.1462088, 30.2881917 ], [ 79.1461628, 30.2880947 ], [ 79.1461601, 30.2879628 ], [ 79.1461991, 30.2878073 ], [ 79.146241, 30.2876618 ], [ 79.1462216, 30.2874574 ], [ 79.1461531, 30.2870967 ], [ 79.1460667, 30.2869158 ], [ 79.1458825, 30.2866467 ], [ 79.1457036, 30.2865311 ], [ 79.1456179, 30.2864863 ], [ 79.1454761, 30.2863427 ], [ 79.145275, 30.286181 ], [ 79.145008, 30.2860905 ], [ 79.1447188, 30.286024 ], [ 79.1443013, 30.2859199 ], [ 79.1440679, 30.2858836 ], [ 79.1438021, 30.2858166 ], [ 79.1433392, 30.2857205 ], [ 79.143047900000013, 30.2856127 ], [ 79.1427849, 30.285515 ], [ 79.1420738, 30.2853408 ], [ 79.1413872, 30.2851187 ], [ 79.1408751, 30.2850141 ], [ 79.1402351, 30.2847482 ], [ 79.1393961, 30.2845707 ], [ 79.1385171, 30.2844352 ], [ 79.1380313, 30.2842461 ], [ 79.1377203, 30.2840648 ], [ 79.1374287, 30.2839767 ], [ 79.1368556, 30.2838618 ], [ 79.1365758, 30.2838089 ], [ 79.1364139, 30.283794399999987 ], [ 79.1362743, 30.2838325 ] ] } },
{ "type": "Feature", "properties": { "osm_id": 229030335, "highway": "trunk", "name": null, "name_en": null, "ref": "NH7", "surface": "unknown", "maxspeed": "50", "oneway": "no", "access": "yes", "motor_vehicle": null, "bridge": "yes", "tunnel": "no", "smoothness": null, "tracktype": null, "lanes": "2", "layer": "1", "length_m": 39.8, "assumed_speed_kmh": 35.0, "travel_time_min": 0.0682, "is_vehicular": true, "is_arterial": true }, "geometry": { "type": "LineString", "coordinates": [ [ 79.0914912, 30.2970277 ], [ 79.0910787, 30.2970003 ] ] } },
{ "type": "Feature", "properties": { "osm_id": 229030339, "highway": "trunk", "name": null, "name_en": null, "ref": "NH7", "surface": "unknown", "maxspeed": "50", "oneway": "no", "access": "yes", "motor_vehicle": null, "bridge": "no", "tunnel": "no", "smoothness": null, "tracktype": null, "lanes": "2", "layer": "0", "length_m": 607.54, "assumed_speed_kmh": 35.0, "travel_time_min": 1.0415, "is_vehicular": true, "is_arterial": true }, "geometry": { "type": "LineString", "coordinates": [ [ 79.02608960000002, 30.301228 ], [ 79.0257834, 30.3010808 ], [ 79.0255987, 30.3009951 ], [ 79.025401200000019, 30.3008839 ], [ 79.0251134, 30.3007679 ], [ 79.0244851, 30.3005735 ], [ 79.0242951, 30.3004835 ], [ 79.0241551, 30.3003635 ], [ 79.0241151, 30.3000035 ], [ 79.0240251, 30.2998935 ], [ 79.0231051, 30.2994135 ], [ 79.022515100000021, 30.2992835 ], [ 79.0223399, 30.299243 ], [ 79.022049, 30.2991629 ], [ 79.0214845, 30.2989897 ], [ 79.0208353, 30.2986096 ] ] } },
{ "type": "Feature", "properties": { "osm_id": 229030343, "highway": "trunk", "name": null, "name_en": null, "ref": "NH7", "surface": "unknown", "maxspeed": "50", "oneway": "no", "access": "yes", "motor_vehicle": null, "bridge": "no", "tunnel": "no", "smoothness": null, "tracktype": null, "lanes": "2", "layer": "0", "length_m": 201.76, "assumed_speed_kmh": 35.0, "travel_time_min": 0.3459, "is_vehicular": true, "is_arterial": true }, "geometry": { "type": "LineString", "coordinates": [ [ 79.0910787, 30.2970003 ], [ 79.0908279, 30.2969971 ], [ 79.0906614, 30.2969212 ], [ 79.0905029, 30.2967803 ], [ 79.0903099, 30.2966995 ], [ 79.0901697, 30.2967137 ], [ 79.0900996, 30.2967295 ], [ 79.0899344, 30.296766799999986 ], [ 79.0893118, 30.2968715 ], [ 79.089113, 30.2968717 ] ] } },
{ "type": "Feature", "properties": { "osm_id": 229031235, "highway": "trunk", "name": null, "name_en": null, "ref": "NH109", "surface": "unknown", "maxspeed": "50", "oneway": "no", "access": "yes", "motor_vehicle": null, "bridge": "no", "tunnel": "no", "smoothness": null, "tracktype": null, "lanes": "2", "layer": "0", "length_m": 1980.82, "assumed_speed_kmh": 35.0, "travel_time_min": 3.3957, "is_vehicular": true, "is_arterial": true }, "geometry": { "type": "LineString", "coordinates": [ [ 79.2187649, 30.253195899999987 ], [ 79.2187058, 30.2532824 ], [ 79.2187274, 30.2533664 ], [ 79.218852, 30.2535295 ], [ 79.2189114, 30.2537065 ], [ 79.2189677, 30.2539044 ], [ 79.2189745, 30.2541021 ], [ 79.2188923, 30.2543366 ], [ 79.2188038, 30.2546547 ], [ 79.2186482, 30.2549875 ], [ 79.2184227, 30.2552791 ], [ 79.21801, 30.25594 ], [ 79.21786, 30.25604 ], [ 79.21784, 30.25613 ], [ 79.21794, 30.25639 ], [ 79.21792, 30.2565 ], [ 79.21783, 30.25655 ], [ 79.21747, 30.25659 ], [ 79.21746, 30.25671 ], [ 79.21757, 30.25698 ], [ 79.21751, 30.25712 ], [ 79.21732, 30.2572 ], [ 79.2169683, 30.2572238 ], [ 79.2168537, 30.2572146 ], [ 79.2166968, 30.2572102 ], [ 79.2166112, 30.2572699 ], [ 79.216625, 30.257336 ], [ 79.2166784, 30.2574189 ], [ 79.2167507, 30.2574779 ], [ 79.2169001, 30.2575945 ], [ 79.217044700000017, 30.257714399999987 ], [ 79.2171392, 30.2578289 ], [ 79.2171479, 30.2579592 ], [ 79.21705, 30.2581325 ], [ 79.21681, 30.25837 ], [ 79.2167766, 30.2587955 ], [ 79.2166158, 30.2592313 ], [ 79.2163761, 30.2597201 ], [ 79.2161426, 30.260034799999989 ], [ 79.2159644, 30.2602759 ], [ 79.2158417, 30.2603617 ], [ 79.215700900000016, 30.2603951 ], [ 79.2155432, 30.2605316 ], [ 79.2151613, 30.2608677 ], [ 79.2149838, 30.2610798 ], [ 79.2148315, 30.2613609 ], [ 79.2147683, 30.2615012 ], [ 79.2146642, 30.2616366 ], [ 79.2145816, 30.2618304 ], [ 79.2144927, 30.2621644 ], [ 79.214394, 30.262342 ], [ 79.2142643, 30.2625049 ], [ 79.2142324, 30.2626532 ], [ 79.2141934, 30.2627682 ], [ 79.2139549, 30.2629978 ], [ 79.2137328, 30.2631648 ], [ 79.2135777, 30.2632569 ], [ 79.2133363, 30.2634723 ], [ 79.2131662, 30.2636325 ], [ 79.2130393, 30.2637419 ], [ 79.2127624, 30.2639178 ], [ 79.2126227, 30.2640188 ], [ 79.2124423, 30.2640507 ], [ 79.212317, 30.2640919 ], [ 79.2122339, 30.2642239 ], [ 79.2120614, 30.2644672 ], [ 79.2118585, 30.2645684 ], [ 79.21164, 30.26473 ], [ 79.2114673, 30.264875099999987 ], [ 79.2113206, 30.2650992 ], [ 79.2112232, 30.2652106 ], [ 79.2109819, 30.2653637 ], [ 79.21071790000002, 30.2655744 ], [ 79.2102843, 30.2658443 ], [ 79.21014, 30.2659638 ], [ 79.2099139, 30.2661418 ], [ 79.2096977, 30.2663473 ], [ 79.2095291, 30.2664902 ], [ 79.2093921, 30.2665662 ], [ 79.2092479, 30.2666404 ], [ 79.2091798, 30.266705 ] ] } },
{ "type": "Feature", "properties": { "osm_id": 229031249, "highway": "trunk", "name": null, "name_en": null, "ref": "NH109", "surface": "unknown", "maxspeed": "50", "oneway": "no", "access": "yes", "motor_vehicle": null, "bridge": "no", "tunnel": "no", "smoothness": null, "tracktype": null, "lanes": "2", "layer": "0", "length_m": 1030.3, "assumed_speed_kmh": 35.0, "travel_time_min": 1.7662, "is_vehicular": true, "is_arterial": true }, "geometry": { "type": "LineString", "coordinates": [ [ 79.2546703, 30.2226337 ], [ 79.2546148, 30.222662 ], [ 79.2545888, 30.2226985 ], [ 79.2545998, 30.2227361 ], [ 79.2546753, 30.2228393 ], [ 79.2548115, 30.2230567 ], [ 79.2548706, 30.2232226 ], [ 79.2548672, 30.2234701 ], [ 79.2549919, 30.2238103 ], [ 79.2551107, 30.2241804 ], [ 79.2552147, 30.2244235 ], [ 79.255557, 30.2249063 ], [ 79.2559477, 30.2253125 ], [ 79.2561517, 30.2255523 ], [ 79.2562441, 30.225721 ], [ 79.2563242, 30.2259624 ], [ 79.2563496, 30.226152 ], [ 79.256317, 30.2263814 ], [ 79.2562527, 30.2266284 ], [ 79.2549758, 30.2285562 ], [ 79.2548044, 30.228846 ], [ 79.2548061, 30.2291005 ], [ 79.2548939, 30.229513 ], [ 79.2550961, 30.2297078 ], [ 79.2552596, 30.2298748 ], [ 79.2553264, 30.2299542 ], [ 79.2553798, 30.2299678 ], [ 79.2555216, 30.2299101 ], [ 79.2557369, 30.2297877 ], [ 79.2558759, 30.2297206 ], [ 79.2560142, 30.2297083 ], [ 79.2562248, 30.2297971 ], [ 79.2563192, 30.2298471 ], [ 79.2563733, 30.2299219 ] ] } },
{ "type": "Feature", "properties": { "osm_id": 229031252, "highway": "trunk", "name": null, "name_en": null, "ref": "NH109", "surface": "unknown", "maxspeed": "50", "oneway": "no", "access": "yes", "motor_vehicle": null, "bridge": "yes", "tunnel": "no", "smoothness": null, "tracktype": null, "lanes": "2", "layer": "1", "length_m": 50.38, "assumed_speed_kmh": 35.0, "travel_time_min": 0.0864, "is_vehicular": true, "is_arterial": true }, "geometry": { "type": "LineString", "coordinates": [ [ 79.2551486, 30.2224493 ], [ 79.2546703, 30.2226337 ] ] } },
{ "type": "Feature", "properties": { "osm_id": 229031256, "highway": "trunk", "name": null, "name_en": null, "ref": "NH109", "surface": "unknown", "maxspeed": "50", "oneway": "no", "access": "yes", "motor_vehicle": null, "bridge": "yes", "tunnel": "no", "smoothness": null, "tracktype": null, "lanes": "2", "layer": "1", "length_m": 25.21, "assumed_speed_kmh": 35.0, "travel_time_min": 0.0432, "is_vehicular": true, "is_arterial": true }, "geometry": { "type": "LineString", "coordinates": [ [ 79.2189347, 30.2530227 ], [ 79.2187649, 30.253195899999987 ] ] } },
{ "type": "Feature", "properties": { "osm_id": 229336900, "highway": "trunk", "name": null, "name_en": null, "ref": "NH107", "surface": "unknown", "maxspeed": "50", "oneway": "no", "access": "yes", "motor_vehicle": null, "bridge": "no", "tunnel": "no", "smoothness": null, "tracktype": null, "lanes": "2", "layer": "0", "length_m": 5789.56, "assumed_speed_kmh": 35.0, "travel_time_min": 9.925, "is_vehicular": true, "is_arterial": true }, "geometry": { "type": "LineString", "coordinates": [ [ 79.0693159, 30.4253088 ], [ 79.068546, 30.4257309 ], [ 79.0684505, 30.4261657 ], [ 79.0686501, 30.4270206 ], [ 79.0690149, 30.4279586 ], [ 79.0690723, 30.42913 ], [ 79.0692552, 30.4300614 ], [ 79.0701049, 30.4307857 ], [ 79.0705266, 30.431552599999989 ], [ 79.0707154, 30.4322705 ], [ 79.0710501, 30.4333482 ], [ 79.07195, 30.43373 ], [ 79.07247, 30.43491 ], [ 79.0731174, 30.4369032 ], [ 79.0731683, 30.4370599 ], [ 79.0738709, 30.4387316 ], [ 79.0741641, 30.439616 ], [ 79.0745024, 30.4402891 ], [ 79.0749038, 30.440980099999987 ], [ 79.0749963, 30.441835 ], [ 79.0751885, 30.4421939 ], [ 79.0754013, 30.4425914 ], [ 79.0753401, 30.4432829 ], [ 79.0755155, 30.4438297 ], [ 79.0754543, 30.4447917 ], [ 79.0750552, 30.4462631 ], [ 79.07486, 30.44725 ], [ 79.07502, 30.44766 ], [ 79.07536, 30.44823 ], [ 79.07578, 30.44871 ], [ 79.0762973, 30.4493233 ], [ 79.0764017, 30.4497165 ], [ 79.0763768, 30.4501686 ], [ 79.0763505, 30.4506474 ], [ 79.0762658, 30.4510592 ], [ 79.0760378, 30.4512853 ], [ 79.0756496, 30.4516477 ], [ 79.07523, 30.4518616 ], [ 79.0750682, 30.4520423 ], [ 79.0747043, 30.4523239 ], [ 79.07427, 30.45266 ], [ 79.0738, 30.45297 ], [ 79.07374, 30.45305 ], [ 79.07371, 30.45327 ], [ 79.07394, 30.45397 ], [ 79.07418, 30.45425 ], [ 79.0743124, 30.4543275 ], [ 79.074487800000014, 30.4544331 ], [ 79.0747922, 30.4545892 ], [ 79.0756094, 30.4547872 ], [ 79.0759629, 30.4549641 ], [ 79.0764722, 30.4551171 ], [ 79.07674, 30.45533 ], [ 79.076979, 30.45565 ], [ 79.0771373, 30.4561515 ], [ 79.0770748, 30.4565109 ], [ 79.0769648, 30.4574146 ], [ 79.0770202, 30.4577685 ], [ 79.0769988, 30.4582045 ], [ 79.0769314, 30.4585779 ], [ 79.0765468, 30.4589699 ], [ 79.0764563, 30.4591323 ], [ 79.0764544, 30.45933 ], [ 79.0764297, 30.45949 ], [ 79.0763609, 30.4596655 ], [ 79.0762724, 30.4599147 ], [ 79.0762227, 30.4604424 ], [ 79.0763029, 30.4609375 ], [ 79.0764636, 30.461336 ], [ 79.0765911, 30.461876 ], [ 79.0766127, 30.462486 ], [ 79.0765643, 30.4627961 ], [ 79.07661, 30.463 ], [ 79.0766657, 30.4630355 ], [ 79.0767293, 30.463076 ], [ 79.076921, 30.4631013 ], [ 79.0770959, 30.4630347 ], [ 79.077218800000011, 30.4629903 ], [ 79.07731, 30.4629996 ], [ 79.0774046, 30.4630439 ], [ 79.0778068, 30.4635028 ], [ 79.0779093, 30.4636034 ], [ 79.0781602, 30.463781 ], [ 79.0782273, 30.4639128 ], [ 79.0782539, 30.4639939 ], [ 79.0781697, 30.4641746 ], [ 79.0783212, 30.4645692 ], [ 79.078187, 30.4649369 ], [ 79.07806, 30.4653 ], [ 79.0781007, 30.4654616 ], [ 79.07822, 30.46569 ], [ 79.0783449, 30.4658384 ], [ 79.0783507, 30.4659496 ], [ 79.0783238, 30.4659981 ], [ 79.078128, 30.4661253 ], [ 79.0780436, 30.466554699999985 ], [ 79.07807, 30.4667 ], [ 79.07815, 30.46676 ], [ 79.0787, 30.46683 ], [ 79.07885, 30.46691 ], [ 79.07925, 30.46732 ], [ 79.07995, 30.46752 ], [ 79.08053, 30.46748 ], [ 79.08116, 30.46754 ], [ 79.0816, 30.46744 ], [ 79.08185, 30.46743 ], [ 79.08206, 30.46749 ], [ 79.08217, 30.46761 ], [ 79.08223, 30.46799 ], [ 79.0823138, 30.4680987 ] ] } },
{ "type": "Feature", "properties": { "osm_id": 229336906, "highway": "trunk", "name": null, "name_en": null, "ref": "NH107", "surface": "unknown", "maxspeed": "50", "oneway": "no", "access": "yes", "motor_vehicle": null, "bridge": "yes", "tunnel": "no", "smoothness": null, "tracktype": null, "lanes": "2", "layer": "1", "length_m": 32.76, "assumed_speed_kmh": 35.0, "travel_time_min": 0.0562, "is_vehicular": true, "is_arterial": true }, "geometry": { "type": "LineString", "coordinates": [ [ 79.069303, 30.4250135 ], [ 79.0693159, 30.4253088 ] ] } },
{ "type": "Feature", "properties": { "osm_id": 231376775, "highway": "primary", "name": null, "name_en": null, "ref": null, "surface": "unknown", "maxspeed": null, "oneway": "no", "access": "yes", "motor_vehicle": null, "bridge": "yes", "tunnel": "no", "smoothness": null, "tracktype": null, "lanes": null, "layer": "0", "length_m": 34.14, "assumed_speed_kmh": 30.0, "travel_time_min": 0.0683, "is_vehicular": true, "is_arterial": true }, "geometry": { "type": "LineString", "coordinates": [ [ 79.1104708, 30.3674815 ], [ 79.110472300000012, 30.3675284 ], [ 79.1104512, 30.3675766 ], [ 79.1104104, 30.3676281 ], [ 79.1103577, 30.3676847 ], [ 79.1103108, 30.3677468 ] ] } },
{ "type": "Feature", "properties": { "osm_id": 238241184, "highway": "trunk", "name": null, "name_en": null, "ref": "NH7", "surface": "unknown", "maxspeed": "50", "oneway": "no", "access": "yes", "motor_vehicle": null, "bridge": "no", "tunnel": "no", "smoothness": null, "tracktype": null, "lanes": "2", "layer": "0", "length_m": 452.07, "assumed_speed_kmh": 35.0, "travel_time_min": 0.775, "is_vehicular": true, "is_arterial": true }, "geometry": { "type": "LineString", "coordinates": [ [ 79.318056, 30.3297782 ], [ 79.318336, 30.3295482 ], [ 79.319006, 30.3281382 ], [ 79.319236, 30.3277782 ], [ 79.319786, 30.3271782 ], [ 79.3198499, 30.327137 ], [ 79.320406, 30.3267782 ], [ 79.3206422, 30.3264948 ], [ 79.320656, 30.3264782 ] ] } },
{ "type": "Feature", "properties": { "osm_id": 238241185, "highway": "trunk", "name": null, "name_en": null, "ref": "NH7", "surface": "unknown", "maxspeed": "50", "oneway": "no", "access": "yes", "motor_vehicle": null, "bridge": "no", "tunnel": "no", "smoothness": null, "tracktype": null, "lanes": "2", "layer": "0", "length_m": 597.13, "assumed_speed_kmh": 35.0, "travel_time_min": 1.0237, "is_vehicular": true, "is_arterial": true }, "geometry": { "type": "LineString", "coordinates": [ [ 79.0208353, 30.2986096 ], [ 79.0199087, 30.298212 ], [ 79.0194287, 30.297912 ], [ 79.0191887, 30.297832 ], [ 79.018527, 30.2977464 ], [ 79.0177122, 30.2975186 ], [ 79.017486, 30.2974799 ], [ 79.0173344, 30.2975031 ], [ 79.0172087, 30.297542 ], [ 79.0163287, 30.297992 ], [ 79.0159387, 30.298142 ], [ 79.015758700000021, 30.298172 ], [ 79.0152687, 30.298032 ], [ 79.0151387, 30.298062 ] ] } },
{ "type": "Feature", "properties": { "osm_id": 238241186, "highway": "trunk", "name": null, "name_en": null, "ref": "NH7", "surface": "unknown", "maxspeed": "50", "oneway": "no", "access": "yes", "motor_vehicle": null, "bridge": "no", "tunnel": "no", "smoothness": null, "tracktype": null, "lanes": "2", "layer": "0", "length_m": 3781.48, "assumed_speed_kmh": 35.0, "travel_time_min": 6.4825, "is_vehicular": true, "is_arterial": true }, "geometry": { "type": "LineString", "coordinates": [ [ 79.4860163, 30.4877036 ], [ 79.4857079, 30.4882225 ], [ 79.4854698, 30.4882763 ], [ 79.4852364, 30.488311 ], [ 79.484918, 30.4884409 ], [ 79.4845887, 30.4885167 ], [ 79.48427430000001, 30.4886154 ], [ 79.4837652, 30.4888379 ], [ 79.4834334, 30.4889066 ], [ 79.483155, 30.4889339 ], [ 79.4829385, 30.4888962 ], [ 79.4828459, 30.4889206 ], [ 79.4828446, 30.489006 ], [ 79.4829372, 30.4890812 ], [ 79.4830753, 30.4890881 ], [ 79.4834991, 30.489053500000015 ], [ 79.4839242, 30.4890211 ], [ 79.4842608, 30.4889575 ], [ 79.4846095, 30.4888558 ], [ 79.4850454, 30.4887101 ], [ 79.4851774, 30.4886981 ], [ 79.485287400000018, 30.4887097 ], [ 79.4853472, 30.488783 ], [ 79.4853424, 30.488865699999987 ], [ 79.4852512, 30.4889235 ], [ 79.4850468, 30.488976 ], [ 79.4845988, 30.489124 ], [ 79.4840383, 30.4892892 ], [ 79.4838363, 30.4893534 ], [ 79.4836332, 30.4893678 ], [ 79.483102100000011, 30.4893654 ], [ 79.4828004, 30.489355100000012 ], [ 79.4825241, 30.4892949 ], [ 79.4823825, 30.4892309 ], [ 79.4822519, 30.489147 ], [ 79.4821358, 30.4890748 ], [ 79.4820137, 30.4890194 ], [ 79.4818944, 30.488994 ], [ 79.4817864, 30.4890069 ], [ 79.4816838, 30.4890945 ], [ 79.4816361, 30.4892134 ], [ 79.4815317, 30.4894117 ], [ 79.4814156, 30.489548700000011 ], [ 79.4812984, 30.4896567 ], [ 79.48116880000002, 30.4897659 ], [ 79.4811393, 30.4898387 ], [ 79.4811414, 30.4899202 ], [ 79.4812098, 30.4901028 ], [ 79.4811742, 30.4902721 ], [ 79.4811213, 30.4904182 ], [ 79.4810361, 30.4905645 ], [ 79.4808577, 30.4907771 ], [ 79.4808356, 30.4909047 ], [ 79.4809744, 30.4910348 ], [ 79.4812024, 30.4911377 ], [ 79.4813968, 30.4912486 ], [ 79.4815693, 30.491387899999989 ], [ 79.4818649, 30.4916797 ], [ 79.4822398, 30.4919067 ], [ 79.482581, 30.4919524 ], [ 79.4827803, 30.491998 ], [ 79.4834991, 30.4922245 ], [ 79.483619, 30.4922679 ], [ 79.483721, 30.492365 ], [ 79.4837397, 30.4924609 ], [ 79.4837371, 30.492588 ], [ 79.4836896, 30.4927977 ], [ 79.48366, 30.4932738 ], [ 79.4838282, 30.493514799999989 ], [ 79.4840249, 30.4937407 ], [ 79.4841394, 30.4938511 ], [ 79.4842011, 30.4940094 ], [ 79.4841858, 30.4944075 ], [ 79.484285600000021, 30.4946219 ], [ 79.4844848, 30.4948177 ], [ 79.4845551, 30.4949524 ], [ 79.484586, 30.495128 ], [ 79.4845752, 30.4953638 ], [ 79.4845176, 30.4954886 ], [ 79.4844969, 30.4955665 ], [ 79.4846592, 30.4961489 ], [ 79.4847651, 30.49684 ], [ 79.4847026, 30.4972682 ], [ 79.4846471, 30.4977667 ], [ 79.484708, 30.4980863 ], [ 79.4847061, 30.4983677 ], [ 79.484657, 30.4985277 ], [ 79.4846061, 30.4987034 ], [ 79.4846812, 30.4989183 ], [ 79.4848134, 30.499141900000012 ], [ 79.4851674, 30.4994932 ], [ 79.4853973, 30.4997179 ], [ 79.4855993, 30.4999854 ], [ 79.4857541, 30.5002518 ], [ 79.4858702, 30.5005401 ], [ 79.4859472, 30.5006632 ], [ 79.4860867, 30.500781 ], [ 79.4862436, 30.5009116 ], [ 79.4863261, 30.5010624 ], [ 79.4860633, 30.5017418 ], [ 79.486058, 30.5022872 ], [ 79.4857039, 30.5032763 ], [ 79.4853982, 30.5034889 ], [ 79.4852426, 30.503928 ], [ 79.485221100000018, 30.5041221 ], [ 79.4853196, 30.5042614 ], [ 79.4857844, 30.504764599999987 ], [ 79.486117, 30.5052152 ], [ 79.4864281, 30.5055873 ], [ 79.486986, 30.5057906 ], [ 79.4873293, 30.5059016 ], [ 79.4878443, 30.5065671 ], [ 79.4886168, 30.5067335 ], [ 79.4891318, 30.5067335 ], [ 79.4895609, 30.5070478 ], [ 79.4897755, 30.5076394 ], [ 79.4910066, 30.5080484 ], [ 79.4912051, 30.5081385 ], [ 79.4914948, 30.5082078 ] ] } },
{ "type": "Feature", "properties": { "osm_id": 238241187, "highway": "trunk", "name": null, "name_en": null, "ref": "NH7", "surface": "unknown", "maxspeed": "50", "oneway": "no", "access": "yes", "motor_vehicle": null, "bridge": "no", "tunnel": "no", "smoothness": null, "tracktype": null, "lanes": "2", "layer": "0", "length_m": 483.77, "assumed_speed_kmh": 35.0, "travel_time_min": 0.8293, "is_vehicular": true, "is_arterial": true }, "geometry": { "type": "LineString", "coordinates": [ [ 79.3125343, 30.3661222 ], [ 79.3123754, 30.366443 ], [ 79.3123554, 30.366713 ], [ 79.3121554, 30.367373 ], [ 79.3121454, 30.367533 ], [ 79.312255400000012, 30.368073 ], [ 79.3121354, 30.368433 ], [ 79.3122054, 30.368883 ], [ 79.3119954, 30.369263 ], [ 79.3119554, 30.369513 ], [ 79.3118654, 30.369653 ], [ 79.3113054, 30.369873 ], [ 79.3111754, 30.369983 ] ] } },
{ "type": "Feature", "properties": { "osm_id": 238241189, "highway": "trunk", "name": null, "name_en": null, "ref": "NH7", "surface": "unknown", "maxspeed": "50", "oneway": "no", "access": "yes", "motor_vehicle": null, "bridge": "no", "tunnel": "no", "smoothness": null, "tracktype": null, "lanes": "2", "layer": "0", "length_m": 458.04, "assumed_speed_kmh": 35.0, "travel_time_min": 0.7852, "is_vehicular": true, "is_arterial": true }, "geometry": { "type": "LineString", "coordinates": [ [ 79.3198099, 30.3539256 ], [ 79.3194599, 30.3542656 ], [ 79.3193099, 30.3548056 ], [ 79.3194999, 30.3550756 ], [ 79.3195099, 30.355245600000011 ], [ 79.3194399, 30.3553256 ], [ 79.3192399, 30.3553856 ], [ 79.3190899, 30.3555056 ], [ 79.3189599, 30.3557756 ], [ 79.3187999, 30.3558956 ], [ 79.3186399, 30.356125599999984 ], [ 79.3184776, 30.3564899 ], [ 79.318418, 30.3569187 ], [ 79.3183682, 30.3572772 ], [ 79.3183932, 30.3575214 ] ] } },
{ "type": "Feature", "properties": { "osm_id": 238241190, "highway": "trunk", "name": null, "name_en": null, "ref": "NH7", "surface": "unknown", "maxspeed": "50", "oneway": "no", "access": "yes", "motor_vehicle": null, "bridge": "no", "tunnel": "no", "smoothness": null, "tracktype": null, "lanes": "2", "layer": "0", "length_m": 3739.52, "assumed_speed_kmh": 35.0, "travel_time_min": 6.4106, "is_vehicular": true, "is_arterial": true }, "geometry": { "type": "LineString", "coordinates": [ [ 79.089113, 30.2968717 ], [ 79.0888898, 30.2967769 ], [ 79.0887467, 30.2965994 ], [ 79.0886256, 30.2963903 ], [ 79.0885007, 30.2962962 ], [ 79.0884238, 30.2962383 ], [ 79.0882147, 30.2961781 ], [ 79.0879505, 30.2961115 ], [ 79.0876643, 30.296064 ], [ 79.0873854, 30.2959531 ], [ 79.0871836, 30.2959183 ], [ 79.0869341, 30.2958232 ], [ 79.0867799, 30.2956743 ], [ 79.0865781, 30.2954715 ], [ 79.0863213, 30.2953131 ], [ 79.085969, 30.2952086 ], [ 79.0857562, 30.2950914 ], [ 79.0853782, 30.2948886 ], [ 79.085059, 30.294803 ], [ 79.0848682, 30.2947714 ], [ 79.084637, 30.2947714 ], [ 79.0844756, 30.2947714 ], [ 79.0842481, 30.294689 ], [ 79.0841013, 30.2945844 ], [ 79.0839692, 30.2945084 ], [ 79.08376, 30.294445 ], [ 79.0835105, 30.2944545 ], [ 79.083228, 30.2945496 ], [ 79.0830518, 30.2945591 ], [ 79.0829381, 30.2945432 ], [ 79.0827473, 30.2944387 ], [ 79.0826445, 30.2943151 ], [ 79.0825491, 30.2942644 ], [ 79.0823363, 30.2942169 ], [ 79.0821235, 30.2942042 ], [ 79.08194, 30.2942074 ], [ 79.0816978, 30.2942359 ], [ 79.0812135, 30.2943246 ], [ 79.0809089, 30.294305600000012 ], [ 79.080831900000021, 30.2942676 ], [ 79.0806777, 30.2942296 ], [ 79.0805713, 30.2942454 ], [ 79.0804135, 30.2942898 ], [ 79.0802814, 30.2942993 ], [ 79.0801273, 30.2942834 ], [ 79.079991600000014, 30.2942739 ], [ 79.0798228, 30.2943183 ], [ 79.0795806, 30.2943658 ], [ 79.0794081, 30.2944228 ], [ 79.079243, 30.294473499999985 ], [ 79.0790155, 30.2945052 ], [ 79.078322, 30.294651 ], [ 79.077955, 30.2947587 ], [ 79.077562400000019, 30.294727 ], [ 79.0773166, 30.2946763 ], [ 79.0771294, 30.2945622 ], [ 79.0769973, 30.2944672 ], [ 79.0769445, 30.2943714 ], [ 79.0768856, 30.2943013 ], [ 79.0768191, 30.2942782 ], [ 79.0767662, 30.2942771 ], [ 79.0766598, 30.2943278 ], [ 79.0765166, 30.2944808 ], [ 79.0762441, 30.2946152 ], [ 79.0759834, 30.2946874 ], [ 79.0758006, 30.294761199999989 ], [ 79.0756002, 30.2947866 ], [ 79.075379, 30.2947896 ], [ 79.0752352, 30.2947659 ], [ 79.0750529, 30.2947358 ], [ 79.0749501, 30.294741 ], [ 79.0748494, 30.2947631 ], [ 79.0747065, 30.2948586 ], [ 79.0744033, 30.2949371 ], [ 79.0741965, 30.2949879 ], [ 79.0736098, 30.2951203 ], [ 79.0734195, 30.2951529 ], [ 79.073094, 30.2951763 ], [ 79.0725579, 30.295183 ], [ 79.072296, 30.2952218 ], [ 79.0720544, 30.295302799999988 ], [ 79.0718582, 30.2953865 ], [ 79.0717215, 30.2954581 ], [ 79.0714769, 30.2954331 ], [ 79.0710641, 30.2954469 ], [ 79.070672, 30.2954205 ], [ 79.0702809, 30.295343399999989 ], [ 79.0699722, 30.2952745 ], [ 79.0695945, 30.2952346 ], [ 79.0694261, 30.2952445 ], [ 79.0692344, 30.2952559 ], [ 79.0691133, 30.295236900000017 ], [ 79.0689697, 30.2951575 ], [ 79.0688717, 30.2951459 ], [ 79.068678, 30.2951777 ], [ 79.0685627, 30.295217 ], [ 79.068448, 30.2953444 ], [ 79.0683974, 30.295444 ], [ 79.0682952, 30.2955392 ], [ 79.0680085, 30.295878 ], [ 79.0679484, 30.2960276 ], [ 79.0679118, 30.2961367 ], [ 79.0678788, 30.2962476 ], [ 79.0679399, 30.2964895 ], [ 79.0679542, 30.2965775 ], [ 79.067953, 30.2966699 ], [ 79.0678744, 30.2967458 ], [ 79.0677378, 30.2967878 ], [ 79.0675791, 30.2968317 ], [ 79.0674235, 30.2968985 ], [ 79.06730180000001, 30.2969705 ], [ 79.067208, 30.2970467 ], [ 79.0669559, 30.2973454 ], [ 79.0665595, 30.2977762 ], [ 79.0661703, 30.2981721 ], [ 79.0659108, 30.2983924 ], [ 79.0655838, 30.2986544 ], [ 79.065108, 30.2989388 ], [ 79.0645969, 30.299269899999988 ], [ 79.0642211, 30.2995412 ], [ 79.0640399, 30.299637 ], [ 79.0639222, 30.2996992 ], [ 79.0637854, 30.2997272 ], [ 79.0636603, 30.299708299999988 ], [ 79.0635523, 30.2996294 ], [ 79.0633613, 30.2994046 ], [ 79.0632601, 30.2992675 ], [ 79.0631333, 30.299185800000011 ], [ 79.0630244, 30.2991546 ], [ 79.0628587, 30.2991731 ], [ 79.0626972, 30.2991913 ], [ 79.062589, 30.2991606 ], [ 79.0624172, 30.2990637 ], [ 79.0622368, 30.2990251 ], [ 79.0620414, 30.2990119 ], [ 79.0618229, 30.2989792 ], [ 79.0615144, 30.2988753 ], [ 79.0611964, 30.298698099999989 ], [ 79.0608775, 30.2986824 ], [ 79.0607792, 30.2986585 ], [ 79.0606775, 30.2986079 ], [ 79.0606291, 30.2985196 ], [ 79.060416, 30.2979361 ], [ 79.0603691, 30.2978297 ], [ 79.0602831, 30.297779 ], [ 79.0601161, 30.2977284 ], [ 79.059839, 30.2976607 ], [ 79.0595805, 30.2975732 ], [ 79.0592699, 30.2974404 ], [ 79.059087100000013, 30.2973136 ], [ 79.0590023, 30.2972948 ], [ 79.0588964, 30.2972807 ], [ 79.0588118, 30.2973018 ], [ 79.058585, 30.2974249 ], [ 79.0585064, 30.2974623 ], [ 79.0583909, 30.2974917 ], [ 79.0582578, 30.2974594 ], [ 79.0581246, 30.2973988 ], [ 79.058002500000015, 30.2973246 ], [ 79.0578599, 30.2972995 ], [ 79.0577453, 30.297306 ], [ 79.0575006, 30.2973417 ], [ 79.057310500000014, 30.297405 ], [ 79.0571521, 30.2974421 ], [ 79.0569647, 30.2974637 ], [ 79.056791, 30.2974033 ], [ 79.0566605, 30.2973043 ], [ 79.0565531, 30.2972417 ], [ 79.056395, 30.2972561 ], [ 79.0562397, 30.2972823 ], [ 79.0561405, 30.2972785 ] ] } },
{ "type": "Feature", "properties": { "osm_id": 238241191, "highway": "trunk", "name": null, "name_en": null, "ref": "NH7", "surface": "unknown", "maxspeed": "50", "oneway": "no", "access": "yes", "motor_vehicle": null, "bridge": "no", "tunnel": "no", "smoothness": null, "tracktype": null, "lanes": "2", "layer": "0", "length_m": 961.16, "assumed_speed_kmh": 35.0, "travel_time_min": 1.6477, "is_vehicular": true, "is_arterial": true }, "geometry": { "type": "LineString", "coordinates": [ [ 79.4428277, 30.4683278 ], [ 79.443286, 30.4685923 ], [ 79.443566, 30.4686623 ], [ 79.443836, 30.4686523 ], [ 79.444166, 30.468582300000012 ], [ 79.444756, 30.4683723 ], [ 79.445176, 30.4680123 ], [ 79.445296, 30.4677123 ], [ 79.445416, 30.4668323 ], [ 79.445316, 30.4662423 ], [ 79.445316, 30.4656923 ], [ 79.445236, 30.4655723 ], [ 79.444706, 30.4651523 ], [ 79.444576, 30.4646323 ], [ 79.444596, 30.4644323 ], [ 79.444966, 30.4638323 ], [ 79.445006, 30.4635423 ], [ 79.444846, 30.4631823 ], [ 79.4443974, 30.4623915 ], [ 79.4443717, 30.4622409 ], [ 79.4444406, 30.462143899999987 ] ] } },
{ "type": "Feature", "properties": { "osm_id": 238241192, "highway": "trunk", "name": null, "name_en": null, "ref": "NH7", "surface": "unknown", "maxspeed": "50", "oneway": "no", "access": "yes", "motor_vehicle": null, "bridge": "no", "tunnel": "no", "smoothness": null, "tracktype": null, "lanes": "2", "layer": "0", "length_m": 849.75, "assumed_speed_kmh": 35.0, "travel_time_min": 1.4567, "is_vehicular": true, "is_arterial": true }, "geometry": { "type": "LineString", "coordinates": [ [ 79.3305842, 30.4036037 ], [ 79.3304844, 30.4039326 ], [ 79.3304727, 30.404119 ], [ 79.3305434, 30.4043002 ], [ 79.3307824, 30.4045489 ], [ 79.3313842, 30.4048092 ], [ 79.3322722, 30.4049626 ], [ 79.3327922, 30.4051026 ], [ 79.3331722, 30.4052726 ], [ 79.3337522, 30.4053526 ], [ 79.3342022, 30.4051526 ], [ 79.3353022, 30.4048826 ], [ 79.3356122, 30.4048626 ], [ 79.3361222, 30.4046926 ], [ 79.3366622, 30.4045926 ], [ 79.3369522, 30.4045926 ], [ 79.3375122, 30.4046826 ], [ 79.3380732, 30.4048311 ] ] } },
{ "type": "Feature", "properties": { "osm_id": 238241195, "highway": "trunk", "name": null, "name_en": null, "ref": "NH7", "surface": "unknown", "maxspeed": "50", "oneway": "no", "access": "yes", "motor_vehicle": null, "bridge": "no", "tunnel": "no", "smoothness": null, "tracktype": null, "lanes": "2", "layer": "0", "length_m": 770.41, "assumed_speed_kmh": 35.0, "travel_time_min": 1.3207, "is_vehicular": true, "is_arterial": true }, "geometry": { "type": "LineString", "coordinates": [ [ 79.3183932, 30.3575214 ], [ 79.3183122, 30.3577923 ], [ 79.3180114, 30.3581814 ], [ 79.3177259, 30.3584947 ], [ 79.3174226, 30.3590748 ], [ 79.317385500000015, 30.3594319 ], [ 79.3170691, 30.3599255 ], [ 79.3170134, 30.3602612 ], [ 79.316889, 30.3606162 ], [ 79.3167281, 30.3611748 ], [ 79.316592, 30.3616697 ], [ 79.3164892, 30.3618449 ], [ 79.3164023, 30.361993 ], [ 79.3162109, 30.3621406 ], [ 79.3160719, 30.3623139 ], [ 79.3160247, 30.3626339 ], [ 79.3160164, 30.3632744 ], [ 79.3159862, 30.3636257 ], [ 79.3157695, 30.3639043 ] ] } },
{ "type": "Feature", "properties": { "osm_id": 238241197, "highway": "trunk", "name": null, "name_en": null, "ref": "NH7", "surface": "unknown", "maxspeed": "50", "oneway": "no", "access": "yes", "motor_vehicle": null, "bridge": "yes", "tunnel": "no", "smoothness": null, "tracktype": null, "lanes": "2", "layer": "1", "length_m": 33.14, "assumed_speed_kmh": 35.0, "travel_time_min": 0.0568, "is_vehicular": true, "is_arterial": true }, "geometry": { "type": "LineString", "coordinates": [ [ 79.4305876, 30.419172 ], [ 79.4305264, 30.4194662 ] ] } },
{ "type": "Feature", "properties": { "osm_id": 238241198, "highway": "trunk", "name": null, "name_en": null, "ref": "NH7", "surface": "unknown", "maxspeed": "50", "oneway": "no", "access": "yes", "motor_vehicle": null, "bridge": "yes", "tunnel": "no", "smoothness": null, "tracktype": null, "lanes": "2", "layer": "1", "length_m": 137.56, "assumed_speed_kmh": 35.0, "travel_time_min": 0.2358, "is_vehicular": true, "is_arterial": true }, "geometry": { "type": "LineString", "coordinates": [ [ 79.3881122, 30.4073347 ], [ 79.3890156, 30.4082974 ] ] } },
{ "type": "Feature", "properties": { "osm_id": 238241203, "highway": "trunk", "name": null, "name_en": null, "ref": "NH7", "surface": "unknown", "maxspeed": "50", "oneway": "no", "access": "yes", "motor_vehicle": null, "bridge": "no", "tunnel": "no", "smoothness": null, "tracktype": null, "lanes": "2", "layer": "0", "length_m": 706.51, "assumed_speed_kmh": 35.0, "travel_time_min": 1.2112, "is_vehicular": true, "is_arterial": true }, "geometry": { "type": "LineString", "coordinates": [ [ 79.3389806, 30.4046996 ], [ 79.3390352, 30.4048716 ], [ 79.3391398, 30.4049491 ], [ 79.3393898, 30.4049491 ], [ 79.3396324, 30.4049085 ], [ 79.3399443, 30.4048742 ], [ 79.3408485, 30.4047873 ], [ 79.3410185, 30.4048873 ], [ 79.3413627, 30.405223 ], [ 79.3418102, 30.4055151 ], [ 79.3422998, 30.4057206 ], [ 79.3429911, 30.4059247 ], [ 79.343289, 30.4061838 ], [ 79.3436916, 30.4064636 ], [ 79.3438897, 30.4065376 ], [ 79.3439872, 30.4065379 ], [ 79.3447933, 30.4065271 ], [ 79.3450975, 30.4065319 ], [ 79.3453253, 30.4065263 ], [ 79.3454636, 30.4065032 ] ] } },
{ "type": "Feature", "properties": { "osm_id": 238241206, "highway": "trunk", "name": null, "name_en": null, "ref": "NH7", "surface": "unknown", "maxspeed": "50", "oneway": "no", "access": "yes", "motor_vehicle": null, "bridge": "no", "tunnel": "no", "smoothness": null, "tracktype": null, "lanes": "2", "layer": "0", "length_m": 2310.62, "assumed_speed_kmh": 35.0, "travel_time_min": 3.9611, "is_vehicular": true, "is_arterial": true }, "geometry": { "type": "LineString", "coordinates": [ [ 79.3890156, 30.4082974 ], [ 79.3891356, 30.4085074 ], [ 79.3891556, 30.4087274 ], [ 79.3890756, 30.4091574 ], [ 79.3894166, 30.4101928 ], [ 79.3894264, 30.4104514 ], [ 79.3894601, 30.4106523 ], [ 79.3895022, 30.4107213 ], [ 79.3896076, 30.4107496 ], [ 79.3896756, 30.4107074 ], [ 79.3896556, 30.4101874 ], [ 79.3894656, 30.4093474 ], [ 79.3895456, 30.40920740000001 ], [ 79.3898856, 30.4089574 ], [ 79.3899656, 30.4089874 ], [ 79.3899256, 30.4090774 ], [ 79.3896056, 30.4092974 ], [ 79.3895556, 30.4094174 ], [ 79.3898856, 30.4102874 ], [ 79.3900256, 30.4108274 ], [ 79.3900156, 30.411537399999986 ], [ 79.3901356, 30.4117474 ], [ 79.3904356, 30.4119074 ], [ 79.3909956, 30.4119974 ], [ 79.3913256, 30.4122574 ], [ 79.3915256, 30.412347399999987 ], [ 79.3919756, 30.4123674 ], [ 79.3924956, 30.4124874 ], [ 79.3930856, 30.412737400000012 ], [ 79.3936156, 30.4130274 ], [ 79.3938756, 30.4130274 ], [ 79.3942056, 30.4127974 ], [ 79.3950056, 30.4125674 ], [ 79.3958356, 30.4121374 ], [ 79.3960056, 30.4119274 ], [ 79.3962356, 30.4117474 ], [ 79.3966956, 30.4116674 ], [ 79.3974185, 30.4116814 ], [ 79.3977856, 30.4117174 ], [ 79.3982256, 30.4117274 ], [ 79.3993556, 30.4119274 ], [ 79.3997556, 30.4119474 ], [ 79.4000156, 30.4120974 ], [ 79.4001756, 30.4121274 ], [ 79.4003756, 30.412037399999985 ], [ 79.4011056, 30.4123974 ], [ 79.4014756, 30.4124574 ], [ 79.4017756, 30.412587399999989 ], [ 79.4019856, 30.4125974 ], [ 79.4023956, 30.4124574 ], [ 79.4029656, 30.4124074 ], [ 79.403272, 30.4123884 ], [ 79.4034698, 30.4124907 ], [ 79.4036612, 30.4126324 ], [ 79.404060800000011, 30.4127554 ] ] } },
{ "type": "Feature", "properties": { "osm_id": 238241208, "highway": "trunk", "name": null, "name_en": null, "ref": "NH7", "surface": "unknown", "maxspeed": "50", "oneway": "no", "access": "yes", "motor_vehicle": null, "bridge": "no", "tunnel": "no", "smoothness": null, "tracktype": null, "lanes": "2", "layer": "0", "length_m": 1237.16, "assumed_speed_kmh": 35.0, "travel_time_min": 2.1208, "is_vehicular": true, "is_arterial": true }, "geometry": { "type": "LineString", "coordinates": [ [ 79.0151387, 30.298062 ], [ 79.0149846, 30.2981088 ], [ 79.0148385, 30.2982246 ], [ 79.0146258, 30.2983645 ], [ 79.01427, 30.2984803 ], [ 79.0132812, 30.2988146 ], [ 79.0128568, 30.2989071 ], [ 79.0124947, 30.2988903 ], [ 79.0122245, 30.2989407 ], [ 79.0119768, 30.2988976 ], [ 79.0118317, 30.2988465 ], [ 79.0117262, 30.2988326 ], [ 79.0115471, 30.2988699 ], [ 79.0113249, 30.2988941 ], [ 79.0111098, 30.2988649 ], [ 79.0109687, 30.2988526 ], [ 79.0108471, 30.298905399999985 ], [ 79.01077, 30.29899 ], [ 79.0104724, 30.299205 ], [ 79.0102441, 30.2993388 ], [ 79.0101864, 30.2993726 ], [ 79.009998100000018, 30.2994938 ], [ 79.0098211, 30.299635 ], [ 79.0096818, 30.2997582 ], [ 79.0093763, 30.3001779 ], [ 79.0092819, 30.3004249 ], [ 79.00914, 30.30062 ], [ 79.0089723, 30.3007271 ], [ 79.0087956, 30.30084 ], [ 79.0085955, 30.3009114 ], [ 79.0083793, 30.3009326 ], [ 79.0081962, 30.3008831 ], [ 79.0080624, 30.3007432 ], [ 79.0079433, 30.300568 ], [ 79.0078182, 30.3004062 ], [ 79.0076948, 30.3003479 ], [ 79.00758, 30.3003003 ], [ 79.0073739, 30.3002246 ], [ 79.0071712, 30.3000357 ], [ 79.006963, 30.2998558 ], [ 79.0067865, 30.2997732 ], [ 79.0066278, 30.2997646 ], [ 79.0063914, 30.2998092 ], [ 79.0058866, 30.3000407 ], [ 79.005537, 30.300240399999986 ], [ 79.004918, 30.3003533 ], [ 79.0045805, 30.3002441 ], [ 79.0043425, 30.3002345 ] ] } },
{ "type": "Feature", "properties": { "osm_id": 238241209, "highway": "trunk", "name": null, "name_en": null, "ref": "NH7", "surface": "unknown", "maxspeed": "50", "oneway": "no", "access": "yes", "motor_vehicle": null, "bridge": "no", "tunnel": "no", "smoothness": null, "tracktype": null, "lanes": "2", "layer": "0", "length_m": 4387.56, "assumed_speed_kmh": 35.0, "travel_time_min": 7.5215, "is_vehicular": true, "is_arterial": true }, "geometry": { "type": "LineString", "coordinates": [ [ 78.9623482, 30.2727372 ], [ 78.9605656, 30.2725535 ], [ 78.9593902, 30.2723566 ], [ 78.9593035, 30.272309 ], [ 78.9591318, 30.2720634 ], [ 78.9590436, 30.2720288 ], [ 78.9580731, 30.2720793 ], [ 78.9575961, 30.2720137 ], [ 78.95689, 30.271497499999985 ], [ 78.9566087, 30.271194 ], [ 78.9563233, 30.2708399 ], [ 78.9562233, 30.270649299999985 ], [ 78.9561251, 30.2705925 ], [ 78.9560198, 30.270577 ], [ 78.955892, 30.2705958 ], [ 78.9557716, 30.270753 ], [ 78.9556861, 30.2708676 ], [ 78.9555313, 30.2710064 ], [ 78.9554384, 30.2710094 ], [ 78.9551065, 30.2708834 ], [ 78.9546342, 30.2705546 ], [ 78.9541008, 30.2699311 ], [ 78.9540824, 30.2699095 ], [ 78.953104, 30.269276 ], [ 78.9523005, 30.268971 ], [ 78.9518681, 30.2688703 ], [ 78.9499782, 30.2682325 ], [ 78.9481273, 30.267861 ], [ 78.9476429, 30.2676982 ], [ 78.9469707, 30.2673814 ], [ 78.9465625, 30.2672132 ], [ 78.9464356, 30.2672161 ], [ 78.9463288, 30.2672675 ], [ 78.9461486, 30.267435 ], [ 78.9460691, 30.2674549 ], [ 78.9455924, 30.2674264 ], [ 78.9446264, 30.2675821 ], [ 78.9445404, 30.2675754 ], [ 78.943588, 30.2674047 ], [ 78.943516, 30.2674258 ], [ 78.9433778, 30.2675203 ], [ 78.94267, 30.26802 ], [ 78.94252, 30.26815 ], [ 78.9423461, 30.2682571 ], [ 78.942022, 30.268459 ], [ 78.94197, 30.26851 ], [ 78.9416585, 30.2688977 ], [ 78.9416143, 30.2689292 ], [ 78.94106, 30.26912 ], [ 78.9399, 30.26916 ], [ 78.93709, 30.26863 ], [ 78.93664, 30.26848 ], [ 78.9364459, 30.2683002 ], [ 78.93624, 30.26808 ], [ 78.9361268, 30.2678222 ], [ 78.93617, 30.26745 ], [ 78.93618, 30.26685 ], [ 78.93604, 30.26571 ], [ 78.93559, 30.26465 ], [ 78.93513, 30.26377 ], [ 78.9349419, 30.2633371 ], [ 78.9344864, 30.2624741 ], [ 78.93269, 30.26108 ], [ 78.93205, 30.26055 ], [ 78.9319959, 30.2604827 ], [ 78.93198, 30.26037 ], [ 78.9321, 30.26021 ], [ 78.93285, 30.25967 ], [ 78.93317, 30.25904 ], [ 78.9333069, 30.2587168 ], [ 78.9333853, 30.2586317 ], [ 78.933642800000015, 30.2585482 ], [ 78.9339003, 30.258539 ], [ 78.9340371, 30.2585112 ], [ 78.9341015, 30.2584092 ], [ 78.9341256, 30.2582911 ], [ 78.9341149, 30.2582077 ], [ 78.9339861, 30.2579297 ], [ 78.9338574, 30.2578439 ], [ 78.9337581, 30.2577026 ], [ 78.9335543, 30.2574176 ], [ 78.933447, 30.2573713 ], [ 78.9333558, 30.2573713 ], [ 78.9331251, 30.2573922 ], [ 78.93269, 30.25748 ] ] } },
{ "type": "Feature", "properties": { "osm_id": 238241210, "highway": "trunk", "name": null, "name_en": null, "ref": "NH7", "surface": "unknown", "maxspeed": "50", "oneway": "no", "access": "yes", "motor_vehicle": null, "bridge": "no", "tunnel": "no", "smoothness": null, "tracktype": null, "lanes": "2", "layer": "0", "length_m": 2780.43, "assumed_speed_kmh": 35.0, "travel_time_min": 4.7665, "is_vehicular": true, "is_arterial": true }, "geometry": { "type": "LineString", "coordinates": [ [ 79.4305264, 30.4194662 ], [ 79.430463, 30.419538 ], [ 79.4303678, 30.4195697 ], [ 79.4278078, 30.4196197 ], [ 79.4265878, 30.4198597 ], [ 79.4259978, 30.4198597 ], [ 79.4254278, 30.4199497 ], [ 79.4250478, 30.4201297 ], [ 79.4242478, 30.4200697 ], [ 79.4235878, 30.4198097 ], [ 79.4233878, 30.4198097 ], [ 79.4232778, 30.4198697 ], [ 79.4232178, 30.4200097 ], [ 79.4232278, 30.4204897 ], [ 79.4233178, 30.4208997 ], [ 79.4235278, 30.4212297 ], [ 79.4241878, 30.4214297 ], [ 79.4243178, 30.4215697 ], [ 79.4243078, 30.4217697 ], [ 79.4241578, 30.4220997 ], [ 79.4241978, 30.422609699999988 ], [ 79.4249678, 30.4235297 ], [ 79.4247978, 30.4240497 ], [ 79.4249478, 30.4243597 ], [ 79.4260478, 30.424869699999984 ], [ 79.4262578, 30.4250497 ], [ 79.4266578, 30.425609699999985 ], [ 79.4268178, 30.4257697 ], [ 79.4269478, 30.4258197 ], [ 79.4274878, 30.4258697 ], [ 79.4279378, 30.4258497 ], [ 79.428097800000018, 30.4258197 ], [ 79.4283978, 30.4256597 ], [ 79.4284978, 30.4256997 ], [ 79.4284978, 30.4259797 ], [ 79.4283978, 30.426229700000015 ], [ 79.4283443, 30.4262605 ], [ 79.4279978, 30.4264597 ], [ 79.4279681, 30.4264926 ], [ 79.4278078, 30.4266697 ], [ 79.4276378, 30.4270797 ], [ 79.4273978, 30.4279197 ], [ 79.4271788, 30.4282414 ], [ 79.4270778, 30.4283897 ], [ 79.4271078, 30.4285597 ], [ 79.4274878, 30.4289997 ], [ 79.4278929, 30.4296478 ], [ 79.4279378, 30.4297197 ], [ 79.4285378, 30.4303497 ], [ 79.4287473, 30.4305076 ], [ 79.4291878, 30.4308397 ], [ 79.4294578, 30.4313497 ], [ 79.4296677, 30.4315129 ], [ 79.4301534, 30.4317096 ], [ 79.4308039, 30.4319012 ], [ 79.4313688, 30.4320462 ], [ 79.4317793, 30.4320919 ], [ 79.4320831, 30.4321047 ], [ 79.4323139, 30.432183 ], [ 79.4324934, 30.4322897 ] ] } },
{ "type": "Feature", "properties": { "osm_id": 238241211, "highway": "trunk", "name": null, "name_en": null, "ref": "NH7", "surface": "unknown", "maxspeed": "50", "oneway": "no", "access": "yes", "motor_vehicle": null, "bridge": "no", "tunnel": "no", "smoothness": null, "tracktype": null, "lanes": "2", "layer": "0", "length_m": 3302.81, "assumed_speed_kmh": 35.0, "travel_time_min": 5.662, "is_vehicular": true, "is_arterial": true }, "geometry": { "type": "LineString", "coordinates": [ [ 79.3596049, 30.4069058 ], [ 79.359827, 30.40712 ], [ 79.3601725, 30.4072265 ], [ 79.3604556, 30.4073474 ], [ 79.3608156, 30.4075674 ], [ 79.3615856, 30.4078974 ], [ 79.3628456, 30.4083474 ], [ 79.3632956, 30.4084174 ], [ 79.3637356, 30.4087074 ], [ 79.3640656, 30.4088174 ], [ 79.3646656, 30.4093074 ], [ 79.3649956, 30.4099874 ], [ 79.3652456, 30.4102074 ], [ 79.3653256, 30.4103374 ], [ 79.3653256, 30.4104674 ], [ 79.365188, 30.4107896 ], [ 79.3651651, 30.4113996 ], [ 79.3652346, 30.411861 ], [ 79.3654231, 30.412201500000013 ], [ 79.3655929, 30.41238 ], [ 79.3659617, 30.4124896 ], [ 79.3663658, 30.4125879 ], [ 79.3675319, 30.4124072 ], [ 79.3677912, 30.4122128 ], [ 79.3684073, 30.4120058 ], [ 79.3688056, 30.4118974 ], [ 79.369542, 30.4118297 ], [ 79.3702832, 30.4118226 ], [ 79.3707861, 30.4119011 ], [ 79.3719885, 30.4121811 ], [ 79.3723461, 30.4121611 ], [ 79.3731473, 30.4119189 ], [ 79.3734825, 30.4117058 ], [ 79.3737256, 30.4113674 ], [ 79.3739456, 30.4111374 ], [ 79.3745556, 30.4107374 ], [ 79.3779256, 30.4089274 ], [ 79.3792056, 30.4080974 ], [ 79.3811856, 30.4072274 ], [ 79.3816056, 30.4071974 ], [ 79.3822656, 30.4073074 ], [ 79.382825600000018, 30.4073174 ], [ 79.3834956, 30.4073074 ], [ 79.3846656, 30.4071874 ], [ 79.385945600000014, 30.4071474 ], [ 79.3863456, 30.4071474 ], [ 79.3873856, 30.4072574 ], [ 79.3880029, 30.4072251 ], [ 79.3881122, 30.4073347 ] ] } },
{ "type": "Feature", "properties": { "osm_id": 238241212, "highway": "trunk", "name": null, "name_en": null, "ref": "NH7", "surface": "unknown", "maxspeed": "50", "oneway": "no", "access": "yes", "motor_vehicle": null, "bridge": "no", "tunnel": "no", "smoothness": null, "tracktype": null, "lanes": "2", "layer": "0", "length_m": 1838.12, "assumed_speed_kmh": 35.0, "travel_time_min": 3.1511, "is_vehicular": true, "is_arterial": true }, "geometry": { "type": "LineString", "coordinates": [ [ 79.4169799, 30.4118197 ], [ 79.4170158, 30.4118736 ], [ 79.4170281, 30.4119591 ], [ 79.4170345, 30.4121567 ], [ 79.4170167, 30.4124299 ], [ 79.4170678, 30.4126697 ], [ 79.4171378, 30.4129997 ], [ 79.4172978, 30.4132597 ], [ 79.4177678, 30.4135997 ], [ 79.418116, 30.4140044 ], [ 79.418137800000011, 30.4140297 ], [ 79.4186778, 30.4142697 ], [ 79.4192078, 30.4146697 ], [ 79.4193878, 30.4150197 ], [ 79.4198678, 30.4155397 ], [ 79.4199578, 30.4157797 ], [ 79.4202178, 30.4161797 ], [ 79.4205178, 30.4164597 ], [ 79.4208297, 30.4166734 ], [ 79.4210578, 30.4168297 ], [ 79.4216678, 30.4170697 ], [ 79.4218878, 30.4171097 ], [ 79.4220178, 30.4170797 ], [ 79.4224978, 30.416629700000012 ], [ 79.4229078, 30.4164297 ], [ 79.4234478, 30.4164097 ], [ 79.4238078, 30.4164697 ], [ 79.4242278, 30.4166797 ], [ 79.4247678, 30.4168397 ], [ 79.4250378, 30.4170297 ], [ 79.4252578, 30.4172997 ], [ 79.425237800000019, 30.417589700000011 ], [ 79.4253678, 30.4177797 ], [ 79.4255578, 30.4178297 ], [ 79.4259478, 30.4178197 ], [ 79.4266578, 30.4182997 ], [ 79.4267378, 30.4183097 ], [ 79.4270778, 30.4182697 ], [ 79.4273033, 30.418171300000012 ], [ 79.4275633, 30.4179564 ], [ 79.4276986, 30.4178081 ], [ 79.427762, 30.4177766 ], [ 79.4278414, 30.4177582 ], [ 79.4279726, 30.4178298 ], [ 79.428103400000012, 30.4180036 ], [ 79.4282577, 30.4181274 ], [ 79.428505, 30.4182358 ], [ 79.428803, 30.4182906 ], [ 79.4292372, 30.4183167 ], [ 79.4297122, 30.4185216 ], [ 79.430049200000013, 30.4187393 ], [ 79.4302462, 30.4188712 ], [ 79.4304347, 30.4190241 ], [ 79.4305767, 30.4191188 ], [ 79.4305876, 30.419172 ] ] } },
{ "type": "Feature", "properties": { "osm_id": 238241213, "highway": "trunk", "name": null, "name_en": null, "ref": "NH7", "surface": "unknown", "maxspeed": "50", "oneway": "no", "access": "yes", "motor_vehicle": null, "bridge": "no", "tunnel": "no", "smoothness": null, "tracktype": null, "lanes": "2", "layer": "0", "length_m": 4504.91, "assumed_speed_kmh": 35.0, "travel_time_min": 7.7227, "is_vehicular": true, "is_arterial": true }, "geometry": { "type": "LineString", "coordinates": [ [ 79.4285007, 30.4363115 ], [ 79.4285778, 30.4364074 ], [ 79.4287731, 30.436650399999984 ], [ 79.42895, 30.4368559 ], [ 79.4290183, 30.436961 ], [ 79.4290625, 30.4370684 ], [ 79.4291162, 30.4372929 ], [ 79.429275, 30.4376914 ], [ 79.4293651, 30.4378907 ], [ 79.4293425, 30.4381084 ], [ 79.4290825, 30.4386684 ], [ 79.4290225, 30.439158399999986 ], [ 79.4299525, 30.4402684 ], [ 79.4299825, 30.4404484 ], [ 79.4298325, 30.4411384 ], [ 79.4300925, 30.4418684 ], [ 79.4300425, 30.4420784 ], [ 79.4298925, 30.4422284 ], [ 79.4293825, 30.4426084 ], [ 79.4291125, 30.4429084 ], [ 79.4287025, 30.443148399999984 ], [ 79.428602500000011, 30.4433484 ], [ 79.4286625, 30.4439484 ], [ 79.4288025, 30.4441084 ], [ 79.4291425, 30.4446984 ], [ 79.4292325, 30.4450384 ], [ 79.4295125, 30.4454784 ], [ 79.4296225, 30.4459684 ], [ 79.4295625, 30.4469184 ], [ 79.4290925, 30.4480984 ], [ 79.4292225, 30.4484984 ], [ 79.4289325, 30.4490184 ], [ 79.4288225, 30.4499684 ], [ 79.4287225, 30.4503184 ], [ 79.4287225, 30.4504784 ], [ 79.4288025, 30.4506484 ], [ 79.4289325, 30.4507784 ], [ 79.4292425, 30.4509384 ], [ 79.4293225, 30.4511684 ], [ 79.4292625, 30.4517684 ], [ 79.4290325, 30.452158399999988 ], [ 79.4287325, 30.4524984 ], [ 79.4286825, 30.4526284 ], [ 79.4287525, 30.452958399999989 ], [ 79.4287125, 30.4534284 ], [ 79.4288125, 30.4537384 ], [ 79.4288225, 30.4542184 ], [ 79.4291725, 30.4546684 ], [ 79.4294125, 30.4548584 ], [ 79.429552500000014, 30.4551584 ], [ 79.4296025, 30.4555584 ], [ 79.4295725, 30.4557284 ], [ 79.4293825, 30.4560884 ], [ 79.4294325, 30.4562284 ], [ 79.4301825, 30.4574984 ], [ 79.4304125, 30.4581884 ], [ 79.4309625, 30.4587884 ], [ 79.43145250000002, 30.4589884 ], [ 79.4315925, 30.459198399999988 ], [ 79.4317125, 30.4596384 ], [ 79.4320125, 30.4600084 ], [ 79.4320325, 30.4604384 ], [ 79.4321825, 30.4607284 ], [ 79.4322625, 30.4613284 ], [ 79.4325725, 30.4620284 ], [ 79.4328225, 30.4627784 ], [ 79.4332925, 30.4632584 ], [ 79.4337025, 30.4634484 ], [ 79.4337725, 30.4635784 ], [ 79.4337225, 30.4639984 ], [ 79.4338025, 30.4641484 ], [ 79.4345425, 30.4647184 ], [ 79.4348425, 30.4652084 ], [ 79.4354425, 30.4659984 ], [ 79.4366525, 30.4668284 ], [ 79.4369525, 30.4669484 ], [ 79.4375025, 30.4670284 ], [ 79.4377525, 30.4670184 ], [ 79.4384225, 30.4672284 ], [ 79.4390125, 30.4671784 ], [ 79.439512500000021, 30.4670284 ], [ 79.4397825, 30.4670484 ], [ 79.4408825, 30.4675084 ], [ 79.4418125, 30.4681084 ], [ 79.4428277, 30.4683278 ] ] } },
{ "type": "Feature", "properties": { "osm_id": 238241215, "highway": "trunk", "name": null, "name_en": null, "ref": "NH7", "surface": "unknown", "maxspeed": "50", "oneway": "no", "access": "yes", "motor_vehicle": null, "bridge": "no", "tunnel": "no", "smoothness": null, "tracktype": null, "lanes": "2", "layer": "0", "length_m": 3861.78, "assumed_speed_kmh": 35.0, "travel_time_min": 6.6202, "is_vehicular": true, "is_arterial": true }, "geometry": { "type": "LineString", "coordinates": [ [ 79.3164139, 30.3748675 ], [ 79.3167339, 30.3749575 ], [ 79.3171139, 30.3751975 ], [ 79.317256500000013, 30.375246 ], [ 79.3175839, 30.3753575 ], [ 79.3182639, 30.3757275 ], [ 79.3193939, 30.3761875 ], [ 79.3196739, 30.3764675 ], [ 79.3202439, 30.3767575 ], [ 79.3203839, 30.3769075 ], [ 79.3202839, 30.3773575 ], [ 79.3203539, 30.3775275 ], [ 79.3206139, 30.3778175 ], [ 79.3206739, 30.3779475 ], [ 79.3206039, 30.3783375 ], [ 79.3206039, 30.3787475 ], [ 79.3205039, 30.3790575 ], [ 79.3205739, 30.3793975 ], [ 79.3205139, 30.3797275 ], [ 79.3205639, 30.3798675 ], [ 79.3207839, 30.3801275 ], [ 79.3207539, 30.3806275 ], [ 79.3208439, 30.3809975 ], [ 79.3209439, 30.3811875 ], [ 79.3210639, 30.3812475 ], [ 79.3214239, 30.3812775 ], [ 79.3217339, 30.3812375 ], [ 79.3218839, 30.381357499999986 ], [ 79.3219439, 30.3815375 ], [ 79.3217339, 30.3819575 ], [ 79.3216039, 30.3825675 ], [ 79.3216739, 30.3827875 ], [ 79.3218939, 30.3831275 ], [ 79.3221239, 30.383717499999985 ], [ 79.3221939, 30.384107499999988 ], [ 79.3223739, 30.3844375 ], [ 79.3227339, 30.3848675 ], [ 79.3230039, 30.3850975 ], [ 79.323013900000021, 30.3852175 ], [ 79.3230939, 30.3853175 ], [ 79.3236039, 30.385507499999989 ], [ 79.3237239, 30.3857275 ], [ 79.3236339, 30.3863975 ], [ 79.3234439, 30.3869975 ], [ 79.3232039, 30.3872875 ], [ 79.3231439, 30.3875975 ], [ 79.3232839, 30.3878275 ], [ 79.3238639, 30.3883975 ], [ 79.3238539, 30.3885975 ], [ 79.3237839, 30.3887075 ], [ 79.3237939, 30.3890175 ], [ 79.3237039, 30.3890875 ], [ 79.3236739, 30.3892575 ], [ 79.3240839, 30.3897975 ], [ 79.3241139, 30.3899875 ], [ 79.3239239, 30.3905675 ], [ 79.3236339, 30.3909475 ], [ 79.3233439, 30.3915375 ], [ 79.3233039, 30.3923675 ], [ 79.3236039, 30.3927275 ], [ 79.3240839, 30.3930775 ], [ 79.3243839, 30.3936075 ], [ 79.3248839, 30.3940775 ], [ 79.3250639, 30.3944375 ], [ 79.3253939, 30.394777500000011 ], [ 79.3257239, 30.3950475 ], [ 79.3264439, 30.3954675 ], [ 79.3267639, 30.3959475 ], [ 79.3281939, 30.3970675 ], [ 79.3285539, 30.3971075 ], [ 79.3286039, 30.3972675 ], [ 79.3285039, 30.3976675 ], [ 79.3286539, 30.3980975 ], [ 79.3289639, 30.3984775 ], [ 79.3292039, 30.398677500000012 ], [ 79.3294439, 30.3991575 ], [ 79.3300239, 30.3997575 ], [ 79.3303739, 30.4002175 ], [ 79.3309339, 30.4006875 ], [ 79.3311227, 30.4014242 ], [ 79.3311905, 30.4020987 ], [ 79.3311707, 30.4022554 ], [ 79.3311037, 30.402643699999988 ] ] } },
{ "type": "Feature", "properties": { "osm_id": 238241217, "highway": "trunk", "name": null, "name_en": null, "ref": "NH7", "surface": "unknown", "maxspeed": "50", "oneway": "no", "access": "yes", "motor_vehicle": null, "bridge": "no", "tunnel": "no", "smoothness": null, "tracktype": null, "lanes": "2", "layer": "0", "length_m": 1187.59, "assumed_speed_kmh": 35.0, "travel_time_min": 2.0359, "is_vehicular": true, "is_arterial": true }, "geometry": { "type": "LineString", "coordinates": [ [ 79.0512007, 30.2999058 ], [ 79.05091, 30.30006 ], [ 79.0508825, 30.300110199999988 ], [ 79.0508401, 30.3001876 ], [ 79.0507528, 30.300238 ], [ 79.0506657, 30.3002995 ], [ 79.0505608, 30.3003501 ], [ 79.0504817, 30.3004292 ], [ 79.0504724, 30.3005414 ], [ 79.0504402, 30.3006979 ], [ 79.0503955, 30.3008901 ], [ 79.05038, 30.30105 ], [ 79.05017, 30.30145 ], [ 79.05005, 30.30189 ], [ 79.049944, 30.3020871 ], [ 79.0498599, 30.302164 ], [ 79.0497312, 30.3022204 ], [ 79.0496382, 30.3023212 ], [ 79.0495701, 30.3024217 ], [ 79.0493017, 30.3028867 ], [ 79.0493, 30.30289 ], [ 79.0491156, 30.3031341 ], [ 79.0489696, 30.3033684 ], [ 79.0488185, 30.3035773 ], [ 79.04865, 30.30386 ], [ 79.0485317, 30.3040344 ], [ 79.0484278, 30.304122 ], [ 79.0483407, 30.3042163 ], [ 79.0482207, 30.304274700000011 ], [ 79.0481118, 30.3043064 ], [ 79.0480063, 30.304285 ], [ 79.047863300000017, 30.3042827 ], [ 79.0477214, 30.3043915 ], [ 79.0476328, 30.3044854 ], [ 79.047516900000019, 30.3046693 ], [ 79.0473848, 30.30494650000001 ], [ 79.0473407, 30.3050211 ], [ 79.0472794, 30.3050882 ], [ 79.0471265, 30.305226 ], [ 79.046826, 30.3054637 ], [ 79.0466838, 30.3055936 ], [ 79.0464027, 30.3058227 ], [ 79.046, 30.30617 ], [ 79.0457908, 30.3063247 ], [ 79.0456844, 30.3064316 ], [ 79.0454784, 30.3065313 ], [ 79.0452904, 30.3066289 ], [ 79.0451415, 30.3067481 ], [ 79.04503, 30.30689 ], [ 79.04472, 30.30714 ], [ 79.04463, 30.30728 ], [ 79.0445076, 30.3073837 ], [ 79.0443988, 30.307499 ], [ 79.0442665, 30.3076193 ], [ 79.0439459, 30.307800100000012 ], [ 79.0438003, 30.3079152 ] ] } },
{ "type": "Feature", "properties": { "osm_id": 238241218, "highway": "trunk", "name": null, "name_en": null, "ref": "NH7", "surface": "unknown", "maxspeed": "50", "oneway": "no", "access": "yes", "motor_vehicle": null, "bridge": "no", "tunnel": "no", "smoothness": null, "tracktype": null, "lanes": "2", "layer": "0", "length_m": 580.67, "assumed_speed_kmh": 35.0, "travel_time_min": 0.9954, "is_vehicular": true, "is_arterial": true }, "geometry": { "type": "LineString", "coordinates": [ [ 79.3117987, 30.372111 ], [ 79.3126131, 30.373418 ], [ 79.3127731, 30.373558 ], [ 79.3130531, 30.373688 ], [ 79.3134731, 30.374118 ], [ 79.3138231, 30.374248 ], [ 79.3141031, 30.374418 ], [ 79.3152331, 30.374838 ], [ 79.3164139, 30.3748675 ] ] } },
{ "type": "Feature", "properties": { "osm_id": 238241219, "highway": "trunk", "name": null, "name_en": null, "ref": "NH7", "surface": "unknown", "maxspeed": "50", "oneway": "no", "access": "yes", "motor_vehicle": null, "bridge": "no", "tunnel": "no", "smoothness": null, "tracktype": null, "lanes": "2", "layer": "0", "length_m": 410.4, "assumed_speed_kmh": 35.0, "travel_time_min": 0.7035, "is_vehicular": true, "is_arterial": true }, "geometry": { "type": "LineString", "coordinates": [ [ 79.3157695, 30.3639043 ], [ 79.3155817, 30.3640783 ], [ 79.3149337, 30.3646487 ], [ 79.3143037, 30.3649687 ], [ 79.3138237, 30.3650787 ], [ 79.3132612, 30.3652809 ], [ 79.3131837, 30.3653087 ], [ 79.3129037, 30.3655487 ], [ 79.3127637, 30.3657387 ], [ 79.3125343, 30.3661222 ] ] } },
{ "type": "Feature", "properties": { "osm_id": 238405125, "highway": "trunk", "name": null, "name_en": null, "ref": "NH109", "surface": "unknown", "maxspeed": "50", "oneway": "no", "access": "yes", "motor_vehicle": null, "bridge": "no", "tunnel": "no", "smoothness": null, "tracktype": null, "lanes": "2", "layer": "0", "length_m": 14377.68, "assumed_speed_kmh": 35.0, "travel_time_min": 24.6475, "is_vehicular": true, "is_arterial": true }, "geometry": { "type": "LineString", "coordinates": [ [ 79.2843278, 30.107906 ], [ 79.283853100000016, 30.1080062 ], [ 79.2834296, 30.1081296 ], [ 79.2829761, 30.1082649 ], [ 79.2828626, 30.1083767 ], [ 79.2827618, 30.1085567 ], [ 79.2827733, 30.1089068 ], [ 79.2828669, 30.1090958 ], [ 79.2830675, 30.109331 ], [ 79.2833172, 30.1094892 ], [ 79.2835802, 30.1096897 ], [ 79.283861, 30.1099326 ], [ 79.2843915, 30.1101332 ], [ 79.2845654, 30.1101293 ], [ 79.2847303, 30.1101177 ], [ 79.2848997, 30.1101833 ], [ 79.2849265, 30.1102664 ], [ 79.2847872, 30.110411 ], [ 79.2847114, 30.1104737 ], [ 79.2845687, 30.1106269 ], [ 79.2845576, 30.1107677 ], [ 79.2845899, 30.1108265 ], [ 79.2846256, 30.1109065 ], [ 79.2846445, 30.1109856 ], [ 79.2846189, 30.1110666 ], [ 79.2845565, 30.11111 ], [ 79.2845231, 30.1111235 ], [ 79.284459500000011, 30.1111254 ], [ 79.2843793, 30.1111109 ], [ 79.2843113, 30.1110724 ], [ 79.2841776, 30.1109451 ], [ 79.2840071, 30.110813 ], [ 79.2838198, 30.1107465 ], [ 79.283539, 30.1107455 ], [ 79.2833272, 30.1107378 ], [ 79.2832236, 30.1107552 ], [ 79.2830943, 30.11076 ], [ 79.2829472, 30.1107137 ], [ 79.2828357, 30.1106424 ], [ 79.2827176, 30.1105865 ], [ 79.2825894, 30.1105161 ], [ 79.2825148, 30.1105122 ], [ 79.282371, 30.110546 ], [ 79.2822841, 30.1105739 ], [ 79.2822061, 30.1106453 ], [ 79.2821548, 30.110733 ], [ 79.2821514, 30.110841 ], [ 79.2821314, 30.1108853 ], [ 79.2820812, 30.1109171 ], [ 79.2820055, 30.110948 ], [ 79.2819386, 30.1109586 ], [ 79.2818338, 30.1109653 ], [ 79.2816733, 30.1109991 ], [ 79.2815663, 30.111081 ], [ 79.2815028, 30.1111524 ], [ 79.281425900000016, 30.1112382 ], [ 79.2812877, 30.1113606 ], [ 79.281164, 30.1114994 ], [ 79.281105, 30.1116257 ], [ 79.2810804, 30.111730799999989 ], [ 79.2810581, 30.1118706 ], [ 79.2810058, 30.1121136 ], [ 79.280959, 30.1122196 ], [ 79.2809255, 30.1122919 ], [ 79.2808326, 30.1123372 ], [ 79.2807568, 30.1123314 ], [ 79.2806832, 30.1123276 ], [ 79.2805629, 30.1123006 ], [ 79.280447, 30.112264 ], [ 79.2803444, 30.112262 ], [ 79.2802642, 30.112264 ], [ 79.2800257, 30.1123122 ], [ 79.279823300000018, 30.1123131 ], [ 79.2796974, 30.1123266 ], [ 79.2795603, 30.1123363 ], [ 79.2792811, 30.1124032 ], [ 79.279027, 30.1124939 ], [ 79.278871, 30.1125536 ], [ 79.2787774, 30.1126057 ], [ 79.2785433, 30.1127542 ], [ 79.2784475, 30.1127889 ], [ 79.2782001, 30.1128274 ], [ 79.2780931, 30.1129277 ], [ 79.2780552, 30.1129855 ], [ 79.2780485, 30.1130511 ], [ 79.2780062, 30.1132015 ], [ 79.2779973, 30.113269 ], [ 79.2779594, 30.113348 ], [ 79.2778501, 30.1134136 ], [ 79.2777253, 30.1135042 ], [ 79.2776495, 30.1135563 ], [ 79.2776228, 30.1136199 ], [ 79.2775916, 30.1137163 ], [ 79.2775715, 30.1138975 ], [ 79.2775359, 30.1140982 ], [ 79.2774476, 30.114191 ], [ 79.2773405, 30.11439 ], [ 79.2772112, 30.1146354 ], [ 79.277186, 30.114706300000012 ], [ 79.2772207, 30.114799 ], [ 79.2772522, 30.114889 ], [ 79.2772932, 30.1150472 ], [ 79.277268, 30.1150881 ], [ 79.2771892, 30.1151617 ], [ 79.2771072, 30.1152898 ], [ 79.2770333, 30.1154835 ], [ 79.2770199, 30.1155914 ], [ 79.2769619, 30.1157958 ], [ 79.2769276, 30.1159579 ], [ 79.2771497, 30.1161415 ], [ 79.2771921, 30.116261 ], [ 79.2771787, 30.1164345 ], [ 79.2770294, 30.1165117 ], [ 79.2766304, 30.1165425 ], [ 79.2765189, 30.1166524 ], [ 79.2764432, 30.1167199 ], [ 79.2764699, 30.1168626 ], [ 79.276574700000012, 30.1170053 ], [ 79.2767396, 30.1171036 ], [ 79.27689340000002, 30.1171634 ], [ 79.277045, 30.1171826 ], [ 79.2772589, 30.1171865 ], [ 79.2775487, 30.1173022 ], [ 79.2777003, 30.1174371 ], [ 79.2778474, 30.117549 ], [ 79.2778296, 30.1177128 ], [ 79.2777605, 30.117788 ], [ 79.2775465, 30.1177977 ], [ 79.2773793, 30.1177861 ], [ 79.2771965, 30.1177225 ], [ 79.276909, 30.117568199999987 ], [ 79.2764432, 30.117308 ], [ 79.2763206, 30.1171499 ], [ 79.276180100000019, 30.1170708 ], [ 79.2760575, 30.1170091 ], [ 79.2759216, 30.1169397 ], [ 79.275816800000015, 30.1168414 ], [ 79.2757701, 30.1166899 ], [ 79.2756613, 30.1165863 ], [ 79.2755998, 30.1165209 ], [ 79.2755636, 30.1164595 ], [ 79.2755809, 30.1163777 ], [ 79.2756266, 30.116317699999986 ], [ 79.2757527, 30.1161841 ], [ 79.2758047, 30.1161119 ], [ 79.2758914, 30.1158596 ], [ 79.2759639, 30.1157369 ], [ 79.2760412, 30.1155992 ], [ 79.276131, 30.1154588 ], [ 79.2761846, 30.1153157 ], [ 79.276194, 30.115133 ], [ 79.2761814, 30.115058 ], [ 79.2760884, 30.1149953 ], [ 79.275956, 30.1149503 ], [ 79.2759426, 30.1148781 ], [ 79.2759393, 30.1147721 ], [ 79.2759281, 30.1147374 ], [ 79.2759059, 30.1146631 ], [ 79.2759627, 30.114478 ], [ 79.275987200000017, 30.1143797 ], [ 79.2759426, 30.114292 ], [ 79.2758836, 30.1142226 ], [ 79.275868, 30.114141600000011 ], [ 79.275966, 30.1139362 ], [ 79.2760741, 30.1137068 ], [ 79.2761299, 30.1136152 ], [ 79.2762123, 30.11354 ], [ 79.2762669, 30.1133751 ], [ 79.2762714, 30.1132749 ], [ 79.2762792, 30.1131987 ], [ 79.2762993, 30.1131303 ], [ 79.2763149, 30.1130705 ], [ 79.276365, 30.1130146 ], [ 79.2764252, 30.1129654 ], [ 79.2765099, 30.1129143 ], [ 79.2766147, 30.1128285 ], [ 79.2766548, 30.1127032 ], [ 79.276715, 30.1126145 ], [ 79.2767874, 30.1125364 ], [ 79.276857600000014, 30.1125056 ], [ 79.2769067, 30.1124728 ], [ 79.2769579, 30.1124236 ], [ 79.2769824, 30.1123908 ], [ 79.2769869, 30.1123513 ], [ 79.2769735, 30.1123118 ], [ 79.2769334, 30.1122915 ], [ 79.2769022, 30.1122829 ], [ 79.2768543, 30.1122858 ], [ 79.2767941, 30.112306 ], [ 79.2767183, 30.1123957 ], [ 79.2766592, 30.112463099999989 ], [ 79.2765355, 30.1125624 ], [ 79.2764898, 30.112656 ], [ 79.2763918, 30.112712800000011 ], [ 79.2762391, 30.1127697 ], [ 79.2762101, 30.1128112 ], [ 79.2761555, 30.11287 ], [ 79.2760318, 30.1130223 ], [ 79.2759125, 30.1131852 ], [ 79.2757287, 30.1132768 ], [ 79.2755659, 30.1133761 ], [ 79.2755269, 30.1134127 ], [ 79.2754846, 30.1134918 ], [ 79.2752661, 30.113916 ], [ 79.2752416, 30.1139844 ], [ 79.2752628, 30.1140818 ], [ 79.2753564, 30.1142968 ], [ 79.2752929, 30.1144077 ], [ 79.2752472, 30.1144539 ], [ 79.2751647, 30.1145552 ], [ 79.275122400000015, 30.1146458 ], [ 79.2751547, 30.1148791 ], [ 79.2750945, 30.114987 ], [ 79.2749976, 30.1150352 ], [ 79.2749229, 30.1150651 ], [ 79.2748683, 30.1150902 ], [ 79.2747903, 30.115137399999988 ], [ 79.2747234, 30.1152107 ], [ 79.2746142, 30.1153254 ], [ 79.2745696, 30.1154324 ], [ 79.2745607, 30.1155067 ], [ 79.2745941, 30.1155799 ], [ 79.2747022, 30.1156648 ], [ 79.2747635, 30.1157178 ], [ 79.2747814, 30.1158094 ], [ 79.2747802, 30.1158923 ], [ 79.2747, 30.1160311 ], [ 79.2746175, 30.1161728 ], [ 79.2744871, 30.1163974 ], [ 79.2743969, 30.1166298 ], [ 79.2744515, 30.1168043 ], [ 79.2747675, 30.1172082 ], [ 79.2748243, 30.1173402 ], [ 79.274712100000016, 30.1174497 ], [ 79.2745829, 30.1174797 ], [ 79.2744126, 30.1175779 ], [ 79.2742802, 30.1176679 ], [ 79.2740375, 30.1178844 ], [ 79.273924, 30.1180535 ], [ 79.2738673, 30.1181843 ], [ 79.273861, 30.118358799999989 ], [ 79.2739934, 30.1186642 ], [ 79.2741447, 30.1188933 ], [ 79.2744914, 30.1191387 ], [ 79.2749138, 30.1193077 ], [ 79.2756593, 30.11929 ], [ 79.2758075, 30.1193172 ], [ 79.2759273, 30.1193213 ], [ 79.2760124, 30.1193104 ], [ 79.2761306, 30.1192695 ], [ 79.2761826, 30.1192491 ], [ 79.2762315, 30.1192327 ], [ 79.2762803, 30.1192695 ], [ 79.276270900000014, 30.1193609 ], [ 79.2762204, 30.1194686 ], [ 79.2761687, 30.119661499999989 ], [ 79.2762155, 30.1197791 ], [ 79.2762043, 30.1198408 ], [ 79.2761241, 30.1198948 ], [ 79.2760149, 30.1199353 ], [ 79.2758365, 30.1199392 ], [ 79.2756939, 30.1199141 ], [ 79.2755356, 30.1198948 ], [ 79.275422, 30.1198755 ], [ 79.275208, 30.1198601 ], [ 79.2750341, 30.1198813 ], [ 79.2749004, 30.1199392 ], [ 79.274838, 30.1199449 ], [ 79.2747087, 30.1199122 ], [ 79.2745972, 30.119891 ], [ 79.2745014, 30.1199025 ], [ 79.2744189, 30.1199372 ], [ 79.2743231, 30.1199874 ], [ 79.2742428, 30.1200741 ], [ 79.2741024, 30.1201185 ], [ 79.2739865, 30.1201705 ], [ 79.2738126, 30.1201917 ], [ 79.2736276, 30.1202341 ], [ 79.2734404, 30.1203267 ], [ 79.2732755, 30.1204057 ], [ 79.2730882, 30.1204597 ], [ 79.2729545, 30.1205715 ], [ 79.2728765, 30.1206487 ], [ 79.2728475, 30.1207393 ], [ 79.2728609, 30.1208337 ], [ 79.2728408, 30.1209166 ], [ 79.2727472, 30.1210863 ], [ 79.2727472, 30.1211731 ], [ 79.2727517, 30.1212328 ], [ 79.2728386, 30.1213099 ], [ 79.2729233, 30.1214025 ], [ 79.2729434, 30.1215991 ], [ 79.272959, 30.1217225 ], [ 79.2730102, 30.1218806 ], [ 79.2729968, 30.1220271 ], [ 79.2729055, 30.1220888 ], [ 79.2728163, 30.122200700000011 ], [ 79.2727806, 30.1223241 ], [ 79.2727205, 30.1224455 ], [ 79.2726246, 30.1226325 ], [ 79.2724998, 30.1228407 ], [ 79.2724664, 30.1229911 ], [ 79.2724619, 30.1231627 ], [ 79.2724574, 30.1232398 ], [ 79.2723973, 30.1233247 ], [ 79.2723482, 30.1233729 ], [ 79.2721721, 30.123423 ], [ 79.2719782, 30.1234056 ], [ 79.2717509, 30.123369 ], [ 79.2715413, 30.1233459 ], [ 79.2712404, 30.123396 ], [ 79.2711245, 30.1234577 ], [ 79.2710599, 30.1235097 ], [ 79.2709975, 30.1236216 ], [ 79.2709574, 30.1237295 ], [ 79.270915, 30.123851 ], [ 79.2707902, 30.12398210000001 ], [ 79.2706342, 30.1240939 ], [ 79.270551700000013, 30.1241633 ], [ 79.2704447, 30.1242501 ], [ 79.270389, 30.124331 ], [ 79.2703422, 30.1244563 ], [ 79.2702084, 30.1246626 ], [ 79.2701638, 30.1247513 ], [ 79.2701393, 30.1248207 ], [ 79.2700992, 30.1249171 ], [ 79.2700123, 30.1250231 ], [ 79.2698941, 30.1251465 ], [ 79.2697314, 30.1253432 ], [ 79.2695709, 30.1255475 ], [ 79.2694885, 30.1256555 ], [ 79.2693949, 30.1258001 ], [ 79.2692678, 30.1259582 ], [ 79.2689936, 30.1261857 ], [ 79.2688376, 30.1263206 ], [ 79.2687551, 30.1265153 ], [ 79.2687797, 30.126594399999988 ], [ 79.2688309, 30.1267197 ], [ 79.2688265, 30.1268276 ], [ 79.2687618, 30.1269202 ], [ 79.2686972, 30.1269279 ], [ 79.2686103, 30.1269028 ], [ 79.2685701, 30.1268662 ], [ 79.2685501, 30.1268026 ], [ 79.2685434, 30.1267139 ], [ 79.2686415, 30.1264633 ], [ 79.2687529, 30.1262473 ], [ 79.2689223, 30.1260584 ], [ 79.2691519, 30.1257654 ], [ 79.2692589, 30.1255707 ], [ 79.269357, 30.1253625 ], [ 79.2695375, 30.1251292 ], [ 79.2696891, 30.1249653 ], [ 79.2697493, 30.1248766 ], [ 79.2698184, 30.1247475 ], [ 79.2698362, 30.1246395 ], [ 79.269858500000012, 30.1245624 ], [ 79.2699187, 30.1244968 ], [ 79.269941, 30.1244236 ], [ 79.2699476, 30.1243233 ], [ 79.2698919, 30.1241517 ], [ 79.2698429, 30.1239917 ], [ 79.2698563, 30.1238953 ], [ 79.2698295, 30.1237874 ], [ 79.2697961, 30.1237122 ], [ 79.2697872, 30.1235984 ], [ 79.269776, 30.1234461 ], [ 79.2696913, 30.123182 ], [ 79.2696958, 30.1230123 ], [ 79.2697136, 30.1229236 ], [ 79.269776, 30.1227636 ], [ 79.2698362, 30.1226499 ], [ 79.269838400000012, 30.1225168 ], [ 79.2698142, 30.1223784 ], [ 79.2697273, 30.1223514 ], [ 79.269627, 30.1223765 ], [ 79.2695445, 30.1224729 ], [ 79.2695178, 30.1226213 ], [ 79.2694754, 30.1228488 ], [ 79.2694219, 30.1229684 ], [ 79.2693996, 30.1231149 ], [ 79.2693729, 30.1232807 ], [ 79.269413, 30.1234658 ], [ 79.2693751, 30.1236412 ], [ 79.2693952, 30.123834 ], [ 79.2694353, 30.123969 ], [ 79.2694509, 30.1241251 ], [ 79.2695267, 30.1242466 ], [ 79.2695111, 30.1243854 ], [ 79.269384, 30.1246013 ], [ 79.2692168, 30.1248442 ], [ 79.2691745, 30.1249503 ], [ 79.269092, 30.1250389 ], [ 79.2689538, 30.1251797 ], [ 79.2687242, 30.1254033 ], [ 79.2683565, 30.1257773 ], [ 79.2681001, 30.1260646 ], [ 79.2678438, 30.1262998 ], [ 79.2676544, 30.1265735 ], [ 79.2674181, 30.1267818 ], [ 79.2672999, 30.1268512 ], [ 79.2672799, 30.1269514 ], [ 79.2673913, 30.127123 ], [ 79.2674515, 30.1271808 ], [ 79.2674203, 30.1273023 ], [ 79.2673222, 30.1273293 ], [ 79.2672041, 30.127325399999989 ], [ 79.2670258, 30.1273023 ], [ 79.266658, 30.1272656 ], [ 79.2664685, 30.1272656 ], [ 79.2662835, 30.127327299999987 ], [ 79.266161, 30.1274623 ], [ 79.2661676, 30.1276358 ], [ 79.2661387, 30.1277495 ], [ 79.2659247, 30.1280136 ], [ 79.2658578, 30.1281351 ], [ 79.2658222, 30.1282681 ], [ 79.2658043, 30.1284436 ], [ 79.265782, 30.1285264 ], [ 79.265684, 30.1286672 ], [ 79.2655636, 30.1288253 ], [ 79.265501200000017, 30.1289756 ], [ 79.2653608, 30.129187699999985 ], [ 79.2653206, 30.1292648 ], [ 79.2652694, 30.1293554 ], [ 79.2652716, 30.1294383 ], [ 79.2653385, 30.1295386 ], [ 79.2655435, 30.1296561 ], [ 79.265782, 30.1299299 ], [ 79.2659002, 30.1300263 ], [ 79.2659002, 30.1300629 ], [ 79.265831100000014, 30.1301015 ], [ 79.2657152, 30.1301304 ], [ 79.2655725, 30.1301285 ], [ 79.2654143, 30.1300976 ], [ 79.2651, 30.1300533 ], [ 79.2649127, 30.1300552 ], [ 79.2647701, 30.1300629 ], [ 79.2646341, 30.1301015 ], [ 79.264565, 30.130149700000011 ], [ 79.2644915, 30.1302191 ], [ 79.2644625, 30.1302923 ], [ 79.2644625, 30.1304099 ], [ 79.2644023, 30.1305834 ], [ 79.264331, 30.1307743 ], [ 79.2642418, 30.1308707 ], [ 79.2640412, 30.1310499 ], [ 79.2636645, 30.1313353 ], [ 79.2635442, 30.131395 ], [ 79.263401500000015, 30.1314432 ], [ 79.2632611, 30.1314798 ], [ 79.263163, 30.1315396 ], [ 79.2630672, 30.1316784 ], [ 79.2630315, 30.1317998 ], [ 79.263056, 30.1319483 ], [ 79.263027, 30.1320601 ], [ 79.2629513, 30.1321642 ], [ 79.2628554, 30.1322027 ], [ 79.2627796, 30.1322741 ], [ 79.2627038, 30.1323782 ], [ 79.2626147, 30.1324553 ], [ 79.2624542, 30.1325864 ], [ 79.2622358, 30.132783 ], [ 79.2620552, 30.132837 ], [ 79.2616339, 30.1328987 ], [ 79.2615359, 30.1329391 ], [ 79.26144, 30.1329758 ], [ 79.2613843, 30.1330336 ], [ 79.2614088, 30.1331165 ], [ 79.261527, 30.1333035 ], [ 79.2616339, 30.1335926 ], [ 79.2616897, 30.1336987 ], [ 79.2616808, 30.13377 ], [ 79.261605, 30.1338298 ], [ 79.2615047, 30.133824 ], [ 79.2613776, 30.133789300000011 ], [ 79.2612662, 30.1337488 ], [ 79.2611124, 30.1337064 ], [ 79.2608159, 30.133638900000012 ], [ 79.2605752, 30.1336119 ], [ 79.260495, 30.13361 ], [ 79.2604036, 30.1336293 ], [ 79.2603813, 30.133691 ], [ 79.260392400000015, 30.1337873 ], [ 79.2604526, 30.1339281 ], [ 79.2604816, 30.1340514 ], [ 79.260593, 30.134169 ], [ 79.2607535, 30.1343233 ], [ 79.2608115, 30.1344177 ], [ 79.260807, 30.1345334 ], [ 79.2607535, 30.134597 ], [ 79.2606242, 30.134622 ], [ 79.2605106, 30.1345912 ], [ 79.2602787, 30.1344929 ], [ 79.2600135, 30.1343599 ], [ 79.2597304, 30.1342751 ], [ 79.259503100000018, 30.1342249 ], [ 79.2593827, 30.1342134 ], [ 79.2592646, 30.1342269 ], [ 79.2590773, 30.1343406 ], [ 79.258961400000018, 30.1344563 ], [ 79.2587697, 30.1345951 ], [ 79.2586538, 30.1346992 ], [ 79.2586093, 30.134784 ], [ 79.2585558, 30.1349305 ], [ 79.2584577, 30.1350539 ], [ 79.2581278, 30.1352139 ], [ 79.2577199, 30.1354972 ], [ 79.2574658, 30.1356669 ], [ 79.2573031, 30.1358538 ], [ 79.2571092, 30.1360273 ], [ 79.2568172, 30.136116 ], [ 79.2565854, 30.1361179 ], [ 79.2564249, 30.1361025 ], [ 79.2562488, 30.1361025 ], [ 79.2561195, 30.1361276 ], [ 79.255845400000013, 30.136216199999989 ], [ 79.2556893, 30.1362934 ], [ 79.2555957, 30.1363897 ], [ 79.2554664, 30.1365015 ], [ 79.2553862, 30.1365632 ], [ 79.2551945, 30.1366615 ], [ 79.2549582, 30.1366924 ], [ 79.2547465, 30.1366905 ], [ 79.2546395, 30.1367194 ], [ 79.2544723, 30.1368331 ], [ 79.2544099, 30.1369468 ], [ 79.254323, 30.1370471 ], [ 79.254216, 30.1371165 ], [ 79.2540867, 30.1371782 ], [ 79.2538125, 30.1371974 ], [ 79.2534336, 30.1371859 ], [ 79.2532776, 30.1371666 ], [ 79.2530658, 30.137076 ], [ 79.2528229, 30.1369873 ], [ 79.2526156, 30.1369603 ], [ 79.2523548, 30.1369854 ], [ 79.2518912, 30.1371357 ], [ 79.2517976, 30.1371762 ], [ 79.2517084, 30.1372591 ], [ 79.2516571, 30.1373189 ], [ 79.2515435, 30.1373825 ], [ 79.2514343, 30.137423 ], [ 79.251325, 30.1374557 ], [ 79.2512114, 30.1375213 ], [ 79.2511333, 30.1375926 ], [ 79.2510843, 30.1377063 ], [ 79.2510018, 30.1378586 ], [ 79.2508146, 30.1380687 ], [ 79.2504803, 30.1384658 ], [ 79.2502681, 30.1386874 ], [ 79.2502712, 30.1387965 ], [ 79.250328, 30.1388701 ], [ 79.2504541, 30.138941 ], [ 79.2505707, 30.1390064 ], [ 79.2506274, 30.1390882 ], [ 79.2506905, 30.1392108 ], [ 79.2507913, 30.139309 ], [ 79.2510414, 30.1394789 ], [ 79.2511462, 30.1396524 ], [ 79.2512331, 30.1398664 ], [ 79.2512922, 30.1399965 ], [ 79.2513279, 30.1400514 ], [ 79.2513435, 30.1401391 ], [ 79.25129, 30.1401892 ], [ 79.2511551, 30.1402056 ], [ 79.2510058, 30.1401728 ], [ 79.2508018, 30.140097699999988 ], [ 79.2506146, 30.1400061 ], [ 79.2504909, 30.1398982 ], [ 79.2503282, 30.1397796 ], [ 79.2502123, 30.1397334 ], [ 79.2500373, 30.1397006 ], [ 79.2496829, 30.139683200000011 ], [ 79.2495413, 30.1396726 ], [ 79.2492404, 30.1395637 ], [ 79.2490253, 30.1395117 ], [ 79.2487077, 30.139502 ], [ 79.2486364, 30.1394934 ], [ 79.2485082, 30.1394905 ], [ 79.2484046, 30.1395059 ], [ 79.2482809, 30.13957820000001 ], [ 79.2482263, 30.1397237 ], [ 79.2481717, 30.1398008 ], [ 79.2481148, 30.1398606 ], [ 79.2480056, 30.139928 ], [ 79.2477225, 30.140033100000011 ], [ 79.2475854, 30.1400794 ], [ 79.2473592, 30.140182500000012 ], [ 79.247104, 30.140248 ], [ 79.2468845, 30.1402886 ], [ 79.246782, 30.1403459 ], [ 79.2467242, 30.140425799999985 ], [ 79.2466733, 30.140663 ], [ 79.2466019, 30.1408378 ], [ 79.2465368, 30.1409704 ], [ 79.2465881, 30.1410957 ], [ 79.2466473, 30.1411477 ], [ 79.2468689, 30.1412577 ], [ 79.24717, 30.14136 ], [ 79.24732, 30.14161 ], [ 79.2474529, 30.1419863 ], [ 79.24739, 30.14214 ], [ 79.247359, 30.1421629 ], [ 79.2472048, 30.1421607 ], [ 79.2470116, 30.1420576 ], [ 79.2467, 30.14195 ], [ 79.2464923, 30.1419411 ], [ 79.245921600000017, 30.1418783 ], [ 79.245455, 30.1417571 ], [ 79.2452227, 30.1416119 ], [ 79.2449669, 30.1413723 ], [ 79.2448183, 30.1411693 ], [ 79.2444125, 30.140858 ], [ 79.2442807, 30.1408127 ], [ 79.244048, 30.1408238 ], [ 79.2438055, 30.140943899999989 ], [ 79.2434391, 30.1411292 ], [ 79.2433182, 30.1412172 ], [ 79.2432866, 30.141289 ], [ 79.2433516, 30.1414022 ], [ 79.2434034, 30.141578 ], [ 79.2433515, 30.1416926 ], [ 79.243131, 30.1418089 ], [ 79.2428872, 30.1421277 ], [ 79.2428011, 30.1421925 ], [ 79.2427053, 30.1421947 ], [ 79.2425384, 30.1421631 ], [ 79.2421201, 30.1419568 ], [ 79.2419516, 30.1419009 ], [ 79.2418117, 30.1418736 ], [ 79.241651, 30.1419265 ], [ 79.2412365, 30.1421285 ], [ 79.2411727, 30.1422089 ], [ 79.241116, 30.1423487 ], [ 79.2411629, 30.1426403 ], [ 79.2411428, 30.1427322 ], [ 79.2410127, 30.1429179 ], [ 79.2406045, 30.1431649 ], [ 79.240468, 30.1431869 ], [ 79.240347, 30.1431023 ], [ 79.2402064, 30.1429837 ], [ 79.2400684, 30.1429404 ], [ 79.23962, 30.1428964 ], [ 79.2394127, 30.1428811 ], [ 79.239135, 30.1429368 ], [ 79.23892050000002, 30.1429828 ], [ 79.2386837, 30.1430879 ], [ 79.2385081, 30.1431756 ], [ 79.2382963, 30.1432107 ], [ 79.2378758, 30.1433045 ], [ 79.2374721, 30.1433897 ], [ 79.2370529, 30.1435476 ], [ 79.236905, 30.1436623 ], [ 79.2367712, 30.1438967 ], [ 79.2366712, 30.1439394 ], [ 79.2362548, 30.1439364 ], [ 79.2359244, 30.143858 ], [ 79.2358566, 30.1438539 ], [ 79.2355837, 30.1439042 ], [ 79.2353933, 30.1440022 ], [ 79.235254, 30.1441125 ], [ 79.2347382, 30.1442513 ], [ 79.2344037, 30.1443956 ], [ 79.2341728, 30.1445556 ], [ 79.2337908, 30.1446797 ], [ 79.2333234, 30.1449372 ], [ 79.2330338, 30.1451397 ], [ 79.232965800000017, 30.145258 ], [ 79.2328399, 30.1453633 ], [ 79.2327663, 30.1453633 ], [ 79.232695, 30.1453286 ], [ 79.2326937, 30.1452548 ], [ 79.2327948, 30.1450742 ], [ 79.2331516, 30.1448089 ], [ 79.233644500000011, 30.1445557 ], [ 79.2339058, 30.144477 ], [ 79.2341104, 30.1443861 ], [ 79.2343708, 30.1442005 ], [ 79.2346782, 30.1439007 ], [ 79.2347902, 30.1438733 ], [ 79.2350509, 30.1438181 ], [ 79.2351513, 30.1437481 ], [ 79.2353038, 30.1435873 ], [ 79.2354901, 30.1434859 ], [ 79.2358358, 30.1433893 ], [ 79.2362145, 30.1433857 ], [ 79.236418, 30.1433753 ], [ 79.2365621, 30.1432532 ], [ 79.2369121, 30.1430313 ], [ 79.237038, 30.1429457 ], [ 79.2375915, 30.142849200000011 ], [ 79.2381086, 30.1425931 ], [ 79.2384139, 30.1423632 ], [ 79.2386686, 30.1421366 ], [ 79.238974, 30.1419636 ], [ 79.2390963, 30.1418043 ], [ 79.2392058, 30.1417457 ], [ 79.2393413, 30.1417399 ], [ 79.23952970000002, 30.1418311 ], [ 79.2396774, 30.1418408 ], [ 79.2398455, 30.1416037 ], [ 79.2399532, 30.1414856 ], [ 79.240331400000017, 30.1412538 ], [ 79.2404011, 30.141148 ], [ 79.24054, 30.14095 ], [ 79.2411138, 30.1406331 ], [ 79.2413902, 30.140423 ], [ 79.241762400000013, 30.1403228 ], [ 79.2421279, 30.1400452 ], [ 79.24241, 30.13995 ], [ 79.24285, 30.13981 ], [ 79.242966, 30.1397657 ], [ 79.2429816, 30.139652 ], [ 79.2429125, 30.1395676 ], [ 79.2428189, 30.1395382 ], [ 79.2427255, 30.1395469 ], [ 79.242237, 30.13985550000001 ], [ 79.2413211, 30.1402873 ], [ 79.24047, 30.14079 ], [ 79.23988, 30.14117 ], [ 79.2398143, 30.1412959 ], [ 79.23968, 30.1413592 ], [ 79.2395054, 30.1413723 ], [ 79.2393321, 30.141345 ], [ 79.239182900000017, 30.1413471 ], [ 79.2389727, 30.141418600000012 ], [ 79.2388, 30.14158 ], [ 79.2378804, 30.1419917 ], [ 79.2370839, 30.1422419 ], [ 79.236165, 30.1424933 ], [ 79.2356881, 30.1425444 ], [ 79.2346665, 30.1428597 ], [ 79.2330434, 30.1433159 ], [ 79.23198, 30.14373 ] ] } },
{ "type": "Feature", "properties": { "osm_id": 238422605, "highway": "trunk", "name": "Pauri Highway", "name_en": null, "ref": "NH309", "surface": "asphalt", "maxspeed": "50", "oneway": "no", "access": "yes", "motor_vehicle": null, "bridge": "no", "tunnel": "no", "smoothness": null, "tracktype": null, "lanes": "2", "layer": "0", "length_m": 13167.41, "assumed_speed_kmh": 35.0, "travel_time_min": 22.5727, "is_vehicular": true, "is_arterial": true }, "geometry": { "type": "LineString", "coordinates": [ [ 78.8129306, 30.1292576 ], [ 78.812879, 30.1292843 ], [ 78.8127237, 30.1292774 ], [ 78.8125371, 30.1293889 ], [ 78.8122836, 30.1294503 ], [ 78.8117236, 30.1294803 ], [ 78.8110536, 30.1296103 ], [ 78.8108036, 30.1297103 ], [ 78.8100236, 30.1302003 ], [ 78.8097736, 30.1302803 ], [ 78.8096336, 30.130380299999985 ], [ 78.8095236, 30.1305503 ], [ 78.8092536, 30.1307203 ], [ 78.8091136, 30.1309003 ], [ 78.8089936, 30.1312603 ], [ 78.8088836, 30.1313503 ], [ 78.8086236, 30.1313603 ], [ 78.808433600000015, 30.1315303 ], [ 78.8082036, 30.1315503 ], [ 78.8078736, 30.1314903 ], [ 78.8077036, 30.1314303 ], [ 78.8074736, 30.1312103 ], [ 78.8071636, 30.1311803 ], [ 78.8069836, 30.1312803 ], [ 78.8068936, 30.13139030000001 ], [ 78.8065736, 30.1315603 ], [ 78.8064636, 30.1317103 ], [ 78.8064365, 30.1322242 ], [ 78.8063881, 30.1323299 ], [ 78.806317, 30.1323844 ], [ 78.8062379, 30.1323972 ], [ 78.8061359, 30.1323879 ], [ 78.8059536, 30.1323503 ], [ 78.8058536, 30.1324003 ], [ 78.8053936, 30.1330603 ], [ 78.8047636, 30.133300299999984 ], [ 78.8045736, 30.1334603 ], [ 78.8045236, 30.1336003 ], [ 78.8045336, 30.1338403 ], [ 78.8043236, 30.1341003 ], [ 78.8044536, 30.135450299999988 ], [ 78.8043153, 30.135663 ], [ 78.8040636, 30.1360503 ], [ 78.8039961, 30.1362002 ], [ 78.804009, 30.1363059 ], [ 78.8040679, 30.136355 ], [ 78.8041806, 30.1363987 ], [ 78.8044752, 30.1364127 ], [ 78.8047136, 30.13654 ], [ 78.8050619, 30.136532599999985 ], [ 78.8053809, 30.1365568 ], [ 78.805598, 30.1365113 ], [ 78.8058904, 30.1363634 ], [ 78.8060849, 30.1361943 ], [ 78.806209, 30.1360715 ], [ 78.8062818, 30.1360194 ], [ 78.8063718, 30.1360258 ], [ 78.806504700000019, 30.136125 ], [ 78.8068936, 30.1363203 ], [ 78.8070841, 30.1364134 ], [ 78.8072076, 30.1365888 ], [ 78.8073016, 30.1366713 ], [ 78.8077658, 30.1366758 ], [ 78.8083824, 30.1365368 ], [ 78.808706, 30.1364938 ], [ 78.8090187, 30.1364207 ], [ 78.8093448, 30.1364961 ], [ 78.8095236, 30.1367403 ], [ 78.8097936, 30.1371403 ], [ 78.8098336, 30.1372803 ], [ 78.8098497, 30.1373403 ], [ 78.8098468, 30.1373915 ], [ 78.8098159, 30.1374274 ], [ 78.8097703, 30.1374437 ], [ 78.8097236, 30.1374403 ], [ 78.8087736, 30.1374003 ], [ 78.8086736, 30.1374503 ], [ 78.8084936, 30.1379103 ], [ 78.8082836, 30.1381403 ], [ 78.8081436, 30.1382203 ], [ 78.8076036, 30.1382303 ], [ 78.8071936, 30.1384003 ], [ 78.8068536, 30.1386203 ], [ 78.8068843, 30.139145100000011 ], [ 78.8068548, 30.1392402 ], [ 78.8068213, 30.1392727 ], [ 78.806778, 30.1392796 ], [ 78.8066831, 30.1392565 ], [ 78.8065834, 30.1392231 ], [ 78.8062536, 30.1390203 ], [ 78.805833600000014, 30.1387603 ], [ 78.8056736, 30.138740299999988 ], [ 78.8050926, 30.1387995 ], [ 78.8049795, 30.1388587 ], [ 78.8049397, 30.13894560000001 ], [ 78.8049336, 30.1390503 ], [ 78.8049624, 30.1391745 ], [ 78.8050743, 30.1393622 ], [ 78.8050979, 30.1394188 ], [ 78.8051033, 30.139495399999987 ], [ 78.8050872, 30.1395255 ], [ 78.8050585, 30.1395439 ], [ 78.8043036, 30.1397803 ], [ 78.8037936, 30.1400903 ], [ 78.8028336, 30.1401303 ], [ 78.8024036, 30.1400503 ], [ 78.8022036, 30.1400603 ], [ 78.8021256, 30.1400894 ], [ 78.8021032, 30.1401333 ], [ 78.8021046, 30.1401797 ], [ 78.8021142, 30.1402267 ], [ 78.8034736, 30.1414103 ], [ 78.80358360000001, 30.1415303 ], [ 78.8036036, 30.1416703 ], [ 78.8034236, 30.1419303 ], [ 78.8032536, 30.1424903 ], [ 78.803063600000016, 30.1427703 ], [ 78.8024014, 30.1432081 ], [ 78.8023809, 30.143240299999988 ], [ 78.8023835, 30.1432786 ], [ 78.8023996, 30.143366699999987 ], [ 78.8024397, 30.1434265 ], [ 78.8025436, 30.1435903 ], [ 78.8025336, 30.1436803 ], [ 78.8024636, 30.1438003 ], [ 78.8021036, 30.1440503 ], [ 78.8020136, 30.1443003 ], [ 78.8018036, 30.1444503 ], [ 78.8017136, 30.144580299999987 ], [ 78.8016036, 30.1449503 ], [ 78.8013936, 30.1451503 ], [ 78.8013936, 30.1453803 ], [ 78.8018236, 30.1460403 ], [ 78.8021336, 30.1463503 ], [ 78.8026236, 30.1464203 ], [ 78.8028336, 30.1465003 ], [ 78.8030336, 30.1466503 ], [ 78.8032636, 30.1472703 ], [ 78.8033636, 30.1473303 ], [ 78.8034936, 30.1473303 ], [ 78.804047, 30.1470712 ], [ 78.8041015, 30.1470593 ], [ 78.8041618, 30.1470546 ], [ 78.8042249, 30.1470743 ], [ 78.8042758, 30.1471141 ], [ 78.8043936, 30.1475803 ], [ 78.805313600000019, 30.1484903 ], [ 78.8057236, 30.1489803 ], [ 78.8057836, 30.1491903 ], [ 78.8056136, 30.1494503 ], [ 78.8054536, 30.1495403 ], [ 78.8053635, 30.1495457 ], [ 78.8052685, 30.1495178 ], [ 78.8051677, 30.149483 ], [ 78.8050711, 30.1494297 ], [ 78.8048849, 30.1493458 ], [ 78.8045523, 30.1491974 ], [ 78.804276, 30.1491046 ], [ 78.8041097, 30.1489817 ], [ 78.8039247, 30.148933 ], [ 78.8037664, 30.1489747 ], [ 78.8035974, 30.1490884 ], [ 78.8033587, 30.1491278 ], [ 78.8030798, 30.1490884 ], [ 78.8027525, 30.1490304 ], [ 78.8024136, 30.1490803 ], [ 78.8017336, 30.1493303 ], [ 78.8011236, 30.1494003 ], [ 78.8009336, 30.1493303 ], [ 78.8001536, 30.1487103 ], [ 78.7997936, 30.1485403 ], [ 78.7989736, 30.1483303 ], [ 78.7986636, 30.1483203 ], [ 78.7983836, 30.1484703 ], [ 78.7979736, 30.1489503 ], [ 78.7979636, 30.1491003 ], [ 78.7980856, 30.149240099999989 ], [ 78.7981161, 30.1493137 ], [ 78.7980882, 30.149396 ], [ 78.7977351, 30.14958 ], [ 78.7977051, 30.1496233 ], [ 78.7976877, 30.1496668 ], [ 78.7977002, 30.1497473 ], [ 78.7977736, 30.1498203 ], [ 78.7979936, 30.149900299999988 ], [ 78.7984536, 30.1499703 ], [ 78.798548, 30.1500049 ], [ 78.79857610000002, 30.1500327 ], [ 78.7985926, 30.1500736 ], [ 78.798556, 30.1503064 ], [ 78.7985533, 30.1503945 ], [ 78.7985836, 30.1504503 ], [ 78.7986821, 30.1505337 ], [ 78.7989336, 30.1506703 ], [ 78.7989959, 30.1507239 ], [ 78.7990073, 30.150761 ], [ 78.799008, 30.1508016 ], [ 78.7989959, 30.1508375 ], [ 78.798985200000018, 30.1508723 ], [ 78.7989624, 30.1509007 ], [ 78.7989336, 30.1509203 ], [ 78.7984136, 30.1511403 ], [ 78.7982536, 30.1514403 ], [ 78.7981536, 30.1515303 ], [ 78.7971636, 30.1519603 ], [ 78.7966836, 30.151980299999988 ], [ 78.7965336, 30.1520403 ], [ 78.7963485, 30.1522942 ], [ 78.7963432, 30.1524773 ], [ 78.7963271, 30.1525816 ], [ 78.7962943, 30.1526176 ], [ 78.7962661, 30.1526298 ], [ 78.7962221, 30.1526461 ], [ 78.7960036, 30.1527103 ], [ 78.7958936, 30.1528303 ], [ 78.7957336, 30.1531203 ], [ 78.7956636, 30.1535803 ], [ 78.7955436, 30.1537703 ], [ 78.7955436, 30.1539603 ], [ 78.7956836, 30.1544003 ], [ 78.7962836, 30.1547103 ], [ 78.796311, 30.154742 ], [ 78.7963271, 30.1547826 ], [ 78.7963271, 30.1548197 ], [ 78.7963136, 30.1548503 ], [ 78.7961536, 30.1550003 ], [ 78.7954536, 30.1553203 ], [ 78.7952936, 30.1556103 ], [ 78.7952836, 30.1557703 ], [ 78.7954036, 30.1559903 ], [ 78.7960036, 30.1562503 ], [ 78.7960435, 30.1562814 ], [ 78.7960562, 30.1563295 ], [ 78.796053, 30.1564303 ], [ 78.7958736, 30.1568303 ], [ 78.7957736, 30.1569303 ], [ 78.7953236, 30.1569703 ], [ 78.7950136, 30.1570603 ], [ 78.7947636, 30.1573003 ], [ 78.7945236, 30.1577903 ], [ 78.7943536, 30.1580203 ], [ 78.7942136, 30.1583703 ], [ 78.7940736, 30.1585203 ], [ 78.7940736, 30.1588103 ], [ 78.79431360000001, 30.1592103 ], [ 78.7944442, 30.1595532 ], [ 78.7944335, 30.1596378 ], [ 78.7944207, 30.159661 ], [ 78.7944005, 30.1596744 ], [ 78.7943624, 30.15969 ], [ 78.7943208, 30.1596969 ], [ 78.7942609, 30.1597022 ], [ 78.7938367, 30.1596308 ], [ 78.7937314, 30.1596732 ], [ 78.7936858, 30.1597109 ], [ 78.7936498, 30.1597631 ], [ 78.7936194, 30.1598593 ], [ 78.7935271, 30.160011899999986 ], [ 78.7932236, 30.1603503 ], [ 78.7928936, 30.1605803 ], [ 78.7927736, 30.1609103 ], [ 78.7924536, 30.1610603 ], [ 78.7922436, 30.1612203 ], [ 78.7920936, 30.161480299999987 ], [ 78.7916242, 30.1616168 ], [ 78.7915917, 30.1616438 ], [ 78.7915675, 30.1616821 ], [ 78.7915501, 30.1617238 ], [ 78.7915442, 30.1617703 ], [ 78.7914736, 30.1622603 ], [ 78.7911531, 30.1628671 ], [ 78.7911317, 30.1629344 ], [ 78.7911403, 30.163004199999985 ], [ 78.7911746, 30.1630526 ], [ 78.7912536, 30.1631303 ], [ 78.79179360000002, 30.1634603 ], [ 78.791872, 30.163542 ], [ 78.7918851, 30.1636549 ], [ 78.7918264, 30.1637646 ], [ 78.7917336, 30.1638403 ], [ 78.7905936, 30.1643603 ], [ 78.7902736, 30.1646503 ], [ 78.7901836, 30.1647903 ], [ 78.7901936, 30.1650203 ], [ 78.7903136, 30.1654703 ], [ 78.7902536, 30.1657803 ], [ 78.7900736, 30.1659003 ], [ 78.7898636, 30.1661503 ], [ 78.7898036, 30.1663203 ], [ 78.7897836, 30.1665103 ], [ 78.7899736, 30.1669903 ], [ 78.790153600000011, 30.1672403 ], [ 78.7903736, 30.1673703 ], [ 78.7904636, 30.1675003 ], [ 78.7904636, 30.1676203 ], [ 78.7903736, 30.1677203 ], [ 78.7900336, 30.1678003 ], [ 78.7895036, 30.1684203 ], [ 78.7889036, 30.1687703 ], [ 78.7884936, 30.1689403 ], [ 78.7884575, 30.1689857 ], [ 78.7884428, 30.1690437 ], [ 78.7884414, 30.1691063 ], [ 78.7884736, 30.1691603 ], [ 78.7887836, 30.1693303 ], [ 78.7892663, 30.169461 ], [ 78.7893118, 30.1694814 ], [ 78.789348, 30.1695086 ], [ 78.7893661, 30.1695498 ], [ 78.789369, 30.1695928 ], [ 78.7893536, 30.1696803 ], [ 78.7890936, 30.170160299999988 ], [ 78.7887936, 30.1711103 ], [ 78.7888436, 30.1713903 ], [ 78.7890436, 30.1716003 ], [ 78.7892136, 30.1718903 ], [ 78.789193600000019, 30.1723003 ], [ 78.7890236, 30.1724903 ], [ 78.7887418, 30.1725811 ], [ 78.7886602, 30.1726141 ], [ 78.7886158, 30.1726623 ], [ 78.788593600000013, 30.1727303 ], [ 78.7886036, 30.1728403 ], [ 78.7887575, 30.172958 ], [ 78.7888491, 30.1730193 ], [ 78.788943, 30.1731005 ], [ 78.789002, 30.1731654 ], [ 78.7890131, 30.173238699999988 ], [ 78.7890315, 30.1733417 ], [ 78.7890012, 30.1734274 ], [ 78.7889036, 30.1735203 ], [ 78.7884936, 30.1736703 ], [ 78.7882136, 30.1739903 ], [ 78.7878536, 30.1741103 ], [ 78.7877636, 30.1742103 ], [ 78.7877136, 30.1743503 ], [ 78.7877536, 30.1744503 ], [ 78.7881236, 30.1747303 ], [ 78.7882136, 30.1749303 ], [ 78.7882136, 30.1750703 ], [ 78.7881136, 30.1751903 ], [ 78.7875736, 30.1755603 ], [ 78.7873836, 30.1758303 ], [ 78.787331, 30.1759085 ], [ 78.7872521, 30.1759242 ], [ 78.7871982, 30.1759248 ], [ 78.7871436, 30.1759103 ], [ 78.7870601, 30.1758506 ], [ 78.786943600000015, 30.1756803 ], [ 78.7868582, 30.175633199999986 ], [ 78.7867856, 30.1756338 ], [ 78.786754, 30.1756422 ], [ 78.7867322, 30.1756593 ], [ 78.7867211, 30.1756801 ], [ 78.7867184, 30.1757044 ], [ 78.7867636, 30.1765103 ], [ 78.7867136, 30.1766803 ], [ 78.7863236, 30.1770703 ], [ 78.785993600000012, 30.1772203 ], [ 78.7858136, 30.1774403 ], [ 78.7857436, 30.1776103 ], [ 78.7857736, 30.1780203 ], [ 78.7857036, 30.1782003 ], [ 78.7853536, 30.1786403 ], [ 78.7853436, 30.1788103 ], [ 78.7854336, 30.1790503 ], [ 78.7854036, 30.1791403 ], [ 78.7852336, 30.1792403 ], [ 78.7846536, 30.1794203 ], [ 78.7845495, 30.1795095 ], [ 78.7844968, 30.1796203 ], [ 78.7844986, 30.1797622 ], [ 78.7845254, 30.1798317 ], [ 78.7845636, 30.179870299999987 ], [ 78.7851836, 30.1802003 ], [ 78.7855736, 30.1805203 ], [ 78.7856636, 30.1808703 ], [ 78.7854436, 30.1812603 ], [ 78.7854836, 30.1816303 ], [ 78.7854436, 30.1818103 ], [ 78.7851536, 30.1823303 ], [ 78.7850536, 30.1824703 ], [ 78.7845036, 30.1828503 ], [ 78.7842836, 30.1831103 ], [ 78.7841436, 30.1835703 ], [ 78.7838636, 30.1838003 ], [ 78.7837336, 30.1841003 ], [ 78.7837736, 30.1842903 ], [ 78.7839136, 30.1843803 ], [ 78.7839436, 30.1845003 ], [ 78.7838736, 30.1854303 ], [ 78.7834236, 30.1859703 ], [ 78.7830536, 30.1862803 ], [ 78.7825936, 30.1865203 ], [ 78.7823536, 30.1869903 ], [ 78.7821236, 30.1872703 ], [ 78.7819336, 30.1874103 ], [ 78.7816836, 30.1875203 ], [ 78.7812436, 30.1875703 ], [ 78.7805236, 30.1875003 ], [ 78.7795736, 30.1872303 ], [ 78.7793736, 30.1872703 ], [ 78.7792636, 30.1873803 ], [ 78.7792536, 30.1875403 ], [ 78.7793336, 30.1878003 ], [ 78.7800636, 30.1887003 ], [ 78.7801036, 30.188880300000012 ], [ 78.7800736, 30.1891403 ], [ 78.7801436, 30.1893003 ], [ 78.7804836, 30.1896703 ], [ 78.7805936, 30.1897103 ], [ 78.7807236, 30.1897103 ], [ 78.7815436, 30.1894003 ], [ 78.7821236, 30.1892603 ], [ 78.7832931, 30.1891217 ], [ 78.7836246, 30.1888991 ], [ 78.7838896, 30.1884725 ], [ 78.7840382, 30.1882704 ], [ 78.7846527, 30.1879876 ], [ 78.7848997, 30.1878739 ], [ 78.7851436, 30.1877203 ], [ 78.7863136, 30.1876803 ], [ 78.7866436, 30.1876003 ], [ 78.786899, 30.187516799999987 ], [ 78.7869877, 30.1875061 ], [ 78.7870413, 30.187527 ], [ 78.787076200000016, 30.1875525 ], [ 78.7870896, 30.1876082 ], [ 78.7870923, 30.1876545 ], [ 78.7870641, 30.1876986 ], [ 78.7870262, 30.187726 ], [ 78.7866651, 30.187867 ], [ 78.7856936, 30.1879403 ], [ 78.7851036, 30.1881803 ], [ 78.7848336, 30.1884303 ], [ 78.7846851, 30.188799 ], [ 78.7842496, 30.189309 ], [ 78.7835536, 30.1894603 ], [ 78.7825463, 30.1897574 ], [ 78.7823666, 30.1898729 ], [ 78.7822695, 30.1900124 ], [ 78.7822057, 30.1901896 ], [ 78.782182400000011, 30.1903612 ], [ 78.782177, 30.1904385 ] ] } },
{ "type": "Feature", "properties": { "osm_id": 240827506, "highway": "trunk", "name": "Meerut-Pauri Highway", "name_en": null, "ref": "NH534", "surface": "unknown", "maxspeed": "40", "oneway": "no", "access": "yes", "motor_vehicle": null, "bridge": "no", "tunnel": "no", "smoothness": null, "tracktype": null, "lanes": "2", "layer": "0", "length_m": 6351.07, "assumed_speed_kmh": 35.0, "travel_time_min": 10.8875, "is_vehicular": true, "is_arterial": true }, "geometry": { "type": "LineString", "coordinates": [ [ 78.8019467, 30.1170009 ], [ 78.8019176, 30.1169478 ], [ 78.8018719, 30.1168971 ], [ 78.8018566, 30.1168604 ], [ 78.801848, 30.1168382 ], [ 78.8018364, 30.1168106 ], [ 78.8018123, 30.1167482 ], [ 78.801768, 30.116659 ], [ 78.8017057, 30.1165693 ], [ 78.8016375, 30.1165128 ], [ 78.8015576, 30.1164754 ], [ 78.8014307, 30.1164626 ], [ 78.8012762, 30.1164961 ], [ 78.8012008, 30.1165279 ], [ 78.8010649, 30.1165976 ], [ 78.801, 30.116631 ], [ 78.8008669, 30.1166738 ], [ 78.8008006, 30.1166669 ], [ 78.8006962, 30.1165628 ], [ 78.8006279, 30.1164466 ], [ 78.8005199, 30.116353499999985 ], [ 78.8004489, 30.1163322 ], [ 78.8003715, 30.1163248 ], [ 78.8002938, 30.1163281 ], [ 78.8001474, 30.1163338 ], [ 78.8000003, 30.1162525 ], [ 78.7999203, 30.1160932 ], [ 78.7998961, 30.1160068 ], [ 78.7998984, 30.1158363 ], [ 78.799914, 30.1157601 ], [ 78.7999943, 30.1156225 ], [ 78.8000388, 30.1155554 ], [ 78.8000769, 30.1154591 ], [ 78.8000963, 30.1154102 ], [ 78.8001322, 30.1152734 ], [ 78.800146, 30.1151493 ], [ 78.8001339, 30.1150986 ], [ 78.8001117, 30.1150578 ], [ 78.8000695, 30.115019 ], [ 78.8000152, 30.1150021 ], [ 78.799947, 30.1150176 ], [ 78.7998102, 30.1150988 ], [ 78.7996716, 30.1151885 ], [ 78.7995965, 30.1152144 ], [ 78.7995156, 30.1152237 ], [ 78.7993691, 30.1151942 ], [ 78.7993021, 30.1151653 ], [ 78.7992285, 30.1151276 ], [ 78.7990707, 30.1150507 ], [ 78.798984, 30.1149224 ], [ 78.7989549, 30.1147828 ], [ 78.7988656, 30.1146639 ], [ 78.7987988, 30.11461850000001 ], [ 78.7986383, 30.1145539 ], [ 78.7985513, 30.1145322 ], [ 78.7983786, 30.1145436 ], [ 78.7982909, 30.1145586 ], [ 78.7982064, 30.1145791 ], [ 78.7980826, 30.1146648 ], [ 78.7979977, 30.1147854 ], [ 78.7979092, 30.1149108 ], [ 78.7978594, 30.1149616 ], [ 78.7978034, 30.1150065 ], [ 78.7977487, 30.1150323 ], [ 78.7976776, 30.1150424 ], [ 78.7976179, 30.1150331 ], [ 78.797506, 30.1149474 ], [ 78.7974527, 30.114880400000011 ], [ 78.7973149, 30.1147562 ], [ 78.7971545, 30.114659 ], [ 78.7970759, 30.1146174 ], [ 78.7969469, 30.1145253 ], [ 78.7968577, 30.1143903 ], [ 78.796822800000015, 30.1143147 ], [ 78.796736, 30.1141529 ], [ 78.7966728, 30.1140757 ], [ 78.7965329, 30.1139519 ], [ 78.7963744, 30.1138758 ], [ 78.796287, 30.1138578 ], [ 78.7960971, 30.1138769 ], [ 78.7960014, 30.1139072 ], [ 78.7958997, 30.113943 ], [ 78.7957144, 30.1139818 ], [ 78.7955292, 30.113977 ], [ 78.7953564, 30.1139194 ], [ 78.7952844, 30.1138707 ], [ 78.7951496, 30.1137861 ], [ 78.7950147, 30.113742 ], [ 78.794875800000014, 30.1137368 ], [ 78.7947527, 30.1137365 ], [ 78.7946959, 30.1137137 ], [ 78.7946509, 30.1136707 ], [ 78.7946444, 30.1136117 ], [ 78.794735, 30.1134946 ], [ 78.7948479, 30.1133561 ], [ 78.794897100000014, 30.1132822 ], [ 78.7949438, 30.113207299999988 ], [ 78.7949881, 30.1131323 ], [ 78.7950467, 30.1129776 ], [ 78.795043, 30.1128572 ], [ 78.7950417, 30.1128132 ], [ 78.7950099, 30.1126575 ], [ 78.7949526, 30.1124949 ], [ 78.7949094, 30.1124091 ], [ 78.7948097, 30.112233 ], [ 78.7947666, 30.1121586 ], [ 78.7947161, 30.1120853 ], [ 78.794572, 30.1119891 ], [ 78.7944222, 30.11191 ], [ 78.7943364, 30.1117702 ], [ 78.7943127, 30.1116009 ], [ 78.7943009, 30.1115177 ], [ 78.7943035, 30.1113449 ], [ 78.7943189, 30.111177 ], [ 78.7943091, 30.1110084 ], [ 78.7943079, 30.1109249 ], [ 78.7943299, 30.1108409 ], [ 78.7944135, 30.1106794 ], [ 78.7944398, 30.1105369 ], [ 78.7944293, 30.1104636 ], [ 78.7944141, 30.1103171 ], [ 78.7944648, 30.1101679 ], [ 78.7945138, 30.1101001 ], [ 78.794635500000012, 30.1099969 ], [ 78.7947592, 30.10988080000001 ], [ 78.7948115, 30.1098083 ], [ 78.7948928, 30.1096504 ], [ 78.7949444, 30.1094818 ], [ 78.7950163, 30.1093161 ], [ 78.79502810000001, 30.1091548 ], [ 78.7950324, 30.108991 ], [ 78.7951152, 30.1088586 ], [ 78.795237, 30.1088143 ], [ 78.7953549, 30.1087918 ], [ 78.795488, 30.1086746 ], [ 78.7956027, 30.10849 ], [ 78.7956457, 30.1084137 ], [ 78.7956866, 30.1082644 ], [ 78.7957249, 30.1081072 ], [ 78.7957632, 30.1080365 ], [ 78.7958152, 30.1079736 ], [ 78.7959192, 30.1078579 ], [ 78.7959459, 30.1078072 ], [ 78.7959427, 30.1077089 ], [ 78.7959053, 30.1076679 ], [ 78.7957763, 30.1076478 ], [ 78.7956989, 30.107654 ], [ 78.7956134, 30.1076609 ], [ 78.7955215, 30.1076658 ], [ 78.7953318, 30.1076885 ], [ 78.7952341, 30.1076981 ], [ 78.7950262, 30.1077513 ], [ 78.7949081, 30.1077443 ], [ 78.7946662, 30.10763 ], [ 78.794515, 30.107528299999988 ], [ 78.7943634, 30.1074533 ], [ 78.7942943, 30.1074177 ], [ 78.7941736, 30.1073242 ], [ 78.7940456, 30.1072424 ], [ 78.7938798, 30.107225799999988 ], [ 78.7937933, 30.1072426 ], [ 78.7936208, 30.107276899999988 ], [ 78.7934503, 30.1072627 ], [ 78.7933693, 30.107230699999985 ], [ 78.793290900000017, 30.1071979 ], [ 78.7932165, 30.1071573 ], [ 78.7930765, 30.1070887 ], [ 78.7929942, 30.1070763 ], [ 78.7928041, 30.1070773 ], [ 78.7927018, 30.1070814 ], [ 78.7925066, 30.1070781 ], [ 78.7924094, 30.1070757 ], [ 78.7923235, 30.1070645 ], [ 78.792169300000012, 30.1070109 ], [ 78.7921047, 30.106962599999989 ], [ 78.7920162, 30.1068204 ], [ 78.7919883, 30.1067391 ], [ 78.7919026, 30.1065831 ], [ 78.7917742, 30.1064804 ], [ 78.7915927, 30.106444 ], [ 78.791383, 30.1064587 ], [ 78.7911749, 30.1064849 ], [ 78.7909993, 30.1065111 ], [ 78.790928800000017, 30.1065139 ], [ 78.7908682, 30.106495 ], [ 78.7907976, 30.1063974 ], [ 78.7908248, 30.106278 ], [ 78.7908422, 30.1062125 ], [ 78.7908495, 30.1061442 ], [ 78.790853, 30.1060714 ], [ 78.7908477, 30.1059369 ], [ 78.7908514, 30.1058763 ], [ 78.7908751, 30.1058176 ], [ 78.7909912, 30.1057351 ], [ 78.7911621, 30.105686 ], [ 78.7913002, 30.1056205 ], [ 78.7914281, 30.1055322 ], [ 78.7914674, 30.1054687 ], [ 78.791468, 30.105303 ], [ 78.7914361, 30.1051447 ], [ 78.7914498, 30.1049923 ], [ 78.7915136, 30.1048463 ], [ 78.7915624, 30.1047041 ], [ 78.7915778, 30.104554199999985 ], [ 78.791601, 30.1044136 ], [ 78.7916826, 30.1042907 ], [ 78.7917995, 30.1041992 ], [ 78.7918852, 30.1041001 ], [ 78.7918665, 30.1039762 ], [ 78.7917932, 30.1038911 ], [ 78.7917036, 30.1038363 ], [ 78.7916072, 30.103785099999989 ], [ 78.7915409, 30.1037121 ], [ 78.7915538, 30.1036044 ], [ 78.7916178, 30.1035481 ], [ 78.7916422, 30.1034408 ], [ 78.7915809, 30.103325 ], [ 78.7914615, 30.1032432 ], [ 78.7913859, 30.1032109 ], [ 78.7912418, 30.1031434 ], [ 78.791119, 30.1030289 ], [ 78.7910273, 30.1029136 ], [ 78.7909924, 30.1028478 ], [ 78.7910051, 30.1027099 ], [ 78.7910486, 30.1026428 ], [ 78.7911064, 30.1025769 ], [ 78.7911684, 30.1025092 ], [ 78.7912713, 30.1023706 ], [ 78.7913167, 30.1022183 ], [ 78.7913703, 30.102066 ], [ 78.7915204, 30.1019286 ], [ 78.7917879, 30.101782 ], [ 78.7918909, 30.1017237 ], [ 78.7919902, 30.1016604 ], [ 78.7922129, 30.1015115 ], [ 78.7922877, 30.1014621 ], [ 78.7924055, 30.1014092 ], [ 78.7925428, 30.1013443 ], [ 78.7925936, 30.1013186 ], [ 78.7926989, 30.101233 ], [ 78.7927669, 30.1011306 ], [ 78.792753, 30.1010184 ], [ 78.7927009, 30.1009863 ], [ 78.79256, 30.1009611 ], [ 78.7924009, 30.1009467 ], [ 78.7922749, 30.1008928 ], [ 78.7922187, 30.100858099999986 ], [ 78.7921475, 30.1007572 ], [ 78.7920672, 30.1006662 ], [ 78.7920066, 30.100633 ], [ 78.7918364, 30.1005594 ], [ 78.7916697, 30.1004942 ], [ 78.7915016, 30.100455 ], [ 78.7914246, 30.1004104 ], [ 78.791318, 30.1002709 ], [ 78.7913007, 30.1001072 ], [ 78.79134590000001, 30.099949 ], [ 78.7913918, 30.0997856 ], [ 78.7914165, 30.099705 ], [ 78.7914408, 30.099626499999989 ], [ 78.7914654, 30.0995504 ], [ 78.7915162, 30.0993991 ], [ 78.7915564, 30.0993267 ], [ 78.7916459, 30.0991765 ], [ 78.791721, 30.0990275 ], [ 78.7917421, 30.0989674 ], [ 78.7917433, 30.0988623 ], [ 78.7916498, 30.098788 ], [ 78.7915032, 30.0987671 ], [ 78.7914374, 30.0987271 ], [ 78.7913902, 30.0986457 ], [ 78.791382, 30.0985556 ], [ 78.7914227, 30.0983679 ], [ 78.7914736, 30.0981716 ], [ 78.7915193, 30.0979889 ], [ 78.7915276, 30.0978253 ], [ 78.7915194, 30.0977584 ], [ 78.7914975, 30.097694499999985 ], [ 78.7913899, 30.0975681 ], [ 78.7913124, 30.0975207 ], [ 78.791124900000014, 30.0974197 ], [ 78.7909708, 30.0973359 ], [ 78.7909105, 30.0972828 ], [ 78.7908764, 30.097178 ], [ 78.7908891, 30.0971183 ], [ 78.790954, 30.0970041 ], [ 78.7909945, 30.0969523 ], [ 78.7909962, 30.0968194 ], [ 78.7908852, 30.0967179 ], [ 78.7908005, 30.0966824 ], [ 78.7906325, 30.096618200000012 ], [ 78.7904994, 30.0965456 ], [ 78.7904485, 30.0965009 ], [ 78.7903692, 30.0963845 ], [ 78.7902944, 30.0962584 ], [ 78.7902521, 30.0961992 ], [ 78.790127, 30.0960643 ], [ 78.7900571, 30.0960069 ], [ 78.7899896, 30.0959458 ], [ 78.7898804, 30.0957857 ], [ 78.7897962, 30.0956032 ], [ 78.7897638, 30.0954545 ], [ 78.7898022, 30.095313 ], [ 78.789847400000014, 30.095145699999989 ], [ 78.7898669, 30.0950491 ], [ 78.7899062, 30.0948872 ], [ 78.789903, 30.0947352 ], [ 78.7898538, 30.0945565 ], [ 78.7898325, 30.0944738 ], [ 78.7898649, 30.0943212 ], [ 78.7899851, 30.0941787 ], [ 78.7901494, 30.0940951 ], [ 78.7903564, 30.0940653 ], [ 78.7905218, 30.0940601 ], [ 78.7907005, 30.0940687 ], [ 78.7908695, 30.094038 ], [ 78.7910179, 30.0939673 ], [ 78.791192, 30.0939296 ], [ 78.7912908, 30.0939289 ], [ 78.7914649, 30.0939131 ], [ 78.7916249, 30.0938271 ], [ 78.7917671, 30.0936977 ], [ 78.7918165, 30.0936118 ], [ 78.7918481, 30.0934769 ], [ 78.791843, 30.093410099999989 ], [ 78.7918251, 30.0933439 ], [ 78.7918019, 30.0932786 ], [ 78.7917203, 30.0931676 ], [ 78.791565, 30.0931378 ], [ 78.7913793, 30.0931523 ], [ 78.7911878, 30.0931722 ], [ 78.7909874, 30.0931907 ], [ 78.7908832, 30.0931966 ], [ 78.7906804, 30.0932047 ], [ 78.7906117, 30.093191 ], [ 78.7905243, 30.093151 ], [ 78.7903753, 30.0930718 ], [ 78.7902649, 30.0930512 ], [ 78.7900946, 30.0931432 ], [ 78.7900061, 30.0931583 ], [ 78.7898371, 30.0931269 ], [ 78.7897715, 30.0930864 ], [ 78.7897101, 30.0929605 ], [ 78.7897258, 30.0928838 ], [ 78.7897619, 30.0927363 ], [ 78.789767, 30.0925959 ], [ 78.7896549, 30.0924858 ], [ 78.7894685, 30.0924421 ], [ 78.7893624, 30.0924348 ], [ 78.7891513, 30.0924501 ], [ 78.7889567, 30.0924461 ], [ 78.7888307, 30.0923335 ], [ 78.7888018, 30.0921959 ], [ 78.7888325, 30.0920382 ], [ 78.7888567, 30.0918647 ], [ 78.7888681, 30.0917176 ], [ 78.7887812, 30.0916048 ], [ 78.788622, 30.0915633 ], [ 78.7885267, 30.0915663 ], [ 78.7884215, 30.0915719 ], [ 78.7882469, 30.091597 ], [ 78.7881633, 30.0916124 ], [ 78.788002500000019, 30.0916029 ], [ 78.7879282, 30.0915586 ], [ 78.7878058, 30.0914354 ], [ 78.787758, 30.0913827 ], [ 78.7877078, 30.091336 ], [ 78.7875742, 30.0912689 ], [ 78.787488900000014, 30.0912591 ], [ 78.7873279, 30.0912572 ], [ 78.7872166, 30.0912237 ], [ 78.7871214, 30.091151199999985 ], [ 78.787073800000016, 30.0911047 ], [ 78.7870392, 30.0910477 ], [ 78.78697, 30.0909237 ], [ 78.7868766, 30.0908049 ], [ 78.7868127, 30.0907528 ], [ 78.7867339, 30.090709199999985 ], [ 78.7866277, 30.0906944 ], [ 78.7864831, 30.0906567 ], [ 78.7864385, 30.090615 ], [ 78.786414, 30.090557 ], [ 78.7864291, 30.0904379 ], [ 78.7864016, 30.0903209 ], [ 78.7862881, 30.0902239 ], [ 78.7861109, 30.0901931 ], [ 78.7860206, 30.0901726 ], [ 78.785834500000021, 30.090075899999988 ], [ 78.7857494, 30.090003 ], [ 78.7857179, 30.0899356 ], [ 78.7856962, 30.0898075 ], [ 78.7856985, 30.0897419 ], [ 78.7857063, 30.0896038 ], [ 78.7856386, 30.0894817 ], [ 78.7855563, 30.0894092 ], [ 78.7854942, 30.0893508 ], [ 78.7854569, 30.0893204 ], [ 78.7854429, 30.0893108 ], [ 78.785404, 30.0892711 ], [ 78.7852259, 30.089142200000012 ], [ 78.7851261, 30.089102199999985 ], [ 78.7850183, 30.0890563 ], [ 78.7848249, 30.0889586 ], [ 78.7847395, 30.0889098 ], [ 78.7846123, 30.0887823 ], [ 78.7844829, 30.0886574 ], [ 78.7843462, 30.0885539 ], [ 78.7841872, 30.088512899999987 ], [ 78.7841063, 30.0885044 ], [ 78.7840357, 30.0884819 ], [ 78.7838631, 30.0884148 ], [ 78.7837175, 30.0883008 ], [ 78.7835929, 30.0881649 ], [ 78.7835437, 30.0881013 ], [ 78.7834842, 30.0879493 ], [ 78.7834801, 30.0877923 ], [ 78.7834172, 30.0876366 ], [ 78.7832855, 30.0875369 ], [ 78.7831049, 30.0875348 ], [ 78.7828988, 30.0876107 ], [ 78.7827014, 30.0876894 ], [ 78.7824856, 30.0877469 ], [ 78.7822645, 30.087769 ], [ 78.7821711, 30.0877512 ], [ 78.7820057, 30.0876719 ], [ 78.78185, 30.0875838 ], [ 78.7817305, 30.0875136 ], [ 78.7817102, 30.0874218 ], [ 78.781722700000017, 30.0873326 ], [ 78.7818755, 30.0872134 ], [ 78.7820147, 30.0871145 ], [ 78.7820825, 30.0870807 ], [ 78.7822732, 30.087105499999989 ], [ 78.782442, 30.0870628 ], [ 78.7825025, 30.0870083 ], [ 78.7826025, 30.0868228 ], [ 78.7826372, 30.0866352 ], [ 78.7826096, 30.0865576 ], [ 78.7825785, 30.0864876 ], [ 78.7825353, 30.0863394 ], [ 78.7825108, 30.086172 ], [ 78.782437200000018, 30.0860328 ], [ 78.7823178, 30.0859123 ], [ 78.782202, 30.0858097 ], [ 78.7820253, 30.085791 ], [ 78.7819226, 30.0857973 ], [ 78.7817207, 30.0858035 ], [ 78.781620600000011, 30.0858015 ], [ 78.78142010000002, 30.0857717 ], [ 78.7813577, 30.0857405 ], [ 78.7812994, 30.0856459 ], [ 78.7812213, 30.0854887 ], [ 78.7811466, 30.0853433 ], [ 78.7810854, 30.085179400000012 ], [ 78.7810851, 30.0850888 ], [ 78.7810707, 30.0850071 ], [ 78.781035, 30.0849525 ], [ 78.7808841, 30.084896 ], [ 78.7807833, 30.0848751 ], [ 78.7805859, 30.0848425 ], [ 78.7805017, 30.0848358 ], [ 78.7803412, 30.0848435 ], [ 78.780164700000014, 30.0848601 ], [ 78.7800175, 30.0848542 ], [ 78.7799434, 30.0848273 ], [ 78.7797598, 30.0847713 ], [ 78.7796586, 30.0847397 ], [ 78.7794626, 30.084673599999984 ], [ 78.7793415, 30.0845878 ], [ 78.779276, 30.0844907 ], [ 78.7792971, 30.0843325 ] ] } },
{ "type": "Feature", "properties": { "osm_id": 240827577, "highway": "trunk", "name": null, "name_en": null, "ref": "NH309", "surface": "unknown", "maxspeed": "40", "oneway": "no", "access": "yes", "motor_vehicle": null, "bridge": "no", "tunnel": "no", "smoothness": null, "tracktype": null, "lanes": "2", "layer": "0", "length_m": 1330.69, "assumed_speed_kmh": 35.0, "travel_time_min": 2.2812, "is_vehicular": true, "is_arterial": true }, "geometry": { "type": "LineString", "coordinates": [ [ 78.8019467, 30.1170009 ], [ 78.8021417, 30.1169055 ], [ 78.8022883, 30.116851299999986 ], [ 78.802502600000011, 30.116843 ], [ 78.8025567, 30.1168449 ], [ 78.8026343, 30.1168622 ], [ 78.8027783, 30.1169192 ], [ 78.8030383, 30.1170102 ], [ 78.8033133, 30.1171042 ], [ 78.8033827, 30.1171134 ], [ 78.8034423, 30.1171042 ], [ 78.8035493, 30.1170472 ], [ 78.8036469, 30.1169974 ], [ 78.8037023, 30.1169882 ], [ 78.8039843, 30.1169952 ], [ 78.8042363, 30.1170072 ], [ 78.8044873, 30.1170142 ], [ 78.8047243, 30.1170712 ], [ 78.8049223, 30.1171312 ], [ 78.8050753, 30.1172532 ], [ 78.8051593, 30.1173062 ], [ 78.8052583, 30.1173442 ], [ 78.8053953, 30.1173482 ], [ 78.8058303, 30.1173022 ], [ 78.8060133, 30.1172792 ], [ 78.8061663, 30.1172242 ], [ 78.8062653, 30.1171632 ], [ 78.8063723, 30.1171122 ], [ 78.8064863, 30.1171082 ], [ 78.8065571, 30.1171355 ], [ 78.8066083, 30.1171732 ], [ 78.8067003, 30.1172702 ], [ 78.8068603, 30.1174192 ], [ 78.8072113, 30.1176422 ], [ 78.8073713, 30.1177202 ], [ 78.8075866, 30.1178053 ], [ 78.807653, 30.1178524 ], [ 78.8077383, 30.1179302 ], [ 78.8079213, 30.1180732 ], [ 78.8080053, 30.1181282 ], [ 78.8080963, 30.1181612 ], [ 78.8081953, 30.1181832 ], [ 78.8083633, 30.1181572 ], [ 78.8085463, 30.1180922 ], [ 78.8086763, 30.1180142 ], [ 78.8087983, 30.1179792 ], [ 78.8089133, 30.1179722 ], [ 78.8089963, 30.1180272 ], [ 78.8090803, 30.1181282 ], [ 78.8091263, 30.1182122 ], [ 78.8091803, 30.1182772 ], [ 78.8092793, 30.1183062 ], [ 78.8095153, 30.1182962 ], [ 78.8098743, 30.1182772 ], [ 78.8102223, 30.1183095 ], [ 78.810251, 30.1183004 ], [ 78.8103041, 30.1182897 ], [ 78.810384200000016, 30.1182693 ], [ 78.810453, 30.1182654 ], [ 78.8105303, 30.1182642 ], [ 78.8105924, 30.1182747 ], [ 78.8106443, 30.1183062 ], [ 78.8107283, 30.1184032 ], [ 78.8108123, 30.118471199999984 ], [ 78.8110033, 30.1185172 ], [ 78.8112623, 30.1185592 ], [ 78.8114003, 30.1185652 ], [ 78.8119803, 30.1184262 ], [ 78.81214030000001, 30.1183802 ], [ 78.8122112, 30.1183825 ], [ 78.8122773, 30.1183972 ], [ 78.8123383, 30.1184582 ], [ 78.8124073, 30.1185552 ], [ 78.8124633, 30.1185995 ], [ 78.812535, 30.1186232 ], [ 78.8127883, 30.1186722 ], [ 78.8131013, 30.1187462 ], [ 78.8132693, 30.1187632 ], [ 78.8133993, 30.1187592 ], [ 78.8135513, 30.1187232 ], [ 78.8137709, 30.1186099 ], [ 78.8138033, 30.1186012 ], [ 78.8141233, 30.1185552 ], [ 78.8142951, 30.1185276 ], [ 78.8143261, 30.1185392 ], [ 78.814413, 30.1186097 ] ] } },
{ "type": "Feature", "properties": { "osm_id": 284660152, "highway": "trunk", "name": "Meerut-Pauri Highway", "name_en": null, "ref": "NH309", "surface": "unknown", "maxspeed": "40", "oneway": "no", "access": "yes", "motor_vehicle": null, "bridge": "no", "tunnel": "no", "smoothness": null, "tracktype": null, "lanes": "2", "layer": "0", "length_m": 4816.28, "assumed_speed_kmh": 35.0, "travel_time_min": 8.2565, "is_vehicular": true, "is_arterial": true }, "geometry": { "type": "LineString", "coordinates": [ [ 78.7766872, 30.146490399999987 ], [ 78.77675, 30.1462385 ], [ 78.7767883, 30.1460893 ], [ 78.7768314, 30.1458779 ], [ 78.7768554, 30.1456003 ], [ 78.7769417, 30.1452853 ], [ 78.7770567, 30.1451112 ], [ 78.7772005, 30.1449537 ], [ 78.7775024, 30.1446719 ], [ 78.7778331, 30.1444233 ], [ 78.7780727, 30.1441953 ], [ 78.7782069, 30.1440959 ], [ 78.7784992, 30.1440959 ], [ 78.7788299, 30.1440461 ], [ 78.7791079, 30.1440337 ], [ 78.779323600000012, 30.1439011 ], [ 78.7795392, 30.1437726 ], [ 78.7797645, 30.1435778 ], [ 78.7799226, 30.14347 ], [ 78.7800904, 30.1434037 ], [ 78.7801814, 30.143283499999988 ], [ 78.7803587, 30.14302240000001 ], [ 78.7805984, 30.1427448 ], [ 78.7807757, 30.1426453 ], [ 78.7808763, 30.1425748 ], [ 78.7809626, 30.1423759 ], [ 78.7809961, 30.1421521 ], [ 78.7810585, 30.1419739 ], [ 78.7811208, 30.1417418 ], [ 78.7811974, 30.1415802 ], [ 78.7812885, 30.1413729 ], [ 78.7812981, 30.1411823 ], [ 78.7813125, 30.1405896 ], [ 78.781322, 30.140204199999989 ], [ 78.7813843, 30.1398768 ], [ 78.7814658, 30.1396737 ], [ 78.7814658, 30.1392551 ], [ 78.7814754, 30.1389857 ], [ 78.7814409, 30.1388645 ], [ 78.7814476, 30.1388204 ], [ 78.7814851, 30.1387856 ], [ 78.7815844, 30.1387578 ], [ 78.7816796, 30.1387589 ], [ 78.781772100000012, 30.1387589 ], [ 78.7818633, 30.1387311 ], [ 78.7819143, 30.1386754 ], [ 78.7821469, 30.1383321 ], [ 78.782153, 30.1382561 ], [ 78.7821288, 30.1381483 ], [ 78.7821423, 30.1380862 ], [ 78.782222, 30.1380306 ], [ 78.7822898, 30.1380085 ], [ 78.782334, 30.1380068 ], [ 78.7825077, 30.1380682 ], [ 78.7826197, 30.1380769 ], [ 78.7827109, 30.1380769 ], [ 78.7828007, 30.138045 ], [ 78.7829707, 30.1379827 ], [ 78.7832438, 30.1378127 ], [ 78.7835122, 30.1376138 ], [ 78.7836416, 30.1374729 ], [ 78.7836943, 30.1373154 ], [ 78.7838046, 30.1371786 ], [ 78.7839292, 30.1370667 ], [ 78.7844002, 30.1367539 ], [ 78.7844841, 30.1366731 ], [ 78.7846543, 30.1365715 ], [ 78.7848364, 30.1364306 ], [ 78.7849178, 30.136157099999988 ], [ 78.7848747, 30.1359954 ], [ 78.7847741, 30.1356721 ], [ 78.7848268, 30.135481500000012 ], [ 78.7848891, 30.1353571 ], [ 78.7850281, 30.1352038 ], [ 78.7853276, 30.1347148 ], [ 78.7854235, 30.1345428 ], [ 78.7854738, 30.1343066 ], [ 78.7855768, 30.134033 ], [ 78.7855984, 30.1338962 ], [ 78.7857326, 30.133657899999989 ], [ 78.7858763, 30.1335356 ], [ 78.7860225, 30.133146 ], [ 78.786010500000017, 30.133005099999988 ], [ 78.7859746, 30.1327875 ], [ 78.7859434, 30.1325098 ], [ 78.7859434, 30.1323979 ], [ 78.7860417, 30.1321657 ], [ 78.7861399, 30.1320476 ], [ 78.7862813, 30.1319108 ], [ 78.786346, 30.1317803 ], [ 78.7864514, 30.131544 ], [ 78.7865473, 30.131457 ], [ 78.786715, 30.1313699 ], [ 78.786763, 30.1313243 ], [ 78.7868037, 30.1312269 ], [ 78.7868061, 30.1310487 ], [ 78.7866647, 30.1308787 ], [ 78.7865593, 30.1308373 ], [ 78.7863652, 30.1307751 ], [ 78.7862856, 30.1307635 ], [ 78.786231, 30.1307046 ], [ 78.7862125, 30.1306579 ], [ 78.7862262, 30.1305989 ], [ 78.7863005, 30.1305202 ], [ 78.7864467, 30.1305036 ], [ 78.7865737, 30.130485 ], [ 78.7867893, 30.1304974 ], [ 78.7870457, 30.1304808 ], [ 78.7871667, 30.1304642 ], [ 78.787227700000017, 30.1304329 ], [ 78.7872901, 30.1303544 ], [ 78.7873644, 30.1302466 ], [ 78.7874507, 30.1300684 ], [ 78.7875681, 30.1298135 ], [ 78.78764, 30.1295689 ], [ 78.7876513, 30.1294871 ], [ 78.7876441, 30.1292954 ], [ 78.7876393, 30.1292395 ], [ 78.7876836, 30.129141 ], [ 78.7877836, 30.1290501 ], [ 78.7878582, 30.1289065 ], [ 78.7879531, 30.1286808 ], [ 78.7881089, 30.1283848 ], [ 78.7882275, 30.1281884 ], [ 78.7881835, 30.1278191 ], [ 78.7881767, 30.1274967 ], [ 78.7882038, 30.1273296 ], [ 78.7882648, 30.1272212 ], [ 78.7884783, 30.1270834 ], [ 78.7885393, 30.1270043 ], [ 78.7885868, 30.1269105 ], [ 78.7885563, 30.1267639 ], [ 78.7885668, 30.1266898 ], [ 78.788605, 30.1266458 ], [ 78.7886918, 30.1265646 ], [ 78.7889629, 30.1263565 ], [ 78.78919, 30.1262129 ], [ 78.7894611, 30.1258201 ], [ 78.7899676, 30.1255945 ], [ 78.7902455, 30.1255282 ], [ 78.7903941, 30.1254826 ], [ 78.7904516, 30.125379 ], [ 78.7905666, 30.125196599999988 ], [ 78.7907775, 30.124910599999989 ], [ 78.7908781, 30.1247489 ], [ 78.7910698, 30.1243344 ], [ 78.7912184, 30.1240774 ], [ 78.7913861, 30.1238162 ], [ 78.7915251, 30.123538499999988 ], [ 78.7916306, 30.1233644 ], [ 78.7917648, 30.1231074 ], [ 78.7919613, 30.1227757 ], [ 78.7921482, 30.1225809 ], [ 78.792359, 30.122411 ], [ 78.7927664, 30.122183 ], [ 78.7930252, 30.1221415 ], [ 78.7932351, 30.1221363 ], [ 78.7933607, 30.1221332 ], [ 78.7935715, 30.1221332 ], [ 78.7938495, 30.1222161 ], [ 78.7939549, 30.1222534 ], [ 78.794113100000018, 30.1222286 ], [ 78.7942569, 30.1221622 ], [ 78.7944773, 30.1221664 ], [ 78.7947409, 30.122241 ], [ 78.794923, 30.1223073 ], [ 78.795177, 30.1223363 ], [ 78.7954598, 30.1223446 ], [ 78.7956994, 30.1223612 ], [ 78.7959414, 30.1223032 ], [ 78.7960996, 30.1223156 ], [ 78.7961331, 30.1223239 ], [ 78.7961907, 30.122384 ], [ 78.796241, 30.1225229 ], [ 78.7962673, 30.1225529 ], [ 78.7963201, 30.122517 ], [ 78.7963413, 30.1225097 ], [ 78.7963767, 30.1224983 ], [ 78.7964149, 30.1224826 ], [ 78.7964431, 30.1224496 ], [ 78.7964633, 30.1223627 ], [ 78.7964863, 30.1221657 ], [ 78.7965173, 30.1219807 ], [ 78.7965243, 30.1218187 ], [ 78.7964713, 30.1216377 ], [ 78.7964713, 30.1214927 ], [ 78.7965473, 30.1212387 ], [ 78.7966923, 30.1209057 ], [ 78.7968753, 30.1205757 ], [ 78.7968833, 30.1204207 ], [ 78.7969593, 30.1202417 ], [ 78.7970513, 30.1201257 ], [ 78.7972193, 30.1200277 ], [ 78.7975243, 30.1199477 ], [ 78.7976543, 30.1198757 ], [ 78.7977153, 30.1197687 ], [ 78.7977833, 30.1194517 ], [ 78.7978063, 30.1193777 ], [ 78.7978903, 30.1193257 ], [ 78.7980053, 30.1193357 ], [ 78.7981043, 30.1193837 ], [ 78.7982113, 30.1194287 ], [ 78.7983253, 30.1194557 ], [ 78.7984553, 30.1194657 ], [ 78.7986003, 30.1194197 ], [ 78.7986993, 30.1194097 ], [ 78.7987983, 30.1194517 ], [ 78.7989053, 30.1194977 ], [ 78.7990653, 30.1195267 ], [ 78.7992563, 30.1195357 ], [ 78.7994773, 30.1195417 ], [ 78.7995993, 30.1194557 ], [ 78.7997143, 30.1193317 ], [ 78.79988130000001, 30.1191277 ], [ 78.8000113, 30.1189107 ], [ 78.8000953, 30.1187847 ], [ 78.8001713, 30.1186647 ], [ 78.8002023, 30.1186167 ], [ 78.8003163, 30.1183837 ], [ 78.8004923, 30.1182407 ], [ 78.8007133, 30.1180137 ], [ 78.8008503, 30.117878699999988 ], [ 78.8009653, 30.1177967 ], [ 78.8010943, 30.1177677 ], [ 78.8012323, 30.1176937 ], [ 78.8013613, 30.1175867 ], [ 78.8014613, 30.1173917 ], [ 78.8016358, 30.1172497 ], [ 78.8017112, 30.117192 ], [ 78.8017736, 30.1171399 ], [ 78.8017995, 30.1171119 ], [ 78.8018337, 30.1170943 ], [ 78.8018826, 30.1170667 ], [ 78.80192, 30.1170531 ], [ 78.8019467, 30.1170009 ] ] } },
{ "type": "Feature", "properties": { "osm_id": 284660161, "highway": "trunk", "name": null, "name_en": null, "ref": "NH309", "surface": "unknown", "maxspeed": "40", "oneway": "no", "access": "yes", "motor_vehicle": null, "bridge": "no", "tunnel": "no", "smoothness": null, "tracktype": null, "lanes": "2", "layer": "0", "length_m": 739.73, "assumed_speed_kmh": 35.0, "travel_time_min": 1.2681, "is_vehicular": true, "is_arterial": true }, "geometry": { "type": "LineString", "coordinates": [ [ 78.814413, 30.1186097 ], [ 78.814535, 30.1186477 ], [ 78.814665, 30.1187447 ], [ 78.814809, 30.1187907 ], [ 78.814954, 30.1187907 ], [ 78.815351, 30.1188197 ], [ 78.815519, 30.1189267 ], [ 78.815778, 30.1190007 ], [ 78.815908, 30.1191117 ], [ 78.816053, 30.1191797 ], [ 78.816503, 30.1193477 ], [ 78.816847, 30.1194257 ], [ 78.817083, 30.1195247 ], [ 78.817281, 30.1196487 ], [ 78.817365, 30.1197937 ], [ 78.817442, 30.1198457 ], [ 78.817648, 30.119946699999986 ], [ 78.818128, 30.1200577 ], [ 78.818403, 30.120144700000012 ], [ 78.818533, 30.1201827 ], [ 78.818655, 30.1201697 ], [ 78.818823, 30.1200857 ], [ 78.819051, 30.1199977 ], [ 78.819303, 30.1198817 ], [ 78.819669, 30.1197657 ], [ 78.819898, 30.1196227 ], [ 78.820028, 30.1195097 ], [ 78.820394, 30.1194827 ], [ 78.820638, 30.1195287 ], [ 78.820837, 30.1195647 ], [ 78.821134, 30.1195517 ], [ 78.8212555, 30.119582 ], [ 78.821354, 30.1195964 ] ] } },
{ "type": "Feature", "properties": { "osm_id": 288196501, "highway": "trunk", "name": null, "name_en": null, "ref": "NH7", "surface": "unknown", "maxspeed": "50", "oneway": "no", "access": "yes", "motor_vehicle": null, "bridge": "no", "tunnel": "no", "smoothness": null, "tracktype": null, "lanes": "2", "layer": "0", "length_m": 2179.59, "assumed_speed_kmh": 35.0, "travel_time_min": 3.7364, "is_vehicular": true, "is_arterial": true }, "geometry": { "type": "LineString", "coordinates": [ [ 79.3214316, 30.3279373 ], [ 79.321416, 30.3279982 ], [ 79.3211727, 30.3283996 ], [ 79.321016, 30.3286582 ], [ 79.321026, 30.3289282 ], [ 79.320876, 30.3290782 ], [ 79.320856, 30.3292582 ], [ 79.320326, 30.3299582 ], [ 79.320106, 30.3300782 ], [ 79.319946, 30.3302882 ], [ 79.319916, 30.3303982 ], [ 79.320036, 30.3306382 ], [ 79.3198581, 30.3315371 ], [ 79.319666, 30.3325082 ], [ 79.319656, 30.3327082 ], [ 79.319746, 30.3329682 ], [ 79.319946, 30.3330082 ], [ 79.320146, 30.3329382 ], [ 79.320406, 30.3329382 ], [ 79.320786, 30.3330582 ], [ 79.320976, 30.3331782 ], [ 79.320656, 30.3337382 ], [ 79.320766, 30.3339682 ], [ 79.320906, 30.3340882 ], [ 79.320926, 30.3342482 ], [ 79.320286, 30.3347782 ], [ 79.320216, 30.3349382 ], [ 79.320186, 30.3352782 ], [ 79.320046, 30.3355782 ], [ 79.319946, 30.3360482 ], [ 79.319766, 30.3362782 ], [ 79.319686, 30.3365382 ], [ 79.319586, 30.3367082 ], [ 79.318836, 30.3374082 ], [ 79.318656, 30.3377082 ], [ 79.318616, 30.3381082 ], [ 79.318556, 30.3381982 ], [ 79.318206, 30.338538199999988 ], [ 79.317836, 30.3387782 ], [ 79.317636, 30.3392182 ], [ 79.317606, 30.339558199999988 ], [ 79.317526, 30.3397182 ], [ 79.317036, 30.3398582 ], [ 79.316896, 30.3400082 ], [ 79.316756, 30.3407182 ], [ 79.316826, 30.3409082 ], [ 79.316926, 30.3409982 ], [ 79.317136, 30.3411082 ], [ 79.317366, 30.3411382 ], [ 79.31863610000002, 30.3406883 ], [ 79.3189653, 30.3405124 ], [ 79.3192525, 30.3404978 ], [ 79.3193609, 30.3406422 ], [ 79.3195206, 30.3409299 ], [ 79.3197911, 30.3410269 ], [ 79.3201379, 30.3410149 ], [ 79.3204059, 30.3410904 ], [ 79.3204805, 30.3412441 ] ] } },
{ "type": "Feature", "properties": { "osm_id": 288196506, "highway": "trunk", "name": null, "name_en": null, "ref": "NH7", "surface": "unknown", "maxspeed": "50", "oneway": "no", "access": "yes", "motor_vehicle": null, "bridge": "yes", "tunnel": "no", "smoothness": null, "tracktype": null, "lanes": "2", "layer": "1", "length_m": 69.85, "assumed_speed_kmh": 35.0, "travel_time_min": 0.1197, "is_vehicular": true, "is_arterial": true }, "geometry": { "type": "LineString", "coordinates": [ [ 79.320656, 30.3264782 ], [ 79.3213794, 30.3264209 ] ] } },
{ "type": "Feature", "properties": { "osm_id": 288197360, "highway": "trunk", "name": null, "name_en": null, "ref": "NH107", "surface": "unknown", "maxspeed": "50", "oneway": "no", "access": "yes", "motor_vehicle": null, "bridge": "no", "tunnel": "no", "smoothness": null, "tracktype": null, "lanes": "2", "layer": "0", "length_m": 3616.23, "assumed_speed_kmh": 35.0, "travel_time_min": 6.1993, "is_vehicular": true, "is_arterial": true }, "geometry": { "type": "LineString", "coordinates": [ [ 79.04891, 30.55326 ], [ 79.04926, 30.55342 ], [ 79.04932, 30.55349 ], [ 79.04935, 30.55367 ], [ 79.04948, 30.55381 ], [ 79.04995, 30.55391 ], [ 79.05055, 30.55456 ], [ 79.0507, 30.5548 ], [ 79.05135, 30.55506 ], [ 79.05257, 30.5554 ], [ 79.05288, 30.55563 ], [ 79.05319, 30.55612 ], [ 79.05338, 30.55654 ], [ 79.0534, 30.55749 ], [ 79.05349, 30.55758 ], [ 79.05378, 30.5576 ], [ 79.05391, 30.55767 ], [ 79.05397, 30.55778 ], [ 79.05399, 30.55809 ], [ 79.0543, 30.55853 ], [ 79.05511, 30.55881 ], [ 79.05543, 30.55908 ], [ 79.05547, 30.55917 ], [ 79.05545, 30.55949 ], [ 79.05576, 30.56022 ], [ 79.05588, 30.56032 ], [ 79.05623, 30.56041 ], [ 79.0563, 30.56049 ], [ 79.05625, 30.56076 ], [ 79.05631, 30.56086 ], [ 79.05701, 30.56096 ], [ 79.05731, 30.56106 ], [ 79.05753, 30.56156 ], [ 79.05749, 30.56221 ], [ 79.0576, 30.56242 ], [ 79.0579, 30.56253 ], [ 79.05814, 30.56272 ], [ 79.05881, 30.56263 ], [ 79.0591, 30.56226 ], [ 79.05937, 30.56218 ], [ 79.06082, 30.56242 ], [ 79.06121, 30.56236 ], [ 79.0615, 30.56237 ], [ 79.06161, 30.56239 ], [ 79.06173, 30.56248 ], [ 79.06171, 30.56264 ], [ 79.06158, 30.56288 ], [ 79.06161, 30.563 ], [ 79.06181, 30.56317 ], [ 79.06214, 30.56363 ], [ 79.0625, 30.56432 ], [ 79.0627, 30.56526 ], [ 79.06261, 30.56537 ], [ 79.06209, 30.56565 ], [ 79.06137, 30.5662 ], [ 79.06123, 30.56639 ], [ 79.06114, 30.56688 ], [ 79.06093, 30.56731 ], [ 79.06052, 30.56785 ], [ 79.06023, 30.56807 ], [ 79.06, 30.56849 ], [ 79.0593, 30.56926 ], [ 79.05928, 30.56941 ], [ 79.05934, 30.5697 ], [ 79.05924, 30.57014 ], [ 79.05925, 30.57029 ], [ 79.05976, 30.57086 ], [ 79.05969, 30.57138 ], [ 79.0596, 30.57148 ], [ 79.05911, 30.57167 ], [ 79.05903, 30.5718 ], [ 79.05893, 30.57223 ], [ 79.05838, 30.57273 ], [ 79.05767, 30.5731 ], [ 79.05717, 30.57346 ], [ 79.05685, 30.57358 ], [ 79.05675, 30.57375 ], [ 79.05662, 30.57437 ], [ 79.05626, 30.57483 ] ] } },
{ "type": "Feature", "properties": { "osm_id": 310269489, "highway": "trunk", "name": null, "name_en": null, "ref": "NH309", "surface": "unknown", "maxspeed": null, "oneway": "no", "access": "yes", "motor_vehicle": null, "bridge": "no", "tunnel": "no", "smoothness": null, "tracktype": null, "lanes": null, "layer": "0", "length_m": 3376.94, "assumed_speed_kmh": 35.0, "travel_time_min": 5.789, "is_vehicular": true, "is_arterial": true }, "geometry": { "type": "LineString", "coordinates": [ [ 78.8908711, 30.106699 ], [ 78.8910232, 30.1067403 ], [ 78.8910797, 30.106793 ], [ 78.8910536, 30.1069922 ], [ 78.8911492, 30.1072478 ], [ 78.8914707, 30.1077365 ], [ 78.8916489, 30.108071 ], [ 78.8917401, 30.1085258 ], [ 78.8918575, 30.1089882 ], [ 78.8917575, 30.109334 ], [ 78.8917097, 30.1097588 ], [ 78.8916141, 30.1099693 ], [ 78.8916315, 30.1104617 ], [ 78.8917619, 30.1107173 ], [ 78.891831400000015, 30.1110668 ], [ 78.8919835, 30.1113375 ], [ 78.892205100000012, 30.1116081 ], [ 78.8923919, 30.1117058 ], [ 78.8926657, 30.1116908 ], [ 78.8930828, 30.1116044 ], [ 78.8934043, 30.111548 ], [ 78.8936042, 30.1115856 ], [ 78.8939953, 30.1118073 ], [ 78.8943733, 30.112093 ], [ 78.8945341, 30.1123787 ], [ 78.8950164, 30.1126794 ], [ 78.8953466, 30.1129199 ], [ 78.8957768, 30.1133184 ], [ 78.895968, 30.1135476 ], [ 78.8962548, 30.1136303 ], [ 78.8967241, 30.1136266 ], [ 78.8969804, 30.1138145 ], [ 78.8972716, 30.1140739 ], [ 78.8975062, 30.1142919 ], [ 78.897727800000013, 30.1143708 ], [ 78.8980885, 30.1143971 ], [ 78.8983492, 30.1144046 ], [ 78.8986186, 30.1145362 ], [ 78.8988489, 30.114882 ], [ 78.8988836, 30.1150135 ], [ 78.8991487, 30.1154232 ], [ 78.899392, 30.1158029 ], [ 78.899518, 30.116081 ], [ 78.8997179, 30.1163704 ], [ 78.89987, 30.1166673 ], [ 78.8998135, 30.1169492 ], [ 78.8998265, 30.1172236 ], [ 78.9000351, 30.1176032 ], [ 78.9000525, 30.1178363 ], [ 78.9000655, 30.1180468 ], [ 78.900282800000014, 30.118246 ], [ 78.9004131, 30.1184264 ], [ 78.900613, 30.1186632 ], [ 78.9007868, 30.1191255 ], [ 78.9009824, 30.1194712 ], [ 78.9011736, 30.1198133 ], [ 78.9013474, 30.1199749 ], [ 78.9017236, 30.1201406 ], [ 78.9019818, 30.1201854 ], [ 78.9024771, 30.1202455 ], [ 78.9028986, 30.1202455 ], [ 78.9031463, 30.1202004 ], [ 78.9033592, 30.1201177 ], [ 78.9036503, 30.1199636 ], [ 78.9038806, 30.1196667 ], [ 78.9039979, 30.1192382 ], [ 78.9040457, 30.1187083 ], [ 78.9040544, 30.1183963 ], [ 78.9039197, 30.1181557 ], [ 78.9038806, 30.1176897 ], [ 78.903785, 30.1172048 ], [ 78.903554700000015, 30.11672 ], [ 78.903281, 30.1163065 ], [ 78.9029985, 30.1161073 ], [ 78.9027422, 30.1159231 ], [ 78.9026509, 30.115769 ], [ 78.9026509, 30.1155172 ], [ 78.9025336, 30.1152691 ], [ 78.9025466, 30.1150586 ], [ 78.9027639, 30.1147993 ], [ 78.9030985, 30.1146715 ], [ 78.903646, 30.1146414 ], [ 78.9039371, 30.114660199999989 ], [ 78.904276, 30.114664 ], [ 78.9045411, 30.11457 ], [ 78.9049191, 30.1143144 ], [ 78.9050929, 30.1140851 ], [ 78.9052407, 30.1137807 ], [ 78.9053319, 30.1135401 ], [ 78.905462300000011, 30.1133522 ], [ 78.9055265, 30.1131435 ], [ 78.9055953, 30.1129227 ], [ 78.9057787, 30.1126139 ], [ 78.9060384, 30.1122006 ], [ 78.906143, 30.1121371 ] ] } },
{ "type": "Feature", "properties": { "osm_id": 310612064, "highway": "trunk", "name": null, "name_en": null, "ref": "NH309", "surface": "unknown", "maxspeed": "40", "oneway": "no", "access": "yes", "motor_vehicle": null, "bridge": "no", "tunnel": "no", "smoothness": null, "tracktype": null, "lanes": "2", "layer": "0", "length_m": 8.8, "assumed_speed_kmh": 35.0, "travel_time_min": 0.0151, "is_vehicular": true, "is_arterial": true }, "geometry": { "type": "LineString", "coordinates": [ [ 78.821354, 30.1195964 ], [ 78.8214425, 30.1195769 ] ] } },
{ "type": "Feature", "properties": { "osm_id": 311143176, "highway": "trunk", "name": "Rudraprayag Bypass Road", "name_en": null, "ref": "NH107", "surface": "asphalt", "maxspeed": null, "oneway": "no", "access": "yes", "motor_vehicle": null, "bridge": "no", "tunnel": "no", "smoothness": null, "tracktype": null, "lanes": null, "layer": "0", "length_m": 3100.44, "assumed_speed_kmh": 35.0, "travel_time_min": 5.315, "is_vehicular": true, "is_arterial": true }, "geometry": { "type": "LineString", "coordinates": [ [ 78.9775381, 30.2954739 ], [ 78.9773844, 30.2955549 ], [ 78.9772327, 30.2956677 ], [ 78.9770913, 30.2958444 ], [ 78.9770396, 30.2958843 ], [ 78.9769819, 30.295888900000012 ], [ 78.976939, 30.2958599 ], [ 78.9769283, 30.2957986 ], [ 78.9769672, 30.2957326 ], [ 78.9770695, 30.295642 ], [ 78.9774127, 30.2953486 ], [ 78.9776741, 30.295152 ], [ 78.9777947, 30.2950262 ], [ 78.9778799, 30.2949233 ], [ 78.977976, 30.2947542 ], [ 78.978069, 30.2942997 ], [ 78.9781274, 30.2937553 ], [ 78.978197, 30.2936366 ], [ 78.9783311, 30.2934884 ], [ 78.9783847, 30.2933773 ], [ 78.978354, 30.2932693 ], [ 78.9782506, 30.2931966 ], [ 78.9779761, 30.2930943 ], [ 78.9777946, 30.2928909 ], [ 78.9776498, 30.2927381 ], [ 78.9776069, 30.2926037 ], [ 78.9776337, 30.2924555 ], [ 78.9776713, 30.2923026 ], [ 78.9777732, 30.2921544 ], [ 78.9778644, 30.2919969 ], [ 78.9779288, 30.2916495 ], [ 78.9779985, 30.2913577 ], [ 78.9780629, 30.2912095 ], [ 78.978339, 30.2909303 ], [ 78.9786189, 30.2905835 ], [ 78.9786921, 30.2904614 ], [ 78.9788347, 30.2902235 ], [ 78.978909, 30.2898185 ], [ 78.9788246, 30.2896207 ], [ 78.9786851, 30.2894864 ], [ 78.9784974, 30.2893937 ], [ 78.978283, 30.2893535 ], [ 78.9781111, 30.2892733 ], [ 78.9779176, 30.2891134 ], [ 78.9777839, 30.2889166 ], [ 78.9775586, 30.2888008 ], [ 78.9772413, 30.288704 ], [ 78.9769793, 30.2886433 ], [ 78.9768076, 30.2885599 ], [ 78.976436, 30.2882122 ], [ 78.9761281, 30.2879105 ], [ 78.9758102, 30.2876405 ], [ 78.9757132, 30.2876055 ], [ 78.9754987, 30.2875177 ], [ 78.9753775, 30.2874334 ], [ 78.9749928, 30.28721 ], [ 78.9744623, 30.2869881 ], [ 78.9741312, 30.2868464 ], [ 78.9737606, 30.2866978 ], [ 78.9735728, 30.2867395 ], [ 78.9734119, 30.2869526 ], [ 78.9733314, 30.2870313 ], [ 78.9732295, 30.2870452 ], [ 78.9731222, 30.2870267 ], [ 78.9730174, 30.2869506 ], [ 78.972982800000011, 30.286744100000011 ], [ 78.9729488, 30.2865589 ], [ 78.9727343, 30.2862186 ], [ 78.9724071, 30.2859698 ], [ 78.9720558, 30.285709 ], [ 78.9717168, 30.2854305 ], [ 78.9715027, 30.2852618 ], [ 78.9713794, 30.2851705 ], [ 78.9710962, 30.2848847 ], [ 78.9707565, 30.284576199999986 ], [ 78.9703488, 30.2843075 ], [ 78.9702523, 30.284201 ], [ 78.9701557, 30.2840064 ], [ 78.9700109, 30.2838536 ], [ 78.9697534, 30.283714599999989 ], [ 78.9696085, 30.2836127 ], [ 78.9695656, 30.2834876 ], [ 78.9695334, 30.2833486 ], [ 78.9694422, 30.2832143 ], [ 78.9692344, 30.2829915 ], [ 78.9690002, 30.2826465 ], [ 78.9687713, 30.2822912 ], [ 78.9685264, 30.2819529 ], [ 78.9682589, 30.2816345 ], [ 78.968055, 30.2812921 ], [ 78.9678645, 30.2809379 ], [ 78.9676551, 30.280576 ], [ 78.967431, 30.2802133 ], [ 78.9671772, 30.2798654 ], [ 78.9669045, 30.2795414 ], [ 78.9666423, 30.2792218 ], [ 78.9664054, 30.2789053 ], [ 78.9660759, 30.2786314 ], [ 78.9659349, 30.2781779 ], [ 78.9657711, 30.2777745 ], [ 78.9655029, 30.2774694 ], [ 78.9651993, 30.2771445 ], [ 78.9649889, 30.2770518 ], [ 78.9647911, 30.2769758 ], [ 78.964506, 30.276842 ], [ 78.964408, 30.276694 ], [ 78.9642906, 30.2763827 ], [ 78.9642779, 30.2762042 ], [ 78.9642722, 30.2761285 ], [ 78.9643013, 30.2760083 ], [ 78.964336500000016, 30.2759694 ] ] } },
{ "type": "Feature", "properties": { "osm_id": 311169518, "highway": "primary", "name": null, "name_en": null, "ref": "SH 34", "surface": "unknown", "maxspeed": null, "oneway": "no", "access": "yes", "motor_vehicle": null, "bridge": "no", "tunnel": "no", "smoothness": null, "tracktype": null, "lanes": null, "layer": "0", "length_m": 19939.53, "assumed_speed_kmh": 30.0, "travel_time_min": 39.8791, "is_vehicular": true, "is_arterial": true }, "geometry": { "type": "LineString", "coordinates": [ [ 79.2361994, 30.3636541 ], [ 79.2363257, 30.3635028 ], [ 79.2362517, 30.3633976 ], [ 79.2362168, 30.363285099999985 ], [ 79.2366641, 30.3631396 ], [ 79.2365309, 30.3630246 ], [ 79.2366177, 30.362852199999988 ], [ 79.2363701, 30.3628164 ], [ 79.2362502, 30.3626194 ], [ 79.2363301, 30.3624322 ], [ 79.2364443, 30.362097200000012 ], [ 79.2363415, 30.3618854 ], [ 79.2362787, 30.3617425 ], [ 79.2362058, 30.3613131 ], [ 79.2362663, 30.3612853 ], [ 79.236452, 30.3611738 ], [ 79.2365812, 30.3611146 ], [ 79.2366943, 30.3610798 ], [ 79.2368113, 30.3609509 ], [ 79.236779, 30.360822 ], [ 79.2366902, 30.3607593 ], [ 79.236561, 30.3607697 ], [ 79.2364359, 30.3607906 ], [ 79.2363132, 30.3608128 ], [ 79.235745, 30.360689 ], [ 79.2357373, 30.3602028 ], [ 79.2359304, 30.3596449 ], [ 79.2365742, 30.3594947 ], [ 79.2372179, 30.3593874 ], [ 79.2377329, 30.3590441 ], [ 79.238441, 30.3588295 ], [ 79.2390204, 30.358572 ], [ 79.2397714, 30.3585506 ], [ 79.2395139, 30.3579927 ], [ 79.2399001, 30.3576279 ], [ 79.2405438, 30.3576922 ], [ 79.2405868, 30.358378899999988 ], [ 79.2408013, 30.3589797 ], [ 79.2408657, 30.359602 ], [ 79.2412949, 30.3595161 ], [ 79.2415524, 30.3589153 ], [ 79.2417455, 30.3583145 ], [ 79.2421532, 30.3577995 ], [ 79.2425394, 30.3573275 ], [ 79.2430329, 30.3571129 ], [ 79.2433763, 30.3576493 ], [ 79.2437625, 30.3579068 ], [ 79.244234600000013, 30.3574562 ], [ 79.2448354, 30.35707 ], [ 79.2455649, 30.3571987 ], [ 79.2462087, 30.3573704 ], [ 79.2465735, 30.3579497 ], [ 79.2470884, 30.357992700000011 ], [ 79.2469168, 30.3573918 ], [ 79.2465949, 30.3568554 ], [ 79.2462301, 30.3563404 ], [ 79.2466378, 30.3558254 ], [ 79.2472601, 30.3554392 ], [ 79.2472778, 30.3553436 ], [ 79.2473674, 30.3548598 ], [ 79.2470455, 30.3543448 ], [ 79.2474532, 30.3538084 ], [ 79.2479682, 30.3533149 ], [ 79.248569, 30.3529072 ], [ 79.249169800000018, 30.3526711 ], [ 79.2493042, 30.3526039 ], [ 79.2498565, 30.3523278 ], [ 79.2505431, 30.3521991 ], [ 79.2510366, 30.3517699 ], [ 79.2515516, 30.3512979 ], [ 79.252131, 30.351061799999986 ], [ 79.2527962, 30.3510618 ], [ 79.2534185, 30.3513408 ], [ 79.2539978, 30.351426600000011 ], [ 79.2545772, 30.3509975 ], [ 79.254653, 30.3509248 ], [ 79.2550411, 30.350552799999985 ], [ 79.2550921, 30.3505039 ], [ 79.2556071, 30.3500104 ], [ 79.2561221, 30.3495383 ], [ 79.2566371, 30.3490448 ], [ 79.2570019, 30.348444 ], [ 79.2572594, 30.3478861 ], [ 79.257474, 30.348165 ], [ 79.2574954, 30.3488088 ], [ 79.2578387, 30.3493238 ], [ 79.2583323, 30.3497529 ], [ 79.258461, 30.3502464 ], [ 79.2586112, 30.3508043 ], [ 79.2588258, 30.3512764 ], [ 79.2588258, 30.3518128 ], [ 79.2594481, 30.3521347 ], [ 79.2596412, 30.3527784 ], [ 79.260091800000012, 30.353250500000012 ], [ 79.2607355, 30.3534865 ], [ 79.2613792, 30.3533793 ], [ 79.262023, 30.353486499999988 ], [ 79.2619801, 30.353143199999987 ], [ 79.2615509, 30.3527355 ], [ 79.2610574, 30.3523064 ], [ 79.2613792, 30.3517914 ], [ 79.2613792, 30.351233499999989 ], [ 79.2611432, 30.3503966 ], [ 79.2613363, 30.3499675 ], [ 79.2613363, 30.3481865 ], [ 79.2615938, 30.3475642 ], [ 79.2622376, 30.3474355 ], [ 79.2629457, 30.3476501 ], [ 79.2636323, 30.3475213 ], [ 79.2643404, 30.3473711 ], [ 79.2650485, 30.347178 ], [ 79.2656493, 30.3468132 ], [ 79.2662287, 30.3464484 ], [ 79.2668939, 30.3463841 ], [ 79.267602, 30.3462768 ], [ 79.2677307, 30.3457189 ], [ 79.2684603, 30.3458691 ], [ 79.2691255, 30.3458691 ], [ 79.2698121, 30.3457618 ], [ 79.2703271, 30.3454185 ], [ 79.270885, 30.3449893 ], [ 79.2710352, 30.3444099 ], [ 79.2714858, 30.3441739 ], [ 79.2721081, 30.3444099 ], [ 79.272666, 30.3447747 ], [ 79.2732668, 30.3449893 ], [ 79.2739749, 30.3450108 ], [ 79.2744684, 30.3444958 ], [ 79.2751336, 30.3443027 ], [ 79.2758203, 30.3442597 ], [ 79.2765069, 30.3444958 ], [ 79.2771077, 30.3447962 ], [ 79.2773438, 30.3453326 ], [ 79.2776656, 30.3458047 ], [ 79.2776656, 30.3464699 ], [ 79.2781377, 30.3467917 ], [ 79.2787814, 30.3471136 ], [ 79.2793179, 30.3473067 ], [ 79.2794681, 30.3466845 ], [ 79.2796397, 30.3460622 ], [ 79.2799401, 30.3455043 ], [ 79.2806268, 30.3455043 ], [ 79.281292, 30.3455901 ], [ 79.2818499, 30.3458047 ], [ 79.2824721, 30.3456974 ], [ 79.282987100000014, 30.3452253 ], [ 79.28363090000002, 30.3450537 ], [ 79.284296, 30.3448606 ], [ 79.2846823, 30.3444529 ], [ 79.2851758, 30.3439808 ], [ 79.2857766, 30.3437448 ], [ 79.2862728, 30.3437157 ], [ 79.286356, 30.3436589 ], [ 79.2863975, 30.3435618 ], [ 79.2863157, 30.3434657 ], [ 79.2861977, 30.3432562 ], [ 79.2861843, 30.3431225 ], [ 79.2862916, 30.3430629 ], [ 79.2866001, 30.3430143 ], [ 79.2867824, 30.3428916 ], [ 79.2869648, 30.3428152 ], [ 79.2870533, 30.3427064 ], [ 79.2870507, 30.3425907 ], [ 79.2871204, 30.342475 ], [ 79.2872357, 30.3424144 ], [ 79.287453, 30.3424264 ], [ 79.2876568, 30.3425051 ], [ 79.2878607, 30.3425953 ], [ 79.2881933, 30.3425352 ], [ 79.2884105, 30.342428699999989 ], [ 79.2885607, 30.342269 ], [ 79.2887311, 30.3420265 ], [ 79.2888209, 30.3419547 ], [ 79.288945, 30.3418922 ], [ 79.2891186, 30.3418477 ], [ 79.2891441, 30.341795 ], [ 79.2890918, 30.3417551 ], [ 79.2889041, 30.3416995 ], [ 79.28877, 30.3416671 ], [ 79.288641200000015, 30.3414865 ], [ 79.2887378, 30.3412986 ], [ 79.2892313, 30.3408694 ], [ 79.289867, 30.3405745 ], [ 79.2900842, 30.3404333 ], [ 79.2901164, 30.3403384 ], [ 79.2900547, 30.3402435 ], [ 79.2899314, 30.3401625 ], [ 79.2898509, 30.3401092 ], [ 79.2898804, 30.3400259 ], [ 79.289985, 30.3399495 ], [ 79.2904302, 30.3397411 ], [ 79.2906609, 30.3395675 ], [ 79.2907414, 30.3394194 ], [ 79.29111420000001, 30.3388407 ], [ 79.2912886, 30.3385999 ], [ 79.2914414, 30.3379512 ], [ 79.2915648, 30.3376763 ], [ 79.2918438, 30.3374587 ], [ 79.2919511, 30.3374494 ], [ 79.292061, 30.3374888 ], [ 79.2921576, 30.3375628 ], [ 79.2922032, 30.3376716 ], [ 79.2922193, 30.3377874 ], [ 79.2923024, 30.337924 ], [ 79.292324600000015, 30.3380982 ], [ 79.2923212, 30.3382596 ], [ 79.2924607, 30.3386207 ], [ 79.2926431, 30.3387689 ], [ 79.2928308, 30.338887 ], [ 79.2929381, 30.3390143 ], [ 79.2931151, 30.3391416 ], [ 79.2932948, 30.3393175 ], [ 79.2934531, 30.339403199999985 ], [ 79.293670400000011, 30.339512 ], [ 79.2937803, 30.3396694 ], [ 79.2939439, 30.3398453 ], [ 79.29418, 30.3400351 ], [ 79.2943436, 30.3402342 ], [ 79.2945072, 30.3403037 ], [ 79.2947593, 30.3403592 ], [ 79.2949417, 30.3404032 ], [ 79.2951483, 30.3404935 ], [ 79.2952448, 30.3406555 ], [ 79.2954326, 30.3410398 ], [ 79.29586980000002, 30.3412064 ], [ 79.2961219, 30.3412597 ], [ 79.2962748, 30.341299 ], [ 79.2965028, 30.3417273 ], [ 79.296594, 30.341880100000012 ], [ 79.2966664, 30.3419935 ], [ 79.2966825, 30.3420745 ], [ 79.2966422, 30.3421555 ], [ 79.2965564, 30.34224810000001 ], [ 79.2964303, 30.3423361 ], [ 79.2963204, 30.3425745 ], [ 79.2962345, 30.3428708 ], [ 79.2963029, 30.3431405 ], [ 79.2963378, 30.3432759 ], [ 79.2963754, 30.3433766 ], [ 79.2964357, 30.343448299999984 ], [ 79.2965403, 30.3434854 ], [ 79.2966087, 30.34352470000001 ], [ 79.2966436, 30.3436034 ], [ 79.2966811, 30.3437446 ], [ 79.2967106, 30.3438314 ], [ 79.2967804, 30.3439252 ], [ 79.2969185, 30.3440837 ], [ 79.297007, 30.3442504 ], [ 79.2973034, 30.344461 ], [ 79.2974737, 30.3444888 ], [ 79.2976266, 30.3444657 ], [ 79.2977178, 30.3444749 ], [ 79.297817, 30.3445629 ], [ 79.2980504, 30.3448499 ], [ 79.298324, 30.3450467 ], [ 79.2984393, 30.3451277 ], [ 79.298552, 30.3451995 ], [ 79.2988041, 30.3452203 ], [ 79.2992493, 30.3453059 ], [ 79.2996729, 30.3453371 ], [ 79.3000944, 30.3452813 ], [ 79.3005307, 30.3452422 ], [ 79.3009173, 30.3453045 ], [ 79.3013371, 30.3455203 ], [ 79.3015319, 30.3457041 ], [ 79.3016902, 30.345792 ], [ 79.3018994, 30.345794300000012 ], [ 79.3020174, 30.3458267 ], [ 79.3020736, 30.3459137 ], [ 79.302036, 30.3463248 ], [ 79.3019034, 30.346505 ], [ 79.3018691, 30.3466525 ], [ 79.3019074, 30.3469563 ], [ 79.3018605, 30.3470188 ], [ 79.301791, 30.3470306 ], [ 79.3016714, 30.3470211 ], [ 79.3014997, 30.347051199999985 ], [ 79.3013152, 30.347192899999985 ], [ 79.3011591, 30.3473429 ], [ 79.3010384, 30.3473498 ], [ 79.3008882, 30.347285 ], [ 79.300708500000013, 30.3473012 ], [ 79.3005288, 30.3474447 ], [ 79.3002284, 30.3477248 ], [ 79.3000191, 30.3481044 ], [ 79.2999092, 30.3481947 ], [ 79.2997295, 30.3482132 ], [ 79.29961950000002, 30.3483243 ], [ 79.2995042, 30.34869 ], [ 79.2992628, 30.3491067 ], [ 79.2990106, 30.3494492 ], [ 79.2988604, 30.3495696 ], [ 79.2987156, 30.3495048 ], [ 79.2985159, 30.3492393 ], [ 79.2984488, 30.3491679 ], [ 79.2978626, 30.3485187 ], [ 79.2977178, 30.3484354 ], [ 79.2976458, 30.3485487 ], [ 79.2976427, 30.3495001 ], [ 79.297514, 30.3498612 ], [ 79.2974026, 30.3502084 ], [ 79.2973302, 30.3505788 ], [ 79.2971116, 30.3508287 ], [ 79.296999, 30.350985 ], [ 79.2969172, 30.3512917 ], [ 79.2971465, 30.3516134 ], [ 79.2971854, 30.3517453 ], [ 79.2971559, 30.3518298 ], [ 79.2970687, 30.3518877 ], [ 79.2968957, 30.3519455 ], [ 79.2965944, 30.3520014 ], [ 79.2957463, 30.3514642 ], [ 79.2953496, 30.3513129 ], [ 79.2941487, 30.3506715 ], [ 79.2937673, 30.35088970000001 ], [ 79.2934209, 30.3511898 ], [ 79.2931572, 30.3515276 ], [ 79.293034700000021, 30.3516666 ], [ 79.2928979, 30.3517615 ], [ 79.292804, 30.3517638 ], [ 79.2926806, 30.3517199 ], [ 79.2926243, 30.3515555 ], [ 79.2925385, 30.3512847 ], [ 79.292403, 30.350847300000012 ], [ 79.2923051, 30.350632 ], [ 79.2922166, 30.3505764 ], [ 79.2921562, 30.3505788 ], [ 79.2921006, 30.350603099999987 ], [ 79.2920946, 30.3506586 ], [ 79.2922112, 30.3508681 ], [ 79.2922313, 30.3510914 ], [ 79.2921858, 30.3511944 ], [ 79.292116, 30.3512801 ], [ 79.2920248, 30.3513229 ], [ 79.2918693, 30.3513507 ], [ 79.2917244, 30.3515162 ], [ 79.291567500000014, 30.3518784 ], [ 79.2915058, 30.3522244 ], [ 79.291476300000014, 30.3524096 ], [ 79.2915152, 30.352523 ], [ 79.2915273, 30.3526144 ], [ 79.2914978, 30.3526885 ], [ 79.2914414, 30.3527313 ], [ 79.291154400000011, 30.352817 ], [ 79.2910767, 30.3528517 ], [ 79.2909533, 30.3528309 ], [ 79.2908969, 30.3526943 ], [ 79.2908755, 30.3524466 ], [ 79.2908621, 30.3522892 ], [ 79.2908514, 30.352157299999988 ], [ 79.2907602, 30.3520717 ], [ 79.2906354, 30.3521052 ], [ 79.2904919, 30.3523552 ], [ 79.29034710000002, 30.3525392 ], [ 79.2902224, 30.3525936 ], [ 79.2900588, 30.3525832 ], [ 79.2899166, 30.352582 ], [ 79.2898026, 30.3526318 ], [ 79.2897785, 30.3527024 ], [ 79.2898898, 30.3528876 ], [ 79.2900896, 30.353138699999988 ], [ 79.29015, 30.353229 ], [ 79.2902264, 30.3532648 ], [ 79.2903323, 30.35329380000001 ], [ 79.2904115, 30.353362 ], [ 79.2904276, 30.3534477 ], [ 79.2904878, 30.3535473 ], [ 79.2906019, 30.353600400000012 ], [ 79.2906931, 30.353671 ], [ 79.2907146, 30.3537625 ], [ 79.2907494, 30.3538805 ], [ 79.2910565, 30.3541733 ], [ 79.2913999, 30.3544094 ], [ 79.291801, 30.3546423 ], [ 79.2922009, 30.3548033 ], [ 79.2925764, 30.3549984 ], [ 79.2929576, 30.3552109 ], [ 79.293323, 30.3553664 ], [ 79.2938246, 30.3555088 ], [ 79.2942055, 30.3556268 ], [ 79.2945327, 30.3556997 ], [ 79.2946331, 30.3557471 ], [ 79.2946695, 30.3558108 ], [ 79.2946708, 30.3558837 ], [ 79.294644, 30.3560029 ], [ 79.2946163, 30.3561278 ], [ 79.2944147, 30.3564732 ], [ 79.2939269, 30.3569375 ], [ 79.2937078, 30.3572574 ], [ 79.2932486, 30.3579529 ], [ 79.2930217, 30.3582758 ], [ 79.2926471, 30.358640699999984 ], [ 79.2925793, 30.3586862 ], [ 79.2924703, 30.3586534 ], [ 79.2923907, 30.358576599999989 ], [ 79.2922623, 30.3583315 ], [ 79.291955, 30.3580958 ], [ 79.2908246, 30.357824 ], [ 79.2903316, 30.3575625 ], [ 79.2898338, 30.3574982 ], [ 79.289449, 30.3575874 ], [ 79.2892686, 30.3577949 ], [ 79.2889776, 30.3578095 ], [ 79.2887876, 30.3578053 ], [ 79.288665, 30.3579526 ], [ 79.2884942, 30.3580377 ], [ 79.2883307, 30.3581871 ], [ 79.2882321, 30.3583822 ], [ 79.2878425, 30.3586852 ], [ 79.2875876, 30.3586665 ], [ 79.2873038, 30.3585503 ], [ 79.2869286, 30.3587827 ], [ 79.2867314, 30.3591438 ], [ 79.2863851, 30.3592185 ], [ 79.285832, 30.3591978 ], [ 79.2853669, 30.3594614 ], [ 79.2848397, 30.3593631 ], [ 79.2843738, 30.3594981 ], [ 79.283884, 30.3593059 ], [ 79.2835813, 30.3592369 ], [ 79.2834334, 30.3591048 ], [ 79.2833058, 30.3589434 ], [ 79.282982700000019, 30.3587674 ], [ 79.2826188, 30.3585869 ], [ 79.282646, 30.358515 ], [ 79.2827106, 30.3584137 ], [ 79.2829317, 30.3582728 ], [ 79.2831358, 30.3581701 ], [ 79.2833058, 30.357994 ], [ 79.2832905, 30.357844400000012 ], [ 79.2834181, 30.3576433 ], [ 79.2834419, 30.3574159 ], [ 79.283396, 30.3571386 ], [ 79.2833807, 30.3567512 ], [ 79.2832939, 30.3566323 ], [ 79.2831766, 30.3566528 ], [ 79.2830865, 30.3568847 ], [ 79.2829759, 30.357008 ], [ 79.2828399, 30.3571209 ], [ 79.2826511, 30.3572398 ], [ 79.2824284, 30.3572677 ], [ 79.2823161, 30.357302899999986 ], [ 79.2822005, 30.3574174 ], [ 79.2820185, 30.357523 ], [ 79.2818689, 30.3576786 ], [ 79.2816121, 30.3578546 ], [ 79.2814573, 30.3578708 ], [ 79.2812885, 30.3578304 ], [ 79.2806536, 30.357102 ], [ 79.2804251, 30.3571601 ], [ 79.2804011, 30.3574029 ], [ 79.2805815, 30.3576519 ], [ 79.2805857, 30.3579034 ], [ 79.2805959, 30.3582937 ], [ 79.2805109, 30.3584992 ], [ 79.2803714, 30.3585373 ], [ 79.2802047, 30.3586048 ], [ 79.2801163, 30.358734 ], [ 79.2802116, 30.3588601 ], [ 79.2806571, 30.3589365 ], [ 79.2810788, 30.3588572 ], [ 79.2813815, 30.3589394 ], [ 79.2816094, 30.3592064 ], [ 79.28171, 30.3594144 ], [ 79.2816932, 30.359541 ], [ 79.2815321, 30.3598399 ], [ 79.2815056, 30.359954 ], [ 79.2814215, 30.3601885 ], [ 79.2812459, 30.360335800000016 ], [ 79.2808851, 30.3603981 ], [ 79.2807336, 30.3604873 ], [ 79.2806158, 30.360557899999989 ], [ 79.2806422, 30.3606637 ], [ 79.2809982, 30.360838 ], [ 79.2811882, 30.3609086 ], [ 79.2812459, 30.3610165 ], [ 79.2812291, 30.3612676 ], [ 79.2810992, 30.3616099 ], [ 79.2808946, 30.3616524 ], [ 79.2807177, 30.3618617 ], [ 79.2808542, 30.362167 ], [ 79.2810716, 30.36236760000001 ], [ 79.2814658, 30.3624766 ], [ 79.281668, 30.36259 ], [ 79.2817352, 30.3627849 ], [ 79.2818987, 30.363229 ], [ 79.2816197, 30.3637768 ], [ 79.2813696, 30.3642956 ], [ 79.2814658, 30.3645695 ], [ 79.2816149, 30.3648642 ], [ 79.2814706, 30.36508 ], [ 79.2809223, 30.3653705 ], [ 79.2807732, 30.3656942 ], [ 79.2805038, 30.3661009 ], [ 79.2803307, 30.3663416 ], [ 79.2801094, 30.3663333 ], [ 79.2793975, 30.3661465 ], [ 79.2788396, 30.366105 ], [ 79.2781133, 30.3661714 ], [ 79.2775072, 30.3663914 ], [ 79.2769445, 30.366395499999989 ], [ 79.2767545, 30.3662586 ], [ 79.2766799, 30.3660988 ], [ 79.2767088, 30.3657855 ], [ 79.276704, 30.3655137 ], [ 79.276615, 30.3654037 ], [ 79.2765549, 30.3654037 ], [ 79.2764659, 30.3654452 ], [ 79.276184500000014, 30.3655344 ], [ 79.2759344, 30.3656133 ], [ 79.275837, 30.365687899999987 ], [ 79.2756843, 30.3657481 ], [ 79.2755111, 30.3658519 ], [ 79.2755227, 30.3659693 ], [ 79.2755515, 30.3661353 ], [ 79.2754649, 30.3663428 ], [ 79.2754723, 30.3665331 ], [ 79.2754394, 30.3666825 ], [ 79.2753784, 30.3668408 ], [ 79.2752624, 30.3669058 ], [ 79.275021, 30.366944 ], [ 79.2745511, 30.3669611 ], [ 79.274426, 30.367069 ], [ 79.2743154, 30.3671769 ], [ 79.2743154, 30.3673014 ], [ 79.2743971, 30.3675089 ], [ 79.274503, 30.3677164 ], [ 79.2744693, 30.3679405 ], [ 79.274349, 30.3681148 ], [ 79.2741759, 30.3682559 ], [ 79.2742529, 30.3685091 ], [ 79.2743923, 30.368729 ], [ 79.2744982, 30.368783 ], [ 79.2745703, 30.3690527 ], [ 79.274503, 30.3692934 ], [ 79.2741951, 30.3695258 ], [ 79.2741086, 30.369745799999986 ], [ 79.2740364, 30.3700404 ], [ 79.2741711, 30.3701939 ], [ 79.2740412, 30.3704305 ], [ 79.2736901, 30.370472 ], [ 79.2729494, 30.370231300000011 ], [ 79.2721894, 30.3701317 ], [ 79.2713573, 30.3700695 ], [ 79.2708426, 30.370135899999987 ], [ 79.2703472, 30.370156599999987 ], [ 79.2696834, 30.3699823 ], [ 79.269269800000018, 30.370111 ], [ 79.2689764, 30.3702935 ], [ 79.2687359, 30.370418 ], [ 79.2686613, 30.3705579 ], [ 79.2685743, 30.370755 ], [ 79.2683992, 30.3709741 ], [ 79.2682714, 30.3711395 ], [ 79.2681775, 30.371313199999989 ], [ 79.2681511, 30.3715642 ], [ 79.2680573, 30.371751 ], [ 79.2680019, 30.371925300000012 ], [ 79.2679538, 30.3721535 ], [ 79.268017, 30.3723129 ], [ 79.2680657, 30.3724116 ], [ 79.2681239, 30.3724804 ], [ 79.2681898, 30.3724775 ] ] } },
{ "type": "Feature", "properties": { "osm_id": 311335826, "highway": "trunk", "name": null, "name_en": null, "ref": "NH309", "surface": "unknown", "maxspeed": null, "oneway": "no", "access": "yes", "motor_vehicle": null, "bridge": "no", "tunnel": "no", "smoothness": null, "tracktype": null, "lanes": null, "layer": "0", "length_m": 18282.52, "assumed_speed_kmh": 35.0, "travel_time_min": 31.3415, "is_vehicular": true, "is_arterial": true }, "geometry": { "type": "LineString", "coordinates": [ [ 78.8214425, 30.1195769 ], [ 78.8214591, 30.119459 ], [ 78.8214241, 30.1193932 ], [ 78.8211536, 30.1188469 ], [ 78.8212395, 30.1182675 ], [ 78.8214111, 30.117774 ], [ 78.8216472, 30.1171732 ], [ 78.8218188, 30.1165724 ], [ 78.8221622, 30.1160359 ], [ 78.8222909, 30.1154995 ], [ 78.8230205, 30.1156068 ], [ 78.8236427, 30.1157141 ], [ 78.8242221, 30.115757 ], [ 78.8247156, 30.1153493 ], [ 78.8253164, 30.1153708 ], [ 78.8257027, 30.1158643 ], [ 78.8262391, 30.1162076 ], [ 78.8268399, 30.1158428 ], [ 78.8272858, 30.1155906 ], [ 78.8274696, 30.1154444 ], [ 78.8277566, 30.1153099 ], [ 78.8279617, 30.11529010000001 ], [ 78.8283332, 30.1151927 ], [ 78.8286859, 30.1152124 ], [ 78.82893, 30.1151556 ], [ 78.8291231, 30.1150906 ], [ 78.8291835, 30.11505 ], [ 78.8292827, 30.1149444 ], [ 78.8292868, 30.1147739 ], [ 78.8292586, 30.1146358 ], [ 78.8292961, 30.1145024 ], [ 78.8294611, 30.1143493 ], [ 78.8295402, 30.1142437 ], [ 78.829512100000017, 30.1140523 ], [ 78.829333700000021, 30.1137495 ], [ 78.8293096, 30.1136196 ], [ 78.829268, 30.113473399999986 ], [ 78.8291607, 30.1132588 ], [ 78.8291754, 30.1129862 ], [ 78.8291889, 30.1128609 ], [ 78.8292358, 30.1127182 ], [ 78.8295979, 30.1125395 ], [ 78.8298889, 30.1124467 ], [ 78.8301873, 30.112259399999989 ], [ 78.8302966, 30.1121706 ], [ 78.8305313, 30.1121347 ], [ 78.8307003, 30.1121265 ], [ 78.8307566, 30.1120732 ], [ 78.830888, 30.111732099999987 ], [ 78.8308733, 30.1115952 ], [ 78.8307848, 30.1113841 ], [ 78.8308035, 30.111282 ], [ 78.830884, 30.1111926 ], [ 78.8310812, 30.1111567 ], [ 78.8311884, 30.1110952 ], [ 78.8312582, 30.1109119 ], [ 78.8313051, 30.110782 ], [ 78.8314044, 30.1106045 ], [ 78.8314888, 30.1104014 ], [ 78.8315867, 30.1103492 ], [ 78.831686, 30.1103771 ], [ 78.8317933, 30.110511599999988 ], [ 78.8318349, 30.1106973 ], [ 78.8318778, 30.1108028 ], [ 78.8319663, 30.1109293 ], [ 78.8322439, 30.1112773 ], [ 78.8324558, 30.1115244 ], [ 78.832478600000016, 30.111695 ], [ 78.832606, 30.1117681 ], [ 78.8328219, 30.1117507 ], [ 78.8330982, 30.1116579 ], [ 78.8332819, 30.1117228 ], [ 78.8333423, 30.1118203 ], [ 78.8334361, 30.1119664 ], [ 78.8336896, 30.1121567 ], [ 78.8338398, 30.1122008 ], [ 78.8340504, 30.1122379 ], [ 78.8342663, 30.1124119 ], [ 78.8346894, 30.1127539 ], [ 78.8347698, 30.1128467 ], [ 78.834849, 30.1128745 ], [ 78.8349281, 30.1128351 ], [ 78.835093, 30.1125671 ], [ 78.8353036, 30.1122434 ], [ 78.8354672, 30.112060099999987 ], [ 78.8356228, 30.1118606 ], [ 78.8357059, 30.1115937 ], [ 78.835773, 30.111407 ], [ 78.835828, 30.111342 ], [ 78.8359125, 30.1113176 ], [ 78.836064, 30.1113814 ], [ 78.8361244, 30.1115079 ], [ 78.8363309, 30.1120021 ], [ 78.836355, 30.1124081 ], [ 78.8364476, 30.11253 ], [ 78.8365039, 30.1126808 ], [ 78.8364811, 30.1128467 ], [ 78.8365602, 30.1129731 ], [ 78.8367949, 30.1131599 ], [ 78.83687, 30.1132817 ], [ 78.8369491, 30.1133351 ], [ 78.8370283, 30.1133188 ], [ 78.8370564, 30.1132898 ], [ 78.8370591, 30.1131564 ], [ 78.8367614, 30.1126448 ], [ 78.83675070000001, 30.112458 ], [ 78.836756, 30.1122747 ], [ 78.8366943, 30.111919699999987 ], [ 78.8367641, 30.1117364 ], [ 78.8369143, 30.1114928 ], [ 78.8369384, 30.1112213 ], [ 78.8370081, 30.1110543 ], [ 78.8372844, 30.110755 ], [ 78.8374239, 30.1105589 ], [ 78.8374279, 30.1104325 ], [ 78.8373528, 30.110339599999989 ], [ 78.837244200000015, 30.1102666 ], [ 78.8369719, 30.110242199999988 ], [ 78.8368405, 30.1101969 ], [ 78.8367426, 30.1101273 ], [ 78.8366581, 30.1099777 ], [ 78.8366206, 30.1098269 ], [ 78.8365951, 30.1094997 ], [ 78.8365334, 30.1091551 ], [ 78.8365616, 30.1090786 ], [ 78.8366313, 30.1089846 ], [ 78.8367587, 30.1088547 ], [ 78.8368338, 30.1087537 ], [ 78.8368754, 30.1087294 ], [ 78.836922300000012, 30.1087282 ], [ 78.836984, 30.1087618 ], [ 78.8370028, 30.1088059 ], [ 78.836942400000012, 30.1088999 ], [ 78.8368244, 30.1089475 ], [ 78.8367305, 30.1090136 ], [ 78.8366702, 30.1090496 ], [ 78.8366326, 30.1091633 ], [ 78.8367399, 30.1095693 ], [ 78.8368231, 30.1098686 ], [ 78.8368794, 30.109958 ], [ 78.8369867, 30.1100345 ], [ 78.8373676, 30.1100879 ], [ 78.8375272, 30.1101157 ], [ 78.8375969, 30.1102051 ], [ 78.8376586, 30.1103164 ], [ 78.8377578, 30.1105229 ], [ 78.8377994, 30.1106239 ], [ 78.8377806, 30.1107619 ], [ 78.837677400000018, 30.110871 ], [ 78.8375218, 30.1109487 ], [ 78.8373635, 30.1111309 ], [ 78.8373166, 30.1112724 ], [ 78.8373448, 30.1115241 ], [ 78.8373689, 30.111704 ], [ 78.8373072, 30.1119139 ], [ 78.8372884, 30.1120566 ], [ 78.83733, 30.1121784 ], [ 78.8374655, 30.1125033 ], [ 78.8375969, 30.1126251 ], [ 78.8378048, 30.1130319 ], [ 78.8380408, 30.1135898 ], [ 78.8381434, 30.1137159 ], [ 78.8382561, 30.1137519 ], [ 78.8388099, 30.11376 ], [ 78.8391761, 30.1138249 ], [ 78.8393826, 30.113869 ], [ 78.8396079, 30.113780899999988 ], [ 78.8398949, 30.1137437 ], [ 78.8401484, 30.1138017 ], [ 78.8402516, 30.1138423 ], [ 78.8403535, 30.1139595 ], [ 78.8404045, 30.1140488 ], [ 78.8405748, 30.1141788 ], [ 78.8406633, 30.1142681 ], [ 78.8408659, 30.1146521 ], [ 78.8409262, 30.1148029 ], [ 78.8409074, 30.1150662 ], [ 78.8408645, 30.1151625 ], [ 78.8406955, 30.1153412 ], [ 78.840625800000012, 30.1155651 ], [ 78.8405185, 30.115929299999987 ], [ 78.8405038, 30.1161973 ], [ 78.840434, 30.1162901 ], [ 78.8403066, 30.1164328 ], [ 78.840261, 30.116579 ], [ 78.8401108, 30.1169351 ], [ 78.8400639, 30.1169838 ], [ 78.8399928, 30.1169966 ], [ 78.8398761, 30.116927 ], [ 78.8397474, 30.1167089 ], [ 78.83922170000001, 30.1162054 ], [ 78.8390708, 30.1156068 ], [ 78.8388562, 30.1149845 ], [ 78.8385323, 30.1146846 ], [ 78.8383875, 30.1145906 ], [ 78.8380978, 30.1144734 ], [ 78.837961, 30.1145059 ], [ 78.837810800000014, 30.114608 ], [ 78.8375949, 30.1148226 ], [ 78.8371872, 30.1149885 ], [ 78.837037, 30.1152043 ], [ 78.8368023, 30.1153829 ], [ 78.8366427, 30.11544670000001 ], [ 78.836526, 30.1154027 ], [ 78.8364791, 30.1153412 ], [ 78.8364563, 30.1152031 ], [ 78.836526, 30.1149154 ], [ 78.8364992, 30.1146382 ], [ 78.8363664, 30.1145778 ], [ 78.8362779, 30.1146057 ], [ 78.8361653, 30.1147971 ], [ 78.8360057, 30.1149305 ], [ 78.8354102, 30.1151695 ], [ 78.8351702, 30.1151822 ], [ 78.8350253, 30.1152101 ], [ 78.8349127, 30.115311 ], [ 78.8347813, 30.1156196 ], [ 78.834566, 30.1159989 ], [ 78.8344607, 30.1160535 ], [ 78.8343219, 30.1160047 ], [ 78.8340054, 30.1157542 ], [ 78.8335776, 30.1151991 ], [ 78.8333188, 30.1147959 ], [ 78.8331351, 30.1146776 ], [ 78.8330224, 30.1146822 ], [ 78.8329714, 30.1147147 ], [ 78.8329473, 30.1147797 ], [ 78.8329674, 30.114898 ], [ 78.833037200000021, 30.1151973 ], [ 78.8330184, 30.1154328 ], [ 78.8328226, 30.1156393 ], [ 78.8327569, 30.1157576 ], [ 78.8327716, 30.1158342 ], [ 78.8329406, 30.1160163 ], [ 78.8329728, 30.1161149 ], [ 78.83295, 30.116253 ], [ 78.8328802, 30.1164235 ], [ 78.832903, 30.1164804 ], [ 78.8329741, 30.1165534 ], [ 78.8331981, 30.1166706 ], [ 78.8333483, 30.1168005 ], [ 78.8335132, 30.1168701 ], [ 78.8336165, 30.1170082 ], [ 78.8336809, 30.1171706 ], [ 78.8336433, 30.1173574 ], [ 78.833474400000014, 30.1177054 ], [ 78.8333858, 30.1180383 ], [ 78.8333121, 30.1181276 ], [ 78.833152500000011, 30.118217 ], [ 78.8330211, 30.1183272 ], [ 78.8328843, 30.1184849 ], [ 78.8328843, 30.1185487 ], [ 78.8329366, 30.1185893 ], [ 78.8330157, 30.1186056 ], [ 78.8330774, 30.1186056 ], [ 78.8331377, 30.1185487 ], [ 78.8331699, 30.1183295 ], [ 78.8332316, 30.1182599 ], [ 78.8333724, 30.1182077 ], [ 78.8334891, 30.11813 ], [ 78.8335039, 30.1180615 ], [ 78.8335736, 30.1177854 ], [ 78.8336487, 30.1176474 ], [ 78.8337989, 30.1174861 ], [ 78.8338512, 30.1173759 ], [ 78.8338834, 30.1172019 ], [ 78.8338217, 30.1170674 ], [ 78.8337332, 30.116833 ], [ 78.8334985, 30.1164966 ], [ 78.8333818, 30.1161961 ], [ 78.8333684, 30.1160535 ], [ 78.8334341, 30.1159235 ], [ 78.83354270000001, 30.1158922 ], [ 78.8336594, 30.1159328 ], [ 78.8338566, 30.1161312 ], [ 78.8345097, 30.1166312 ], [ 78.8347672, 30.1168864 ], [ 78.8348611, 30.1169467 ], [ 78.8349509, 30.1169467 ], [ 78.8350354, 30.1168736 ], [ 78.835195, 30.1166045 ], [ 78.8353546, 30.1164224 ], [ 78.8355276, 30.1161184 ], [ 78.8356925, 30.115939799999989 ], [ 78.8358521, 30.115899200000012 ], [ 78.8359554, 30.1159444 ], [ 78.8360533, 30.1161231 ], [ 78.8361338, 30.1163296 ], [ 78.83617, 30.1165082 ], [ 78.8364811, 30.1168087 ], [ 78.8367198, 30.1168609 ], [ 78.8368137, 30.1168237 ], [ 78.8369264, 30.1166289 ], [ 78.8371383, 30.116467599999989 ], [ 78.8373864, 30.1163736 ], [ 78.8375459, 30.1163586 ], [ 78.8376304, 30.116391 ], [ 78.8377015, 30.1164722 ], [ 78.8377096, 30.1165813 ], [ 78.8376345, 30.1167402 ], [ 78.8376546, 30.1168295 ], [ 78.8377485, 30.1169757 ], [ 78.8377699, 30.1171694 ], [ 78.8378356, 30.1172831 ], [ 78.8379671, 30.1173353 ], [ 78.8380851, 30.1173353 ], [ 78.8382768, 30.1173237 ], [ 78.8385089, 30.1174247 ], [ 78.8386296, 30.1176033 ], [ 78.8386778, 30.1179444 ], [ 78.838997, 30.1184942 ], [ 78.8392009, 30.1190232 ], [ 78.839736, 30.119504599999988 ], [ 78.839858, 30.1194884 ], [ 78.840149, 30.119399 ], [ 78.8403609, 30.1194153 ], [ 78.8404682, 30.1195127 ], [ 78.8405058, 30.1196299 ], [ 78.8409752, 30.1198619 ], [ 78.8411763, 30.119877 ], [ 78.841467300000019, 30.1199582 ], [ 78.8415746, 30.1199535 ], [ 78.8420588, 30.1197053 ], [ 78.8422559, 30.1196496 ], [ 78.8424021, 30.1197134 ], [ 78.8425375, 30.1196682 ], [ 78.8425603, 30.1195997 ], [ 78.8425684, 30.1193833 ], [ 78.8425939, 30.1191253 ], [ 78.8427575, 30.1189582 ], [ 78.8428849, 30.1187599 ], [ 78.8428943, 30.1184629 ], [ 78.8428755, 30.118101 ], [ 78.84281510000001, 30.1178167 ], [ 78.8429318, 30.117594 ], [ 78.8430311, 30.11745950000001 ], [ 78.8431625, 30.117456 ], [ 78.8432564, 30.1175291 ], [ 78.8433583, 30.1176625 ], [ 78.8436627, 30.1178598 ], [ 78.8439363, 30.118141599999987 ], [ 78.8440677, 30.1183979 ], [ 78.8441187, 30.1186241 ], [ 78.8443158, 30.1187749 ], [ 78.8445465, 30.118848 ], [ 78.8447665, 30.1188434 ], [ 78.8450803, 30.1187691 ], [ 78.8454142, 30.1187448 ], [ 78.8455134, 30.1186682 ], [ 78.8456999, 30.1184327 ], [ 78.8458635, 30.1182947 ], [ 78.8459238, 30.1181404 ], [ 78.8459855, 30.1178713 ], [ 78.8460888, 30.1176404 ], [ 78.8460874, 30.1174734 ], [ 78.8460325, 30.117239 ], [ 78.8460646, 30.116992 ], [ 78.8460459, 30.1168168 ], [ 78.8458957, 30.1165975 ], [ 78.8458581, 30.116353900000011 ], [ 78.8458782, 30.1157913 ], [ 78.845844700000015, 30.115551100000012 ], [ 78.845728, 30.1153969 ], [ 78.8456623, 30.1153122 ], [ 78.8456623, 30.1151254 ], [ 78.845673, 30.114869 ], [ 78.8456301, 30.1147147 ], [ 78.8455497, 30.1146138 ], [ 78.8454424, 30.1145245 ], [ 78.8450387, 30.1142449 ], [ 78.8447718, 30.1140952 ], [ 78.8446364, 30.1139491 ], [ 78.8444956, 30.1138307 ], [ 78.844336, 30.1137298 ], [ 78.8442796, 30.1136405 ], [ 78.8443078, 30.1134444 ], [ 78.8442045, 30.1132623 ], [ 78.8440356, 30.11308709999998 ], [ 78.8436507, 30.112775 ], [ 78.8436171, 30.112685699999989 ], [ 78.8436225, 30.112608 ], [ 78.843707, 30.112572 ], [ 78.8439135, 30.1126161 ], [ 78.8444138, 30.1127529 ], [ 78.8450575, 30.1130104 ], [ 78.8454813, 30.1132414 ], [ 78.8456274, 30.1132565 ], [ 78.8458849, 30.113188 ], [ 78.846007, 30.113110299999985 ], [ 78.846166600000018, 30.1128841 ], [ 78.846416, 30.1124409 ], [ 78.8465474, 30.1122785 ], [ 78.8466413, 30.1122507 ], [ 78.846754, 30.1123075 ], [ 78.8468988, 30.1124607 ], [ 78.8470718, 30.1127414 ], [ 78.8472073, 30.1132194 ], [ 78.8472354, 30.1134421 ], [ 78.8472998, 30.1134885 ], [ 78.8475519, 30.1135442 ], [ 78.8477692, 30.1137553 ], [ 78.8482118, 30.1139827 ], [ 78.8482842, 30.1141428 ], [ 78.8483485, 30.114347 ], [ 78.8486329, 30.1145164 ], [ 78.8488206, 30.1145651 ], [ 78.8491022, 30.114539599999986 ], [ 78.8493651, 30.1145419 ], [ 78.849467, 30.1146138 ], [ 78.8494938, 30.1148992 ], [ 78.8494643, 30.1151498 ], [ 78.8496709, 30.1152797 ], [ 78.8499552, 30.115351599999986 ], [ 78.8501698, 30.1155152 ], [ 78.8502918, 30.1156242 ], [ 78.8503951, 30.115644 ], [ 78.850442, 30.1156161 ], [ 78.8506392, 30.1153887 ], [ 78.8507759, 30.1152797 ], [ 78.8509731, 30.1151579 ], [ 78.8512641, 30.1148887 ], [ 78.8513808, 30.1147391 ], [ 78.8515082, 30.1146904 ], [ 78.851653, 30.1147066 ], [ 78.8518126, 30.1146869 ], [ 78.8523759, 30.1145732 ], [ 78.8526012, 30.1145245 ], [ 78.8527554, 30.1143203 ], [ 78.8528077, 30.1142275 ], [ 78.8527179, 30.1141022 ], [ 78.8526763, 30.1139386 ], [ 78.8526293, 30.1137031 ], [ 78.8526293, 30.1135372 ], [ 78.8526763, 30.1134723 ], [ 78.8529955, 30.1133458 ], [ 78.8531135, 30.113347 ], [ 78.8532677, 30.1133957 ], [ 78.853431300000011, 30.1134027 ], [ 78.8536808, 30.1134027 ], [ 78.8538028, 30.1133655 ], [ 78.8538833, 30.113289 ], [ 78.8539249, 30.113086 ], [ 78.8540093, 30.1128017 ], [ 78.8540979, 30.112717 ], [ 78.8543191, 30.1127089 ], [ 78.8545163, 30.1126474 ], [ 78.8545954, 30.1125825 ], [ 78.8547738, 30.1121729 ], [ 78.8548207, 30.1118319 ], [ 78.854815300000013, 30.1116254 ], [ 78.8547778, 30.1114583 ], [ 78.8547309, 30.1112077 ], [ 78.8548019, 30.1110453 ], [ 78.8549374, 30.1109838 ], [ 78.8551251, 30.1109316 ], [ 78.8554765, 30.110956 ], [ 78.8557206, 30.1110291 ], [ 78.8559499, 30.1111219 ], [ 78.856076, 30.1110848 ], [ 78.8562503, 30.1111091 ], [ 78.8563818, 30.1111706 ], [ 78.8565132, 30.1112797 ], [ 78.8568163, 30.1112913 ], [ 78.8569343, 30.111275 ], [ 78.857051, 30.1111486 ], [ 78.8572535, 30.1110558 ], [ 78.8573192, 30.1109873 ], [ 78.857409, 30.1108365 ], [ 78.8574318, 30.1106578 ], [ 78.8574976, 30.1104223 ], [ 78.8576853, 30.1102193 ], [ 78.8577604, 30.1100128 ], [ 78.857932100000014, 30.1099205 ], [ 78.8579723, 30.109862 ], [ 78.8579817, 30.1097889 ], [ 78.8579146, 30.1096914 ], [ 78.857869, 30.1096056 ], [ 78.857865, 30.1094965 ], [ 78.8579629, 30.1093097 ], [ 78.858028, 30.1091862 ], [ 78.8584169, 30.1089344 ], [ 78.8586006, 30.1088323 ], [ 78.8588071, 30.10875 ], [ 78.8590157, 30.1086891 ], [ 78.859072, 30.1087076 ], [ 78.8590814, 30.1087825 ], [ 78.8590553, 30.1088312 ], [ 78.859009, 30.1088555 ], [ 78.8588092, 30.1088776 ], [ 78.8585865, 30.1089339 ], [ 78.8581835, 30.1092187 ], [ 78.8580427, 30.1095157 ], [ 78.8580615, 30.1095969 ], [ 78.8581138, 30.1096781 ], [ 78.8582211, 30.1097663 ], [ 78.8582372, 30.1098504 ], [ 78.8582231, 30.1099942 ], [ 78.8581902, 30.1100534 ], [ 78.8580333, 30.1101462 ], [ 78.8579428, 30.110257 ], [ 78.857844900000018, 30.1104357 ], [ 78.857798, 30.1105865 ], [ 78.857806, 30.1107976 ], [ 78.8577778, 30.1109113 ], [ 78.8576665, 30.1110412 ], [ 78.8574882, 30.1112768 ], [ 78.8573098, 30.1115513 ], [ 78.8572387, 30.1116457 ], [ 78.8571596, 30.11172220000001 ], [ 78.8570791, 30.1117675 ], [ 78.8569946, 30.1117582 ], [ 78.8568069, 30.1116979 ], [ 78.8566473, 30.1117106 ], [ 78.8560934, 30.1118754 ], [ 78.8559942, 30.1118626 ], [ 78.8558775, 30.1118557 ], [ 78.8558252, 30.1118719 ], [ 78.8557783, 30.1119125 ], [ 78.8557595, 30.1119809 ], [ 78.8557789, 30.1120726 ], [ 78.8558983, 30.1122205 ], [ 78.8559526, 30.1123017 ], [ 78.855964, 30.1123667 ], [ 78.855942500000012, 30.1124131 ], [ 78.8558607, 30.1125146 ], [ 78.8557079, 30.112686299999989 ], [ 78.8554785, 30.113061 ], [ 78.8552116, 30.1133568 ], [ 78.8547946, 30.1139079 ], [ 78.8546725, 30.1141109 ], [ 78.854584, 30.1144554 ], [ 78.8544821, 30.1146179 ], [ 78.8541857, 30.1149624 ], [ 78.8539939, 30.1151121 ], [ 78.8538048, 30.115310399999988 ], [ 78.8536318, 30.1154404 ], [ 78.8532228, 30.1158742 ], [ 78.8528433, 30.1162559 ], [ 78.852685, 30.1163568 ], [ 78.8524208, 30.11667 ], [ 78.8523149, 30.1167918 ], [ 78.8521083, 30.1169542 ], [ 78.8519863, 30.1171039 ], [ 78.8519608, 30.1172419 ], [ 78.851942, 30.1175035 ], [ 78.8518795, 30.1176971 ], [ 78.8518482, 30.1177941 ], [ 78.8517596, 30.1179159 ], [ 78.8516524, 30.1182158 ], [ 78.8516825, 30.1182709 ], [ 78.8517368, 30.1183051 ], [ 78.8518609, 30.1183051 ], [ 78.8519038, 30.1182639 ], [ 78.8519508, 30.1181468 ], [ 78.8520849, 30.1178545 ], [ 78.8525033, 30.1173449 ], [ 78.8527407, 30.1171074 ], [ 78.8530451, 30.1168881 ], [ 78.8533471, 30.1165471 ], [ 78.853594900000019, 30.1163325 ], [ 78.8538109, 30.1161004 ], [ 78.8539557, 30.1160285 ], [ 78.8540684, 30.1160274 ], [ 78.8542186, 30.1161178 ], [ 78.8544009, 30.1162884 ], [ 78.8547704, 30.1165859 ], [ 78.8548905, 30.1166167 ], [ 78.8549629, 30.1166062 ], [ 78.855139200000011, 30.1165349 ], [ 78.8555288, 30.1162076 ], [ 78.8561082, 30.1157784 ], [ 78.8567173, 30.1156123 ], [ 78.8568163, 30.1155853 ], [ 78.8571811, 30.1150489 ], [ 78.8572253, 30.1150198 ], [ 78.8573742, 30.1147936 ], [ 78.8574962, 30.1147043 ], [ 78.8577457, 30.1146068 ], [ 78.8584551, 30.1143551 ], [ 78.8589607, 30.1140024 ], [ 78.8593483, 30.1135683 ], [ 78.8597305, 30.1131022 ], [ 78.8600215, 30.1126846 ], [ 78.8603125, 30.1124537 ], [ 78.8603876, 30.1122147 ], [ 78.8605003, 30.1119084 ], [ 78.860684, 30.1116289 ], [ 78.8607403, 30.1115836 ], [ 78.8608061, 30.1115592 ], [ 78.8609134, 30.111572 ], [ 78.8610783, 30.1116695 ], [ 78.8614337, 30.1117704 ], [ 78.8616268, 30.1118516 ], [ 78.8617489, 30.1119084 ], [ 78.861824, 30.111876 ], [ 78.8618749, 30.1118064 ], [ 78.8619742, 30.1115233 ], [ 78.861983600000016, 30.1114015 ], [ 78.8618843, 30.1112263 ], [ 78.8616456, 30.1110035 ], [ 78.8615195, 30.110865499999985 ], [ 78.8615155, 30.1108005 ], [ 78.8615759, 30.1107205 ], [ 78.86180520000002, 30.1106346 ], [ 78.8619929, 30.1105534 ], [ 78.8621016, 30.1103782 ], [ 78.8622048, 30.1101068 ], [ 78.8622182, 30.1098678 ], [ 78.8623309, 30.1096566 ], [ 78.8624301, 30.1095395 ], [ 78.8626836, 30.1094861 ], [ 78.8628244, 30.1094049 ], [ 78.8629559, 30.1093271 ], [ 78.8631718, 30.1092622 ], [ 78.8634306, 30.1091856 ], [ 78.8638906, 30.109152 ], [ 78.8642098, 30.109152 ], [ 78.8643171, 30.1091241 ], [ 78.8644445, 30.1090185 ], [ 78.8645987, 30.1088283 ], [ 78.8649608, 30.108539399999987 ], [ 78.86528, 30.1082992 ], [ 78.8653779, 30.1080751 ], [ 78.8656314, 30.1075208 ], [ 78.8658459, 30.1073259 ], [ 78.8660002, 30.1070881 ], [ 78.8664937, 30.1065516 ], [ 78.8668585, 30.1059937 ], [ 78.8671911, 30.1054905 ], [ 78.8673245, 30.1053971 ], [ 78.8674325, 30.1053704 ], [ 78.8675263, 30.1053686 ], [ 78.8676135, 30.1054052 ], [ 78.867763, 30.1054945 ], [ 78.8678831, 30.1055467 ], [ 78.8680293, 30.105527 ], [ 78.8681741, 30.1054411 ], [ 78.8682116, 30.1053402 ], [ 78.8681406, 30.1051987 ], [ 78.8679273, 30.1049945 ], [ 78.8678878, 30.104857 ], [ 78.8679159, 30.1047491 ], [ 78.8679816, 30.1046215 ], [ 78.8680896, 30.1045159 ], [ 78.8685375, 30.104254299999987 ], [ 78.8688145, 30.1040756 ], [ 78.8689338, 30.1039416 ], [ 78.8690391, 30.1038505 ], [ 78.869255, 30.1037571 ], [ 78.8697834, 30.103637 ], [ 78.870222, 30.1034572 ], [ 78.8703769, 30.1033238 ], [ 78.8704587, 30.1032159 ], [ 78.8704707, 30.1031068 ], [ 78.8703976, 30.1028974 ], [ 78.870405, 30.1027634 ], [ 78.8704674, 30.102554500000011 ], [ 78.870568, 30.102344 ], [ 78.8708462, 30.1020522 ], [ 78.8710581, 30.1019402 ], [ 78.871388, 30.1017615 ], [ 78.871553, 30.1015782 ], [ 78.871970100000013, 30.1012951 ], [ 78.872340200000011, 30.1008322 ], [ 78.8727271, 30.100281 ], [ 78.8730651, 30.1000925 ], [ 78.8731429, 30.0999927 ], [ 78.8732274, 30.0997798 ], [ 78.8734171, 30.099605199999985 ], [ 78.8737625, 30.0994004 ], [ 78.874175500000021, 30.0991834 ], [ 78.8742667, 30.09909 ], [ 78.8744189, 30.0988626 ], [ 78.8748722, 30.0984786 ], [ 78.8750291, 30.0982958 ], [ 78.8753604, 30.0980893 ], [ 78.8757748, 30.097787 ], [ 78.8761832, 30.0975846 ], [ 78.8766968, 30.0973456 ], [ 78.877016, 30.0972545 ], [ 78.877533, 30.0971703 ], [ 78.877763, 30.0972104 ], [ 78.8778663, 30.0973792 ], [ 78.8779749, 30.097591 ], [ 78.8780688, 30.097700599999989 ], [ 78.87817, 30.097745299999985 ], [ 78.8783189, 30.0977169 ], [ 78.8785817, 30.097689 ], [ 78.878769500000018, 30.0977702 ], [ 78.8789385, 30.0978062 ], [ 78.879186600000011, 30.0977981 ], [ 78.879837, 30.0979118 ], [ 78.8799886, 30.0980011 ], [ 78.8803667, 30.0983086 ], [ 78.8805451, 30.0983701 ], [ 78.8806296, 30.098365399999988 ], [ 78.8808214, 30.098304 ], [ 78.8809997, 30.0982761 ], [ 78.8810842, 30.0982842 ], [ 78.8811969, 30.0983573 ], [ 78.8813994, 30.0984826 ], [ 78.8815348, 30.0986079 ], [ 78.8817501, 30.0990415 ], [ 78.8818285, 30.0994201 ], [ 78.881791, 30.0995745 ], [ 78.8818004, 30.0996719 ], [ 78.8820934, 30.1002002 ], [ 78.8822269, 30.1005108 ], [ 78.8823958, 30.1007103 ], [ 78.8829947, 30.1011658 ], [ 78.8835304, 30.1016803 ], [ 78.88379190000002, 30.1018915 ], [ 78.8838429, 30.102033 ], [ 78.8838657, 30.1021955 ], [ 78.8842613, 30.1025806 ], [ 78.8846328, 30.1028649 ], [ 78.8849144, 30.1029658 ], [ 78.8852242, 30.1029774 ], [ 78.8855937, 30.1030575 ] ] } },
{ "type": "Feature", "properties": { "osm_id": 311335855, "highway": "trunk", "name": null, "name_en": null, "ref": "NH309", "surface": "unknown", "maxspeed": null, "oneway": "no", "access": "yes", "motor_vehicle": null, "bridge": "no", "tunnel": "no", "smoothness": null, "tracktype": null, "lanes": null, "layer": "0", "length_m": 423.23, "assumed_speed_kmh": 35.0, "travel_time_min": 0.7255, "is_vehicular": true, "is_arterial": true }, "geometry": { "type": "LineString", "coordinates": [ [ 78.8855937, 30.1030575 ], [ 78.8862777, 30.103097 ], [ 78.8867712, 30.1026893 ], [ 78.8871789, 30.1022387 ], [ 78.8880962, 30.1025512 ], [ 78.888241, 30.1027083 ], [ 78.888385900000017, 30.1036084 ], [ 78.888454600000017, 30.1036749 ] ] } },
{ "type": "Feature", "properties": { "osm_id": 314203606, "highway": "trunk", "name": "Pauri Highway", "name_en": null, "ref": "NH309", "surface": "asphalt", "maxspeed": "50", "oneway": "no", "access": "yes", "motor_vehicle": null, "bridge": "no", "tunnel": "no", "smoothness": null, "tracktype": null, "lanes": "2", "layer": "0", "length_m": 751.25, "assumed_speed_kmh": 35.0, "travel_time_min": 1.2879, "is_vehicular": true, "is_arterial": true }, "geometry": { "type": "LineString", "coordinates": [ [ 78.7773107, 30.1949483 ], [ 78.7773871, 30.195438 ], [ 78.7773571, 30.195578 ], [ 78.7768871, 30.196128 ], [ 78.7769071, 30.196778 ], [ 78.7768469, 30.1969482 ], [ 78.7767316, 30.1970502 ], [ 78.7766136, 30.1971337 ], [ 78.7765277, 30.1972148 ], [ 78.7764258, 30.1975092 ], [ 78.7761576, 30.1979659 ], [ 78.7758271, 30.198238 ], [ 78.7757971, 30.198608 ], [ 78.7753771, 30.199318 ], [ 78.7746771, 30.200038 ], [ 78.7745571, 30.200278 ], [ 78.7745471, 30.200408 ], [ 78.7746871, 30.200658 ], [ 78.774754, 30.200812099999986 ], [ 78.7747394, 30.2008897 ] ] } },
{ "type": "Feature", "properties": { "osm_id": 314203607, "highway": "trunk", "name": "Pauri Highway", "name_en": null, "ref": "NH309", "surface": "asphalt", "maxspeed": "50", "oneway": "no", "access": "yes", "motor_vehicle": null, "bridge": "no", "tunnel": "no", "smoothness": null, "tracktype": null, "lanes": "2", "layer": "0", "length_m": 7587.62, "assumed_speed_kmh": 35.0, "travel_time_min": 13.0073, "is_vehicular": true, "is_arterial": true }, "geometry": { "type": "LineString", "coordinates": [ [ 78.77349150000002, 30.2017593 ], [ 78.7734148, 30.2021149 ], [ 78.7731155, 30.202096 ], [ 78.7723424, 30.2020472 ], [ 78.77101, 30.20254 ], [ 78.77071, 30.20275 ], [ 78.77019, 30.20296 ], [ 78.76994, 30.20296 ], [ 78.76908, 30.20283 ], [ 78.76831, 30.20311 ], [ 78.76794, 30.2035 ], [ 78.76754, 30.2037 ], [ 78.76688, 30.20422 ], [ 78.76627, 30.20445 ], [ 78.76507, 30.20471 ], [ 78.76493, 30.20479 ], [ 78.76484, 30.20492 ], [ 78.76481, 30.20508 ], [ 78.76479, 30.20562 ], [ 78.76475, 30.20575 ], [ 78.76462, 30.20584 ], [ 78.76445, 30.20574 ], [ 78.76421, 30.20516 ], [ 78.76405, 30.20501 ], [ 78.76381, 30.20493 ], [ 78.76344, 30.20499 ], [ 78.76313, 30.20535 ], [ 78.76274, 30.2056 ], [ 78.76253, 30.20563 ], [ 78.76247, 30.2055 ], [ 78.76264, 30.20511 ], [ 78.76268, 30.20483 ], [ 78.76248, 30.2047 ], [ 78.76205, 30.20473 ], [ 78.76177, 30.2047 ], [ 78.76123, 30.20488 ], [ 78.76092, 30.20482 ], [ 78.76056, 30.20464 ], [ 78.7604, 30.20464 ], [ 78.7601, 30.20485 ], [ 78.75979, 30.20488 ], [ 78.75956, 30.20495 ], [ 78.75938, 30.20507 ], [ 78.75908, 30.20511 ], [ 78.75872, 30.20503 ], [ 78.75807, 30.20503 ], [ 78.75781, 30.20499 ], [ 78.75755, 30.20483 ], [ 78.75661, 30.20548 ], [ 78.75597, 30.20518 ], [ 78.75579, 30.20517 ], [ 78.75539, 30.20537 ], [ 78.75504, 30.20545 ], [ 78.75474, 30.20562 ], [ 78.75362, 30.20694 ], [ 78.75292, 30.20738 ], [ 78.75264, 30.20751 ], [ 78.75179, 30.2075 ], [ 78.75167, 30.20758 ], [ 78.75153, 30.20793 ], [ 78.7512185, 30.208531 ], [ 78.7508863, 30.2089742 ], [ 78.7506927, 30.2091498 ], [ 78.7504605, 30.2092055 ], [ 78.7501541, 30.209186 ], [ 78.749708900000016, 30.2090578 ], [ 78.7492509, 30.2090411 ], [ 78.7490929, 30.2090745 ], [ 78.7489155, 30.209339299999986 ], [ 78.7486381, 30.2094397 ], [ 78.7481768, 30.2093812 ], [ 78.7477381, 30.2095484 ], [ 78.7476329, 30.2095984 ], [ 78.7475537, 30.209695700000012 ], [ 78.7475827, 30.2098132 ], [ 78.7477, 30.2099231 ], [ 78.7478752, 30.2099858 ], [ 78.7480671, 30.2100278 ], [ 78.7487735, 30.2101895 ], [ 78.7493574, 30.2102341 ], [ 78.7508218, 30.2100028 ], [ 78.7513088, 30.2097965 ], [ 78.75218, 30.21025 ], [ 78.75241, 30.2105 ], [ 78.7526, 30.21051 ], [ 78.75307, 30.21064 ], [ 78.75347, 30.21028 ], [ 78.7537, 30.21017 ], [ 78.75388, 30.21017 ], [ 78.75432, 30.21035 ], [ 78.75475, 30.21034 ], [ 78.75506, 30.21006 ], [ 78.75529, 30.21009 ], [ 78.75622, 30.20999 ], [ 78.75661, 30.20983 ], [ 78.75679, 30.20983 ], [ 78.75699, 30.21016 ], [ 78.75713, 30.21024 ], [ 78.75731, 30.21028 ], [ 78.75754, 30.21019 ], [ 78.75781, 30.21029 ], [ 78.75817, 30.21053 ], [ 78.7584, 30.21057 ], [ 78.75867, 30.21052 ], [ 78.75904, 30.21029 ], [ 78.75946, 30.21015 ], [ 78.75973, 30.20998 ], [ 78.76035, 30.2101 ], [ 78.76065, 30.21001 ], [ 78.76085, 30.21018 ], [ 78.76103, 30.21021 ], [ 78.76135, 30.21013 ], [ 78.76211, 30.21026 ], [ 78.76233, 30.21025 ], [ 78.76267, 30.20997 ], [ 78.76294, 30.20988 ], [ 78.76306, 30.20991 ], [ 78.76312, 30.21002 ], [ 78.76315, 30.21033 ], [ 78.76334, 30.21049 ], [ 78.76443, 30.21045 ], [ 78.76482, 30.21089 ], [ 78.76535, 30.21121 ], [ 78.76588, 30.21101 ], [ 78.76608, 30.21101 ], [ 78.76635, 30.21092 ], [ 78.7666133, 30.2108187 ], [ 78.76726, 30.21057 ], [ 78.76747, 30.21036 ], [ 78.7678139, 30.2101332 ], [ 78.7680208, 30.2101833 ], [ 78.7680697, 30.2103011 ], [ 78.76782, 30.21048 ], [ 78.76768, 30.21064 ], [ 78.76721, 30.21088 ], [ 78.76699, 30.21106 ], [ 78.76689, 30.21127 ], [ 78.76685, 30.21154 ], [ 78.76647, 30.21205 ], [ 78.76591, 30.21241 ], [ 78.76581, 30.21252 ], [ 78.76579, 30.21267 ], [ 78.76585, 30.21293 ], [ 78.76644, 30.21398 ], [ 78.7664, 30.21443 ], [ 78.76647, 30.21458 ], [ 78.7666293, 30.2147074 ], [ 78.76677, 30.21482 ], [ 78.76705, 30.21497 ], [ 78.76793, 30.21531 ], [ 78.76875, 30.2155 ], [ 78.76903, 30.21566 ], [ 78.77027, 30.21689 ], [ 78.77106, 30.21788 ], [ 78.77156, 30.21819 ], [ 78.77212, 30.21894 ], [ 78.7728, 30.21937 ], [ 78.77373, 30.2198 ], [ 78.7741817, 30.2200515 ], [ 78.7741916, 30.2200754 ], [ 78.77461, 30.22109 ], [ 78.77475, 30.22171 ], [ 78.77494, 30.22201 ], [ 78.77548, 30.22222 ], [ 78.77585, 30.22228 ], [ 78.77623, 30.22229 ], [ 78.77734, 30.22217 ], [ 78.7776574, 30.222227 ] ] } },
{ "type": "Feature", "properties": { "osm_id": 315474668, "highway": "trunk", "name": null, "name_en": null, "ref": "NH7", "surface": "unknown", "maxspeed": "50", "oneway": "no", "access": "yes", "motor_vehicle": null, "bridge": "no", "tunnel": "no", "smoothness": null, "tracktype": null, "lanes": "2", "layer": "0", "length_m": 5205.71, "assumed_speed_kmh": 35.0, "travel_time_min": 8.9241, "is_vehicular": true, "is_arterial": true }, "geometry": { "type": "LineString", "coordinates": [ [ 78.8443021, 30.2344332 ], [ 78.8436316, 30.2342046 ], [ 78.8422443, 30.2340138 ], [ 78.8411373, 30.234077299999985 ], [ 78.8402979, 30.2343641 ], [ 78.8399018, 30.2344031 ], [ 78.8380925, 30.23444 ], [ 78.8373446, 30.2346413 ], [ 78.8369207, 30.2351959 ], [ 78.8366985, 30.235632699999986 ], [ 78.8362273, 30.2359937 ], [ 78.833167, 30.2374299 ], [ 78.8321137, 30.238287 ], [ 78.831689, 30.2385298 ], [ 78.8312734, 30.2387674 ], [ 78.830628, 30.2389686 ], [ 78.8295665, 30.2392091 ], [ 78.828679, 30.2397416 ], [ 78.8279704, 30.2399642 ], [ 78.8275, 30.240151 ], [ 78.827031, 30.2401653 ], [ 78.826042900000019, 30.2398883 ], [ 78.8255969, 30.2397097 ], [ 78.8250058, 30.2389915 ], [ 78.82396, 30.23774 ], [ 78.82339, 30.23728 ], [ 78.82326, 30.23711 ], [ 78.82325, 30.2369 ], [ 78.82344, 30.23584 ], [ 78.82374, 30.23477 ], [ 78.82379, 30.23405 ], [ 78.8238528, 30.2334786 ], [ 78.8239905, 30.2330463 ], [ 78.823949, 30.2329149 ], [ 78.82348, 30.23242 ], [ 78.82319, 30.23223 ], [ 78.8231, 30.23212 ], [ 78.82311, 30.23206 ], [ 78.82375, 30.23114 ], [ 78.8239, 30.2307 ], [ 78.82401, 30.23061 ], [ 78.82417, 30.23055 ], [ 78.8243884, 30.2305482 ], [ 78.8244903, 30.2305343 ], [ 78.8247532, 30.2302748 ], [ 78.8247746, 30.2301913 ], [ 78.8247049, 30.2300755 ], [ 78.82409, 30.22965 ], [ 78.82389, 30.22933 ], [ 78.82377, 30.22925 ], [ 78.8237002, 30.2292272 ], [ 78.82331, 30.2291 ], [ 78.8231385, 30.2290847 ], [ 78.8230446, 30.2290766 ], [ 78.8229977, 30.229060400000012 ], [ 78.8229645, 30.2290342 ], [ 78.82285, 30.22877 ], [ 78.82265, 30.22793 ], [ 78.8224, 30.22754 ], [ 78.82142, 30.2263 ], [ 78.82035, 30.22541 ], [ 78.81996, 30.22528 ], [ 78.8199038, 30.225273 ], [ 78.8198018, 30.2252602 ], [ 78.81972, 30.22525 ], [ 78.8196033, 30.2252005 ], [ 78.81906, 30.22497 ], [ 78.81841, 30.2248 ], [ 78.81767, 30.22452 ], [ 78.81718, 30.22428 ], [ 78.817148, 30.224244 ], [ 78.8171, 30.22419 ], [ 78.81626, 30.22367 ], [ 78.8152528, 30.2231899 ], [ 78.81519, 30.22316 ], [ 78.8142228, 30.223005 ], [ 78.8137191, 30.2229243 ], [ 78.81338, 30.22287 ], [ 78.8128502, 30.2226597 ], [ 78.8120915, 30.222343 ], [ 78.8120314, 30.2223163 ], [ 78.8120019, 30.222267599999984 ], [ 78.8119778, 30.2221471 ], [ 78.81191, 30.22193 ], [ 78.81181, 30.22182 ], [ 78.81136, 30.22165 ], [ 78.8112, 30.22147 ], [ 78.81113, 30.22129 ], [ 78.81104, 30.22068 ], [ 78.8108326, 30.2198441 ], [ 78.81079130000002, 30.219734699999986 ] ] } },
{ "type": "Feature", "properties": { "osm_id": 315474669, "highway": "trunk", "name": null, "name_en": null, "ref": "NH7", "surface": "asphalt", "maxspeed": "50", "oneway": "no", "access": "yes", "motor_vehicle": null, "bridge": "no", "tunnel": "no", "smoothness": null, "tracktype": null, "lanes": "2", "layer": "0", "length_m": 1351.36, "assumed_speed_kmh": 35.0, "travel_time_min": 2.3166, "is_vehicular": true, "is_arterial": true }, "geometry": { "type": "LineString", "coordinates": [ [ 78.8739912, 30.2439452 ], [ 78.8736713, 30.2439653 ], [ 78.8734474, 30.2439523 ], [ 78.8732194, 30.2438447 ], [ 78.8727847, 30.243625 ], [ 78.8725421, 30.2435028 ], [ 78.8723016, 30.2433863 ], [ 78.871990600000018, 30.2432933 ], [ 78.8716656, 30.2432199 ], [ 78.8713909, 30.2432122 ], [ 78.8711069, 30.2431923 ], [ 78.8707447, 30.243105 ], [ 78.8688247, 30.242425 ], [ 78.8685247, 30.242435 ], [ 78.8675447, 30.242765 ], [ 78.8668747, 30.242675 ], [ 78.8656747, 30.242795 ], [ 78.8650547, 30.242705 ], [ 78.8645647, 30.242525 ], [ 78.8641847, 30.242305 ], [ 78.8633447, 30.242205 ], [ 78.8629247, 30.241775 ], [ 78.8627496, 30.24166580000001 ], [ 78.8625147, 30.241525 ], [ 78.8624247, 30.241265 ], [ 78.8624247, 30.240965 ], [ 78.862061, 30.240378899999982 ], [ 78.8619543, 30.2402914 ], [ 78.8618819, 30.2403121 ] ] } },
{ "type": "Feature", "properties": { "osm_id": 316618379, "highway": "trunk", "name": null, "name_en": null, "ref": "NH7", "surface": "unknown", "maxspeed": "50", "oneway": "no", "access": "yes", "motor_vehicle": null, "bridge": "no", "tunnel": "no", "smoothness": null, "tracktype": null, "lanes": "2", "layer": "0", "length_m": 1036.47, "assumed_speed_kmh": 35.0, "travel_time_min": 1.7768, "is_vehicular": true, "is_arterial": true }, "geometry": { "type": "LineString", "coordinates": [ [ 79.4989106, 30.5236008 ], [ 79.4994529, 30.5235185 ], [ 79.499984, 30.5234584 ], [ 79.5005017, 30.5233129 ], [ 79.5007611, 30.5232881 ], [ 79.5013036, 30.523433 ], [ 79.5016738, 30.5235717 ], [ 79.5021029, 30.5240684 ], [ 79.5023416, 30.5242324 ], [ 79.502878, 30.5243849 ], [ 79.5034325, 30.5243647 ], [ 79.5037203, 30.5244104 ], [ 79.5040414, 30.5247414 ], [ 79.5041199, 30.5247939 ], [ 79.5042211, 30.5247876 ], [ 79.5045737, 30.5246595 ], [ 79.5049888, 30.524650899999987 ], [ 79.5053703, 30.5248651 ], [ 79.506309, 30.525877099999988 ], [ 79.5065948, 30.525922 ], [ 79.5067254, 30.5259093 ], [ 79.5069153, 30.5258909 ], [ 79.5074891, 30.5257985 ], [ 79.5080606, 30.5257454 ], [ 79.5082256, 30.5257625 ], [ 79.5082992, 30.5258401 ] ] } },
{ "type": "Feature", "properties": { "osm_id": 384499434, "highway": "trunk", "name": null, "name_en": null, "ref": "NH309", "surface": "unknown", "maxspeed": null, "oneway": "no", "access": "yes", "motor_vehicle": null, "bridge": "no", "tunnel": "no", "smoothness": null, "tracktype": null, "lanes": "1", "layer": "0", "length_m": 129.19, "assumed_speed_kmh": 35.0, "travel_time_min": 0.2215, "is_vehicular": true, "is_arterial": true }, "geometry": { "type": "LineString", "coordinates": [ [ 78.88992380000002, 30.1059134 ], [ 78.8901541, 30.1062291 ], [ 78.8904496, 30.1064622 ], [ 78.890706, 30.1066539 ], [ 78.8908711, 30.106699 ] ] } },
{ "type": "Feature", "properties": { "osm_id": 386109764, "highway": "trunk", "name": null, "name_en": null, "ref": "NH107A", "surface": "unknown", "maxspeed": null, "oneway": "no", "access": "yes", "motor_vehicle": null, "bridge": "no", "tunnel": "no", "smoothness": null, "tracktype": null, "lanes": null, "layer": "0", "length_m": 2244.85, "assumed_speed_kmh": 35.0, "travel_time_min": 3.8483, "is_vehicular": true, "is_arterial": true }, "geometry": { "type": "LineString", "coordinates": [ [ 79.32601, 30.4120099 ], [ 79.3259783, 30.4120657 ], [ 79.3259025, 30.412317699999978 ], [ 79.3258461, 30.4124565 ], [ 79.325679800000017, 30.4126393 ], [ 79.3256772, 30.4127503 ], [ 79.3257335, 30.4130047 ], [ 79.3257415, 30.413243 ], [ 79.3258228, 30.4134258 ], [ 79.3258837, 30.41359 ], [ 79.3259139, 30.4137173 ], [ 79.3259086, 30.4138329 ], [ 79.3258576, 30.4139138 ], [ 79.3257979, 30.4140526 ], [ 79.325704, 30.4143556 ], [ 79.3256879, 30.4149107 ], [ 79.3256356, 30.4151571 ], [ 79.3256503, 30.4154844 ], [ 79.3256249, 30.4157602 ], [ 79.3256124, 30.4157845 ], [ 79.325598, 30.4157952 ], [ 79.3255809, 30.415801 ], [ 79.3255531, 30.4157998 ], [ 79.3255293, 30.4157914 ], [ 79.3255125, 30.4157729 ], [ 79.3255068, 30.4157388 ], [ 79.3255216, 30.4154798 ], [ 79.3255135, 30.4152739 ], [ 79.3254867, 30.4151282 ], [ 79.3254492, 30.4150148 ], [ 79.3254304, 30.4148599 ], [ 79.3254277, 30.4146864 ], [ 79.3253499, 30.414462 ], [ 79.325358, 30.4143787 ], [ 79.3254492, 30.414152 ], [ 79.3254331, 30.4140803 ], [ 79.3253472, 30.4139624 ], [ 79.32476920000002, 30.413716 ], [ 79.3246653, 30.413643199999989 ], [ 79.3245774, 30.4135714 ], [ 79.32433, 30.4132754 ], [ 79.3242972, 30.4132314 ], [ 79.3242683, 30.4132112 ], [ 79.3242328, 30.4132048 ], [ 79.324202600000021, 30.4132147 ], [ 79.3241838, 30.4132337 ], [ 79.3241765, 30.4132603 ], [ 79.3241765, 30.4132876 ], [ 79.3241879, 30.4133251 ], [ 79.3242167, 30.4133743 ], [ 79.3244246, 30.4136755 ], [ 79.3247384, 30.4139693 ], [ 79.3249637, 30.4140827 ], [ 79.3250468, 30.4141544 ], [ 79.325079, 30.4142122 ], [ 79.3250763, 30.4142793 ], [ 79.3250415, 30.4143625 ], [ 79.3250227, 30.4144944 ], [ 79.3250388, 30.4146424 ], [ 79.3250442, 30.4147627 ], [ 79.3250173, 30.4148622 ], [ 79.3249288, 30.415035699999986 ], [ 79.3249181, 30.4151559 ], [ 79.3249342, 30.4153687 ], [ 79.3249664, 30.4155561 ], [ 79.3249395, 30.4156509 ], [ 79.3249288, 30.4158568 ], [ 79.3249181, 30.4160048 ], [ 79.3249369, 30.4161228 ], [ 79.3250656, 30.4163564 ], [ 79.3251327, 30.4165507 ], [ 79.3252949, 30.4169983 ], [ 79.3252802, 30.4170665 ], [ 79.3252372, 30.4171127 ], [ 79.3249959, 30.4172122 ], [ 79.3248524, 30.4172863 ], [ 79.3248027, 30.417336 ], [ 79.3247384, 30.4174574 ], [ 79.3247028, 30.4175494 ], [ 79.3246841, 30.4176072 ], [ 79.3246646, 30.4176292 ], [ 79.3246391, 30.4176326 ], [ 79.3246096, 30.4176251 ], [ 79.3245949, 30.4176043 ], [ 79.3245935, 30.4175731 ], [ 79.3246009, 30.4175436 ], [ 79.3246821, 30.4173556 ], [ 79.3247907, 30.4172123 ], [ 79.3249047, 30.4171197 ], [ 79.3249751, 30.4170533 ], [ 79.3249932, 30.4170064 ], [ 79.3249959, 30.4169185 ], [ 79.3249583, 30.4168329 ], [ 79.3246365, 30.4162778 ], [ 79.324486300000018, 30.4160603 ], [ 79.3244112, 30.4158707 ], [ 79.3243763, 30.4156926 ], [ 79.3243763, 30.415489 ], [ 79.3243843, 30.4153086 ], [ 79.3243958, 30.415158900000012 ], [ 79.3243963, 30.4150771 ], [ 79.3243924, 30.4150033 ], [ 79.3243709, 30.4149084 ], [ 79.3242556, 30.4148067 ], [ 79.3241402, 30.414728 ], [ 79.3239525, 30.4146632 ], [ 79.323644, 30.4144828 ], [ 79.3233892, 30.4142469 ], [ 79.3230691, 30.4138766 ], [ 79.3230361, 30.4134434 ], [ 79.3230017, 30.4130634 ], [ 79.3229762, 30.4129492 ], [ 79.3229198, 30.4129215 ], [ 79.3228769, 30.412866 ], [ 79.3228474, 30.4127896 ], [ 79.3228528, 30.4126878 ], [ 79.3229172, 30.4125097 ], [ 79.3230084, 30.4122414 ], [ 79.3230218, 30.4121535 ], [ 79.3230057, 30.4120841 ], [ 79.3228796, 30.411943 ], [ 79.3226087, 30.4117186 ], [ 79.32237, 30.4115914 ], [ 79.3219972, 30.41146419999998 ], [ 79.3215787, 30.4113393 ], [ 79.3214627, 30.4113219 ] ] } },
{ "type": "Feature", "properties": { "osm_id": 444070019, "highway": "trunk", "name": null, "name_en": null, "ref": "NH309", "surface": "unknown", "maxspeed": null, "oneway": "no", "access": "yes", "motor_vehicle": null, "bridge": "no", "tunnel": "no", "smoothness": null, "tracktype": null, "lanes": null, "layer": "0", "length_m": 12255.55, "assumed_speed_kmh": 35.0, "travel_time_min": 21.0095, "is_vehicular": true, "is_arterial": true }, "geometry": { "type": "LineString", "coordinates": [ [ 78.9210185, 30.1151855 ], [ 78.9210052, 30.1150193 ], [ 78.9210597, 30.1147725 ], [ 78.9211847, 30.11462 ], [ 78.9214219, 30.1145784 ], [ 78.92180980000002, 30.114559 ], [ 78.9220534, 30.1143732 ], [ 78.9220759, 30.114205 ], [ 78.9220709, 30.1139224 ], [ 78.9224336, 30.113320299999987 ], [ 78.9226932, 30.1130749 ], [ 78.9229264, 30.1128839 ], [ 78.9230132, 30.112791 ], [ 78.92304, 30.1126912 ], [ 78.9230427, 30.1126216 ], [ 78.9230623, 30.1124765 ], [ 78.9231232, 30.1124081 ], [ 78.92322510000001, 30.1123478 ], [ 78.9234725, 30.1122927 ], [ 78.9239788, 30.1121736 ], [ 78.9246601, 30.1120466 ], [ 78.9251054, 30.1120008 ], [ 78.9252582, 30.1120114 ], [ 78.925395, 30.1121019 ], [ 78.9255184, 30.1121135 ], [ 78.9255989, 30.1120671 ], [ 78.9256646, 30.1120102 ], [ 78.9257598, 30.1118088 ], [ 78.9259422, 30.111263 ], [ 78.9259154, 30.1109789 ], [ 78.9259315, 30.1108002 ], [ 78.925906, 30.1106385 ], [ 78.9258825, 30.1105119 ], [ 78.9258895, 30.1104609 ], [ 78.9259073, 30.1104336 ], [ 78.9260139, 30.1103855 ], [ 78.926323, 30.1103456 ], [ 78.926551, 30.110313 ], [ 78.926712, 30.1102782 ], [ 78.9268327, 30.1101136 ], [ 78.9269453, 30.1098999 ], [ 78.927176, 30.1096346 ], [ 78.927353, 30.1094985 ], [ 78.9274603, 30.1094823 ], [ 78.9275461, 30.1095319 ], [ 78.9277124, 30.1097283 ], [ 78.9278331, 30.1098373 ], [ 78.9279243, 30.109886 ], [ 78.9280424, 30.1099095 ], [ 78.9287371, 30.1099431 ], [ 78.929413, 30.1099697 ], [ 78.9297187, 30.1099951 ], [ 78.9297871, 30.1099939 ], [ 78.9298502, 30.1099765 ], [ 78.929936, 30.1098999 ], [ 78.9299923, 30.1097747 ], [ 78.9300621, 30.1095726 ], [ 78.9301774, 30.1094707 ], [ 78.9303383, 30.1093988 ], [ 78.9304617, 30.109380200000011 ], [ 78.9305931, 30.1093872 ], [ 78.9308023, 30.1094484 ], [ 78.9311001, 30.1095829 ], [ 78.931208, 30.1096436 ], [ 78.931269, 30.1096465 ], [ 78.9313093, 30.1096308 ], [ 78.931379, 30.1095612 ], [ 78.9315212, 30.1090622 ], [ 78.9315963, 30.1088071 ], [ 78.9317948, 30.1087468 ], [ 78.9320227, 30.1087473 ], [ 78.9322883, 30.1087444 ], [ 78.9324358, 30.1087421 ], [ 78.9325418, 30.1087166 ], [ 78.9326075, 30.1086574 ], [ 78.9326021, 30.1085843 ], [ 78.9325109, 30.1083268 ], [ 78.932468, 30.1081806 ], [ 78.9324733, 30.1080322 ], [ 78.9325833, 30.107767599999985 ], [ 78.9327335, 30.1075387 ], [ 78.9330554, 30.107337799999989 ], [ 78.9331627, 30.107235 ], [ 78.9332029, 30.107114 ], [ 78.933156, 30.1069583 ], [ 78.9331171, 30.1069125 ], [ 78.9330554, 30.1068875 ], [ 78.9329495, 30.1068557 ], [ 78.9328301, 30.106829 ], [ 78.9327121, 30.1068209 ], [ 78.9326061, 30.1067802 ], [ 78.9324412, 30.1066399 ], [ 78.932354, 30.1065081 ], [ 78.9322574, 30.1063199 ], [ 78.9322467, 30.1062698 ], [ 78.9322668, 30.1062153 ], [ 78.9322829, 30.1061735 ], [ 78.9323312, 30.1061318 ], [ 78.9324519, 30.1060831 ], [ 78.932645, 30.106093499999989 ], [ 78.9328341, 30.1060013 ], [ 78.932991, 30.1058858 ], [ 78.9331976, 30.105593 ], [ 78.9333733, 30.1053019 ], [ 78.933426200000014, 30.1050658 ], [ 78.9334902, 30.1049235 ], [ 78.9335865, 30.1048321 ], [ 78.9345763, 30.1045143 ], [ 78.9348632, 30.1044244 ], [ 78.9356303, 30.1041484 ], [ 78.9363223, 30.1038822 ], [ 78.9367676, 30.103624699999987 ], [ 78.9368856, 30.1034934 ], [ 78.9370143, 30.1033542 ], [ 78.9371002, 30.1031964 ], [ 78.9371699, 30.1030512 ], [ 78.9371699, 30.1029602 ], [ 78.9371699, 30.1028576 ], [ 78.9368105, 30.1025902 ], [ 78.9366281, 30.1023193 ], [ 78.9367032, 30.1019998 ], [ 78.9368996, 30.1015819 ], [ 78.9376259, 30.1011443 ], [ 78.9378834, 30.1005006 ], [ 78.9379692, 30.0998998 ], [ 78.9374113, 30.0994921 ], [ 78.9371967, 30.0988913 ], [ 78.9371806, 30.0986645 ], [ 78.9372235, 30.098441300000012 ], [ 78.9372396, 30.0980031 ], [ 78.937261100000015, 30.097843 ], [ 78.9373201, 30.097669 ], [ 78.937261100000015, 30.0973209 ], [ 78.9371967, 30.0971538 ], [ 78.93717, 30.09685660000001 ], [ 78.9372021, 30.0965633 ], [ 78.9372182, 30.0963964 ], [ 78.9374274, 30.0962232 ], [ 78.9377225, 30.0961087 ], [ 78.9384198, 30.095994499999986 ], [ 78.9388651, 30.095912199999987 ], [ 78.9395679, 30.095915 ], [ 78.9401311, 30.096002 ], [ 78.9403671, 30.0960214 ], [ 78.9405709, 30.0959425 ], [ 78.9406997, 30.0958403 ], [ 78.9407909, 30.0956965 ], [ 78.9408017, 30.09555019999998 ], [ 78.9407802, 30.0950503 ], [ 78.9407373, 30.0947326 ], [ 78.9407399, 30.0945872 ], [ 78.9408284, 30.094434 ], [ 78.9409518, 30.0943807 ], [ 78.9410967, 30.0943621 ], [ 78.9412603, 30.0943064 ], [ 78.9413649, 30.0942205 ], [ 78.9414051, 30.0940893 ], [ 78.9413434, 30.0939769 ], [ 78.9412549, 30.0938632 ], [ 78.9411288, 30.0937061 ], [ 78.9410698, 30.0934176 ], [ 78.9412522, 30.0931406 ], [ 78.941268400000013, 30.092619799999987 ], [ 78.9410269, 30.0923501 ], [ 78.9407735, 30.0921965 ], [ 78.9407339, 30.0921696 ], [ 78.9407118, 30.0921343 ], [ 78.9407091, 30.092096 ], [ 78.9407191, 30.0920606 ], [ 78.9407453, 30.0920252 ], [ 78.9408499, 30.0919625 ], [ 78.9410108, 30.0918999 ], [ 78.9411879, 30.0918595 ], [ 78.9415204, 30.091807 ], [ 78.9418021, 30.0916055 ], [ 78.9419603, 30.0915053 ], [ 78.942014, 30.0913545 ], [ 78.942022, 30.0912129 ], [ 78.9420837, 30.0910232 ], [ 78.9422044, 30.0908973 ], [ 78.9424244, 30.0908277 ], [ 78.942585300000019, 30.090753 ], [ 78.9426899, 30.0907001 ], [ 78.9427288, 30.0906641 ], [ 78.9427462, 30.09062350000001 ], [ 78.9427704, 30.0905701 ], [ 78.9427704, 30.0905121 ], [ 78.9427248, 30.0904332 ], [ 78.9426014, 30.0903488 ], [ 78.94247, 30.0902498 ], [ 78.9424109, 30.0901837 ], [ 78.9423801, 30.0901117 ], [ 78.9423841, 30.0899737 ], [ 78.9424297, 30.089911 ], [ 78.9425719, 30.089850599999984 ], [ 78.9428937, 30.0898158 ], [ 78.9431137, 30.0897427 ], [ 78.9432317, 30.0896116 ], [ 78.9432853, 30.0894585 ], [ 78.94328, 30.0892983 ], [ 78.9432049, 30.0891066 ], [ 78.9431928, 30.0890419 ], [ 78.9432076, 30.0889757 ], [ 78.943344400000015, 30.0888899 ], [ 78.9434892, 30.0888249 ], [ 78.943634, 30.0886989 ], [ 78.9436501, 30.0885394 ], [ 78.9435214, 30.0883677 ], [ 78.9434355, 30.0880842 ], [ 78.9433658, 30.0877875 ], [ 78.9433551, 30.087659799999987 ], [ 78.9433712, 30.0876041 ], [ 78.9434195, 30.0875616 ], [ 78.9434825, 30.0875519 ], [ 78.9435522, 30.0875612 ], [ 78.9436153, 30.0875879 ], [ 78.943733, 30.0876552 ], [ 78.9438111, 30.0877271 ], [ 78.94392910000002, 30.0877558 ], [ 78.9440578, 30.0877434 ], [ 78.9441571, 30.0876482 ], [ 78.9443207, 30.0872397 ], [ 78.9443555, 30.0871284 ], [ 78.944299200000017, 30.0869381 ], [ 78.944318, 30.0867663 ], [ 78.944377, 30.0865426 ], [ 78.9445433, 30.0861617 ], [ 78.9447767, 30.0860469 ], [ 78.944833, 30.0860028 ], [ 78.9448786, 30.0859401 ], [ 78.9449108, 30.085845 ], [ 78.9449, 30.0857382 ], [ 78.9449134, 30.0855479 ], [ 78.9450073, 30.0854295 ], [ 78.9453399, 30.0853922 ], [ 78.9456671, 30.0854156 ], [ 78.9458951, 30.08535530000001 ], [ 78.9460024, 30.0852531 ], [ 78.9460212, 30.0851328 ], [ 78.945973, 30.084662 ], [ 78.9461017, 30.0840426 ], [ 78.946402100000014, 30.0835919 ], [ 78.9465577, 30.0830497 ], [ 78.9467347, 30.0828208 ], [ 78.9470432, 30.0826432 ], [ 78.9472711, 30.0826445 ], [ 78.9474401, 30.0826421 ], [ 78.9475313, 30.0825563 ], [ 78.9475286, 30.0824529 ], [ 78.9475141, 30.0824365 ], [ 78.9473301, 30.082229 ], [ 78.9470807, 30.0820441 ], [ 78.9470512, 30.0819064 ], [ 78.9470807, 30.0816859 ], [ 78.9470807, 30.081524 ], [ 78.9470364, 30.0814051 ], [ 78.9469787, 30.0812867 ], [ 78.9469841, 30.081184599999986 ], [ 78.9470109, 30.081101 ], [ 78.947145, 30.0810268 ], [ 78.947265700000017, 30.0809943 ], [ 78.9473395, 30.0809803 ], [ 78.9473999, 30.0809687 ], [ 78.947534, 30.0808447 ], [ 78.9475769, 30.0807041 ], [ 78.9475473, 30.0805594 ], [ 78.9474159, 30.0802817 ], [ 78.947306, 30.0801773 ], [ 78.9471611, 30.080085 ], [ 78.9464879, 30.0798368 ], [ 78.9460427, 30.0795186 ], [ 78.9459769, 30.0793905 ], [ 78.9459736, 30.0793522 ], [ 78.9459796, 30.079266300000011 ], [ 78.946036, 30.0791734 ], [ 78.9461231, 30.0790858 ], [ 78.9462599, 30.0790702 ], [ 78.9463565, 30.079069 ], [ 78.946422200000015, 30.0790632 ], [ 78.9464597, 30.0790295 ], [ 78.9465, 30.078956399999978 ], [ 78.9464799, 30.0788822 ], [ 78.9463564, 30.0786647 ], [ 78.9463646, 30.0782107 ], [ 78.9463645, 30.0778957 ], [ 78.9464718, 30.0775577 ], [ 78.9464879, 30.0769186 ], [ 78.946573700000016, 30.0768257 ], [ 78.9466917, 30.0768002 ], [ 78.9468393, 30.0768002 ], [ 78.9469707, 30.0768432 ], [ 78.9471906, 30.0770532 ], [ 78.9472952, 30.0771228 ], [ 78.9474052, 30.077136 ], [ 78.9476117, 30.0771367 ], [ 78.9477593, 30.0769928 ], [ 78.9479551, 30.0767608 ], [ 78.948108, 30.0767004 ], [ 78.948279600000021, 30.0766957 ], [ 78.9484513, 30.076705 ], [ 78.9485908, 30.0767255 ], [ 78.9491916, 30.0770259 ], [ 78.9494222, 30.0771298 ], [ 78.9495939, 30.0771391 ], [ 78.9497924, 30.0770259 ], [ 78.950007, 30.0764465 ], [ 78.950522, 30.0760603 ], [ 78.9506078, 30.0753951 ], [ 78.9504817, 30.0748593 ], [ 78.9504066, 30.0745766 ], [ 78.9504388, 30.0744071 ], [ 78.950513900000018, 30.0743468 ], [ 78.9505836, 30.0743294 ], [ 78.9506534, 30.0743445 ], [ 78.9508519, 30.0744656 ], [ 78.9510369, 30.0745789 ], [ 78.9511174, 30.0746528 ], [ 78.9516806, 30.0751162 ], [ 78.951796, 30.0751708 ], [ 78.9519167, 30.0751917 ], [ 78.952029300000021, 30.0751685 ], [ 78.9521018, 30.0750988 ], [ 78.9522386, 30.074918400000016 ], [ 78.952437, 30.0747275 ], [ 78.9525323, 30.0746776 ], [ 78.9526275, 30.0746694 ], [ 78.9527669, 30.0748153 ], [ 78.953118300000014, 30.0752234 ], [ 78.9533544, 30.0756741 ], [ 78.9534617, 30.0763178 ], [ 78.9536548, 30.0769401 ], [ 78.9537889, 30.077153 ], [ 78.9539123, 30.0772969 ], [ 78.9541, 30.0773842 ], [ 78.9543146, 30.077399 ], [ 78.9545399, 30.0773665 ], [ 78.9548082, 30.077208099999989 ], [ 78.9550549, 30.0769395 ], [ 78.95513, 30.0766583 ], [ 78.9552534, 30.0761073 ], [ 78.9556718, 30.0755882 ], [ 78.9561546, 30.07514 ], [ 78.9564148, 30.0749712 ], [ 78.9567313, 30.0748987 ], [ 78.957324, 30.0748801 ], [ 78.9580107, 30.0747728 ], [ 78.9585954, 30.0746035 ], [ 78.9588636, 30.074507 ], [ 78.9589977, 30.0742149 ], [ 78.9588583, 30.0736159 ], [ 78.9587992, 30.073039399999985 ], [ 78.959046, 30.0724961 ], [ 78.9591372, 30.072380800000012 ], [ 78.9593142, 30.0722991 ], [ 78.9597219, 30.0722833 ], [ 78.9600223, 30.072209 ], [ 78.9602852, 30.0720681 ], [ 78.9605695, 30.0718516 ], [ 78.9608002, 30.0715756 ], [ 78.9609933, 30.0709963 ], [ 78.9611998, 30.070572399999989 ], [ 78.9611998, 30.070503 ], [ 78.9611649, 30.0704217 ], [ 78.9610684, 30.0703242 ], [ 78.9609531, 30.0702267 ], [ 78.9608511, 30.0701014 ], [ 78.9608082, 30.0699542 ], [ 78.9608377, 30.0697486 ], [ 78.9609048, 30.0695286 ], [ 78.9610791, 30.0693818 ], [ 78.9613286, 30.0692054 ], [ 78.9616102, 30.0690843 ], [ 78.9617416, 30.0690475 ], [ 78.9618663, 30.0690533 ], [ 78.961929400000017, 30.0690893 ], [ 78.9619777, 30.0691404 ], [ 78.9620179, 30.0692495 ], [ 78.9620125, 30.0693481 ], [ 78.9615405, 30.0698765 ], [ 78.9615029, 30.0699714 ], [ 78.9614975, 30.070055 ], [ 78.961519, 30.0701594 ], [ 78.9615914, 30.0702702 ], [ 78.9623291, 30.0707794 ], [ 78.9625651, 30.0710043 ], [ 78.962726, 30.071187 ], [ 78.962772900000019, 30.0712306 ], [ 78.962844, 30.071262 ], [ 78.9629084, 30.0712562 ], [ 78.9629969, 30.0712016 ], [ 78.9633536, 30.070889 ], [ 78.9636165, 30.0707374 ], [ 78.9637801, 30.0706817 ], [ 78.9639866, 30.0706837 ], [ 78.9645606, 30.0709616 ], [ 78.9650877, 30.0711354 ], [ 78.9652821, 30.0711285 ], [ 78.9654082, 30.0710484 ], [ 78.9655316, 30.07090920000001 ], [ 78.9656174, 30.0707631 ], [ 78.9656818, 30.0704496 ], [ 78.9657086, 30.0703265 ], [ 78.9657301, 30.07027780000001 ], [ 78.965769, 30.0702244 ], [ 78.9658461, 30.0701693 ], [ 78.9659004, 30.0701507 ], [ 78.965937900000014, 30.0701449 ], [ 78.9659661, 30.070149 ], [ 78.9659916, 30.0701635 ], [ 78.966007, 30.0701873 ], [ 78.9660332, 30.0702279 ], [ 78.9660519, 30.0702929 ], [ 78.966068, 30.0704013 ], [ 78.9664221, 30.0708675 ], [ 78.9663577, 30.0714469 ], [ 78.9661673, 30.0716798 ], [ 78.966182, 30.0717668 ], [ 78.9662424, 30.071833 ], [ 78.9663295, 30.0718562 ], [ 78.9664489, 30.0718238 ], [ 78.9666796, 30.0715542 ], [ 78.9672267, 30.0711575 ], [ 78.9673877, 30.0711018 ], [ 78.9675754, 30.071074 ], [ 78.9677793, 30.0710833 ], [ 78.9679724, 30.0711615 ], [ 78.9684606, 30.0715971 ], [ 78.968997, 30.0719619 ], [ 78.9695549, 30.0723052 ], [ 78.9698124, 30.0728846 ], [ 78.9701986, 30.0734425 ], [ 78.97033140000002, 30.073626 ], [ 78.9704045, 30.0737549 ], [ 78.9705081, 30.0738461 ], [ 78.9707096, 30.0739384 ], [ 78.9708658, 30.0739169 ], [ 78.9710687, 30.0738493 ], [ 78.9711857, 30.0738454 ], [ 78.9712581, 30.073850100000012 ], [ 78.9713131, 30.0738814 ], [ 78.971342, 30.0739195 ], [ 78.9713748, 30.0740015 ], [ 78.9713413, 30.0741285 ], [ 78.9711455, 30.074488199999987 ], [ 78.9710717, 30.0746131 ], [ 78.9710925, 30.0746929 ], [ 78.9711472, 30.0747677 ], [ 78.9712737, 30.0748027 ], [ 78.9714915, 30.0748007 ], [ 78.9718549, 30.0749109 ], [ 78.9720842, 30.0749423 ], [ 78.9722545, 30.0750565 ], [ 78.9727715, 30.0751623 ], [ 78.9728674, 30.0752149 ], [ 78.9729452, 30.075278600000011 ], [ 78.9729962, 30.0755151 ], [ 78.9734535, 30.0758522 ], [ 78.9736554, 30.0759325 ], [ 78.973935, 30.0759223 ], [ 78.9744057, 30.0760644 ], [ 78.974753, 30.0762258 ], [ 78.9749475, 30.0762595 ], [ 78.9751272, 30.0762505 ], [ 78.9753195, 30.0761983 ], [ 78.9754139, 30.076116 ], [ 78.9754525, 30.0760209 ], [ 78.9754384, 30.0758981 ], [ 78.9754585, 30.0757454 ], [ 78.9755279, 30.0756517 ], [ 78.9757475, 30.0755186 ], [ 78.976074, 30.075336 ], [ 78.9764522, 30.0750515 ], [ 78.976593, 30.0749016 ], [ 78.9766896, 30.0748022 ], [ 78.9768049, 30.0747375 ], [ 78.9770785, 30.0747035 ], [ 78.9773065, 30.074626 ], [ 78.9778644, 30.0745014 ], [ 78.9779838, 30.0743532 ], [ 78.9781266, 30.0743006 ], [ 78.9783549, 30.0742882 ], [ 78.9785028, 30.0743222 ], [ 78.9788018, 30.0743347 ], [ 78.9791572, 30.0742799 ], [ 78.9793168, 30.0742214 ], [ 78.9794717, 30.0741062 ], [ 78.9795626, 30.0740625 ], [ 78.9796549, 30.0740558 ], [ 78.9797473, 30.0740862 ], [ 78.9800236, 30.0741277 ], [ 78.9803401, 30.0741622 ], [ 78.980493, 30.0741158 ], [ 78.9806888, 30.0740033 ], [ 78.9809408, 30.0738223 ] ] } },
{ "type": "Feature", "properties": { "osm_id": 454360812, "highway": "trunk", "name": null, "name_en": null, "ref": "NH309", "surface": "unknown", "maxspeed": null, "oneway": "no", "access": "yes", "motor_vehicle": null, "bridge": "no", "tunnel": "no", "smoothness": null, "tracktype": null, "lanes": null, "layer": "0", "length_m": 261.39, "assumed_speed_kmh": 35.0, "travel_time_min": 0.4481, "is_vehicular": true, "is_arterial": true }, "geometry": { "type": "LineString", "coordinates": [ [ 78.8889596, 30.10397 ], [ 78.8890122, 30.1040397 ], [ 78.8890381, 30.1044445 ], [ 78.8892174, 30.1048994 ], [ 78.8897967, 30.1053071 ], [ 78.8899831, 30.105392 ], [ 78.8900519, 30.1054713 ], [ 78.8900481, 30.1055275 ], [ 78.8900213, 30.10563 ], [ 78.8899984, 30.1057226 ], [ 78.8899678, 30.105792 ], [ 78.88992380000002, 30.1059134 ] ] } },
{ "type": "Feature", "properties": { "osm_id": 454360817, "highway": "trunk", "name": null, "name_en": null, "ref": "NH309", "surface": "unknown", "maxspeed": null, "oneway": "no", "access": "yes", "motor_vehicle": null, "bridge": "yes", "tunnel": "no", "smoothness": null, "tracktype": null, "lanes": null, "layer": "1", "length_m": 58.65, "assumed_speed_kmh": 35.0, "travel_time_min": 0.1005, "is_vehicular": true, "is_arterial": true }, "geometry": { "type": "LineString", "coordinates": [ [ 78.888454600000017, 30.1036749 ], [ 78.8889596, 30.10397 ] ] } },
{ "type": "Feature", "properties": { "osm_id": 481312949, "highway": "trunk", "name": null, "name_en": null, "ref": "NH7", "surface": "unknown", "maxspeed": "50", "oneway": "no", "access": "yes", "motor_vehicle": null, "bridge": "yes", "tunnel": "no", "smoothness": null, "tracktype": null, "lanes": "2", "layer": "1", "length_m": 32.89, "assumed_speed_kmh": 35.0, "travel_time_min": 0.0564, "is_vehicular": true, "is_arterial": true }, "geometry": { "type": "LineString", "coordinates": [ [ 78.7452504, 30.2180685 ], [ 78.7449097, 30.2180894 ] ] } },
{ "type": "Feature", "properties": { "osm_id": 481312950, "highway": "trunk", "name": null, "name_en": null, "ref": "NH7", "surface": "unknown", "maxspeed": "50", "oneway": "no", "access": "yes", "motor_vehicle": null, "bridge": "no", "tunnel": "no", "smoothness": null, "tracktype": null, "lanes": "2", "layer": "0", "length_m": 609.35, "assumed_speed_kmh": 35.0, "travel_time_min": 1.0446, "is_vehicular": true, "is_arterial": true }, "geometry": { "type": "LineString", "coordinates": [ [ 78.7468653, 30.214177 ], [ 78.746868, 30.2142569 ], [ 78.7468184, 30.2143137 ], [ 78.7465877, 30.2144296 ], [ 78.7461465, 30.2146787 ], [ 78.7460764, 30.2147758 ], [ 78.7459928, 30.2149123 ], [ 78.7458774, 30.2150491 ], [ 78.7456045, 30.2151525 ], [ 78.7450373, 30.2153426 ], [ 78.7448381, 30.2154408 ], [ 78.74469, 30.21556 ], [ 78.7445779, 30.2157386 ], [ 78.7444505, 30.2158591 ], [ 78.7441855, 30.2161233 ], [ 78.7441555, 30.216249 ], [ 78.7442197, 30.2163494 ], [ 78.7446603, 30.216708 ], [ 78.7448588, 30.2169306 ], [ 78.7449044, 30.2170673 ], [ 78.7448936, 30.2171716 ], [ 78.7449071, 30.2172782 ], [ 78.7449875, 30.2174405 ], [ 78.745282, 30.2177574 ], [ 78.7453443, 30.2179457 ], [ 78.7453362, 30.2179991 ], [ 78.7452504, 30.2180685 ] ] } },
{ "type": "Feature", "properties": { "osm_id": 481313503, "highway": "trunk", "name": null, "name_en": null, "ref": "NH707A", "surface": "unknown", "maxspeed": null, "oneway": "no", "access": "yes", "motor_vehicle": null, "bridge": "no", "tunnel": "no", "smoothness": null, "tracktype": null, "lanes": null, "layer": "0", "length_m": 2740.97, "assumed_speed_kmh": 35.0, "travel_time_min": 4.6988, "is_vehicular": true, "is_arterial": true }, "geometry": { "type": "LineString", "coordinates": [ [ 78.7194033, 30.2517523 ], [ 78.7194167, 30.2516967 ], [ 78.7194087, 30.2515971 ], [ 78.7192706, 30.2514013 ], [ 78.7190453, 30.2509356 ], [ 78.7189823, 30.2505011 ], [ 78.718875, 30.250091 ], [ 78.7188669, 30.2497945 ], [ 78.7188321, 30.2496809 ], [ 78.718529, 30.2493681 ], [ 78.7184271, 30.2492083 ], [ 78.7181857, 30.248534 ], [ 78.7181696, 30.2483301 ], [ 78.7182286, 30.2481957 ], [ 78.7184432, 30.2479524 ], [ 78.718706, 30.2476049 ], [ 78.7187811, 30.24744960000001 ], [ 78.7187716, 30.2474063 ], [ 78.7187543, 30.2473268 ], [ 78.7187355, 30.247102099999989 ], [ 78.718639, 30.2468055 ], [ 78.7185934, 30.2466132 ], [ 78.7186309, 30.2464857 ], [ 78.7188991, 30.2461034 ], [ 78.7189072, 30.24602 ], [ 78.7188696, 30.2459181 ], [ 78.7187234, 30.2458126 ], [ 78.7184955, 30.2456527 ], [ 78.7184382, 30.245519 ], [ 78.7183828, 30.2452959 ], [ 78.7182207, 30.245108399999989 ], [ 78.7181803, 30.2449657 ], [ 78.717955, 30.2447062 ], [ 78.7179121, 30.2444421 ], [ 78.71780480000001, 30.2443216 ], [ 78.7175661, 30.244171 ], [ 78.7173569, 30.2439555 ], [ 78.717271, 30.2437724 ], [ 78.7171557, 30.2436681 ], [ 78.7168606, 30.243538399999988 ], [ 78.7167936, 30.2434526 ], [ 78.7167078, 30.2431769 ], [ 78.7166193, 30.2429823 ], [ 78.7165146, 30.242732 ], [ 78.7163618, 30.2425026 ], [ 78.7161928, 30.2422083 ], [ 78.7161043, 30.2419581 ], [ 78.7158969, 30.2416572 ], [ 78.71582, 30.2415456 ], [ 78.7157502, 30.2413765 ], [ 78.7157556, 30.2412676 ], [ 78.71580920000001, 30.2411934 ], [ 78.7159192, 30.2411424 ], [ 78.7161525, 30.2411054 ], [ 78.7164878, 30.2410266 ], [ 78.7168741, 30.2410706 ], [ 78.7171852, 30.2410358 ], [ 78.717603900000015, 30.2410613 ], [ 78.7177981, 30.2410022 ], [ 78.7180985, 30.2407195 ], [ 78.7182406, 30.2406361 ], [ 78.7183882, 30.2405851 ], [ 78.7185115, 30.2405851 ], [ 78.718648300000012, 30.2406384 ], [ 78.71882, 30.2406732 ], [ 78.7190265, 30.240661599999989 ], [ 78.71925, 30.2405993 ], [ 78.7194222, 30.2404704 ], [ 78.7195697, 30.2402897 ], [ 78.7197252, 30.2400325 ], [ 78.719972, 30.2395227 ], [ 78.72009, 30.2394138 ], [ 78.7204789, 30.2391612 ], [ 78.7206426, 30.2391288 ], [ 78.720827600000021, 30.2391427 ], [ 78.7209897, 30.2392798 ], [ 78.7211173, 30.2393396 ], [ 78.7212487, 30.239335 ], [ 78.7218066, 30.2391473 ], [ 78.7219649, 30.2390616 ], [ 78.7220346, 30.2389712 ], [ 78.7221366, 30.2387997 ], [ 78.7222331, 30.238758 ], [ 78.7224826, 30.2387325 ], [ 78.7225898, 30.2386769 ], [ 78.7226408, 30.2383386 ], [ 78.7227266, 30.238225 ], [ 78.7229707, 30.2380953 ], [ 78.7237942, 30.237889 ], [ 78.723947, 30.2378079 ], [ 78.7239712, 30.2377523 ], [ 78.7239202, 30.2376504 ], [ 78.7236564, 30.2374009 ], [ 78.7236198, 30.2373074 ], [ 78.723630500000013, 30.237034 ], [ 78.7236949, 30.2367814 ], [ 78.7239081, 30.2363981 ], [ 78.7239953, 30.2363133 ], [ 78.7241268, 30.236271599999988 ], [ 78.7242367, 30.2362831 ], [ 78.7244084, 30.2363782 ], [ 78.7245344, 30.2363735 ], [ 78.724631, 30.2363318 ], [ 78.7246337, 30.2361928 ], [ 78.7245693, 30.2359703 ], [ 78.7244942, 30.2357872 ], [ 78.7242559, 30.2356018 ], [ 78.7241965, 30.2355439 ], [ 78.7242099, 30.235404899999988 ], [ 78.7242126, 30.2352705 ], [ 78.7241643, 30.2350364 ], [ 78.7240838, 30.2349275 ], [ 78.724, 30.2349 ] ] } },
{ "type": "Feature", "properties": { "osm_id": 481313504, "highway": "trunk", "name": null, "name_en": null, "ref": "NH707A", "surface": "unknown", "maxspeed": null, "oneway": "no", "access": "yes", "motor_vehicle": null, "bridge": "yes", "tunnel": "no", "smoothness": null, "tracktype": null, "lanes": null, "layer": "1", "length_m": 27.69, "assumed_speed_kmh": 35.0, "travel_time_min": 0.0475, "is_vehicular": true, "is_arterial": true }, "geometry": { "type": "LineString", "coordinates": [ [ 78.719178, 30.2519075 ], [ 78.7194033, 30.2517523 ] ] } },
{ "type": "Feature", "properties": { "osm_id": 481317369, "highway": "trunk", "name": "Rudraprayag Bypass Road", "name_en": null, "ref": "NH107", "surface": "unknown", "maxspeed": null, "oneway": "no", "access": "yes", "motor_vehicle": null, "bridge": "no", "tunnel": "no", "smoothness": null, "tracktype": null, "lanes": null, "layer": "0", "length_m": 157.64, "assumed_speed_kmh": 35.0, "travel_time_min": 0.2702, "is_vehicular": true, "is_arterial": true }, "geometry": { "type": "LineString", "coordinates": [ [ 78.9788685, 30.2946952 ], [ 78.9787281, 30.2946982 ], [ 78.978543, 30.2948039 ], [ 78.9783417, 30.2950102 ], [ 78.9775381, 30.2954739 ] ] } },
{ "type": "Feature", "properties": { "osm_id": 481317370, "highway": "trunk", "name": "Rudraprayag Bypass Road", "name_en": null, "ref": "NH107", "surface": "unknown", "maxspeed": null, "oneway": "no", "access": "yes", "motor_vehicle": null, "bridge": "yes", "tunnel": "no", "smoothness": null, "tracktype": null, "lanes": null, "layer": "1", "length_m": 50.07, "assumed_speed_kmh": 35.0, "travel_time_min": 0.0858, "is_vehicular": true, "is_arterial": true }, "geometry": { "type": "LineString", "coordinates": [ [ 78.9793807, 30.2947753 ], [ 78.9788685, 30.2946952 ] ] } },
{ "type": "Feature", "properties": { "osm_id": 481317371, "highway": "trunk", "name": "Rudraprayag Bypass Road", "name_en": null, "ref": "NH107", "surface": "unknown", "maxspeed": null, "oneway": "no", "access": "yes", "motor_vehicle": null, "bridge": "no", "tunnel": "no", "smoothness": null, "tracktype": null, "lanes": null, "layer": "0", "length_m": 216.08, "assumed_speed_kmh": 35.0, "travel_time_min": 0.3704, "is_vehicular": true, "is_arterial": true }, "geometry": { "type": "LineString", "coordinates": [ [ 78.978462, 30.2962269 ], [ 78.9785074, 30.2961231 ], [ 78.9786398, 30.2960537 ], [ 78.9788707, 30.2959932 ], [ 78.9789942, 30.2959313 ], [ 78.9793123, 30.2955754 ], [ 78.9793664, 30.29546 ], [ 78.9795514, 30.295188 ], [ 78.9795797, 30.2951066 ], [ 78.979545500000015, 30.2949677 ], [ 78.9794745, 30.2948201 ], [ 78.9793807, 30.2947753 ] ] } },
{ "type": "Feature", "properties": { "osm_id": 484330680, "highway": "trunk", "name": null, "name_en": null, "ref": "NH109", "surface": "unknown", "maxspeed": "50", "oneway": "no", "access": "yes", "motor_vehicle": null, "bridge": "no", "tunnel": "no", "smoothness": null, "tracktype": null, "lanes": "2", "layer": "0", "length_m": 162.97, "assumed_speed_kmh": 35.0, "travel_time_min": 0.2794, "is_vehicular": true, "is_arterial": true }, "geometry": { "type": "LineString", "coordinates": [ [ 79.2561699, 30.2236218 ], [ 79.2551486, 30.2224493 ] ] } },
{ "type": "Feature", "properties": { "osm_id": 484334728, "highway": "trunk", "name": null, "name_en": null, "ref": "NH7", "surface": "unknown", "maxspeed": "50", "oneway": "no", "access": "yes", "motor_vehicle": null, "bridge": "no", "tunnel": "no", "smoothness": null, "tracktype": null, "lanes": "2", "layer": "0", "length_m": 2941.7, "assumed_speed_kmh": 35.0, "travel_time_min": 5.0429, "is_vehicular": true, "is_arterial": true }, "geometry": { "type": "LineString", "coordinates": [ [ 79.1893919, 30.2665783 ], [ 79.1892782, 30.2666203 ], [ 79.1892085, 30.266809 ], [ 79.18908, 30.26713 ], [ 79.18891, 30.26767 ], [ 79.18885, 30.26849 ], [ 79.18876, 30.26857 ], [ 79.18781, 30.26874 ], [ 79.18734, 30.26877 ], [ 79.18667, 30.26853 ], [ 79.18616, 30.26885 ], [ 79.1852, 30.26871 ], [ 79.18491, 30.26884 ], [ 79.1848042, 30.2689132 ], [ 79.18465, 30.26902 ], [ 79.18434, 30.26906 ], [ 79.18386, 30.2687 ], [ 79.18323, 30.26867 ], [ 79.18272, 30.26849 ], [ 79.18225, 30.26812 ], [ 79.18196, 30.2681 ], [ 79.18163, 30.26816 ], [ 79.18131, 30.26784 ], [ 79.18104, 30.2678 ], [ 79.18089, 30.26786 ], [ 79.1807, 30.2677 ], [ 79.18064, 30.26733 ], [ 79.17851, 30.26709 ], [ 79.17794, 30.26709 ], [ 79.17673, 30.26696 ], [ 79.17617, 30.2668 ], [ 79.17602, 30.26664 ], [ 79.17566, 30.2665 ], [ 79.175, 30.2665 ], [ 79.17458, 30.26671 ], [ 79.17375, 30.26668 ], [ 79.17319, 30.26658 ], [ 79.17293, 30.26663 ], [ 79.1723, 30.267 ], [ 79.17184, 30.26706 ], [ 79.17118, 30.26706 ], [ 79.17087, 30.26756 ], [ 79.1702847, 30.2681949 ], [ 79.170046, 30.2683778 ], [ 79.1698523, 30.2685218 ], [ 79.169759200000016, 30.2686228 ], [ 79.1696235, 30.26877 ], [ 79.1691172, 30.2694737 ], [ 79.1689209, 30.2696726 ], [ 79.1687488, 30.269804900000015 ], [ 79.16852750000001, 30.2699295 ], [ 79.1682569, 30.2702102 ], [ 79.1681979, 30.2703772 ], [ 79.1681035, 30.2705354 ], [ 79.1680808, 30.270648 ], [ 79.168042900000017, 30.270797 ], [ 79.1679715, 30.2709195 ], [ 79.167822, 30.2710287 ], [ 79.1676825, 30.27106130000001 ], [ 79.1675015, 30.2710291 ], [ 79.1673117, 30.2709816 ], [ 79.16683, 30.27075 ], [ 79.16626, 30.27054 ], [ 79.1656969, 30.2705535 ], [ 79.1654141, 30.2705173 ], [ 79.1651442, 30.2705101 ], [ 79.1650425, 30.27054 ], [ 79.1649458, 30.2705916 ] ] } },
{ "type": "Feature", "properties": { "osm_id": 636372249, "highway": "trunk", "name": null, "name_en": null, "ref": "NH7", "surface": "unknown", "maxspeed": "50", "oneway": "no", "access": "yes", "motor_vehicle": null, "bridge": "yes", "tunnel": "no", "smoothness": null, "tracktype": null, "lanes": "2", "layer": "1", "length_m": 28.12, "assumed_speed_kmh": 35.0, "travel_time_min": 0.0482, "is_vehicular": true, "is_arterial": true }, "geometry": { "type": "LineString", "coordinates": [ [ 79.4926446, 30.7775013 ], [ 79.4924859, 30.7772878 ] ] } },
{ "type": "Feature", "properties": { "osm_id": 636372250, "highway": "trunk", "name": null, "name_en": null, "ref": "NH7", "surface": "unknown", "maxspeed": "50", "oneway": "no", "access": "yes", "motor_vehicle": null, "bridge": "no", "tunnel": "no", "smoothness": null, "tracktype": null, "lanes": "2", "layer": "0", "length_m": 391.74, "assumed_speed_kmh": 35.0, "travel_time_min": 0.6716, "is_vehicular": true, "is_arterial": true }, "geometry": { "type": "LineString", "coordinates": [ [ 79.4947504, 30.775681 ], [ 79.4947634, 30.7760901 ], [ 79.4947261, 30.7763349 ], [ 79.4944244, 30.776872 ], [ 79.4942273, 30.7772512 ], [ 79.4941494, 30.7773032 ], [ 79.4940206, 30.7773147 ], [ 79.4938844, 30.7773187 ], [ 79.4937631, 30.7773631 ], [ 79.493671300000017, 30.7774719 ], [ 79.4935447, 30.777698499999989 ], [ 79.493386, 30.7779135 ], [ 79.4933018, 30.7779346 ], [ 79.4932048, 30.7779083 ], [ 79.4928163, 30.7776352 ], [ 79.4926446, 30.7775013 ] ] } },
{ "type": "Feature", "properties": { "osm_id": 636372260, "highway": "trunk", "name": null, "name_en": null, "ref": "NH7", "surface": "unknown", "maxspeed": "50", "oneway": "no", "access": "yes", "motor_vehicle": null, "bridge": "yes", "tunnel": "no", "smoothness": null, "tracktype": null, "lanes": "2", "layer": "1", "length_m": 29.14, "assumed_speed_kmh": 35.0, "travel_time_min": 0.05, "is_vehicular": true, "is_arterial": true }, "geometry": { "type": "LineString", "coordinates": [ [ 78.9183631, 30.2430431 ], [ 78.9181825, 30.2428322 ] ] } },
{ "type": "Feature", "properties": { "osm_id": 636372261, "highway": "trunk", "name": null, "name_en": null, "ref": "NH7", "surface": "unknown", "maxspeed": "50", "oneway": "no", "access": "yes", "motor_vehicle": null, "bridge": "no", "tunnel": "no", "smoothness": null, "tracktype": null, "lanes": "2", "layer": "0", "length_m": 2134.93, "assumed_speed_kmh": 35.0, "travel_time_min": 3.6599, "is_vehicular": true, "is_arterial": true }, "geometry": { "type": "LineString", "coordinates": [ [ 78.9181825, 30.2428322 ], [ 78.918024300000013, 30.2428577 ], [ 78.9179334, 30.2429681 ], [ 78.9178559, 30.2430622 ], [ 78.9178213, 30.2434513 ], [ 78.9176549, 30.2437173 ], [ 78.9170721, 30.2439051 ], [ 78.9164151, 30.2439903 ], [ 78.9159434, 30.2439582 ], [ 78.9153047, 30.244115 ], [ 78.9149866, 30.244341799999987 ], [ 78.9147681, 30.2446489 ], [ 78.9144275, 30.2446952 ], [ 78.9142715, 30.2449723 ], [ 78.91427, 30.24652 ], [ 78.91416, 30.24676 ], [ 78.91413, 30.24739 ], [ 78.91375, 30.24812 ], [ 78.91349, 30.24843 ], [ 78.9131901, 30.24908030000001 ], [ 78.9130723, 30.2494443 ], [ 78.9129814, 30.2495267 ], [ 78.912794, 30.2494972 ], [ 78.9127377, 30.2493898 ], [ 78.9126178, 30.2486517 ], [ 78.91232, 30.24791 ], [ 78.91193, 30.24763 ], [ 78.91161, 30.24747 ], [ 78.9112181, 30.246987199999985 ], [ 78.9102, 30.24635 ], [ 78.9100326, 30.2461502 ], [ 78.909699900000021, 30.2458918 ], [ 78.9096667, 30.2452842 ], [ 78.9092774, 30.2445917 ], [ 78.9089433, 30.2442252 ], [ 78.9082699, 30.2440405 ], [ 78.9078618, 30.2435139 ], [ 78.9078651, 30.2433547 ], [ 78.908634, 30.2430886 ], [ 78.9089302, 30.2429776 ], [ 78.9090112, 30.2429287 ], [ 78.9089123, 30.2427655 ], [ 78.9086843, 30.2425302 ], [ 78.9087878, 30.2423401 ] ] } },
{ "type": "Feature", "properties": { "osm_id": 636382102, "highway": "trunk", "name": null, "name_en": null, "ref": "NH107A", "surface": "unknown", "maxspeed": null, "oneway": "no", "access": "yes", "motor_vehicle": null, "bridge": "yes", "tunnel": "no", "smoothness": null, "tracktype": null, "lanes": null, "layer": "1", "length_m": 29.98, "assumed_speed_kmh": 35.0, "travel_time_min": 0.0514, "is_vehicular": true, "is_arterial": true }, "geometry": { "type": "LineString", "coordinates": [ [ 79.2753613, 30.4600281 ], [ 79.2751787, 30.4602475 ] ] } },
{ "type": "Feature", "properties": { "osm_id": 636382103, "highway": "trunk", "name": null, "name_en": null, "ref": "NH107A", "surface": "unknown", "maxspeed": null, "oneway": "no", "access": "yes", "motor_vehicle": null, "bridge": "no", "tunnel": "no", "smoothness": null, "tracktype": null, "lanes": null, "layer": "0", "length_m": 576.01, "assumed_speed_kmh": 35.0, "travel_time_min": 0.9874, "is_vehicular": true, "is_arterial": true }, "geometry": { "type": "LineString", "coordinates": [ [ 79.2751787, 30.4602475 ], [ 79.2746106, 30.4607191 ], [ 79.2732643, 30.4617283 ], [ 79.272321, 30.4623871 ], [ 79.2717435, 30.462814399999989 ], [ 79.2710197, 30.4631838 ], [ 79.2707377, 30.4633245 ], [ 79.2706191, 30.4633126 ], [ 79.2704503, 30.4632728 ] ] } },
{ "type": "Feature", "properties": { "osm_id": 636382104, "highway": "trunk", "name": null, "name_en": null, "ref": "NH107A", "surface": "unknown", "maxspeed": null, "oneway": "no", "access": "yes", "motor_vehicle": null, "bridge": "yes", "tunnel": "no", "smoothness": null, "tracktype": null, "lanes": null, "layer": "1", "length_m": 26.04, "assumed_speed_kmh": 35.0, "travel_time_min": 0.0446, "is_vehicular": true, "is_arterial": true }, "geometry": { "type": "LineString", "coordinates": [ [ 79.2704503, 30.4632728 ], [ 79.2701965, 30.4631901 ] ] } },
{ "type": "Feature", "properties": { "osm_id": 636382105, "highway": "trunk", "name": null, "name_en": null, "ref": "NH107A", "surface": "unknown", "maxspeed": null, "oneway": "no", "access": "yes", "motor_vehicle": null, "bridge": "no", "tunnel": "no", "smoothness": null, "tracktype": null, "lanes": null, "layer": "0", "length_m": 10907.59, "assumed_speed_kmh": 35.0, "travel_time_min": 18.6987, "is_vehicular": true, "is_arterial": true }, "geometry": { "type": "LineString", "coordinates": [ [ 79.3214627, 30.4113219 ], [ 79.3213668, 30.4113127 ], [ 79.3213078, 30.4112965 ], [ 79.3212287, 30.4112479 ], [ 79.3210235, 30.4110964 ], [ 79.3208747, 30.4109854 ], [ 79.3207607, 30.4109333 ], [ 79.3205716, 30.4108755 ], [ 79.3204294, 30.4108304 ], [ 79.3200928, 30.4107101 ], [ 79.320015, 30.4106916 ], [ 79.3199386, 30.410687 ], [ 79.3197723, 30.4107101 ], [ 79.3196113, 30.4107043 ], [ 79.319433, 30.4106858 ], [ 79.3188858, 30.4105967 ], [ 79.3188, 30.4105991 ], [ 79.3187289, 30.4106095 ], [ 79.318631, 30.4106407 ], [ 79.318575400000014, 30.410687 ], [ 79.3185385, 30.4108003 ], [ 79.3185304, 30.4109264 ], [ 79.3185411, 30.411042 ], [ 79.318601500000014, 30.4111519 ], [ 79.3188643, 30.4114468 ], [ 79.3189488, 30.4115868 ], [ 79.3190025, 30.4117684 ], [ 79.3190253, 30.4120818 ], [ 79.319028, 30.4121789 ], [ 79.3190159, 30.4122946 ], [ 79.3189462, 30.4124692 ], [ 79.3184191, 30.4131921 ], [ 79.3182904, 30.4134489 ], [ 79.3179578, 30.4143394 ], [ 79.3178371, 30.4145314 ], [ 79.31766, 30.4147627 ], [ 79.3173945, 30.415038 ], [ 79.3173382, 30.4151698 ], [ 79.3173435, 30.4153132 ], [ 79.3173623, 30.4154844 ], [ 79.3174455, 30.4156209 ], [ 79.3176144, 30.4157157 ], [ 79.3182313, 30.4160071 ], [ 79.3186667, 30.4162251 ], [ 79.3188699, 30.4164421 ], [ 79.3188198, 30.4166133 ], [ 79.3186825, 30.4172735 ], [ 79.3186752, 30.4173915 ], [ 79.3186954, 30.4175291 ], [ 79.3187421, 30.4176053 ], [ 79.319139600000014, 30.418459399999989 ], [ 79.3192199, 30.4187004 ], [ 79.3192121, 30.4188428 ], [ 79.3189985, 30.4192827 ], [ 79.3187892, 30.4195507 ], [ 79.3177444, 30.4203684 ], [ 79.3172284, 30.4208105 ], [ 79.3167499, 30.42112160000001 ], [ 79.3162669, 30.4215687 ], [ 79.3156393, 30.4218854 ], [ 79.314983, 30.4218349 ], [ 79.3143837, 30.4218639 ], [ 79.3140667, 30.4217625 ], [ 79.3135992, 30.4218518 ], [ 79.313222, 30.4221229 ], [ 79.313043, 30.4223911 ], [ 79.3128857, 30.4228007 ], [ 79.3128951, 30.4234206 ], [ 79.3127201, 30.4239771 ], [ 79.3127602, 30.4243411 ], [ 79.3137373, 30.4251402 ], [ 79.313824, 30.4254184 ], [ 79.3138387, 30.4256344 ], [ 79.3137795, 30.4262755 ], [ 79.3139124, 30.426548 ], [ 79.3142403, 30.427074 ], [ 79.3145413, 30.4272681 ], [ 79.314738500000018, 30.427329 ], [ 79.3148642, 30.4273928 ], [ 79.3149188, 30.4274908 ], [ 79.3149592, 30.4276638 ], [ 79.3153425, 30.4281808 ], [ 79.3159665, 30.4291011 ], [ 79.3162954, 30.4294256 ], [ 79.3164126, 30.4296182 ], [ 79.3164585, 30.429769 ], [ 79.3165363, 30.4306021 ], [ 79.3166468, 30.4317431 ], [ 79.3166908, 30.4319337 ], [ 79.3168075, 30.4324014 ], [ 79.31696, 30.4325303 ], [ 79.3171441, 30.4326123 ], [ 79.3174019, 30.4326216 ], [ 79.3177349, 30.4325593 ], [ 79.3179998, 30.4326277 ], [ 79.3187521, 30.4329372 ], [ 79.3190195, 30.4331568 ], [ 79.3192662, 30.4333396 ], [ 79.3194017, 30.433679 ], [ 79.3195003, 30.4339275 ], [ 79.3195981, 30.4340384 ], [ 79.3196972, 30.4341102 ], [ 79.3197869, 30.4341946 ], [ 79.3198394, 30.4343701 ], [ 79.3197798, 30.4346598 ], [ 79.319899100000015, 30.4351846 ], [ 79.3198809, 30.4354407 ], [ 79.3200187, 30.4359284 ], [ 79.3203978, 30.436688299999989 ], [ 79.3206774, 30.4369975 ], [ 79.3206936, 30.4371162 ], [ 79.3206561, 30.4372226 ], [ 79.3205873, 30.4372996 ], [ 79.3204603, 30.4375648 ], [ 79.3204278, 30.4379102 ], [ 79.3204209, 30.438174099999987 ], [ 79.3204361, 30.4383765 ], [ 79.3203878, 30.4384783 ], [ 79.3202729, 30.4386551 ], [ 79.3202051, 30.4388203 ], [ 79.320176, 30.4390663 ], [ 79.3201008, 30.4392229 ], [ 79.3200395, 30.4393943 ], [ 79.3200157, 30.4396254 ], [ 79.320074, 30.4398635 ], [ 79.3202028, 30.4401271 ], [ 79.3205073, 30.440488 ], [ 79.3206617, 30.4407311 ], [ 79.3206645, 30.4409466 ], [ 79.3205973, 30.4412242 ], [ 79.3205603, 30.4413479 ], [ 79.3204147, 30.441473 ], [ 79.3202817, 30.441498 ], [ 79.3201549, 30.4414842 ], [ 79.3200295, 30.441465 ], [ 79.3199135, 30.4414735 ], [ 79.3197602, 30.4415631 ], [ 79.3196502, 30.441651 ], [ 79.3195537, 30.4417204 ], [ 79.3195161, 30.4418198 ], [ 79.3194947, 30.441956299999987 ], [ 79.3195, 30.4422129 ], [ 79.3195161, 30.4424419 ], [ 79.3195166, 30.4426703 ], [ 79.3195255, 30.4427525 ], [ 79.3194736, 30.4428333 ], [ 79.3193579, 30.4429159 ], [ 79.3192077, 30.4429899 ], [ 79.3191165, 30.4429876 ], [ 79.3190313, 30.4429541 ], [ 79.3189207, 30.4428997 ], [ 79.3188709, 30.4428136 ], [ 79.3187075, 30.4424859 ], [ 79.3185257, 30.4422331 ], [ 79.3183108, 30.4420076 ], [ 79.3174111, 30.4417287 ], [ 79.3171036, 30.4416465 ], [ 79.3168451, 30.4416112 ], [ 79.316605900000013, 30.4416071 ], [ 79.3164289, 30.4416487 ], [ 79.3162679, 30.4417377 ], [ 79.3161716, 30.4418189 ], [ 79.316045300000013, 30.4418198 ], [ 79.3159166, 30.4417921 ], [ 79.3157878, 30.4417227 ], [ 79.3156269, 30.4416534 ], [ 79.3154553, 30.4416233 ], [ 79.3147457, 30.4418678 ], [ 79.3144544, 30.4419524 ], [ 79.313836, 30.4421838 ], [ 79.3137121, 30.4422265 ], [ 79.3133953, 30.442284599999986 ], [ 79.313221, 30.4422731 ], [ 79.3130842, 30.4421829 ], [ 79.312947400000013, 30.4420626 ], [ 79.3127811, 30.4419216 ], [ 79.3126, 30.4417943 ], [ 79.3124527, 30.4415866 ], [ 79.3122831, 30.4413089 ], [ 79.312132, 30.4412625 ], [ 79.3119246, 30.4412752 ], [ 79.311669, 30.441288499999988 ], [ 79.3115555, 30.4412848 ], [ 79.3114775, 30.4413203 ], [ 79.3114105, 30.4414059 ], [ 79.3113746, 30.4416035 ], [ 79.3112844, 30.4417065 ], [ 79.3111423, 30.4417481 ], [ 79.3110538, 30.4417134 ], [ 79.3104808, 30.4408745 ], [ 79.3102692, 30.4406788 ], [ 79.3100644, 30.4406073 ], [ 79.3099192, 30.4406104 ], [ 79.3098628, 30.4405665 ], [ 79.3098441, 30.4404532 ], [ 79.309836, 30.4403468 ], [ 79.3097743, 30.4402196 ], [ 79.3096697, 30.4400508 ], [ 79.309608, 30.4397495 ], [ 79.3095432, 30.4396515 ], [ 79.3094195, 30.4396415 ], [ 79.3093258, 30.4396818 ], [ 79.3091951, 30.4397297 ], [ 79.3090877, 30.4397293 ], [ 79.309007200000011, 30.4396553 ], [ 79.3089776, 30.4394997 ], [ 79.3089699, 30.439326 ], [ 79.3089214, 30.4392368 ], [ 79.308857, 30.4391813 ], [ 79.3085249, 30.4391938 ], [ 79.308355400000011, 30.4392008 ], [ 79.3082426, 30.4392054 ], [ 79.307996, 30.4388251 ], [ 79.307568, 30.4385358 ], [ 79.3073738, 30.4382216 ], [ 79.3071285, 30.4380783 ], [ 79.3068371, 30.4376946 ], [ 79.3067002, 30.4376063 ], [ 79.3065315, 30.4375995 ], [ 79.3063465, 30.4376319 ], [ 79.306176, 30.4376921 ], [ 79.3057269, 30.4379571 ], [ 79.3055738, 30.438064 ], [ 79.3053836, 30.43818 ], [ 79.3052816, 30.4381961 ], [ 79.3051824, 30.43818 ], [ 79.3050805, 30.4381522 ], [ 79.304876, 30.4379787 ], [ 79.304571, 30.4377202 ], [ 79.3043938, 30.4377313 ], [ 79.3041524, 30.437655 ], [ 79.3039781, 30.4375001 ], [ 79.3038732, 30.4371905 ], [ 79.3038412, 30.437020100000012 ], [ 79.3038835, 30.4368946 ], [ 79.304086500000011, 30.436739200000012 ], [ 79.3041535, 30.4363316 ], [ 79.3043095, 30.435679099999987 ], [ 79.3044794, 30.4354588 ], [ 79.3047394, 30.4351495 ], [ 79.3047202, 30.4350578 ], [ 79.3041157, 30.4341923 ], [ 79.304021, 30.433608 ], [ 79.3039199, 30.4335585 ], [ 79.303754, 30.433548 ], [ 79.30333, 30.4332325 ], [ 79.3031761, 30.4331871 ], [ 79.3030731, 30.4331514 ], [ 79.3029411, 30.4327149 ], [ 79.3029, 30.4319018 ], [ 79.3022447, 30.4307449 ], [ 79.302045, 30.4306364 ], [ 79.3019227, 30.4305965 ], [ 79.3018371, 30.4304632 ], [ 79.3017515, 30.4300311 ], [ 79.3016743, 30.4295531 ], [ 79.3016609, 30.4294704 ], [ 79.301487, 30.429152499999987 ], [ 79.3014539, 30.4289947 ], [ 79.3014972, 30.4287148 ], [ 79.301548, 30.4284678 ], [ 79.3015332, 30.4284349 ], [ 79.3014898, 30.4283389 ], [ 79.3014185, 30.4283026 ], [ 79.3013184, 30.4283268 ], [ 79.3012838, 30.4283898 ], [ 79.3012737, 30.4284874 ], [ 79.3012235, 30.4288924 ], [ 79.301078600000011, 30.4290936 ], [ 79.3008758, 30.4291917 ], [ 79.3007081, 30.4292572 ], [ 79.3005288, 30.4293526 ], [ 79.3004457, 30.4295033 ], [ 79.3003758, 30.4297329 ], [ 79.300251, 30.4299247 ], [ 79.3000486, 30.4302458 ], [ 79.3000413, 30.4304266 ], [ 79.3000352, 30.430578299999986 ], [ 79.3000156, 30.4306897 ], [ 79.2998889, 30.4308167 ], [ 79.299797500000011, 30.4309395 ], [ 79.2992408, 30.4316985 ], [ 79.2992262, 30.432097 ], [ 79.2991503, 30.4322525 ], [ 79.2989838, 30.432451599999986 ], [ 79.2988588, 30.4325127 ], [ 79.2987313, 30.4325006 ], [ 79.2985734, 30.4324285 ], [ 79.2984062, 30.4324365 ], [ 79.298235500000018, 30.4325118 ], [ 79.2980817, 30.4325889 ], [ 79.2977544, 30.4327033 ], [ 79.2973679, 30.4329844 ], [ 79.2969688, 30.4331821 ], [ 79.2965886, 30.4335964 ], [ 79.2963628, 30.433991899999988 ], [ 79.296074, 30.4343329 ], [ 79.2958906, 30.4347308 ], [ 79.2957723, 30.4352614 ], [ 79.295715, 30.4353664 ], [ 79.2956015, 30.4353979 ], [ 79.2953655, 30.4353817 ], [ 79.2950405, 30.4353078 ], [ 79.2948914, 30.4352849 ], [ 79.2946497, 30.4354489 ], [ 79.2945126, 30.4355043 ], [ 79.2943507, 30.4355196 ], [ 79.2941236, 30.435539 ], [ 79.2938723, 30.4356321 ], [ 79.2937324, 30.4357699 ], [ 79.2936194, 30.4358882 ], [ 79.293496, 30.4359645 ], [ 79.2932519, 30.4361125 ], [ 79.2931049, 30.4362644 ], [ 79.2929229, 30.4365412 ], [ 79.2927669, 30.4367945 ], [ 79.2926977, 30.4369396 ], [ 79.2925841, 30.437026 ], [ 79.2924526, 30.4370445 ], [ 79.2923043, 30.4370422 ], [ 79.2917883, 30.4369186 ], [ 79.2910968, 30.4368836 ], [ 79.2909151, 30.4368243 ], [ 79.2907995, 30.4367574 ], [ 79.2907661, 30.436649 ], [ 79.2907576, 30.4365068 ], [ 79.2907381, 30.4364116 ], [ 79.2906534, 30.436366 ], [ 79.2905697, 30.4363947 ], [ 79.2904946, 30.4364848 ], [ 79.2904796, 30.4366089 ], [ 79.290508, 30.4370903 ], [ 79.2904383, 30.4372572 ], [ 79.290339, 30.4373359 ], [ 79.2902747, 30.4374261 ], [ 79.2902894, 30.4376272 ], [ 79.2903232, 30.4379156 ], [ 79.2902834, 30.4380233 ], [ 79.2899469, 30.4384553 ], [ 79.2896501, 30.4386426 ], [ 79.2894905, 30.438753 ], [ 79.2893259, 30.438822 ], [ 79.2891732, 30.4388369 ], [ 79.2889845, 30.4388645 ], [ 79.2888232, 30.4389717 ], [ 79.2887297, 30.439135 ], [ 79.2886052, 30.4393312 ], [ 79.2881844, 30.4396409 ], [ 79.2881392, 30.4397719 ], [ 79.2880774, 30.4399864 ], [ 79.287959, 30.4401774 ], [ 79.2878623, 30.4404121 ], [ 79.2877553, 30.4406637 ], [ 79.2875943, 30.4409189 ], [ 79.2870646, 30.4415781 ], [ 79.2867541, 30.442247 ], [ 79.286524, 30.4425654 ], [ 79.2859712, 30.442951 ], [ 79.2855948, 30.4434592 ], [ 79.2851246, 30.4438504 ], [ 79.2849183, 30.4441137 ], [ 79.284869, 30.4442444 ], [ 79.2848599, 30.4445171 ], [ 79.28481, 30.4446132 ], [ 79.284661, 30.4447194 ], [ 79.2845267, 30.4447566 ], [ 79.284406, 30.4448329 ], [ 79.2843247, 30.4449494 ], [ 79.284029100000012, 30.4451575 ], [ 79.28395, 30.4452376 ], [ 79.2838876, 30.445352 ] ] } },
{ "type": "Feature", "properties": { "osm_id": 636382106, "highway": "trunk", "name": null, "name_en": null, "ref": "NH107", "surface": "unknown", "maxspeed": "50", "oneway": "no", "access": "yes", "motor_vehicle": null, "bridge": "yes", "tunnel": "no", "smoothness": null, "tracktype": null, "lanes": "2", "layer": "1", "length_m": 43.23, "assumed_speed_kmh": 35.0, "travel_time_min": 0.0741, "is_vehicular": true, "is_arterial": true }, "geometry": { "type": "LineString", "coordinates": [ [ 79.0823138, 30.4680987 ], [ 79.0820226, 30.4683961 ] ] } },
{ "type": "Feature", "properties": { "osm_id": 636382107, "highway": "trunk", "name": null, "name_en": null, "ref": "NH107", "surface": "unknown", "maxspeed": "50", "oneway": "no", "access": "yes", "motor_vehicle": null, "bridge": "no", "tunnel": "no", "smoothness": null, "tracktype": null, "lanes": "2", "layer": "0", "length_m": 2688.57, "assumed_speed_kmh": 35.0, "travel_time_min": 4.609, "is_vehicular": true, "is_arterial": true }, "geometry": { "type": "LineString", "coordinates": [ [ 79.0850934, 30.4901718 ], [ 79.0850669, 30.4901242 ], [ 79.0849623, 30.4898838 ], [ 79.0849435, 30.489631899999985 ], [ 79.084965, 30.4895279 ], [ 79.0851527, 30.4889755 ], [ 79.0851796, 30.4883768 ], [ 79.085142, 30.4877158 ], [ 79.0850696, 30.4875771 ], [ 79.0850642, 30.4875239 ], [ 79.0851903, 30.4868351 ], [ 79.0851527, 30.4860146 ], [ 79.0853539, 30.4857511 ], [ 79.0854907, 30.4854183 ], [ 79.0857428, 30.4844405 ], [ 79.0857911, 30.48415390000001 ], [ 79.085834, 30.4834443 ], [ 79.0858287, 30.4830144 ], [ 79.0856275, 30.4822724 ], [ 79.0856329, 30.4822238 ], [ 79.0857053, 30.4820898 ], [ 79.0856624, 30.4816483 ], [ 79.0855283, 30.4809456 ], [ 79.0855283, 30.4807583 ], [ 79.0856624, 30.4805827 ], [ 79.085970800000013, 30.4803654 ], [ 79.0859553, 30.4802349 ], [ 79.0858737, 30.480164599999988 ], [ 79.0855399, 30.4801008 ], [ 79.0854318, 30.4800371 ], [ 79.0853863, 30.4799848 ], [ 79.084768, 30.4785709 ], [ 79.0846125, 30.4783568 ], [ 79.0840928, 30.4779596 ], [ 79.0833449, 30.4769905 ], [ 79.0832913, 30.4769604 ], [ 79.0831733, 30.4769327 ], [ 79.0829319, 30.4769327 ], [ 79.0827253, 30.4768356 ], [ 79.0826851, 30.4767986 ], [ 79.082602, 30.4766645 ], [ 79.0825859, 30.4765143 ], [ 79.0827039, 30.4760439 ], [ 79.0827441, 30.4759283 ], [ 79.0827964, 30.4758647 ], [ 79.0830016, 30.475778 ], [ 79.0831465, 30.4756717 ], [ 79.0831532, 30.4755931 ], [ 79.0831304, 30.4753608 ], [ 79.0831773, 30.475155 ], [ 79.0831862, 30.4749487 ], [ 79.082898, 30.4744257 ], [ 79.0828828, 30.4742818 ], [ 79.0829017, 30.4741347 ], [ 79.082628600000021, 30.4737424 ], [ 79.0824048, 30.4733632 ], [ 79.0823498, 30.4732242 ], [ 79.0823404, 30.4731065 ], [ 79.0820862, 30.4723432 ], [ 79.0820065, 30.4722124 ], [ 79.0819572, 30.4721601 ], [ 79.0818207, 30.4720751 ], [ 79.0817752, 30.4720195 ], [ 79.0817676, 30.4718789 ], [ 79.081815, 30.4714768 ], [ 79.0815969, 30.4710927 ], [ 79.0815009, 30.4705224 ], [ 79.0814996, 30.4702553 ], [ 79.0814634, 30.4700866 ], [ 79.0814875, 30.4698415 ], [ 79.0813484, 30.4695185 ], [ 79.0813408, 30.4693681 ], [ 79.0813977, 30.4692308 ], [ 79.08165, 30.468894 ], [ 79.0817315, 30.4686619 ], [ 79.0820226, 30.4683961 ] ] } },
{ "type": "Feature", "properties": { "osm_id": 636382108, "highway": "trunk", "name": null, "name_en": null, "ref": "NH107", "surface": "unknown", "maxspeed": "50", "oneway": "no", "access": "yes", "motor_vehicle": null, "bridge": "yes", "tunnel": "no", "smoothness": null, "tracktype": null, "lanes": "2", "layer": "1", "length_m": 24.5, "assumed_speed_kmh": 35.0, "travel_time_min": 0.042, "is_vehicular": true, "is_arterial": true }, "geometry": { "type": "LineString", "coordinates": [ [ 79.015308, 30.3854514 ], [ 79.0155441, 30.3855347 ] ] } },
{ "type": "Feature", "properties": { "osm_id": 636382109, "highway": "trunk", "name": null, "name_en": null, "ref": "NH107", "surface": "unknown", "maxspeed": "50", "oneway": "no", "access": "yes", "motor_vehicle": null, "bridge": "no", "tunnel": "no", "smoothness": null, "tracktype": null, "lanes": "2", "layer": "0", "length_m": 702.12, "assumed_speed_kmh": 35.0, "travel_time_min": 1.2036, "is_vehicular": true, "is_arterial": true }, "geometry": { "type": "LineString", "coordinates": [ [ 79.0155441, 30.3855347 ], [ 79.0160751, 30.3856504 ], [ 79.0164197, 30.3858275 ], [ 79.01663, 30.38604 ], [ 79.01688, 30.38631 ], [ 79.01709, 30.38669 ], [ 79.01714, 30.38703 ], [ 79.01729, 30.38722 ], [ 79.01771, 30.38755 ], [ 79.01794, 30.38786 ], [ 79.0183673, 30.3881235 ], [ 79.0186902, 30.388291 ], [ 79.02092, 30.38884 ], [ 79.02116, 30.38896 ] ] } },
{ "type": "Feature", "properties": { "osm_id": 636617118, "highway": "trunk", "name": "Pauri Highway", "name_en": null, "ref": "NH309", "surface": "asphalt", "maxspeed": "50", "oneway": "no", "access": "yes", "motor_vehicle": null, "bridge": "yes", "tunnel": "no", "smoothness": null, "tracktype": null, "lanes": "2", "layer": "1", "length_m": 21.79, "assumed_speed_kmh": 35.0, "travel_time_min": 0.0374, "is_vehicular": true, "is_arterial": true }, "geometry": { "type": "LineString", "coordinates": [ [ 78.7747394, 30.2008897 ], [ 78.7745505, 30.2009978 ] ] } },
{ "type": "Feature", "properties": { "osm_id": 636617119, "highway": "trunk", "name": "Pauri Highway", "name_en": null, "ref": "NH309", "surface": "asphalt", "maxspeed": "50", "oneway": "no", "access": "yes", "motor_vehicle": null, "bridge": "no", "tunnel": "no", "smoothness": null, "tracktype": null, "lanes": "2", "layer": "0", "length_m": 155.31, "assumed_speed_kmh": 35.0, "travel_time_min": 0.2662, "is_vehicular": true, "is_arterial": true }, "geometry": { "type": "LineString", "coordinates": [ [ 78.7745505, 30.2009978 ], [ 78.7744758, 30.2009827 ], [ 78.7741071, 30.200908 ], [ 78.77349150000002, 30.2017593 ] ] } },
{ "type": "Feature", "properties": { "osm_id": 686083251, "highway": "trunk", "name": null, "name_en": null, "ref": "NH107", "surface": "unknown", "maxspeed": "50", "oneway": "no", "access": "yes", "motor_vehicle": null, "bridge": "no", "tunnel": "no", "smoothness": null, "tracktype": null, "lanes": "2", "layer": "0", "length_m": 1912.52, "assumed_speed_kmh": 35.0, "travel_time_min": 3.2786, "is_vehicular": true, "is_arterial": true }, "geometry": { "type": "LineString", "coordinates": [ [ 79.0173713, 30.605184299999987 ], [ 79.0175155, 30.6052675 ], [ 79.0176111, 30.6054585 ], [ 79.0178456, 30.605766599999985 ], [ 79.0181548, 30.6058947 ], [ 79.0184128, 30.6059247 ], [ 79.0185779, 30.6058867 ], [ 79.019366, 30.6056806 ], [ 79.0196683, 30.6056806 ], [ 79.0201728, 30.605916700000012 ], [ 79.0204982, 30.6059327 ], [ 79.0206075, 30.6058687 ], [ 79.0207214, 30.6056846 ], [ 79.0207819, 30.6053784 ], [ 79.02084, 30.6050543 ], [ 79.0208981, 30.6049122 ], [ 79.0210211, 30.6046904 ], [ 79.0211771, 30.60452 ], [ 79.0222535, 30.603439399999989 ], [ 79.022393, 30.6033314 ], [ 79.0226255, 30.603207299999987 ], [ 79.0227231, 30.6030432 ], [ 79.022741700000012, 30.6028832 ], [ 79.0226488, 30.602679 ], [ 79.0222349, 30.6021588 ], [ 79.0221094, 30.601898599999984 ], [ 79.0220908, 30.6016905 ], [ 79.0221745, 30.601170199999988 ], [ 79.0221187, 30.6008421 ], [ 79.0221652, 30.6006019 ], [ 79.0223233, 30.6004218 ], [ 79.0223372, 30.6001497 ], [ 79.0223612, 30.5998812 ], [ 79.0224821, 30.5997692 ], [ 79.0226681, 30.5996731 ], [ 79.0227053, 30.599529 ], [ 79.0227146, 30.5990728 ], [ 79.0225751, 30.5988246 ], [ 79.0224728, 30.5985765 ], [ 79.02251, 30.5984404 ], [ 79.0228437, 30.5981889 ], [ 79.0231085, 30.5977452 ], [ 79.0232022, 30.5975732 ], [ 79.023311, 30.5973873 ], [ 79.0232905, 30.5970899 ], [ 79.0231589, 30.596879900000012 ], [ 79.0230122, 30.5966514 ], [ 79.022417, 30.5962391 ], [ 79.0219985, 30.595999 ], [ 79.0217846, 30.595934899999989 ], [ 79.0213848, 30.595646800000011 ], [ 79.0210593, 30.5951985 ], [ 79.0207524, 30.5950384 ], [ 79.0205571, 30.5948943 ], [ 79.0200073, 30.594609 ], [ 79.019981, 30.5945241 ] ] } },
{ "type": "Feature", "properties": { "osm_id": 686083252, "highway": "trunk", "name": null, "name_en": null, "ref": "NH107", "surface": "unknown", "maxspeed": "50", "oneway": "no", "access": "yes", "motor_vehicle": null, "bridge": "yes", "tunnel": "no", "smoothness": null, "tracktype": null, "lanes": "2", "layer": "1", "length_m": 18.82, "assumed_speed_kmh": 35.0, "travel_time_min": 0.0323, "is_vehicular": true, "is_arterial": true }, "geometry": { "type": "LineString", "coordinates": [ [ 79.0171852, 30.6052382 ], [ 79.0173713, 30.605184299999987 ] ] } },
{ "type": "Feature", "properties": { "osm_id": 686083253, "highway": "trunk", "name": null, "name_en": null, "ref": "NH107", "surface": "unknown", "maxspeed": "50", "oneway": "no", "access": "yes", "motor_vehicle": null, "bridge": "yes", "tunnel": "no", "smoothness": null, "tracktype": null, "lanes": "2", "layer": "1", "length_m": 29.9, "assumed_speed_kmh": 35.0, "travel_time_min": 0.0513, "is_vehicular": true, "is_arterial": true }, "geometry": { "type": "LineString", "coordinates": [ [ 79.019981, 30.5945241 ], [ 79.0201145, 30.5942804 ] ] } },
{ "type": "Feature", "properties": { "osm_id": 686083254, "highway": "trunk", "name": null, "name_en": null, "ref": "NH107", "surface": "unknown", "maxspeed": "50", "oneway": "no", "access": "yes", "motor_vehicle": null, "bridge": "yes", "tunnel": "no", "smoothness": null, "tracktype": null, "lanes": "2", "layer": "1", "length_m": 30.63, "assumed_speed_kmh": 35.0, "travel_time_min": 0.0525, "is_vehicular": true, "is_arterial": true }, "geometry": { "type": "LineString", "coordinates": [ [ 79.0229601, 30.582418 ], [ 79.0232367, 30.58228 ] ] } },
{ "type": "Feature", "properties": { "osm_id": 686083255, "highway": "trunk", "name": null, "name_en": null, "ref": "NH107", "surface": "unknown", "maxspeed": "50", "oneway": "no", "access": "yes", "motor_vehicle": null, "bridge": "no", "tunnel": "no", "smoothness": null, "tracktype": null, "lanes": "2", "layer": "0", "length_m": 675.49, "assumed_speed_kmh": 35.0, "travel_time_min": 1.158, "is_vehicular": true, "is_arterial": true }, "geometry": { "type": "LineString", "coordinates": [ [ 79.026204, 30.5877038 ], [ 79.0257635, 30.5872538 ], [ 79.0254676, 30.5867698 ], [ 79.0251552, 30.5864443 ], [ 79.024422, 30.5855499 ], [ 79.0241557, 30.5853348 ], [ 79.0234685, 30.5842168 ], [ 79.0234357, 30.5840639 ], [ 79.0231493, 30.5831911 ], [ 79.0230098, 30.5827364 ], [ 79.0229601, 30.582418 ] ] } },
{ "type": "Feature", "properties": { "osm_id": 686083258, "highway": "trunk", "name": null, "name_en": null, "ref": "NH107", "surface": "unknown", "maxspeed": "50", "oneway": "no", "access": "yes", "motor_vehicle": null, "bridge": "no", "tunnel": "no", "smoothness": null, "tracktype": null, "lanes": "2", "layer": "0", "length_m": 3.01, "assumed_speed_kmh": 35.0, "travel_time_min": 0.0052, "is_vehicular": true, "is_arterial": true }, "geometry": { "type": "LineString", "coordinates": [ [ 79.0402818, 30.5765927 ], [ 79.0403002, 30.5765707 ] ] } },
{ "type": "Feature", "properties": { "osm_id": 686083259, "highway": "trunk", "name": null, "name_en": null, "ref": "NH107", "surface": "unknown", "maxspeed": "50", "oneway": "no", "access": "yes", "motor_vehicle": null, "bridge": "yes", "tunnel": "no", "smoothness": null, "tracktype": null, "lanes": "2", "layer": "1", "length_m": 10.18, "assumed_speed_kmh": 35.0, "travel_time_min": 0.0175, "is_vehicular": true, "is_arterial": true }, "geometry": { "type": "LineString", "coordinates": [ [ 79.0402412, 30.5766775 ], [ 79.0402818, 30.5765927 ] ] } },
{ "type": "Feature", "properties": { "osm_id": 686083260, "highway": "trunk", "name": null, "name_en": null, "ref": "NH107", "surface": "unknown", "maxspeed": "50", "oneway": "no", "access": "yes", "motor_vehicle": null, "bridge": "no", "tunnel": "no", "smoothness": null, "tracktype": null, "lanes": "2", "layer": "0", "length_m": 2755.56, "assumed_speed_kmh": 35.0, "travel_time_min": 4.7238, "is_vehicular": true, "is_arterial": true }, "geometry": { "type": "LineString", "coordinates": [ [ 79.0232367, 30.58228 ], [ 79.0233225, 30.5823061 ], [ 79.0234888, 30.5825555 ], [ 79.0237455, 30.5826398 ], [ 79.0238275, 30.5827178 ], [ 79.0239813, 30.5829377 ], [ 79.0239876, 30.5835576 ], [ 79.024147, 30.5837247 ], [ 79.0244812, 30.5837701 ], [ 79.0246689, 30.5839086 ], [ 79.0247736, 30.5840462 ], [ 79.0253248, 30.5842655 ], [ 79.0262322, 30.5843448 ], [ 79.0268431, 30.5846334 ], [ 79.0275747, 30.5854439 ], [ 79.0280163, 30.5861022 ], [ 79.0284882, 30.5864396 ], [ 79.0286413, 30.5864786 ], [ 79.0287991, 30.5864522 ], [ 79.029234, 30.5863239 ], [ 79.0298402, 30.5863885 ], [ 79.0300226, 30.5864209 ], [ 79.0301943, 30.5865917 ], [ 79.0305186, 30.5866888 ], [ 79.0307629, 30.5866841 ], [ 79.0311545, 30.586517799999989 ], [ 79.0315568, 30.5861115 ], [ 79.0318115, 30.586055 ], [ 79.0321255, 30.5861992 ], [ 79.0324259, 30.5865456 ], [ 79.0327424, 30.5865733 ], [ 79.0329072, 30.5867288 ], [ 79.032973, 30.586915 ], [ 79.0331501, 30.5869566 ], [ 79.033423, 30.5869414 ], [ 79.034003, 30.5868411 ], [ 79.0347019, 30.5867824 ], [ 79.03496, 30.58648 ], [ 79.0353, 30.58628 ], [ 79.03556, 30.58606 ], [ 79.03571, 30.58591 ], [ 79.03574, 30.58528 ], [ 79.03601, 30.5849 ], [ 79.0368891, 30.5845136 ], [ 79.0374641, 30.5836654 ], [ 79.03797, 30.58219 ], [ 79.03807, 30.58178 ], [ 79.03797, 30.58116 ], [ 79.03802, 30.58103 ], [ 79.03868, 30.58032 ], [ 79.03902, 30.58008 ], [ 79.03911, 30.57992 ], [ 79.0390125, 30.5784221 ], [ 79.0390246, 30.5782575 ], [ 79.039074, 30.5780391 ], [ 79.03913, 30.57785 ], [ 79.03949, 30.577492 ], [ 79.0398942, 30.5772121 ], [ 79.0401335, 30.5769178 ], [ 79.0402191, 30.576721299999985 ], [ 79.0402412, 30.5766775 ] ] } },
{ "type": "Feature", "properties": { "osm_id": 686417894, "highway": "trunk", "name": null, "name_en": null, "ref": "NH707A", "surface": "unknown", "maxspeed": null, "oneway": "no", "access": "yes", "motor_vehicle": null, "bridge": "no", "tunnel": "no", "smoothness": null, "tracktype": null, "lanes": null, "layer": "0", "length_m": 3990.04, "assumed_speed_kmh": 35.0, "travel_time_min": 6.8401, "is_vehicular": true, "is_arterial": true }, "geometry": { "type": "LineString", "coordinates": [ [ 78.7118778, 30.2825379 ], [ 78.712097, 30.2824708 ], [ 78.7125225, 30.2822881 ], [ 78.7127817, 30.2821075 ], [ 78.7134095, 30.2814879 ], [ 78.7136812, 30.2810564 ], [ 78.7139255, 30.2808491 ], [ 78.7142003, 30.2805216 ], [ 78.7148304, 30.279086 ], [ 78.7156793, 30.2776581 ], [ 78.7158655, 30.2772835 ], [ 78.7160849, 30.2769053 ], [ 78.7163378, 30.2766527 ], [ 78.7164837, 30.2763319 ], [ 78.7166172, 30.275544 ], [ 78.7160425, 30.2750314 ], [ 78.7157249, 30.2748546 ], [ 78.7155313, 30.2747738 ], [ 78.7154078, 30.2747039 ], [ 78.715339, 30.2744941 ], [ 78.7152428, 30.2742963 ], [ 78.7148285, 30.2738226 ], [ 78.7148014, 30.2735203 ], [ 78.7149641, 30.2726164 ], [ 78.7146413, 30.2721968 ], [ 78.7141711, 30.2719075 ], [ 78.7140737, 30.2716135 ], [ 78.7142082, 30.2704785 ], [ 78.7138556, 30.2700579 ], [ 78.713632, 30.2696999 ], [ 78.7133899, 30.2691519 ], [ 78.7134175, 30.2691168 ], [ 78.7134776, 30.2690368 ], [ 78.7136233, 30.2681727 ], [ 78.7139326, 30.267665 ], [ 78.7139724, 30.26723 ], [ 78.7138861, 30.2669328 ], [ 78.7138911, 30.2660667 ], [ 78.7141597, 30.2655508 ], [ 78.7149941, 30.2652659 ], [ 78.7150777, 30.2652305 ], [ 78.7152195, 30.2651098 ], [ 78.7162588, 30.2641881 ], [ 78.716759, 30.2630614 ], [ 78.7166793, 30.2624627 ], [ 78.7166983, 30.2615659 ], [ 78.7170194, 30.261231 ], [ 78.7173935, 30.2611066 ], [ 78.7177303, 30.260876599999985 ], [ 78.7178162, 30.2606356 ], [ 78.7177941, 30.2604531 ], [ 78.7176526, 30.2603206 ], [ 78.7174354, 30.2603612 ], [ 78.7173307, 30.2604387 ], [ 78.7172207, 30.2603947 ], [ 78.7172256, 30.260224 ], [ 78.717287, 30.2601625 ], [ 78.7174796, 30.259992199999989 ], [ 78.7176366, 30.2596381 ], [ 78.7176559, 30.2591235 ], [ 78.7178309, 30.2589508 ], [ 78.7179712, 30.2588384 ], [ 78.7183056, 30.2586736 ], [ 78.7183897, 30.258595299999985 ], [ 78.718704, 30.2581498 ], [ 78.718773700000014, 30.2576433 ], [ 78.7189795, 30.256543 ], [ 78.7189483, 30.2561607 ], [ 78.7188008, 30.2557568 ], [ 78.7187782, 30.2555976 ], [ 78.7188704, 30.255138699999979 ], [ 78.7189487, 30.254902399999988 ], [ 78.7190099, 30.2532454 ], [ 78.7192018, 30.2524156 ], [ 78.7191431, 30.252079 ], [ 78.7191512, 30.252000200000012 ], [ 78.719178, 30.2519075 ] ] } },
{ "type": "Feature", "properties": { "osm_id": 686417895, "highway": "trunk", "name": null, "name_en": null, "ref": "NH707A", "surface": "unknown", "maxspeed": null, "oneway": "no", "access": "yes", "motor_vehicle": null, "bridge": "yes", "tunnel": "no", "smoothness": null, "tracktype": null, "lanes": null, "layer": "1", "length_m": 18.71, "assumed_speed_kmh": 35.0, "travel_time_min": 0.0321, "is_vehicular": true, "is_arterial": true }, "geometry": { "type": "LineString", "coordinates": [ [ 78.7117088, 30.282621299999988 ], [ 78.7118778, 30.2825379 ] ] } },
{ "type": "Feature", "properties": { "osm_id": 701270752, "highway": "trunk", "name": null, "name_en": null, "ref": "NH7", "surface": "unknown", "maxspeed": null, "oneway": "no", "access": "yes", "motor_vehicle": null, "bridge": "no", "tunnel": "no", "smoothness": null, "tracktype": null, "lanes": null, "layer": "0", "length_m": 13165.11, "assumed_speed_kmh": 35.0, "travel_time_min": 22.5688, "is_vehicular": true, "is_arterial": true }, "geometry": { "type": "LineString", "coordinates": [ [ 79.4690262, 30.8767154 ], [ 79.4689155, 30.8768031 ], [ 79.4687949, 30.8769641 ], [ 79.468719, 30.8771021 ], [ 79.4685984, 30.8774202 ], [ 79.4685582, 30.8778035 ], [ 79.4686029, 30.8782059 ], [ 79.4687056, 30.8786659 ], [ 79.468714500000019, 30.8790568 ], [ 79.4687324, 30.8796586 ], [ 79.4685984, 30.880107 ], [ 79.4685672, 30.8803293 ], [ 79.4684779, 30.880567 ], [ 79.4684734, 30.8810269 ], [ 79.4685002, 30.8816363 ], [ 79.4684421, 30.8820349 ], [ 79.4683796, 30.8825178 ], [ 79.4684153, 30.8827133 ], [ 79.4684957, 30.8831885 ], [ 79.4685136, 30.883407 ], [ 79.4684109, 30.8836714 ], [ 79.4681697, 30.8839666 ], [ 79.4680715, 30.8842387 ], [ 79.4680045, 30.884507 ], [ 79.4678392, 30.8848097 ], [ 79.4675713, 30.885273499999986 ], [ 79.4673346, 30.8857027 ], [ 79.4671649, 30.8862086 ], [ 79.4670845, 30.8864041 ], [ 79.4670041, 30.8865574 ], [ 79.4668568, 30.8869023 ], [ 79.4666915, 30.8871936 ], [ 79.4664102, 30.8874657 ], [ 79.4661065, 30.8877071 ], [ 79.4658341, 30.8880559 ], [ 79.465651, 30.8883203 ], [ 79.4653964, 30.888611600000011 ], [ 79.4652624, 30.8887381 ], [ 79.4652267, 30.888853 ], [ 79.4652892, 30.8890447 ], [ 79.4654321, 30.8893359 ], [ 79.4654187, 30.889512199999988 ], [ 79.4653071, 30.8896847 ], [ 79.4651597, 30.889853299999984 ], [ 79.4650079, 30.889899299999989 ], [ 79.4647533, 30.889861 ], [ 79.4645613, 30.8898303 ], [ 79.4644586, 30.8899185 ], [ 79.4643916, 30.8901024 ], [ 79.4642576, 30.8902595 ], [ 79.463945, 30.8906964 ], [ 79.4637351, 30.8909455 ], [ 79.4636681, 30.8911218 ], [ 79.4634404, 30.8913173 ], [ 79.4633645, 30.8915817 ], [ 79.463226, 30.8920224 ], [ 79.4632394, 30.8922025 ], [ 79.4632305, 30.8923942 ], [ 79.4631948, 30.8925321 ], [ 79.4631546, 30.8926394 ], [ 79.4632126, 30.8927391 ], [ 79.46334210000002, 30.8927965 ], [ 79.4634984, 30.8928655 ], [ 79.463494, 30.8929613 ], [ 79.4634582, 30.8930763 ], [ 79.4633645, 30.8931606 ], [ 79.463293, 30.8932947 ], [ 79.4632573, 30.8935285 ], [ 79.4632975, 30.893953899999989 ], [ 79.463293, 30.8941072 ], [ 79.4632707, 30.894256599999984 ], [ 79.4631992, 30.8945977 ], [ 79.4632617, 30.8949809 ], [ 79.4633243, 30.895391 ], [ 79.4633779, 30.8956286 ], [ 79.4633645, 30.8959313 ], [ 79.4633466, 30.8961306 ], [ 79.4632662, 30.8962915 ], [ 79.4630697, 30.896464 ], [ 79.462967, 30.8967935 ], [ 79.4629179, 30.8971806 ], [ 79.4630072, 30.8975676 ], [ 79.463025, 30.8976864 ], [ 79.4630563, 30.8978244 ], [ 79.4629759, 30.897924 ], [ 79.4628821, 30.8980351 ], [ 79.4628821, 30.8981999 ], [ 79.4629721, 30.8984173 ], [ 79.4627889, 30.898775 ], [ 79.4624794, 30.899111 ], [ 79.4622837, 30.89972340000001 ], [ 79.4620752, 30.9002274 ], [ 79.4620689, 30.9005254 ], [ 79.4622773, 30.900742200000014 ], [ 79.4624668, 30.900921 ], [ 79.46241, 30.901127 ], [ 79.4621574, 30.9017448 ], [ 79.4621258, 30.9023192 ], [ 79.462087900000014, 30.9027094 ], [ 79.4619616, 30.9031429 ], [ 79.4618858, 30.9033271 ], [ 79.4621068, 30.9035222 ], [ 79.4621826, 30.9036685 ], [ 79.46217630000001, 30.9037661 ], [ 79.4619237, 30.9039612 ], [ 79.4616205, 30.9041075 ], [ 79.4614626, 30.9043513 ], [ 79.4610584, 30.904974499999987 ], [ 79.4608626, 30.9051588 ], [ 79.4608563, 30.9052942 ], [ 79.4609763, 30.9054676 ], [ 79.4611216, 30.905738599999989 ], [ 79.4611279, 30.9059662 ], [ 79.4611279, 30.9060637 ], [ 79.4610142, 30.9060962 ], [ 79.4607047, 30.9060475 ], [ 79.4599974, 30.9059391 ], [ 79.4598837, 30.9058741 ], [ 79.4597448, 30.9059391 ], [ 79.4595742, 30.9061288 ], [ 79.4593974, 30.9065027 ], [ 79.4593027, 30.906649 ], [ 79.4591132, 30.9067194 ], [ 79.4589553, 30.9067682 ], [ 79.4588795, 30.9068495 ], [ 79.458829, 30.907115 ], [ 79.458816400000018, 30.9076731 ], [ 79.458816400000018, 30.9079495 ], [ 79.4587532, 30.9081608 ], [ 79.4586269, 30.9082204 ], [ 79.4584615, 30.9081738 ], [ 79.4583275, 30.9080895 ], [ 79.4581846, 30.9079937 ], [ 79.4580685, 30.9080359 ], [ 79.457997, 30.9081815 ], [ 79.4579345, 30.9083845 ], [ 79.4578496, 30.9085186 ], [ 79.4576933, 30.90858 ], [ 79.4575906, 30.9085531 ], [ 79.4574343, 30.9084612 ], [ 79.4572914, 30.9084382 ], [ 79.4571842, 30.9084957 ], [ 79.4570994, 30.9086834 ], [ 79.4569922, 30.908806 ], [ 79.4568225, 30.9088482 ], [ 79.4566573, 30.9088788 ], [ 79.4566171, 30.908951600000012 ], [ 79.4565322, 30.9091509 ], [ 79.4564831, 30.909239 ], [ 79.4563759, 30.9092543 ], [ 79.4560901, 30.9091892 ], [ 79.4559606, 30.9092122 ], [ 79.4557105, 30.90942290000001 ], [ 79.4554426, 30.909649 ], [ 79.4553845, 30.9097984 ], [ 79.4553086, 30.9100321 ], [ 79.4552371, 30.91011640000001 ], [ 79.4551612, 30.9102314 ], [ 79.455054, 30.9104115 ], [ 79.4548263, 30.9105264 ], [ 79.4545271, 30.9107027 ], [ 79.4543306, 30.9108368 ], [ 79.4540939, 30.9108291 ], [ 79.453942, 30.9108674 ], [ 79.4539331, 30.9109134 ], [ 79.4540045, 30.9109479 ], [ 79.4541519, 30.9109785 ], [ 79.4544467, 30.9109939 ], [ 79.4546208, 30.910963200000012 ], [ 79.4547459, 30.9109709 ], [ 79.454795, 30.9110054 ], [ 79.454795, 30.911055199999986 ], [ 79.4546655, 30.9111203 ], [ 79.454482400000018, 30.9111356 ], [ 79.4542993, 30.9111471 ], [ 79.454143, 30.9112008 ], [ 79.4540537, 30.9112927 ], [ 79.4540179, 30.9114268 ], [ 79.453951, 30.9115763 ], [ 79.4539465, 30.9116989 ], [ 79.4538572, 30.9117946 ], [ 79.4537545, 30.9118406 ], [ 79.4536473, 30.9118483 ], [ 79.4534061, 30.9118483 ], [ 79.45329, 30.9118828 ], [ 79.453165, 30.9119862 ], [ 79.4531024, 30.9121088 ], [ 79.4531158, 30.9122276 ], [ 79.4531962, 30.9123464 ], [ 79.4531828, 30.9124383 ], [ 79.4531158, 30.9125418 ], [ 79.4531114, 30.9127295 ], [ 79.4530935, 30.9130054 ], [ 79.4530221, 30.9132698 ], [ 79.4528926, 30.9133732 ], [ 79.4527318, 30.91349580000001 ], [ 79.4523924, 30.913787 ], [ 79.4521691, 30.9140092 ], [ 79.4520708, 30.914193099999984 ], [ 79.4519547, 30.9142966 ], [ 79.4518922, 30.9143924 ], [ 79.4518922, 30.9144499 ], [ 79.4519547, 30.9144613 ], [ 79.4520485, 30.9144345 ], [ 79.452178, 30.9143579 ], [ 79.4523254, 30.9142123 ], [ 79.4525531, 30.9140897 ], [ 79.4527228, 30.9139977 ], [ 79.452839, 30.9139594 ], [ 79.4529551, 30.9138905 ], [ 79.4530712, 30.9138675 ], [ 79.4531292, 30.913905799999984 ], [ 79.4531426, 30.9139709 ], [ 79.4530846, 30.9140667 ], [ 79.4530087, 30.914105 ], [ 79.452897, 30.9141625 ], [ 79.4527764, 30.9142085 ], [ 79.4527139, 30.9142813 ], [ 79.4526425, 30.9144422 ], [ 79.4525397, 30.9145878 ], [ 79.4524192, 30.9146797 ], [ 79.4522986, 30.914710399999986 ], [ 79.4520128, 30.9147679 ], [ 79.4518877, 30.9148215 ], [ 79.4517493, 30.9150859 ], [ 79.4516823, 30.9153234 ], [ 79.451651, 30.9154498 ], [ 79.4516734, 30.915599299999986 ], [ 79.45175380000002, 30.9157219 ], [ 79.4517806, 30.9158406 ], [ 79.4517225, 30.9160016 ], [ 79.4513161, 30.9165188 ], [ 79.4510571, 30.9168368 ], [ 79.4509454, 30.917036 ], [ 79.4509812, 30.9171778 ], [ 79.4510482, 30.9173157 ], [ 79.4509901, 30.9174613 ], [ 79.4509008, 30.9175111 ], [ 79.4505435, 30.9176107 ], [ 79.4504899, 30.9177908 ], [ 79.4505569, 30.9182084 ], [ 79.4504631, 30.9184689 ], [ 79.450414, 30.9185417 ], [ 79.45028, 30.9186796 ], [ 79.4501237, 30.9188444 ], [ 79.4501014, 30.918967 ], [ 79.4501594, 30.9190436 ], [ 79.4501952, 30.9191585 ], [ 79.450132700000012, 30.9192582 ], [ 79.4501952, 30.9193539 ], [ 79.4502577, 30.9194727 ], [ 79.4502845, 30.919921 ], [ 79.4503247, 30.9202083 ], [ 79.4504006, 30.9204995 ], [ 79.4504899, 30.9209286 ], [ 79.4505703, 30.9211891 ], [ 79.45061050000001, 30.9214687 ], [ 79.4505748, 30.9222273 ], [ 79.450539, 30.9228786 ], [ 79.4505658, 30.9230663 ], [ 79.4506596, 30.9232694 ], [ 79.4507266, 30.9234686 ], [ 79.4507802, 30.9236908 ], [ 79.4507981, 30.92407 ], [ 79.4507847, 30.9245681 ], [ 79.4508918, 30.9248516 ], [ 79.4508695, 30.9250163 ], [ 79.4508159, 30.925227 ], [ 79.4508517, 30.9256561 ], [ 79.4509276, 30.9260622 ], [ 79.451008, 30.9263495 ], [ 79.4509499, 30.9267824 ], [ 79.4508249, 30.9269088 ], [ 79.4507489, 30.9269892 ], [ 79.4506016, 30.927108 ], [ 79.4504631, 30.9271731 ], [ 79.4502979, 30.9272574 ], [ 79.4501818, 30.9273608 ], [ 79.4501193, 30.9274758 ], [ 79.450021, 30.9275447 ], [ 79.4498826, 30.9275409 ], [ 79.4496057, 30.9275562 ], [ 79.4494806, 30.9276328 ], [ 79.4493109, 30.9278167 ], [ 79.4492127, 30.9280274 ], [ 79.4490207, 30.928353 ], [ 79.4487929, 30.928904699999979 ], [ 79.4484044, 30.9295291 ], [ 79.4483374, 30.9298432 ], [ 79.4482079, 30.9300041 ], [ 79.4478953, 30.9302723 ], [ 79.4474531, 30.9306515 ], [ 79.4473013, 30.9307013 ], [ 79.4470468, 30.9306937 ], [ 79.4466761, 30.9308048 ], [ 79.44656, 30.9309235 ], [ 79.4465064, 30.93123760000001 ], [ 79.4463635, 30.9313832 ], [ 79.4461714, 30.9314598 ], [ 79.445908, 30.9315977 ], [ 79.4455864, 30.9317586 ], [ 79.4451532, 30.9320536 ], [ 79.44497010000002, 30.9322911 ], [ 79.4448094, 30.9323562 ], [ 79.4444074, 30.9324864 ], [ 79.4442065, 30.9325784 ], [ 79.4438537, 30.932708600000012 ], [ 79.4435768, 30.9327776 ], [ 79.443308800000011, 30.9330304 ], [ 79.4430319, 30.9331798 ], [ 79.4424469, 30.9335667 ], [ 79.442045, 30.9337697 ], [ 79.4416341, 30.9341413 ], [ 79.4414064, 30.9343481 ], [ 79.4412635, 30.9345971 ], [ 79.4411206, 30.9348729 ], [ 79.4410134, 30.9350147 ], [ 79.4409375, 30.9350645 ], [ 79.4407186, 30.9350721 ], [ 79.4403614, 30.9350721 ], [ 79.4398433, 30.9351334 ], [ 79.4392896, 30.9352751 ], [ 79.4391065, 30.9353671 ], [ 79.4389234, 30.935528 ], [ 79.4387492, 30.9358765 ], [ 79.4385527, 30.9361064 ], [ 79.4383741, 30.9362596 ], [ 79.4383205, 30.936386 ], [ 79.4383785, 30.9365929 ], [ 79.4386242, 30.9369414 ], [ 79.4387358, 30.9370449 ], [ 79.4390529, 30.9372287 ], [ 79.4392494, 30.9373245 ], [ 79.4392896, 30.9374241 ], [ 79.4392583, 30.9377037 ], [ 79.4391645, 30.9381595 ], [ 79.4391065, 30.938389399999981 ], [ 79.4387447, 30.9389103 ], [ 79.4386018, 30.9391669 ], [ 79.4385974, 30.9394121 ], [ 79.438584, 30.9398028 ], [ 79.4384634, 30.940113 ], [ 79.4382312, 30.9403007 ], [ 79.4379766, 30.9404195 ], [ 79.4376908, 30.9405727 ], [ 79.4375479, 30.9407297 ], [ 79.437458600000014, 30.940944200000011 ], [ 79.4373737, 30.94104 ], [ 79.4372308, 30.941101299999985 ], [ 79.4370924, 30.9410668 ], [ 79.4369271, 30.9410017 ], [ 79.4367708, 30.940894399999987 ], [ 79.4366458, 30.9408676 ], [ 79.4364448, 30.9408791 ], [ 79.4362751, 30.9409519 ], [ 79.4360965, 30.9411089 ], [ 79.4359089, 30.9411587 ], [ 79.4358062, 30.9412928 ], [ 79.435708, 30.9414154 ], [ 79.4356186, 30.9416031 ], [ 79.4354534, 30.9418252 ], [ 79.4352926, 30.9420589 ], [ 79.4350559, 30.94235 ], [ 79.434788, 30.9428326 ], [ 79.4346227, 30.9431084 ], [ 79.4344352, 30.943342 ], [ 79.4340288, 30.9438016 ], [ 79.4336492, 30.9442881 ], [ 79.4335018, 30.9444375 ], [ 79.4333902, 30.9444911 ], [ 79.4332294, 30.9445332 ], [ 79.4331312, 30.9445945 ], [ 79.433091, 30.9446788 ], [ 79.433037400000018, 30.9448664 ], [ 79.4329168, 30.9450005 ], [ 79.4327024, 30.9452418 ], [ 79.4322692, 30.9456555 ], [ 79.4319254, 30.9459427 ], [ 79.4314297, 30.9463181 ], [ 79.4311751, 30.946433 ], [ 79.4309384, 30.9466973 ], [ 79.430867, 30.9468236 ], [ 79.4307955, 30.9470535 ], [ 79.4305186, 30.9473867 ], [ 79.4303132, 30.9476586 ], [ 79.4302507, 30.9478616 ], [ 79.4301926, 30.9481412 ], [ 79.4301837, 30.9484706 ], [ 79.4301614, 30.9486276 ], [ 79.4300676, 30.9487272 ], [ 79.4300095, 30.9488651 ], [ 79.4301208, 30.9490447 ], [ 79.430184, 30.949272199999989 ], [ 79.4301903, 30.9494834 ], [ 79.4301461, 30.9496784 ], [ 79.4296977, 30.9498842 ], [ 79.4293566, 30.9499438 ], [ 79.4289651, 30.950063 ], [ 79.4282325, 30.9508321 ], [ 79.428011400000017, 30.9510379 ], [ 79.4279798, 30.9513737 ], [ 79.4277651, 30.951752899999988 ], [ 79.426259700000017, 30.953196 ], [ 79.4252951, 30.954299 ], [ 79.4237588, 30.9558309 ], [ 79.4227406, 30.9570334 ], [ 79.4222761, 30.9570564 ], [ 79.4217313, 30.957179 ], [ 79.4207845, 30.9577151 ], [ 79.4200521, 30.9584121 ], [ 79.4191232, 30.9588564 ], [ 79.4184444, 30.9590938 ], [ 79.4176495, 30.9593925 ], [ 79.4169528, 30.9597908 ], [ 79.4167143, 30.9598821 ], [ 79.4165714, 30.959905 ], [ 79.4165044, 30.9599663 ], [ 79.4165401, 30.9600008 ], [ 79.4165937, 30.9600237 ], [ 79.416692, 30.9600237 ], [ 79.416852700000021, 30.9599893 ], [ 79.4171296, 30.9599318 ], [ 79.4173619, 30.9598821 ], [ 79.4177147, 30.959748 ], [ 79.4179781, 30.9596676 ], [ 79.4182282, 30.9595795 ], [ 79.4183309, 30.9595374 ], [ 79.4184337, 30.9595221 ], [ 79.4185096, 30.9595489 ], [ 79.418514, 30.9596255 ], [ 79.4184515, 30.9596906 ], [ 79.4183577, 30.959725 ], [ 79.4182148, 30.9597748 ], [ 79.4180585, 30.9598476 ], [ 79.4177459, 30.9600506 ], [ 79.417545, 30.9602612 ], [ 79.417152, 30.9604871 ], [ 79.416852700000021, 30.9607131 ], [ 79.4167724, 30.9607667 ], [ 79.4166607, 30.9608777 ], [ 79.4165446, 30.9609352 ], [ 79.4164374, 30.9609275 ], [ 79.4163749, 30.9608663 ], [ 79.4163213, 30.9607858 ], [ 79.4161918, 30.9607092 ], [ 79.416098, 30.9607092 ], [ 79.4159774, 30.960759 ], [ 79.4157899, 30.9608165 ], [ 79.4156389, 30.9609116 ], [ 79.4153784, 30.9611743 ], [ 79.4152347, 30.9613394 ], [ 79.4152047, 30.9614004 ], [ 79.4151478, 30.9615303 ], [ 79.4151163, 30.96164 ], [ 79.4150784, 30.9617646 ] ] } },
{ "type": "Feature", "properties": { "osm_id": 701270753, "highway": "trunk", "name": null, "name_en": null, "ref": "NH7", "surface": "unknown", "maxspeed": null, "oneway": "no", "access": "yes", "motor_vehicle": null, "bridge": "yes", "tunnel": "no", "smoothness": null, "tracktype": null, "lanes": null, "layer": "1", "length_m": 14.89, "assumed_speed_kmh": 35.0, "travel_time_min": 0.0255, "is_vehicular": true, "is_arterial": true }, "geometry": { "type": "LineString", "coordinates": [ [ 79.4691486, 30.8766324 ], [ 79.4690262, 30.8767154 ] ] } },
{ "type": "Feature", "properties": { "osm_id": 701311238, "highway": "trunk", "name": null, "name_en": null, "ref": "NH7", "surface": "unknown", "maxspeed": "50", "oneway": "no", "access": "yes", "motor_vehicle": null, "bridge": "no", "tunnel": "no", "smoothness": null, "tracktype": null, "lanes": "2", "layer": "0", "length_m": 4026.0, "assumed_speed_kmh": 35.0, "travel_time_min": 6.9017, "is_vehicular": true, "is_arterial": true }, "geometry": { "type": "LineString", "coordinates": [ [ 79.4581782, 30.4663454 ], [ 79.458071, 30.4666413 ], [ 79.4581139, 30.4670482 ], [ 79.4584143, 30.4673256 ], [ 79.4590365, 30.4676955 ], [ 79.4595301, 30.4678435 ], [ 79.4599163, 30.4680654 ], [ 79.4600665, 30.4684908 ], [ 79.4598734, 30.4690456 ], [ 79.4597661, 30.4695634 ], [ 79.4599163, 30.4700813 ], [ 79.4597017, 30.4707101 ], [ 79.4594442, 30.471043 ], [ 79.4592726, 30.4714313 ], [ 79.4590151, 30.4719862 ], [ 79.4591653, 30.4725595 ], [ 79.4592082, 30.4731513 ], [ 79.4594228, 30.4737616 ], [ 79.4590795, 30.4742424 ], [ 79.4591653, 30.4747787 ], [ 79.4592726, 30.4754629 ], [ 79.4594228, 30.4762212 ], [ 79.4594657, 30.476776 ], [ 79.4597017, 30.4771458 ], [ 79.4601523, 30.4772383 ], [ 79.460603, 30.4772198 ], [ 79.4606244, 30.4776636 ], [ 79.4610321, 30.4778116 ], [ 79.4615256, 30.477774599999989 ], [ 79.4619333, 30.4779965 ], [ 79.4624054, 30.4781629 ], [ 79.4629418, 30.4782184 ], [ 79.4634783, 30.4782739 ], [ 79.4641006, 30.478292399999987 ], [ 79.4645297, 30.4783109 ], [ 79.4651091, 30.478255399999988 ], [ 79.4656241, 30.4780889 ], [ 79.4662034, 30.478015 ], [ 79.4669759, 30.477811599999988 ], [ 79.4672119, 30.4777191 ], [ 79.4675338, 30.4781814 ], [ 79.4679415, 30.4786252 ], [ 79.4677913, 30.4790691 ], [ 79.4677484, 30.4796053 ], [ 79.4681131, 30.4800861 ], [ 79.4680917, 30.4805669 ], [ 79.468435, 30.4809923 ], [ 79.4690144, 30.4811402 ], [ 79.4697439, 30.4813806 ], [ 79.46998, 30.4817319 ], [ 79.470452, 30.481990799999988 ], [ 79.4708383, 30.4822867 ], [ 79.4708812, 30.4828784 ], [ 79.4712889, 30.4832298 ], [ 79.4717609, 30.4834887 ], [ 79.4721472, 30.4838215 ], [ 79.4723403, 30.4843578 ], [ 79.472898200000017, 30.4847091 ], [ 79.4729626, 30.485245399999979 ], [ 79.4731342, 30.4857261 ], [ 79.4738199, 30.4860087 ], [ 79.4739925, 30.4866137 ], [ 79.4745719, 30.487002 ], [ 79.4752371, 30.4871684 ], [ 79.4759023, 30.4870945 ], [ 79.4764173, 30.4869465 ], [ 79.4768893, 30.4867801 ], [ 79.4771683, 30.4864473 ], [ 79.4773212, 30.4863035 ], [ 79.4775492, 30.4862485 ], [ 79.4782251, 30.4861768 ], [ 79.4789466, 30.4861769 ], [ 79.4795527, 30.4861099 ] ] } },
{ "type": "Feature", "properties": { "osm_id": 701584455, "highway": "trunk", "name": null, "name_en": null, "ref": "NH7", "surface": "unknown", "maxspeed": "50", "oneway": "no", "access": "yes", "motor_vehicle": null, "bridge": "yes", "tunnel": "no", "smoothness": null, "tracktype": null, "lanes": "2", "layer": "1", "length_m": 37.91, "assumed_speed_kmh": 35.0, "travel_time_min": 0.065, "is_vehicular": true, "is_arterial": true }, "geometry": { "type": "LineString", "coordinates": [ [ 79.3204805, 30.3412441 ], [ 79.320414, 30.3415812 ] ] } },
{ "type": "Feature", "properties": { "osm_id": 701584456, "highway": "trunk", "name": null, "name_en": null, "ref": "NH7", "surface": "unknown", "maxspeed": "50", "oneway": "no", "access": "yes", "motor_vehicle": null, "bridge": "no", "tunnel": "no", "smoothness": null, "tracktype": null, "lanes": "2", "layer": "0", "length_m": 904.75, "assumed_speed_kmh": 35.0, "travel_time_min": 1.551, "is_vehicular": true, "is_arterial": true }, "geometry": { "type": "LineString", "coordinates": [ [ 79.320414, 30.3415812 ], [ 79.3203659, 30.3416451 ], [ 79.320263600000018, 30.3416783 ], [ 79.3199319, 30.3417588 ], [ 79.319616, 30.3418282 ], [ 79.319406, 30.3418882 ], [ 79.319256, 30.3419882 ], [ 79.319166, 30.3421182 ], [ 79.318986, 30.3426082 ], [ 79.318996, 30.3427782 ], [ 79.319236, 30.3435682 ], [ 79.319676, 30.3447682 ], [ 79.319846, 30.3450682 ], [ 79.320176, 30.3454082 ], [ 79.320136, 30.3454982 ], [ 79.319846, 30.3456882 ], [ 79.319806, 30.3459482 ], [ 79.319966, 30.3461882 ], [ 79.320256, 30.3464382 ], [ 79.3203511, 30.3469972 ], [ 79.3204458, 30.3470692 ], [ 79.3208448, 30.3470646 ], [ 79.3211626, 30.3471794 ], [ 79.3213682, 30.3474741 ], [ 79.3213639, 30.3476226 ], [ 79.3212255, 30.347836 ] ] } },
{ "type": "Feature", "properties": { "osm_id": 701584457, "highway": "trunk", "name": null, "name_en": null, "ref": "NH7", "surface": "unknown", "maxspeed": "50", "oneway": "no", "access": "yes", "motor_vehicle": null, "bridge": "no", "tunnel": "no", "smoothness": null, "tracktype": null, "lanes": "2", "layer": "0", "length_m": 714.42, "assumed_speed_kmh": 35.0, "travel_time_min": 1.2247, "is_vehicular": true, "is_arterial": true }, "geometry": { "type": "LineString", "coordinates": [ [ 79.3209883, 30.3481707 ], [ 79.3208236, 30.3483897 ], [ 79.320566, 30.3486482 ], [ 79.320106, 30.3488682 ], [ 79.319876, 30.3490782 ], [ 79.319886, 30.3492082 ], [ 79.320136, 30.3494982 ], [ 79.320266, 30.3498782 ], [ 79.320116, 30.3507782 ], [ 79.319936, 30.3512582 ], [ 79.319956, 30.3514282 ], [ 79.320116, 30.3516682 ], [ 79.320116, 30.3517782 ], [ 79.319856, 30.3521382 ], [ 79.319946, 30.3524982 ], [ 79.319956, 30.3527982 ], [ 79.319786, 30.3535482 ], [ 79.3198099, 30.3539256 ] ] } },
{ "type": "Feature", "properties": { "osm_id": 701584458, "highway": "trunk", "name": null, "name_en": null, "ref": "NH7", "surface": "unknown", "maxspeed": "50", "oneway": "no", "access": "yes", "motor_vehicle": null, "bridge": "yes", "tunnel": "no", "smoothness": null, "tracktype": null, "lanes": "2", "layer": "1", "length_m": 43.55, "assumed_speed_kmh": 35.0, "travel_time_min": 0.0747, "is_vehicular": true, "is_arterial": true }, "geometry": { "type": "LineString", "coordinates": [ [ 79.3212255, 30.347836 ], [ 79.3209883, 30.3481707 ] ] } },
{ "type": "Feature", "properties": { "osm_id": 701596506, "highway": "trunk", "name": null, "name_en": null, "ref": "NH7", "surface": "unknown", "maxspeed": "50", "oneway": "no", "access": "yes", "motor_vehicle": null, "bridge": "yes", "tunnel": "no", "smoothness": null, "tracktype": null, "lanes": "2", "layer": "1", "length_m": 32.81, "assumed_speed_kmh": 35.0, "travel_time_min": 0.0562, "is_vehicular": true, "is_arterial": true }, "geometry": { "type": "LineString", "coordinates": [ [ 79.3018699, 30.3002626 ], [ 79.3017938, 30.3005511 ] ] } },
{ "type": "Feature", "properties": { "osm_id": 701596507, "highway": "trunk", "name": null, "name_en": null, "ref": "NH7", "surface": "unknown", "maxspeed": "50", "oneway": "no", "access": "yes", "motor_vehicle": null, "bridge": "no", "tunnel": "no", "smoothness": null, "tracktype": null, "lanes": "2", "layer": "0", "length_m": 3406.52, "assumed_speed_kmh": 35.0, "travel_time_min": 5.8397, "is_vehicular": true, "is_arterial": true }, "geometry": { "type": "LineString", "coordinates": [ [ 79.3093423, 30.3141669 ], [ 79.3093506, 30.3142938 ], [ 79.3091992, 30.3144463 ], [ 79.3090743, 30.3146192 ], [ 79.3090185, 30.31481 ], [ 79.3089978, 30.314929899999989 ], [ 79.3089612, 30.3151427 ], [ 79.3090636, 30.3153105 ], [ 79.3091391, 30.3154748 ], [ 79.3090832, 30.3165624 ], [ 79.308982300000011, 30.3167951 ], [ 79.30793, 30.31832 ], [ 79.30775, 30.31863 ], [ 79.30777, 30.31888 ], [ 79.30767, 30.31898 ], [ 79.30724, 30.31931 ], [ 79.30662, 30.31969 ], [ 79.30579, 30.32008 ], [ 79.30501, 30.32035 ], [ 79.30466, 30.32054 ], [ 79.3033952, 30.321323700000011 ], [ 79.3031176, 30.3216798 ], [ 79.30282, 30.32253 ], [ 79.30288, 30.32355 ], [ 79.30294, 30.32372 ], [ 79.30329, 30.32419 ], [ 79.30369, 30.32489 ], [ 79.30395, 30.32515 ], [ 79.30463, 30.32539 ], [ 79.30498, 30.3254 ], [ 79.30536, 30.32555 ], [ 79.30605, 30.32549 ], [ 79.30633, 30.32555 ], [ 79.30642, 30.32564 ], [ 79.30645, 30.32577 ], [ 79.30634, 30.32607 ], [ 79.30633, 30.32622 ], [ 79.30639, 30.32634 ], [ 79.30694, 30.32671 ], [ 79.30735, 30.32678 ], [ 79.30751, 30.32696 ], [ 79.30809, 30.32729 ], [ 79.30833, 30.32737 ], [ 79.30858, 30.32738 ], [ 79.30882, 30.3273 ], [ 79.30895, 30.32719 ], [ 79.30905, 30.32718 ], [ 79.30914, 30.32722 ], [ 79.30927, 30.3275 ], [ 79.30935, 30.32757 ], [ 79.30948, 30.32756 ], [ 79.30977, 30.32742 ], [ 79.31002, 30.32746 ], [ 79.310058, 30.3276532 ], [ 79.3099129, 30.3281442 ], [ 79.3099586, 30.328538 ], [ 79.310302, 30.328780599999988 ], [ 79.3107232, 30.3291351 ], [ 79.3109814, 30.3291716 ], [ 79.3113652, 30.3290003 ], [ 79.3115626, 30.3290606 ], [ 79.3116049, 30.3292458 ], [ 79.3114089, 30.3295993 ], [ 79.311558600000012, 30.3298177 ], [ 79.3118954, 30.3298593 ], [ 79.31221, 30.32974 ], [ 79.31244, 30.32968 ], [ 79.31251, 30.3297 ], [ 79.31263, 30.32981 ], [ 79.31283, 30.33021 ], [ 79.31316, 30.33028 ], [ 79.31339, 30.33043 ], [ 79.31362, 30.33046 ], [ 79.31394, 30.33067 ], [ 79.31428, 30.33059 ], [ 79.31506, 30.33076 ], [ 79.31537, 30.33073 ], [ 79.31561, 30.3306 ], [ 79.31611, 30.33065 ], [ 79.31685, 30.33026 ], [ 79.31758, 30.33005 ], [ 79.318056, 30.3297782 ] ] } },
{ "type": "Feature", "properties": { "osm_id": 701597850, "highway": "trunk", "name": null, "name_en": null, "ref": "NH7", "surface": "unknown", "maxspeed": "50", "oneway": "no", "access": "yes", "motor_vehicle": null, "bridge": "no", "tunnel": "no", "smoothness": null, "tracktype": null, "lanes": "2", "layer": "0", "length_m": 1013.69, "assumed_speed_kmh": 35.0, "travel_time_min": 1.7378, "is_vehicular": true, "is_arterial": true }, "geometry": { "type": "LineString", "coordinates": [ [ 79.3030903, 30.294482 ], [ 79.3031796, 30.2944993 ], [ 79.3032437, 30.2945287 ], [ 79.3032385, 30.2945768 ], [ 79.3032186, 30.2947278 ], [ 79.3031129, 30.2948513 ], [ 79.3024191, 30.295303499999989 ], [ 79.3021753, 30.295415399999989 ], [ 79.30194, 30.2955821 ], [ 79.3017973, 30.2957027 ], [ 79.3016269, 30.2959029 ], [ 79.3015525, 30.296217 ], [ 79.301485, 30.2965118 ], [ 79.3014441, 30.2966096 ], [ 79.3013343, 30.2966621 ], [ 79.30117, 30.29667 ], [ 79.3010323, 30.2967235 ], [ 79.3008735, 30.2968973 ], [ 79.3008567, 30.2971031 ], [ 79.3008963, 30.2972615 ], [ 79.3009067, 30.2973737 ], [ 79.3008767, 30.2975201 ], [ 79.3007917, 30.2975833 ], [ 79.3006116, 30.2975714 ], [ 79.3, 30.29728 ], [ 79.2998716, 30.2972778 ], [ 79.2997941, 30.2973277 ], [ 79.29975610000001, 30.2974185 ], [ 79.2997783, 30.2974922 ], [ 79.2998642, 30.2975655 ], [ 79.3000941, 30.2976577 ], [ 79.3004041, 30.2978832 ], [ 79.30076, 30.29822 ], [ 79.30105, 30.29835 ], [ 79.30122, 30.29837 ], [ 79.30131, 30.29844 ], [ 79.30136, 30.29868 ], [ 79.30126, 30.29892 ], [ 79.30126, 30.2991 ], [ 79.30141, 30.29926 ], [ 79.30169, 30.29934 ], [ 79.30179, 30.29943 ], [ 79.3017537, 30.2998502 ], [ 79.301855, 30.3001127 ], [ 79.3018699, 30.3002626 ] ] } },
{ "type": "Feature", "properties": { "osm_id": 701597851, "highway": "trunk", "name": null, "name_en": null, "ref": "NH7", "surface": "unknown", "maxspeed": "50", "oneway": "no", "access": "yes", "motor_vehicle": null, "bridge": "yes", "tunnel": "no", "smoothness": null, "tracktype": null, "lanes": "2", "layer": "1", "length_m": 47.33, "assumed_speed_kmh": 35.0, "travel_time_min": 0.0811, "is_vehicular": true, "is_arterial": true }, "geometry": { "type": "LineString", "coordinates": [ [ 79.3026136, 30.2943763 ], [ 79.3030903, 30.294482 ] ] } },
{ "type": "Feature", "properties": { "osm_id": 701599417, "highway": "trunk", "name": null, "name_en": null, "ref": "NH7", "surface": "unknown", "maxspeed": "50", "oneway": "no", "access": "yes", "motor_vehicle": null, "bridge": "no", "tunnel": "no", "smoothness": null, "tracktype": null, "lanes": "2", "layer": "0", "length_m": 3344.35, "assumed_speed_kmh": 35.0, "travel_time_min": 5.7332, "is_vehicular": true, "is_arterial": true }, "geometry": { "type": "LineString", "coordinates": [ [ 79.2802781, 30.2904775 ], [ 79.2802088, 30.2907231 ], [ 79.2802576, 30.2910313 ], [ 79.2803162, 30.2911626 ], [ 79.2804786, 30.2912604 ], [ 79.2815698, 30.2916663 ], [ 79.2820676, 30.2917525 ], [ 79.2826639, 30.2918337 ], [ 79.28345, 30.29192 ], [ 79.28371, 30.2919 ], [ 79.28387, 30.29184 ], [ 79.28486, 30.29192 ], [ 79.28686, 30.29188 ], [ 79.28794, 30.2917 ], [ 79.28835, 30.29159 ], [ 79.2886531, 30.2915386 ], [ 79.28913, 30.29137 ], [ 79.2894446, 30.2912341 ], [ 79.289644, 30.291191 ], [ 79.2899174, 30.2911686 ], [ 79.2902855, 30.2909885 ], [ 79.2903372, 30.2909209 ], [ 79.2903729, 30.2907781 ], [ 79.2904424, 30.2907071 ], [ 79.2906, 30.29065 ], [ 79.2906787, 30.2906456 ], [ 79.2910006, 30.2906962 ], [ 79.2911841, 30.2906934 ], [ 79.29128, 30.29063 ], [ 79.291494, 30.2905801 ], [ 79.2916427, 30.290578700000012 ], [ 79.2918385, 30.290622 ], [ 79.2919921, 30.2906347 ], [ 79.2921499, 30.2906155 ], [ 79.292244, 30.2905655 ], [ 79.2925456, 30.2903603 ], [ 79.29273, 30.29026 ], [ 79.2935512, 30.2898354 ], [ 79.2940843, 30.2896915 ], [ 79.29427, 30.2896625 ], [ 79.2943448, 30.289717700000011 ], [ 79.2944249, 30.2899018 ], [ 79.2945182, 30.2899908 ], [ 79.2946616, 30.290038 ], [ 79.294855900000016, 30.290064199999986 ], [ 79.295046, 30.290016300000012 ], [ 79.2951511, 30.2900101 ], [ 79.2954345, 30.2900689 ], [ 79.2955405, 30.2901392 ], [ 79.29577, 30.2904008 ], [ 79.2958398, 30.2905484 ], [ 79.2959048, 30.2906984 ], [ 79.2958041, 30.2909814 ], [ 79.2956583, 30.2912389 ], [ 79.295617, 30.2913994 ], [ 79.2956476, 30.2915317 ], [ 79.295773, 30.2916734 ], [ 79.2963407, 30.2920163 ], [ 79.2967303, 30.2922206 ], [ 79.297405, 30.2927068 ], [ 79.29751, 30.29274 ], [ 79.29765, 30.29271 ], [ 79.2978115, 30.2925941 ], [ 79.2978993, 30.2926051 ], [ 79.2979814, 30.2926441 ], [ 79.2980771, 30.2927915 ], [ 79.2980899, 30.2928659 ], [ 79.298064700000012, 30.2929505 ], [ 79.2978272, 30.2932284 ], [ 79.2977973, 30.293265 ], [ 79.2978174, 30.2935267 ], [ 79.2978509, 30.293623 ], [ 79.2980775, 30.2939118 ], [ 79.29828, 30.2941 ], [ 79.2984171, 30.2941801 ], [ 79.2985309, 30.2941733 ], [ 79.2986206, 30.2941473 ], [ 79.298882, 30.2940504 ], [ 79.29901270000002, 30.2939581 ], [ 79.2998447, 30.2932347 ], [ 79.3001421, 30.2928697 ], [ 79.3004373, 30.292686299999989 ], [ 79.3006383, 30.292530500000012 ], [ 79.3007079, 30.2922924 ], [ 79.3007704, 30.2921442 ], [ 79.3009353, 30.2920541 ], [ 79.3011843, 30.2920317 ], [ 79.3014212, 30.2921579 ], [ 79.3016102, 30.2922923 ], [ 79.3017703, 30.2924519 ], [ 79.3018577, 30.2925497 ], [ 79.3018664, 30.2926284 ], [ 79.3018082, 30.2927442 ], [ 79.3016757, 30.2928419 ], [ 79.3014907, 30.2931072 ], [ 79.3014392, 30.2933389 ], [ 79.301293, 30.2934803 ], [ 79.3010843, 30.2936304 ], [ 79.3009773, 30.2938018 ], [ 79.30082, 30.29401 ], [ 79.3006484, 30.294297599999986 ], [ 79.3003479, 30.2945713 ], [ 79.3002557, 30.2946722 ], [ 79.3002072, 30.2947698 ], [ 79.3001848, 30.2948944 ], [ 79.300215, 30.2949678 ], [ 79.3002776, 30.2949947 ], [ 79.3003402, 30.294994799999984 ], [ 79.3004432, 30.2949414 ], [ 79.3008099, 30.2946385 ], [ 79.3010212, 30.2945207 ], [ 79.3011824, 30.294477 ], [ 79.3015802, 30.294414 ], [ 79.3026136, 30.2943763 ] ] } },
{ "type": "Feature", "properties": { "osm_id": 701599418, "highway": "trunk", "name": null, "name_en": null, "ref": "NH7", "surface": "unknown", "maxspeed": "50", "oneway": "no", "access": "yes", "motor_vehicle": null, "bridge": "yes", "tunnel": "no", "smoothness": null, "tracktype": null, "lanes": "2", "layer": "1", "length_m": 23.65, "assumed_speed_kmh": 35.0, "travel_time_min": 0.0405, "is_vehicular": true, "is_arterial": true }, "geometry": { "type": "LineString", "coordinates": [ [ 79.2802154, 30.2902712 ], [ 79.2802781, 30.2904775 ] ] } },
{ "type": "Feature", "properties": { "osm_id": 701604906, "highway": "trunk", "name": null, "name_en": null, "ref": "NH7", "surface": "unknown", "maxspeed": "50", "oneway": "no", "access": "yes", "motor_vehicle": null, "bridge": "yes", "tunnel": "no", "smoothness": null, "tracktype": null, "lanes": "2", "layer": "1", "length_m": 32.45, "assumed_speed_kmh": 35.0, "travel_time_min": 0.0556, "is_vehicular": true, "is_arterial": true }, "geometry": { "type": "LineString", "coordinates": [ [ 79.2404963, 30.2780596 ], [ 79.2408275, 30.278114799999987 ] ] } },
{ "type": "Feature", "properties": { "osm_id": 701604907, "highway": "trunk", "name": null, "name_en": null, "ref": "NH7", "surface": "unknown", "maxspeed": "50", "oneway": "no", "access": "yes", "motor_vehicle": null, "bridge": "no", "tunnel": "no", "smoothness": null, "tracktype": null, "lanes": "2", "layer": "0", "length_m": 1479.24, "assumed_speed_kmh": 35.0, "travel_time_min": 2.5358, "is_vehicular": true, "is_arterial": true }, "geometry": { "type": "LineString", "coordinates": [ [ 79.257293, 30.2875162 ], [ 79.2573142, 30.2876432 ], [ 79.2573368, 30.2877304 ], [ 79.2573519, 30.2880484 ], [ 79.2574401, 30.2881065 ], [ 79.257538, 30.288115199999989 ], [ 79.2577027, 30.2881033 ], [ 79.25785, 30.28805 ], [ 79.258045, 30.2880003 ], [ 79.2583625, 30.288066900000011 ], [ 79.2587704, 30.288223599999988 ], [ 79.2591675, 30.2883019 ], [ 79.2601724, 30.2884102 ], [ 79.2605526, 30.2885125 ], [ 79.2615769, 30.288736899999989 ], [ 79.2618565, 30.2888618 ], [ 79.2622049, 30.2890174 ], [ 79.263112, 30.2892135 ], [ 79.2637476, 30.289236 ], [ 79.2644322, 30.289264 ], [ 79.2649849, 30.2892895 ], [ 79.2653782, 30.2892932 ], [ 79.2656952, 30.2891016 ], [ 79.2661179, 30.2889855 ], [ 79.2663097, 30.2886591 ], [ 79.2666, 30.28854 ], [ 79.26716, 30.28826 ], [ 79.26734, 30.28804 ], [ 79.26748, 30.28803 ], [ 79.26764, 30.28808 ], [ 79.2681058, 30.2882691 ], [ 79.2685857, 30.2882469 ], [ 79.26907, 30.28806 ], [ 79.2700575, 30.2882957 ], [ 79.27045, 30.28824 ], [ 79.270701200000019, 30.2881677 ], [ 79.2708605, 30.2879776 ], [ 79.2709523, 30.2878831 ] ] } },
{ "type": "Feature", "properties": { "osm_id": 819850406, "highway": "trunk", "name": null, "name_en": null, "ref": "NH107A", "surface": "unknown", "maxspeed": null, "oneway": "no", "access": "yes", "motor_vehicle": null, "bridge": "no", "tunnel": "no", "smoothness": null, "tracktype": null, "lanes": null, "layer": "0", "length_m": 1161.81, "assumed_speed_kmh": 35.0, "travel_time_min": 1.9917, "is_vehicular": true, "is_arterial": true }, "geometry": { "type": "LineString", "coordinates": [ [ 79.1998439, 30.4861362 ], [ 79.1997406, 30.4863025 ], [ 79.1996637, 30.4863846 ], [ 79.1995449, 30.486589 ], [ 79.1993732, 30.487100800000011 ], [ 79.1993934, 30.4873609 ], [ 79.1994977, 30.487444400000012 ], [ 79.19974160000001, 30.4876852 ], [ 79.1999175, 30.4877779 ], [ 79.2003125, 30.4878633 ], [ 79.2005186, 30.4879354 ], [ 79.2006821, 30.4880442 ], [ 79.2007506, 30.4882116 ], [ 79.2008363, 30.488356400000011 ], [ 79.2008471, 30.4886761 ], [ 79.20090260000002, 30.488919 ], [ 79.2008972, 30.4890089 ], [ 79.2008467, 30.489133 ], [ 79.2005578, 30.4893994 ], [ 79.2004824, 30.4895533 ], [ 79.2004314, 30.4897266 ], [ 79.2004184, 30.4898851 ], [ 79.2005322, 30.4903349 ], [ 79.2006617, 30.4906145 ], [ 79.200618, 30.4907914 ], [ 79.2004789, 30.4909305 ], [ 79.2004515, 30.491067199999989 ], [ 79.2005172, 30.4912186 ], [ 79.200618, 30.491298 ], [ 79.2007854, 30.4915994 ], [ 79.2005585, 30.4919662 ], [ 79.2002419, 30.4925079 ], [ 79.199532, 30.4931694 ], [ 79.1990532, 30.4938019 ], [ 79.19866, 30.4944339 ], [ 79.19866, 30.4949719 ] ] } },
{ "type": "Feature", "properties": { "osm_id": 819850408, "highway": "trunk", "name": null, "name_en": null, "ref": "NH107A", "surface": "unknown", "maxspeed": null, "oneway": "no", "access": "yes", "motor_vehicle": null, "bridge": "no", "tunnel": "no", "smoothness": null, "tracktype": null, "lanes": null, "layer": "0", "length_m": 163.75, "assumed_speed_kmh": 35.0, "travel_time_min": 0.2807, "is_vehicular": true, "is_arterial": true }, "geometry": { "type": "LineString", "coordinates": [ [ 79.20025320000002, 30.4849178 ], [ 79.2000063, 30.4849964 ], [ 79.1998365, 30.4851402 ], [ 79.1997381, 30.4853073 ], [ 79.1997382, 30.485472500000011 ], [ 79.1998844, 30.4858851 ], [ 79.1998925, 30.4860296 ], [ 79.1998439, 30.4861362 ] ] } },
{ "type": "Feature", "properties": { "osm_id": 820224956, "highway": "trunk", "name": null, "name_en": null, "ref": "NH107", "surface": "unknown", "maxspeed": "50", "oneway": "no", "access": "yes", "motor_vehicle": null, "bridge": "no", "tunnel": "no", "smoothness": null, "tracktype": null, "lanes": "2", "layer": "0", "length_m": 1662.68, "assumed_speed_kmh": 35.0, "travel_time_min": 2.8503, "is_vehicular": true, "is_arterial": true }, "geometry": { "type": "LineString", "coordinates": [ [ 78.9997354, 30.6351651 ], [ 78.999788, 30.6348696 ], [ 78.9997682, 30.6346518 ], [ 78.9995479, 30.6340266 ], [ 78.9994723, 30.6338965 ], [ 78.9994723, 30.6337833 ], [ 78.9995743, 30.6335824 ], [ 78.9996236, 30.6332515 ], [ 78.9993934, 30.6328922 ], [ 78.998943, 30.6321623 ], [ 78.9986536, 30.6315993 ], [ 78.9985221, 30.6311212 ], [ 78.9983808, 30.6307392 ], [ 78.9983135, 30.6306215 ], [ 78.9983125, 30.6302892 ], [ 78.998386, 30.6299175 ], [ 78.9983457, 30.6296036 ], [ 78.9983686, 30.6295181 ], [ 78.998394, 30.6294282 ], [ 78.9984571, 30.6293547 ], [ 78.9985603, 30.6292482 ], [ 78.9986622, 30.6292136 ], [ 78.9988607, 30.6291697 ], [ 78.9989734, 30.629125899999984 ], [ 78.9992416, 30.6289689 ], [ 78.9992653, 30.628874899999989 ], [ 78.999297900000016, 30.6282696 ], [ 78.9994213, 30.6281565 ], [ 78.9995822, 30.6281196 ], [ 78.9997137, 30.6281104 ], [ 79.000155, 30.6285928 ], [ 79.0005177, 30.6282567 ], [ 79.0006608, 30.6280351 ], [ 79.0006947, 30.6277501 ], [ 79.000527, 30.6275165 ], [ 79.0000294, 30.6270404 ], [ 78.9996342, 30.6269043 ], [ 78.999411, 30.6266403 ], [ 78.9989646, 30.6263442 ], [ 78.9981341, 30.6258283 ], [ 78.9979985, 30.6256991 ], [ 78.9979789, 30.6254879 ], [ 78.9980719, 30.6249718 ], [ 78.99803, 30.6246077 ], [ 78.9981277, 30.6243356 ], [ 78.9984857, 30.6238955 ], [ 78.9986392, 30.6237074 ] ] } },
{ "type": "Feature", "properties": { "osm_id": 825078061, "highway": "trunk", "name": null, "name_en": null, "ref": "NH7", "surface": "asphalt", "maxspeed": "50", "oneway": "no", "access": "yes", "motor_vehicle": null, "bridge": "yes", "tunnel": "no", "smoothness": null, "tracktype": null, "lanes": "2", "layer": "1", "length_m": 53.94, "assumed_speed_kmh": 35.0, "travel_time_min": 0.0925, "is_vehicular": true, "is_arterial": true }, "geometry": { "type": "LineString", "coordinates": [ [ 78.8618819, 30.2403121 ], [ 78.8613239, 30.2403569 ] ] } },
{ "type": "Feature", "properties": { "osm_id": 844827361, "highway": "trunk", "name": null, "name_en": null, "ref": "NH109K", "surface": "asphalt", "maxspeed": null, "oneway": "no", "access": "yes", "motor_vehicle": null, "bridge": "no", "tunnel": "no", "smoothness": null, "tracktype": null, "lanes": null, "layer": "0", "length_m": 436.71, "assumed_speed_kmh": 35.0, "travel_time_min": 0.7486, "is_vehicular": true, "is_arterial": true }, "geometry": { "type": "LineString", "coordinates": [ [ 79.3414756, 30.1706723 ], [ 79.3416561, 30.1705873 ], [ 79.3418875, 30.170603 ], [ 79.3427916, 30.1707027 ], [ 79.3438049, 30.1709649 ], [ 79.3438602, 30.1709768 ], [ 79.3439122, 30.170984600000011 ], [ 79.3439403, 30.1709881 ], [ 79.3439702, 30.1709895 ], [ 79.3439936, 30.1709898 ], [ 79.3440142, 30.1709875 ], [ 79.3440409, 30.170981399999985 ], [ 79.3440654, 30.1709736 ], [ 79.3441073, 30.170955 ], [ 79.3441515, 30.1709353 ], [ 79.3441884, 30.170915 ], [ 79.3442675, 30.1708646 ], [ 79.3443365, 30.1708129 ], [ 79.3446521, 30.1704782 ], [ 79.3447756, 30.1703577 ], [ 79.3449175, 30.1702581 ], [ 79.3451923, 30.1701707 ], [ 79.3454853, 30.1701383 ], [ 79.3455635, 30.1701452 ] ] } },
{ "type": "Feature", "properties": { "osm_id": 844827362, "highway": "primary", "name": null, "name_en": null, "ref": "NH109K", "surface": "asphalt", "maxspeed": null, "oneway": "no", "access": "yes", "motor_vehicle": null, "bridge": "yes", "tunnel": "no", "smoothness": null, "tracktype": null, "lanes": null, "layer": "1", "length_m": 7.79, "assumed_speed_kmh": 30.0, "travel_time_min": 0.0156, "is_vehicular": true, "is_arterial": true }, "geometry": { "type": "LineString", "coordinates": [ [ 79.3414301, 30.1707304 ], [ 79.3414756, 30.1706723 ] ] } },
{ "type": "Feature", "properties": { "osm_id": 844827364, "highway": "trunk", "name": null, "name_en": null, "ref": "NH109K", "surface": "asphalt", "maxspeed": null, "oneway": "no", "access": "yes", "motor_vehicle": null, "bridge": "yes", "tunnel": "no", "smoothness": null, "tracktype": null, "lanes": null, "layer": "1", "length_m": 9.08, "assumed_speed_kmh": 35.0, "travel_time_min": 0.0156, "is_vehicular": true, "is_arterial": true }, "geometry": { "type": "LineString", "coordinates": [ [ 79.3455635, 30.1701452 ], [ 79.3456573, 30.1701536 ] ] } },
{ "type": "Feature", "properties": { "osm_id": 844831747, "highway": "trunk", "name": null, "name_en": null, "ref": "NH109K", "surface": "asphalt", "maxspeed": null, "oneway": "no", "access": "yes", "motor_vehicle": null, "bridge": "no", "tunnel": "no", "smoothness": null, "tracktype": null, "lanes": null, "layer": "0", "length_m": 2752.86, "assumed_speed_kmh": 35.0, "travel_time_min": 4.7192, "is_vehicular": true, "is_arterial": true }, "geometry": { "type": "LineString", "coordinates": [ [ 79.2781012, 30.2009845 ], [ 79.2781485, 30.200958 ], [ 79.2782868, 30.2009083 ], [ 79.2783579, 30.200865 ], [ 79.2784512, 30.2007818 ], [ 79.2785626, 30.2006079 ], [ 79.2785915, 30.2003204 ], [ 79.278733, 30.2001203 ], [ 79.278895, 30.2000345 ], [ 79.2791509, 30.1999716 ], [ 79.280308, 30.1994605 ], [ 79.2806937, 30.1993262 ], [ 79.2813297, 30.1992353 ], [ 79.2815591, 30.1992555 ], [ 79.2820166, 30.1993321 ], [ 79.2826219, 30.1994056 ], [ 79.2827919, 30.1995606 ], [ 79.2836598, 30.200052799999987 ], [ 79.28563, 30.2014964 ], [ 79.285731, 30.2015687 ], [ 79.2866708, 30.2024727 ], [ 79.2867299, 30.2024841 ], [ 79.2869963, 30.2025355 ], [ 79.2871752, 30.202528 ], [ 79.2874383, 30.202321 ], [ 79.2877765, 30.2017645 ], [ 79.2878869, 30.2011251 ], [ 79.2880479, 30.2007785 ], [ 79.288164, 30.2006309 ], [ 79.2888074, 30.2001945 ], [ 79.288927, 30.2000635 ], [ 79.2892571, 30.199911 ], [ 79.2902495, 30.1994987 ], [ 79.2910607, 30.1994143 ], [ 79.2913852, 30.1993688 ], [ 79.2920112, 30.1992584 ], [ 79.2924436, 30.199335 ], [ 79.292646500000018, 30.1993266 ], [ 79.2930484, 30.1993982 ], [ 79.2932435, 30.1994013 ], [ 79.2935851, 30.1995308 ], [ 79.2939687, 30.199605 ], [ 79.2944897, 30.1994935 ], [ 79.2946431, 30.1993705 ], [ 79.2955308, 30.1988373 ], [ 79.2956231, 30.1986331 ], [ 79.2959072, 30.1980721 ], [ 79.296110900000016, 30.1972703 ], [ 79.2963698, 30.1967258 ], [ 79.2967116, 30.1958903 ], [ 79.2971052, 30.1955416 ], [ 79.2972297, 30.1953537 ], [ 79.2974306, 30.1950768 ], [ 79.29745, 30.1948317 ], [ 79.2973416, 30.1943724 ], [ 79.2974265, 30.1939522 ], [ 79.2974814, 30.1937516 ], [ 79.2975605, 30.1936196 ], [ 79.297689, 30.1935623 ], [ 79.2977672, 30.1935508 ] ] } },
{ "type": "Feature", "properties": { "osm_id": 844831748, "highway": "trunk", "name": null, "name_en": null, "ref": "NH109K", "surface": "asphalt", "maxspeed": null, "oneway": "no", "access": "yes", "motor_vehicle": null, "bridge": "yes", "tunnel": "no", "smoothness": null, "tracktype": null, "lanes": null, "layer": "1", "length_m": 55.09, "assumed_speed_kmh": 35.0, "travel_time_min": 0.0944, "is_vehicular": true, "is_arterial": true }, "geometry": { "type": "LineString", "coordinates": [ [ 79.27765, 30.2012901 ], [ 79.2781012, 30.2009845 ] ] } },
{ "type": "Feature", "properties": { "osm_id": 857376896, "highway": "trunk", "name": null, "name_en": null, "ref": "NH109K", "surface": "asphalt", "maxspeed": null, "oneway": "no", "access": "yes", "motor_vehicle": null, "bridge": "no", "tunnel": "no", "smoothness": null, "tracktype": null, "lanes": null, "layer": "0", "length_m": 6046.62, "assumed_speed_kmh": 35.0, "travel_time_min": 10.3656, "is_vehicular": true, "is_arterial": true }, "geometry": { "type": "LineString", "coordinates": [ [ 79.2978612, 30.1935369 ], [ 79.2979752, 30.19352 ], [ 79.2980892, 30.1935271 ], [ 79.2981713, 30.1936019 ], [ 79.2982161, 30.1936529 ], [ 79.2982577, 30.1938424 ], [ 79.2983771, 30.1940409 ], [ 79.2985352, 30.1941755 ], [ 79.2986944, 30.1942081 ], [ 79.2995603, 30.1940867 ], [ 79.299776, 30.1940519 ], [ 79.2999717, 30.1940561 ], [ 79.3001327, 30.1940342 ], [ 79.3003455, 30.1939688 ], [ 79.3005556, 30.1938787 ], [ 79.3007504, 30.1937634 ], [ 79.3010161, 30.1936058 ], [ 79.3011797, 30.1934902 ], [ 79.301327, 30.1933399 ], [ 79.3014168, 30.1932633 ], [ 79.3015317, 30.193235 ], [ 79.30168, 30.193254 ], [ 79.3020918, 30.1933091 ], [ 79.3023523, 30.1933319 ], [ 79.3025824, 30.193305 ], [ 79.302791, 30.1932481 ], [ 79.3028838, 30.1931569 ], [ 79.3029703, 30.1931187 ], [ 79.303042, 30.193126 ], [ 79.303099, 30.1931719 ], [ 79.303135, 30.1932733 ], [ 79.3031854, 30.1934432 ], [ 79.3033479, 30.19364 ], [ 79.3034267, 30.1937678 ], [ 79.3037218, 30.194352599999988 ], [ 79.3038224, 30.1945698 ], [ 79.303988, 30.1948052 ], [ 79.304123, 30.1949927 ], [ 79.3044657, 30.1954685 ], [ 79.3045924, 30.1955839 ], [ 79.3047357, 30.1956672 ], [ 79.3049529, 30.1957091 ], [ 79.3052208, 30.1957 ], [ 79.305493400000017, 30.1956444 ], [ 79.3057227, 30.1955235 ], [ 79.3059969, 30.1954229 ], [ 79.3063488, 30.1953572 ], [ 79.3067245, 30.195419200000011 ], [ 79.3069976, 30.1954744 ], [ 79.3072832, 30.1954269 ], [ 79.307691, 30.195333 ], [ 79.3079289, 30.1951932 ], [ 79.3081103, 30.1949981 ], [ 79.3083556, 30.1948061 ], [ 79.3084878, 30.194681 ], [ 79.3089497, 30.1941596 ], [ 79.3091928, 30.1938915 ], [ 79.309286500000013, 30.1937437 ], [ 79.309321, 30.193689100000011 ], [ 79.3094493, 30.1936272 ], [ 79.3095298, 30.193555 ], [ 79.3096312, 30.1934171 ], [ 79.3097303, 30.1933289 ], [ 79.3099512, 30.193245799999989 ], [ 79.3103337, 30.192915 ], [ 79.3109032, 30.1926257 ], [ 79.3131978, 30.1913827 ], [ 79.313745, 30.1914087 ], [ 79.3150336, 30.1912173 ], [ 79.3153998, 30.1915951 ], [ 79.315382, 30.1917701 ], [ 79.3154756, 30.1918416 ], [ 79.3157129, 30.192059 ], [ 79.3160258, 30.1919422 ], [ 79.316789, 30.1919877 ], [ 79.3171795, 30.191698 ], [ 79.3174071, 30.1914834 ], [ 79.3178157, 30.191098099999987 ], [ 79.3180893, 30.1907294 ], [ 79.318873, 30.1901177 ], [ 79.3192166, 30.1899183 ], [ 79.3197825, 30.1891019 ], [ 79.3199071, 30.1889002 ], [ 79.3203384, 30.1884657 ], [ 79.3205325, 30.1878545 ], [ 79.3205481, 30.1878098 ], [ 79.3207352, 30.1876036 ], [ 79.3208205, 30.1874919 ], [ 79.3209151, 30.1873787 ], [ 79.3210185, 30.1872995 ], [ 79.321186, 30.1872711 ], [ 79.3217496, 30.1874425 ], [ 79.3222274, 30.1874827 ], [ 79.3225569, 30.1874732 ], [ 79.3234942, 30.1877668 ], [ 79.323967, 30.1876198 ], [ 79.3244092, 30.1870393 ], [ 79.3247965, 30.1865515 ], [ 79.3253343, 30.1859315 ], [ 79.3263802, 30.1848914 ], [ 79.3269991, 30.1839594 ], [ 79.3272617, 30.1837514 ], [ 79.3274504, 30.183549400000011 ], [ 79.3277889, 30.183187 ], [ 79.328676, 30.1811357 ], [ 79.3288234, 30.1801748 ], [ 79.329023, 30.179859799999985 ], [ 79.3292976, 30.1794688 ], [ 79.3294689, 30.179273 ], [ 79.3298783, 30.1787394 ], [ 79.3302172, 30.1783157 ], [ 79.3306504, 30.1780283 ], [ 79.3322087, 30.1766884 ], [ 79.332435, 30.1764934 ], [ 79.3335821, 30.1753516 ], [ 79.333758700000018, 30.1739983 ], [ 79.3338579, 30.173702 ], [ 79.3340506, 30.1734308 ], [ 79.334505, 30.1728936 ], [ 79.3346747, 30.1727751 ], [ 79.3347507, 30.1727345 ], [ 79.3348224, 30.1726535 ], [ 79.3349565, 30.1724735 ], [ 79.3350705, 30.1723923 ], [ 79.3353076, 30.1722802 ], [ 79.3355469, 30.1721719 ], [ 79.335736200000014, 30.1721326 ], [ 79.3360836, 30.1721101 ], [ 79.3363321, 30.1721384 ], [ 79.337304, 30.172245099999987 ], [ 79.3379536, 30.1723218 ], [ 79.3387471, 30.1723537 ], [ 79.339544, 30.172314 ], [ 79.3398422, 30.1723029 ], [ 79.3400937, 30.1723043 ], [ 79.3402472, 30.1722963 ], [ 79.3404324, 30.1722369 ], [ 79.340521, 30.172128 ], [ 79.3406026, 30.1719185 ], [ 79.3413101, 30.1709737 ], [ 79.3413633, 30.1708159 ], [ 79.3414301, 30.1707304 ] ] } },
{ "type": "Feature", "properties": { "osm_id": 857376897, "highway": "trunk", "name": null, "name_en": null, "ref": "NH109K", "surface": "asphalt", "maxspeed": null, "oneway": "no", "access": "yes", "motor_vehicle": null, "bridge": "yes", "tunnel": "no", "smoothness": null, "tracktype": null, "lanes": null, "layer": "1", "length_m": 9.18, "assumed_speed_kmh": 35.0, "travel_time_min": 0.0157, "is_vehicular": true, "is_arterial": true }, "geometry": { "type": "LineString", "coordinates": [ [ 79.2977672, 30.1935508 ], [ 79.2978612, 30.1935369 ] ] } },
{ "type": "Feature", "properties": { "osm_id": 880789758, "highway": "trunk", "name": null, "name_en": null, "ref": "NH109K", "surface": "asphalt", "maxspeed": null, "oneway": "no", "access": "yes", "motor_vehicle": null, "bridge": "no", "tunnel": "no", "smoothness": null, "tracktype": null, "lanes": null, "layer": "0", "length_m": 6016.36, "assumed_speed_kmh": 35.0, "travel_time_min": 10.3138, "is_vehicular": true, "is_arterial": true }, "geometry": { "type": "LineString", "coordinates": [ [ 79.3456573, 30.1701536 ], [ 79.3457729, 30.1701638 ], [ 79.3460779, 30.1702268 ], [ 79.3463629, 30.1702902 ], [ 79.3464637, 30.1703485 ], [ 79.3465513, 30.1704671 ], [ 79.3467004, 30.1707092 ], [ 79.3469181, 30.1710627 ], [ 79.3470081, 30.1712023 ], [ 79.3474295, 30.1718521 ], [ 79.3475276, 30.1719072 ], [ 79.3478129, 30.1719997 ], [ 79.3481516, 30.1721284 ], [ 79.3489587, 30.1724328 ], [ 79.349706700000013, 30.1726967 ], [ 79.3503677, 30.1728792 ], [ 79.350527, 30.1729232 ], [ 79.3507518, 30.1730529 ], [ 79.3509174, 30.1732122 ], [ 79.3512518, 30.1733564 ], [ 79.351539, 30.17343 ], [ 79.3517392, 30.1734245 ], [ 79.3518316, 30.1734024 ], [ 79.3519021, 30.1733528 ], [ 79.3519451, 30.1732246 ], [ 79.3520324, 30.1731191 ], [ 79.3523026, 30.172984 ], [ 79.3525728, 30.1729425 ], [ 79.3528813, 30.1728567 ], [ 79.3531154, 30.1727247 ], [ 79.3532572, 30.1726175 ], [ 79.3533601, 30.1724995 ], [ 79.3533879, 30.1723392 ], [ 79.3533867, 30.1721408 ], [ 79.3532858, 30.1716281 ], [ 79.3533033, 30.1714617 ], [ 79.3533069, 30.1712992 ], [ 79.3532289, 30.1711183 ], [ 79.3531934, 30.170916 ], [ 79.3532069, 30.1706617 ], [ 79.3531615, 30.1705205 ], [ 79.3530249, 30.1702783 ], [ 79.3528445, 30.1700518 ], [ 79.3527005, 30.1697571 ], [ 79.3525231, 30.1695578 ], [ 79.3523331, 30.1692201 ], [ 79.3521998, 30.1690509 ], [ 79.3521445, 30.1689207 ], [ 79.3521132, 30.1687158 ], [ 79.3520406, 30.1685702 ], [ 79.3519425, 30.1683494 ], [ 79.3519264, 30.1681923 ], [ 79.3519402, 30.1680275 ], [ 79.3519767, 30.167852 ], [ 79.3519672, 30.1676834 ], [ 79.3520015, 30.1675102 ], [ 79.3521833, 30.167136 ], [ 79.3526027, 30.1666192 ], [ 79.3527225, 30.1664754 ], [ 79.3528638, 30.1664216 ], [ 79.3529449, 30.1663792 ], [ 79.3530243, 30.166272 ], [ 79.3531259, 30.1661734 ], [ 79.3532475, 30.1660682 ], [ 79.3533113, 30.1659723 ], [ 79.3533955, 30.165794 ], [ 79.3534306, 30.1657073 ], [ 79.3534895, 30.1656466 ], [ 79.3535484, 30.1656227 ], [ 79.3536324, 30.165636800000012 ], [ 79.3536953, 30.1657144 ], [ 79.3537648, 30.1657718 ], [ 79.3538857, 30.165801599999988 ], [ 79.3540635, 30.1657857 ], [ 79.354309, 30.1657715 ], [ 79.3544649, 30.1657842 ], [ 79.3546229, 30.165814599999987 ], [ 79.3547204, 30.1657985 ], [ 79.35483480000002, 30.165755 ], [ 79.3550868, 30.1656151 ], [ 79.3552862, 30.1655479 ], [ 79.3554278, 30.1655445 ], [ 79.3561357, 30.165755 ], [ 79.3567788, 30.165834 ], [ 79.3569988, 30.1658694 ], [ 79.3571938, 30.165907 ], [ 79.3573152, 30.1658944 ], [ 79.357381, 30.165859 ], [ 79.3574293, 30.1658086 ], [ 79.3575296, 30.1656202 ], [ 79.3576337, 30.165515 ], [ 79.3577453, 30.1654966 ], [ 79.3578155, 30.165517199999986 ], [ 79.3578845, 30.1655833 ], [ 79.3580433, 30.1658762 ], [ 79.3581102, 30.1659343 ], [ 79.3582549, 30.1659718 ], [ 79.358481, 30.1659696 ], [ 79.3587045, 30.1659485 ], [ 79.359063, 30.1658522 ], [ 79.3594285, 30.1656899 ], [ 79.359602800000019, 30.1655656 ], [ 79.3597811, 30.1654288 ], [ 79.3598673, 30.1653156 ], [ 79.3600473, 30.164985 ], [ 79.3601075, 30.1647421 ], [ 79.3601509, 30.1646346 ], [ 79.3605049, 30.1642077 ], [ 79.3609745, 30.1638003 ], [ 79.3613675, 30.163283 ], [ 79.3614724, 30.1631751 ], [ 79.3615644, 30.1630402 ], [ 79.3615847, 30.1629446 ], [ 79.3615719, 30.1628819 ], [ 79.3615017, 30.1627735 ], [ 79.3614917, 30.1626879 ], [ 79.3615205, 30.1626229 ], [ 79.3615819, 30.162542 ], [ 79.3617744, 30.1623826 ], [ 79.3619655, 30.1622863 ], [ 79.3620534, 30.1622348 ], [ 79.3621064, 30.1621604 ], [ 79.362204, 30.16199 ], [ 79.36225180000001, 30.1619273 ], [ 79.362462, 30.1617908 ], [ 79.3626029, 30.1617403 ], [ 79.3627802, 30.161705 ], [ 79.3630568, 30.1616535 ], [ 79.3631668, 30.1616038 ], [ 79.3632955, 30.1614737 ], [ 79.3641773, 30.1608826 ], [ 79.3648176, 30.1605629 ], [ 79.3653814, 30.1602311 ], [ 79.365518, 30.1601197 ], [ 79.3656352, 30.1599616 ], [ 79.3657114, 30.1598297 ], [ 79.3657287, 30.1597603 ], [ 79.365722, 30.1595599 ], [ 79.3656987, 30.1594476 ], [ 79.3656316, 30.1593453 ], [ 79.3655217, 30.1592717 ], [ 79.3654685, 30.1592021 ], [ 79.3654374, 30.1590808 ], [ 79.3653993, 30.1589835 ], [ 79.3653107, 30.1588853 ], [ 79.3650272, 30.1586036 ], [ 79.3649064, 30.1584239 ], [ 79.3648881, 30.1583447 ], [ 79.3648709, 30.1581586 ], [ 79.3647962, 30.1580702 ], [ 79.3643865, 30.1578687 ], [ 79.3642929, 30.157810600000012 ], [ 79.3642574, 30.1577431 ], [ 79.3642787, 30.1576558 ], [ 79.3643354, 30.1575392 ], [ 79.364349500000017, 30.1573875 ], [ 79.3643603, 30.1572955 ], [ 79.3644322, 30.1571128 ], [ 79.3644667, 30.1569658 ], [ 79.3644849, 30.1568376 ], [ 79.3644755, 30.1567343 ], [ 79.3644483, 30.1566315 ], [ 79.3642893, 30.1564277 ], [ 79.364261, 30.1563648 ], [ 79.364262700000012, 30.1562851 ], [ 79.3643071, 30.1561609 ], [ 79.3642769, 30.156072 ], [ 79.3642947, 30.1560153 ], [ 79.3643603, 30.1559647 ], [ 79.3644613, 30.155952400000011 ], [ 79.3645577, 30.1558954 ], [ 79.3647238, 30.1557654 ], [ 79.3648745, 30.1555155 ], [ 79.3651502, 30.1550773 ], [ 79.3652415, 30.1550034 ], [ 79.3653531, 30.1548556 ], [ 79.3655246, 30.1545359 ], [ 79.3656186, 30.1544166 ], [ 79.3658705, 30.1542279 ], [ 79.3659555, 30.154182 ], [ 79.3661026, 30.1541514 ], [ 79.3661985, 30.1541193 ], [ 79.3664457, 30.1538444 ], [ 79.3670864, 30.1537273 ], [ 79.3672604, 30.1536367 ], [ 79.3676541, 30.1536357 ], [ 79.3678654, 30.1536271 ], [ 79.3682303, 30.1533581 ], [ 79.3688451, 30.1522737 ], [ 79.3690351, 30.1518128 ], [ 79.3691439, 30.1516869 ], [ 79.3696292, 30.151510099999989 ], [ 79.3696619, 30.1514898 ], [ 79.3696828, 30.1514556 ], [ 79.36966120000001, 30.151176 ], [ 79.3696493, 30.1510764 ], [ 79.3696398, 30.1509788 ], [ 79.3696627, 30.1509454 ], [ 79.369719, 30.150922199999989 ], [ 79.3697847, 30.1509291 ], [ 79.3698223, 30.1509558 ], [ 79.3698667, 30.151004 ], [ 79.3701833, 30.1513133 ], [ 79.3703009, 30.1513538 ], [ 79.3706284, 30.1513594 ], [ 79.3709323, 30.151388 ], [ 79.3711401, 30.1513793 ], [ 79.3715754, 30.1514403 ], [ 79.3721027, 30.1513603 ], [ 79.3727021, 30.1513923 ], [ 79.3729473, 30.1514143 ], [ 79.373327, 30.1513863 ], [ 79.3735362, 30.1513847 ], [ 79.3753815, 30.1507423 ], [ 79.3755968, 30.1506711 ], [ 79.375832, 30.1505079 ], [ 79.3760894, 30.1502029 ], [ 79.3762107, 30.1500458 ], [ 79.3762258, 30.1496853 ], [ 79.3759811, 30.1492983 ], [ 79.3758465, 30.149182 ], [ 79.3752447, 30.1483715 ], [ 79.3748302, 30.1476353 ], [ 79.3745969, 30.1474832 ], [ 79.3745693, 30.1474708 ], [ 79.3745616, 30.1474584 ], [ 79.374442, 30.1468503 ], [ 79.3747207, 30.1462706 ], [ 79.3744253, 30.1454216 ], [ 79.3740488, 30.1449766 ] ] } },
{ "type": "Feature", "properties": { "osm_id": 880789759, "highway": "trunk", "name": null, "name_en": null, "ref": "NH109K", "surface": "asphalt", "maxspeed": null, "oneway": "no", "access": "yes", "motor_vehicle": null, "bridge": "yes", "tunnel": "no", "smoothness": null, "tracktype": null, "lanes": null, "layer": "1", "length_m": 8.47, "assumed_speed_kmh": 35.0, "travel_time_min": 0.0145, "is_vehicular": true, "is_arterial": true }, "geometry": { "type": "LineString", "coordinates": [ [ 79.3754867, 30.1417996 ], [ 79.3755537, 30.1417501 ] ] } },
{ "type": "Feature", "properties": { "osm_id": 880789760, "highway": "trunk", "name": null, "name_en": null, "ref": "NH109K", "surface": "asphalt", "maxspeed": null, "oneway": "no", "access": "yes", "motor_vehicle": null, "bridge": "no", "tunnel": "no", "smoothness": null, "tracktype": null, "lanes": null, "layer": "0", "length_m": 2249.63, "assumed_speed_kmh": 35.0, "travel_time_min": 3.8565, "is_vehicular": true, "is_arterial": true }, "geometry": { "type": "LineString", "coordinates": [ [ 79.3755537, 30.1417501 ], [ 79.3757504, 30.1416046 ], [ 79.3759177, 30.1415887 ], [ 79.3762078, 30.1415581 ], [ 79.3763245, 30.1414644 ], [ 79.3763956, 30.1412976 ], [ 79.3764971, 30.1411606 ], [ 79.376607300000018, 30.1410761 ], [ 79.3766657, 30.1410253 ], [ 79.3767165, 30.1408778 ], [ 79.3767856, 30.1407776 ], [ 79.3773441, 30.1400873 ], [ 79.3775263, 30.1398177 ], [ 79.377728, 30.1394866 ], [ 79.377805200000012, 30.1392319 ], [ 79.3779373, 30.1386227 ], [ 79.3780045, 30.1384121 ], [ 79.3782683, 30.1379461 ], [ 79.3784166, 30.1376141 ], [ 79.3785575, 30.1372143 ], [ 79.3786438, 30.1370906 ], [ 79.3787142, 30.137002 ], [ 79.378774, 30.1368939 ], [ 79.3789615, 30.1364125 ], [ 79.3790671, 30.136291 ], [ 79.3791563, 30.1361676 ], [ 79.379292, 30.1359629 ], [ 79.3793507, 30.1358557 ], [ 79.3793732, 30.1356977 ], [ 79.3794147, 30.1355353 ], [ 79.3795381, 30.1352552 ], [ 79.3797508, 30.1348846 ], [ 79.3800833, 30.1344936 ], [ 79.3801153, 30.1344362 ], [ 79.3801295, 30.1341709 ], [ 79.3801864, 30.1341059 ], [ 79.3803994, 30.133949199999989 ], [ 79.3805845, 30.133831900000011 ], [ 79.380759, 30.133749 ], [ 79.3812843, 30.1334995 ], [ 79.3815918, 30.1333268 ], [ 79.3817574, 30.1332008 ], [ 79.3818504, 30.1330734 ], [ 79.3819437, 30.1329914 ], [ 79.3820931, 30.1329293 ], [ 79.3824234, 30.1328883 ], [ 79.3827343, 30.1328686 ], [ 79.3834346, 30.1329951 ], [ 79.3838905, 30.1330169 ], [ 79.3843077, 30.1330013 ], [ 79.3845165, 30.1329614 ], [ 79.3847472, 30.1328647 ], [ 79.385307, 30.1325073 ], [ 79.3854266, 30.132447299999988 ], [ 79.385665, 30.1323753 ], [ 79.3857655, 30.1323293 ], [ 79.3858577, 30.1322149 ], [ 79.3860133, 30.132056 ], [ 79.3862639, 30.1318834 ], [ 79.3865477, 30.1317059 ], [ 79.3866904, 30.1315853 ], [ 79.386810400000016, 30.131471 ], [ 79.387071, 30.1311443 ], [ 79.3872174, 30.130976 ], [ 79.3873655, 30.130876 ], [ 79.3878007, 30.1306785 ], [ 79.3879438, 30.1305885 ], [ 79.3882519, 30.1303545 ], [ 79.3885473, 30.1300883 ], [ 79.3887658, 30.1299543 ], [ 79.3890203, 30.1297803 ], [ 79.3894178, 30.1292697 ], [ 79.3895531, 30.1289426 ], [ 79.3896239, 30.1288303 ], [ 79.3897434, 30.1287129 ], [ 79.3898216, 30.1286134 ], [ 79.389857, 30.1285138 ], [ 79.3898762, 30.1284105 ], [ 79.3898786, 30.1282861 ], [ 79.3898526, 30.1281654 ], [ 79.389723, 30.1280285 ], [ 79.3897113, 30.1280057 ] ] } },
{ "type": "Feature", "properties": { "osm_id": 880789761, "highway": "trunk", "name": null, "name_en": null, "ref": "SH 11", "surface": "asphalt", "maxspeed": null, "oneway": "no", "access": "yes", "motor_vehicle": null, "bridge": "yes", "tunnel": "no", "smoothness": null, "tracktype": null, "lanes": null, "layer": "1", "length_m": 8.59, "assumed_speed_kmh": 35.0, "travel_time_min": 0.0147, "is_vehicular": true, "is_arterial": true }, "geometry": { "type": "LineString", "coordinates": [ [ 79.3897113, 30.1280057 ], [ 79.3896979, 30.1279291 ] ] } },
{ "type": "Feature", "properties": { "osm_id": 889523344, "highway": "trunk", "name": null, "name_en": null, "ref": "NH109", "surface": "unknown", "maxspeed": "50", "oneway": "no", "access": "yes", "motor_vehicle": null, "bridge": "no", "tunnel": "no", "smoothness": null, "tracktype": null, "lanes": "2", "layer": "0", "length_m": 1175.99, "assumed_speed_kmh": 35.0, "travel_time_min": 2.016, "is_vehicular": true, "is_arterial": true }, "geometry": { "type": "LineString", "coordinates": [ [ 79.2563393, 30.2314833 ], [ 79.2562618, 30.2319173 ], [ 79.2560575, 30.2326749 ], [ 79.2556736, 30.234525 ], [ 79.2555699, 30.234808 ], [ 79.2554242, 30.2350699 ], [ 79.25421, 30.23669 ], [ 79.2527078, 30.2381122 ], [ 79.2511414, 30.2391958 ], [ 79.2509792, 30.2393779 ], [ 79.2508307, 30.2397612 ], [ 79.2507107, 30.2398912 ], [ 79.25055620000002, 30.2399643 ], [ 79.2504357, 30.2399671 ], [ 79.2502389, 30.2398879 ], [ 79.2501707, 30.2399112 ], [ 79.2501632, 30.2399206 ] ] } },
{ "type": "Feature", "properties": { "osm_id": 889523345, "highway": "trunk", "name": null, "name_en": null, "ref": "NH109", "surface": "unknown", "maxspeed": "50", "oneway": "no", "access": "yes", "motor_vehicle": null, "bridge": "yes", "tunnel": "no", "smoothness": null, "tracktype": null, "lanes": "2", "layer": "1", "length_m": 17.17, "assumed_speed_kmh": 35.0, "travel_time_min": 0.0294, "is_vehicular": true, "is_arterial": true }, "geometry": { "type": "LineString", "coordinates": [ [ 79.2501632, 30.2399206 ], [ 79.250025, 30.2400185 ] ] } },
{ "type": "Feature", "properties": { "osm_id": 892526169, "highway": "trunk", "name": null, "name_en": null, "ref": "NH107A", "surface": "unknown", "maxspeed": null, "oneway": "no", "access": "yes", "motor_vehicle": null, "bridge": "no", "tunnel": "no", "smoothness": null, "tracktype": null, "lanes": null, "layer": "0", "length_m": 635.23, "assumed_speed_kmh": 35.0, "travel_time_min": 1.089, "is_vehicular": true, "is_arterial": true }, "geometry": { "type": "LineString", "coordinates": [ [ 79.19866, 30.4949719 ], [ 79.1981214, 30.494935 ], [ 79.1982002, 30.4944978 ], [ 79.1981882, 30.4943833 ], [ 79.198364, 30.4941749 ], [ 79.198393800000019, 30.4940392 ], [ 79.1985267, 30.4939189 ], [ 79.1985842, 30.4937375 ], [ 79.1985745, 30.4935111 ], [ 79.1990575, 30.49268 ], [ 79.199146, 30.4922059 ], [ 79.1990569, 30.4917945 ], [ 79.1987964, 30.4914712 ], [ 79.1990015, 30.490929 ], [ 79.1989097, 30.4907329 ], [ 79.1980848, 30.4906293 ] ] } },
{ "type": "Feature", "properties": { "osm_id": 892528295, "highway": "primary", "name": null, "name_en": null, "ref": "SH 34", "surface": "unknown", "maxspeed": null, "oneway": "no", "access": "yes", "motor_vehicle": null, "bridge": "no", "tunnel": "no", "smoothness": null, "tracktype": null, "lanes": null, "layer": "0", "length_m": 16228.81, "assumed_speed_kmh": 30.0, "travel_time_min": 32.4576, "is_vehicular": true, "is_arterial": true }, "geometry": { "type": "LineString", "coordinates": [ [ 79.1103108, 30.3677468 ], [ 79.110317, 30.3678371 ], [ 79.1103293, 30.3679044 ], [ 79.1103649, 30.367953899999986 ], [ 79.1104707, 30.368071 ], [ 79.110597, 30.3681541 ], [ 79.1107434, 30.3682787 ], [ 79.1108616, 30.3683522 ], [ 79.1109332, 30.3684138 ], [ 79.1110694, 30.3684888 ], [ 79.111137, 30.3685462 ], [ 79.1111686, 30.3686372 ], [ 79.1111613, 30.3687073 ], [ 79.111099, 30.3688548 ], [ 79.1110743, 30.3688824 ], [ 79.1110411, 30.3689001 ], [ 79.1109868, 30.3689017 ], [ 79.1109439, 30.3688949 ], [ 79.1107856, 30.3688011 ], [ 79.110705400000015, 30.3687091 ], [ 79.1106326, 30.3686782 ], [ 79.110564, 30.3686891 ], [ 79.110527, 30.3687337 ], [ 79.1104889, 30.3688502 ], [ 79.1104468, 30.3689987 ], [ 79.1104257, 30.3691617 ], [ 79.1103919, 30.3692345 ], [ 79.1103255, 30.3692855 ], [ 79.1101978, 30.3693246 ], [ 79.1100703, 30.3693298 ], [ 79.1099783, 30.369311 ], [ 79.1098886, 30.3692381 ], [ 79.1098263, 30.3692081 ], [ 79.109753400000017, 30.3692159 ], [ 79.1096923, 30.3692481 ], [ 79.1096311, 30.3693107 ], [ 79.1096153, 30.3693711 ], [ 79.1096175, 30.3694296 ], [ 79.1096041, 30.3695342 ], [ 79.1095402, 30.3696084 ], [ 79.1092248, 30.369825699999986 ], [ 79.1091088, 30.3698794 ], [ 79.1090113, 30.3698812 ], [ 79.1088144, 30.3697917 ], [ 79.1087087, 30.3697703 ], [ 79.108601, 30.3698204 ], [ 79.1085471, 30.369908 ], [ 79.1085346, 30.3699902 ], [ 79.1085605, 30.3700662 ], [ 79.1086155, 30.3701154 ], [ 79.1086341, 30.3701816 ], [ 79.1086217, 30.3702567 ], [ 79.1086369, 30.3703219 ], [ 79.1086709, 30.3703695 ], [ 79.1087523, 30.3704194 ], [ 79.1088518, 30.3704284 ], [ 79.1089595, 30.3704077 ], [ 79.1090528, 30.3703819 ], [ 79.1091378, 30.3703801 ], [ 79.1092725, 30.37040510000001 ], [ 79.1095988, 30.3704153 ], [ 79.1098489, 30.3704179 ], [ 79.1101293, 30.3704961 ], [ 79.1103282, 30.3705495 ], [ 79.1105656, 30.3706506 ], [ 79.1106836, 30.3706813 ], [ 79.1109314, 30.3707179 ], [ 79.110991500000011, 30.3707554 ], [ 79.1110268, 30.3708037 ], [ 79.1110413, 30.3708592 ], [ 79.1109812, 30.3710094 ], [ 79.1109275, 30.3711015 ], [ 79.1108319, 30.3711775 ], [ 79.1106122, 30.3712901 ], [ 79.1105252, 30.3713545 ], [ 79.1103573, 30.3715262 ], [ 79.1097873, 30.3719053 ], [ 79.109723, 30.3719706 ], [ 79.1097189, 30.3721127 ], [ 79.1097728, 30.3723166 ], [ 79.1097313, 30.37264020000001 ], [ 79.1096166, 30.3727699 ], [ 79.1094495, 30.3729871 ], [ 79.1092049, 30.3731373 ], [ 79.1090909, 30.3733251 ], [ 79.1089853, 30.3734529 ], [ 79.108947, 30.3735254 ], [ 79.1089325, 30.3735987 ], [ 79.1089408, 30.3737239 ], [ 79.1089076, 30.3738347 ], [ 79.1088475, 30.3738902 ], [ 79.1087335, 30.3739402 ], [ 79.1086631, 30.3739796 ], [ 79.1086258, 30.374063599999985 ], [ 79.1086361, 30.3741995 ], [ 79.1086631, 30.3743247 ], [ 79.1086403, 30.374424799999989 ], [ 79.1085947, 30.3744803 ], [ 79.1085148, 30.3745365 ], [ 79.1084749, 30.3746721 ], [ 79.1085027, 30.3748377 ], [ 79.1085569, 30.3750236 ], [ 79.1085851, 30.3752169 ], [ 79.1086903, 30.3753435 ], [ 79.1089497, 30.3754547 ], [ 79.1091153, 30.3754851 ], [ 79.109448, 30.3754813 ], [ 79.1098507, 30.3755864 ], [ 79.1101595, 30.3757116 ], [ 79.1103118, 30.3757685 ], [ 79.1104207, 30.3758207 ], [ 79.1104808, 30.3758958 ], [ 79.1104953, 30.3759941 ], [ 79.1104808, 30.37608 ], [ 79.1104057, 30.3762531 ], [ 79.1103523, 30.3763536 ], [ 79.1102487, 30.3764823 ], [ 79.1101471, 30.3765556 ], [ 79.1099813, 30.3766218 ], [ 79.1099315, 30.3766754 ], [ 79.1098754, 30.3768307 ], [ 79.1097808, 30.3774548 ], [ 79.1096585, 30.3775689 ], [ 79.1094589, 30.3777552 ], [ 79.1088367, 30.3779697 ], [ 79.1077396, 30.3779244 ], [ 79.1076511, 30.377971 ], [ 79.1075807, 30.3780546 ], [ 79.1075458, 30.3782408 ], [ 79.1075626, 30.3782929 ], [ 79.1075978, 30.378335 ], [ 79.1076612, 30.3783947 ], [ 79.1083431, 30.378871 ], [ 79.1085979, 30.3789853 ], [ 79.108665, 30.3791025 ], [ 79.108669, 30.3792312 ], [ 79.1086846, 30.3792713 ], [ 79.108716, 30.3793056 ], [ 79.1088139, 30.3793376 ], [ 79.1091426, 30.3793756 ], [ 79.1094276, 30.3794776 ], [ 79.109596300000021, 30.3795113 ], [ 79.1097112, 30.379519 ], [ 79.1099202, 30.3795075 ], [ 79.110035100000019, 30.3795216 ], [ 79.1103052, 30.3796517 ], [ 79.110456, 30.37968 ], [ 79.1106031, 30.379716 ], [ 79.1106922, 30.3797753 ], [ 79.1107265, 30.379852599999985 ], [ 79.1107161, 30.3799337 ], [ 79.1106862, 30.3799852 ], [ 79.110587, 30.3800632 ], [ 79.1104967, 30.380162899999984 ], [ 79.1103534, 30.3804024 ], [ 79.1103564, 30.3804668 ], [ 79.1103717, 30.380521 ], [ 79.1104489, 30.3805839 ], [ 79.1105533, 30.380652 ], [ 79.1106504, 30.3807204 ], [ 79.1106982, 30.3808157 ], [ 79.1107265, 30.3808968 ], [ 79.1107146, 30.3810359 ], [ 79.1106414, 30.3812072 ], [ 79.1106355, 30.3812883 ], [ 79.1106727, 30.3813772 ], [ 79.1107594, 30.3814338 ], [ 79.1108843, 30.3814767 ], [ 79.1109937, 30.3815136 ], [ 79.1110818, 30.3816141 ], [ 79.1111176, 30.38173 ], [ 79.1111423, 30.3818369 ], [ 79.1112176, 30.3819128 ], [ 79.1114952, 30.3820557 ], [ 79.111702800000018, 30.3821678 ], [ 79.1117311, 30.3822077 ], [ 79.1117758, 30.3823995 ], [ 79.1118735, 30.382563 ], [ 79.1119714, 30.3826416 ], [ 79.1119971, 30.3826509 ], [ 79.1121176, 30.3826944 ], [ 79.1123117, 30.3827008 ], [ 79.1126848, 30.3826983 ], [ 79.1129087, 30.3827639 ], [ 79.1131028, 30.3827897 ], [ 79.1132385, 30.3827171 ], [ 79.1134004, 30.3826609 ], [ 79.1135215, 30.3825322 ], [ 79.113778, 30.3824802 ], [ 79.1140915, 30.382464 ], [ 79.1142625, 30.3825069 ], [ 79.1145144, 30.382820100000011 ], [ 79.1146469, 30.3828941 ], [ 79.1147443, 30.3828859 ], [ 79.1148584, 30.3828281 ], [ 79.1150097, 30.3828098 ], [ 79.1151524, 30.3828591 ], [ 79.1152332, 30.3828885 ], [ 79.1153239, 30.3829364 ], [ 79.115429, 30.3829391 ], [ 79.1154962, 30.38297 ], [ 79.1156246, 30.3829842 ], [ 79.1157313, 30.3829245 ], [ 79.1157707, 30.3828618 ], [ 79.1158108, 30.3827639 ], [ 79.1158922, 30.3827269 ], [ 79.1159822, 30.3827174 ], [ 79.1161111, 30.3827427 ], [ 79.116244, 30.3828219 ], [ 79.1164157, 30.3828477 ], [ 79.1166494, 30.38278050000001 ], [ 79.1171454, 30.3827027 ], [ 79.1173409, 30.3824968 ], [ 79.1175712, 30.381844 ], [ 79.1176283, 30.381747 ], [ 79.1176698, 30.3817097 ], [ 79.1177427, 30.3816867 ], [ 79.1178331, 30.3817027 ], [ 79.1178893, 30.3817471 ], [ 79.1179474, 30.3818546 ], [ 79.1179852, 30.3819872 ], [ 79.1180299, 30.3820663 ], [ 79.1181402, 30.3821374 ], [ 79.1183496, 30.3822687 ], [ 79.11873, 30.3824249 ], [ 79.1191363, 30.3825256 ], [ 79.1193154, 30.3825487 ], [ 79.1194191, 30.3825357 ], [ 79.1194874, 30.382509099999989 ], [ 79.1195286, 30.3824556 ], [ 79.1197995, 30.3819639 ], [ 79.1199108, 30.3818686 ], [ 79.1200704, 30.381820500000011 ], [ 79.1202592, 30.3818172 ], [ 79.1210252, 30.381696 ], [ 79.1219315, 30.3820073 ], [ 79.1220243, 30.382001700000014 ], [ 79.1221143, 30.3819645 ], [ 79.1221658, 30.3818568 ], [ 79.1222705, 30.3816136 ], [ 79.1223872, 30.3812563 ], [ 79.1225696, 30.3806305 ], [ 79.1225695, 30.3803448 ], [ 79.1224811, 30.3800694 ], [ 79.1221847, 30.3797076 ], [ 79.1218373, 30.3795638 ], [ 79.1215168, 30.3793995 ], [ 79.1214652, 30.3793365 ], [ 79.1214631, 30.37927 ], [ 79.1215007, 30.3791832 ], [ 79.1215611, 30.379107 ], [ 79.1219044, 30.3788066 ], [ 79.1221699, 30.3784869 ], [ 79.1231704, 30.3779483 ], [ 79.1238141, 30.3772831 ], [ 79.1240287, 30.3769612 ], [ 79.1240931, 30.376589199999987 ], [ 79.1239087, 30.3756902 ], [ 79.1239227, 30.3755473 ], [ 79.1239898, 30.37546 ], [ 79.1240931, 30.3753948 ], [ 79.1245415, 30.3751824 ], [ 79.1247713, 30.374971300000013 ], [ 79.124983300000011, 30.3748631 ], [ 79.125246, 30.3747833 ], [ 79.1255951, 30.3747769 ], [ 79.1258759, 30.374894 ], [ 79.1260946, 30.3750507 ], [ 79.1261923, 30.3751593 ], [ 79.126253, 30.3753579 ], [ 79.1263796, 30.3755387 ], [ 79.1266613, 30.3757334 ], [ 79.1267082, 30.3757712 ], [ 79.1267766, 30.375796099999985 ], [ 79.1268302, 30.3758042 ], [ 79.1269027, 30.3757938 ], [ 79.1271065, 30.3757035 ], [ 79.1274089, 30.3756532 ], [ 79.1276403, 30.3756275 ], [ 79.1278488, 30.3757122 ], [ 79.1280674, 30.375811399999986 ], [ 79.1289405, 30.375768 ], [ 79.1290458, 30.3757753 ], [ 79.1291061, 30.375803 ], [ 79.1291872, 30.3758742 ], [ 79.1293931, 30.3762531 ], [ 79.1295017, 30.3764938 ], [ 79.1295098, 30.3765846 ], [ 79.129487, 30.37668 ], [ 79.1291651, 30.3774537 ], [ 79.1289639, 30.3778021 ], [ 79.1287923, 30.3781629 ], [ 79.1281701, 30.378589 ], [ 79.1274619, 30.3794932 ], [ 79.1269778, 30.3801163 ], [ 79.1269684, 30.3801799 ], [ 79.1270173, 30.3802253 ], [ 79.1271005, 30.3802638 ], [ 79.1271749, 30.380271 ], [ 79.1273761, 30.3802572 ], [ 79.1287279, 30.3803515 ], [ 79.1292214, 30.380652 ], [ 79.1298652, 30.3807592 ], [ 79.1307462, 30.3813185 ], [ 79.130782, 30.381342799999985 ], [ 79.1308358, 30.3813597 ], [ 79.1308799, 30.3813642 ], [ 79.13093, 30.3813536 ], [ 79.1309726, 30.381321499999988 ], [ 79.1310306, 30.3812639 ], [ 79.131968, 30.38035150000001 ], [ 79.132719, 30.3802872 ], [ 79.1330034, 30.3800035 ], [ 79.1330791, 30.3799795 ], [ 79.1331737, 30.3799685 ], [ 79.1332464, 30.379989 ], [ 79.1333333, 30.3800231 ], [ 79.1337041, 30.380468599999986 ], [ 79.1337621, 30.3805177 ], [ 79.1338429, 30.380538699999988 ], [ 79.1339304, 30.3805212 ], [ 79.1342774, 30.3803644 ], [ 79.1346717, 30.3800511 ], [ 79.1357017, 30.379064099999987 ], [ 79.1373324, 30.378720799999986 ], [ 79.1380191, 30.3789783 ], [ 79.1397786, 30.378248700000011 ], [ 79.1409159, 30.3783989 ], [ 79.1408944, 30.3789783 ], [ 79.1413021, 30.3800082 ], [ 79.1435552, 30.3800297 ], [ 79.1438985, 30.3799009 ], [ 79.1441989, 30.3795362 ], [ 79.144907, 30.3793001 ], [ 79.1459753, 30.3793009 ], [ 79.1466245, 30.3790915 ], [ 79.1470973, 30.3789859 ], [ 79.1472788, 30.378924 ], [ 79.1474006, 30.3787811 ], [ 79.1477787, 30.378513499999979 ], [ 79.1482115, 30.378313099999986 ], [ 79.1484265, 30.3782637 ], [ 79.1487017, 30.3783077 ], [ 79.1488635, 30.3783513 ], [ 79.1491302, 30.3783806 ], [ 79.1493919, 30.3783095 ], [ 79.1496555, 30.378177 ], [ 79.1498732, 30.3780273 ], [ 79.150002, 30.3779847 ], [ 79.1501012, 30.3780018 ], [ 79.1504621, 30.3782276 ], [ 79.1506922, 30.3783296 ], [ 79.1513658, 30.3784418 ], [ 79.1517033, 30.3784661 ], [ 79.1523395, 30.3784535 ], [ 79.1524337, 30.3784516 ], [ 79.15282, 30.37853350000001 ], [ 79.1530057, 30.3785481 ], [ 79.1533905, 30.3785621 ], [ 79.1537066, 30.3786701 ], [ 79.1539767, 30.3788103 ], [ 79.1542913, 30.3788923 ], [ 79.1545699, 30.3789032 ], [ 79.154762, 30.3789269 ], [ 79.1551504, 30.3790835 ], [ 79.1554459, 30.3791636 ], [ 79.1558976, 30.3792037 ], [ 79.1560433, 30.3792292 ], [ 79.1562755, 30.379283799999985 ], [ 79.156415, 30.379279 ], [ 79.1565225, 30.3792419 ], [ 79.156799, 30.3792765 ], [ 79.1569214, 30.379322 ], [ 79.1572106, 30.3793585 ], [ 79.1574132, 30.3794258 ], [ 79.1575779, 30.3794349 ], [ 79.157801600000013, 30.3793858 ], [ 79.1579579, 30.3793858 ], [ 79.1583088, 30.3794367 ], [ 79.1591468, 30.3793366 ], [ 79.1595267, 30.3794307 ], [ 79.1599274, 30.3794718 ], [ 79.160635, 30.3793129 ], [ 79.1608429, 30.3792856 ], [ 79.160958, 30.3792337 ], [ 79.1610445, 30.3791171 ], [ 79.1610656, 30.3790497 ], [ 79.1611606, 30.3789523 ], [ 79.1612173, 30.378862199999986 ], [ 79.161226, 30.378681199999988 ], [ 79.161206, 30.3783391 ], [ 79.1611512, 30.3780787 ], [ 79.1612114, 30.3779569 ], [ 79.1613897, 30.3777035 ], [ 79.1615287, 30.377573699999989 ], [ 79.1616517, 30.3775167 ], [ 79.1617929, 30.3775209 ], [ 79.1620048, 30.3776072 ], [ 79.1622941, 30.377716199999984 ], [ 79.1629079, 30.3779253 ], [ 79.1632273, 30.3779935 ], [ 79.1634108, 30.3780163 ], [ 79.1636962, 30.3779048 ], [ 79.1640019, 30.3777092 ], [ 79.1641444, 30.3776094 ], [ 79.1644732, 30.3776153 ], [ 79.164636, 30.3775993 ], [ 79.1647289, 30.3775609 ], [ 79.1647994, 30.3774894 ], [ 79.1648692, 30.3773964 ], [ 79.1652095, 30.3772183 ], [ 79.1658717, 30.376982399999985 ], [ 79.1661676, 30.3769123 ], [ 79.1664577, 30.3768282 ], [ 79.1665354, 30.3767095 ], [ 79.1666249, 30.37651510000001 ], [ 79.166713, 30.3763541 ], [ 79.1667268, 30.3762277 ], [ 79.1666832, 30.3760721 ], [ 79.1666817, 30.3759716 ], [ 79.1667652, 30.37583 ], [ 79.1670891, 30.3754591 ], [ 79.1672729, 30.3752656 ], [ 79.1673996, 30.3750908 ], [ 79.1674205, 30.3749505 ], [ 79.1674444, 30.3748693 ], [ 79.1676011, 30.3747457 ], [ 79.1677713, 30.3746775 ], [ 79.1680131, 30.3745564 ], [ 79.1683054, 30.3745132 ], [ 79.1685116, 30.3743993 ], [ 79.1686624, 30.374288600000011 ], [ 79.1687415, 30.3741804 ], [ 79.1690139, 30.3736774 ], [ 79.1691458, 30.3734208 ], [ 79.1692686, 30.3733089 ], [ 79.1694131, 30.3732547 ], [ 79.1695522, 30.373202800000012 ], [ 79.1696756, 30.3730978 ], [ 79.1697546, 30.3729995 ], [ 79.16981, 30.3728849 ], [ 79.169843200000017, 30.3726694 ], [ 79.1699101, 30.3725393 ], [ 79.1699658, 30.3724937 ], [ 79.1700614, 30.3724415 ], [ 79.1701911, 30.3724183 ], [ 79.1703271, 30.3724238 ], [ 79.1704204, 30.3724552 ], [ 79.1705738, 30.3725234 ], [ 79.170724, 30.3725384 ], [ 79.1708472, 30.3725163 ], [ 79.1710182, 30.3724343 ], [ 79.1711356, 30.3723764 ], [ 79.1712665, 30.3723677 ], [ 79.171404, 30.372414 ], [ 79.1715024, 30.372424599999984 ], [ 79.1715871, 30.372418499999988 ], [ 79.171696, 30.3723729 ], [ 79.172246700000017, 30.3719361 ], [ 79.1723589, 30.3718198 ], [ 79.1724417, 30.3716963 ], [ 79.1725814, 30.371550599999985 ], [ 79.1726608, 30.37143 ], [ 79.1727424, 30.371321 ], [ 79.1728118, 30.3712004 ], [ 79.1728811, 30.3710943 ], [ 79.1730477, 30.370926399999984 ], [ 79.1732702, 30.3707181 ], [ 79.1734078, 30.3706235 ], [ 79.1735956, 30.3704952 ], [ 79.1737387, 30.3703742 ], [ 79.1739344, 30.3701421 ], [ 79.173999, 30.3700452 ], [ 79.1740954, 30.3698855 ], [ 79.174241900000013, 30.3697379 ], [ 79.1744063, 30.3696267 ], [ 79.1746374, 30.369487 ], [ 79.1747451, 30.369403099999985 ], [ 79.1748265, 30.3693044 ], [ 79.1749074, 30.3691507 ], [ 79.1749397, 30.3690346 ], [ 79.1749139, 30.3689391 ], [ 79.1748759, 30.3688658 ], [ 79.1746804, 30.368721 ], [ 79.1745338, 30.3686024 ], [ 79.1744387, 30.3684538 ], [ 79.1744201, 30.3683715 ], [ 79.1744331, 30.3682069 ], [ 79.1744846, 30.368092 ], [ 79.1745953, 30.3679251 ], [ 79.1746254, 30.3678345 ], [ 79.1746412, 30.3677203 ], [ 79.1746735, 30.3676425 ], [ 79.1747395, 30.3675325 ], [ 79.1748569, 30.3673945 ], [ 79.1749061, 30.3673309 ], [ 79.1749497, 30.3672305 ], [ 79.1750065, 30.3671244 ], [ 79.1751261, 30.3669702 ], [ 79.1752362, 30.366926 ], [ 79.1755904, 30.3668523 ], [ 79.1757361, 30.3668182 ], [ 79.175869, 30.3667533 ], [ 79.1763125, 30.3663482 ], [ 79.1764268, 30.3662721 ], [ 79.1766878, 30.3661892 ], [ 79.1768823, 30.3660705 ], [ 79.177191900000011, 30.3659396 ], [ 79.1773853, 30.3658326 ], [ 79.1776145, 30.3656844 ], [ 79.1777821, 30.3656271 ], [ 79.1779387, 30.3656066 ], [ 79.1782739, 30.3655957 ], [ 79.1783923, 30.3655847 ], [ 79.1787615, 30.3654545 ], [ 79.1788971, 30.3654133 ], [ 79.1790681, 30.365392 ], [ 79.1794635, 30.3653606 ], [ 79.179629, 30.3653404 ], [ 79.1798398, 30.3652717 ], [ 79.1799653, 30.3652087 ], [ 79.1800864, 30.3651373 ], [ 79.1802398, 30.3650038 ], [ 79.1803646, 30.3648627 ], [ 79.1805385, 30.3646383 ], [ 79.1806128, 30.3645019 ], [ 79.1806903, 30.3642849 ], [ 79.1807969, 30.3638543 ], [ 79.180841, 30.3637447 ], [ 79.1811111, 30.3633629 ], [ 79.1812032, 30.3631951 ], [ 79.1812142, 30.3630825 ], [ 79.181356, 30.362812699999985 ], [ 79.1813798, 30.3626803 ], [ 79.1814066, 30.3625958 ], [ 79.1814731, 30.3624866 ], [ 79.1815664, 30.3623856 ], [ 79.1817454, 30.3622436 ], [ 79.1817814, 30.3621823 ], [ 79.18179720000002, 30.3620814 ], [ 79.1817672, 30.3619094 ], [ 79.1817905, 30.3617599 ], [ 79.1818305, 30.3615314 ], [ 79.181783, 30.3614032 ], [ 79.1816138, 30.3612422 ], [ 79.1815664, 30.3611658 ], [ 79.1815632, 30.3610703 ], [ 79.181604300000018, 30.360985699999986 ], [ 79.1816691, 30.3609202 ], [ 79.1817925, 30.3608479 ], [ 79.1820566, 30.360744200000013 ], [ 79.1822496, 30.3606635 ], [ 79.1824358, 30.3605093 ], [ 79.1825484, 30.3604222 ], [ 79.1827207, 30.3603335 ], [ 79.1828014, 30.360267 ], [ 79.1829405, 30.3600265 ], [ 79.1829731, 30.3598665 ], [ 79.1830833, 30.3594411 ], [ 79.1833515, 30.359119399999987 ], [ 79.1839951, 30.3586985 ], [ 79.1844359, 30.3585822 ], [ 79.1847468, 30.3586 ], [ 79.1851139, 30.3584518 ], [ 79.1854195, 30.3583504 ], [ 79.1856326, 30.3583439 ], [ 79.1858182, 30.3582097 ], [ 79.1862735, 30.358218699999988 ], [ 79.1864375, 30.3581465 ], [ 79.1865837, 30.3580821 ], [ 79.1871207, 30.3578179 ], [ 79.1882976, 30.3572095 ], [ 79.1884988, 30.3571007 ], [ 79.1886451, 30.3569557 ], [ 79.1890554, 30.3564842 ], [ 79.1898717, 30.3561478 ], [ 79.1904754, 30.3560667 ], [ 79.1909706, 30.3562553 ], [ 79.1913224, 30.3561852 ], [ 79.1915725, 30.3558737 ], [ 79.1920033, 30.3558889 ], [ 79.1922489, 30.3559025 ], [ 79.192847400000019, 30.3555194 ], [ 79.1929578, 30.3553918 ], [ 79.193658, 30.3552394 ], [ 79.1939417, 30.3552425 ], [ 79.194516300000018, 30.3546933 ], [ 79.194813, 30.3543868 ], [ 79.1949409, 30.354228700000011 ], [ 79.1950026, 30.3540424 ], [ 79.195243, 30.3535202 ], [ 79.1952659, 30.3533425 ], [ 79.1956133, 30.3530954 ], [ 79.1963799, 30.352969 ], [ 79.1967985, 30.3526205 ], [ 79.197117, 30.3523339 ], [ 79.1972277, 30.3520817 ], [ 79.1974318, 30.3517713 ], [ 79.1977261, 30.3515916 ], [ 79.1979038, 30.351563100000011 ], [ 79.1981234, 30.3513955 ], [ 79.1981403, 30.3509259 ], [ 79.1982219, 30.3505934 ], [ 79.198376900000014, 30.3504011 ], [ 79.1984851, 30.3499482 ], [ 79.1984601, 30.3496008 ], [ 79.1986456, 30.3492564 ], [ 79.1987609, 30.3491066 ], [ 79.1990071, 30.3484048 ], [ 79.1989389, 30.3481356 ], [ 79.1988632, 30.3480396 ], [ 79.198841, 30.347838 ], [ 79.1988782, 30.3477075 ], [ 79.1992914, 30.3473548 ], [ 79.199916, 30.3470069 ], [ 79.2002282, 30.3468876 ], [ 79.2004887, 30.3462332 ], [ 79.2004096, 30.3460361 ], [ 79.2003302, 30.3458584 ], [ 79.1999151, 30.3453706 ], [ 79.1998189, 30.3452635 ], [ 79.19971910000001, 30.3451556 ], [ 79.199679, 30.3447735 ], [ 79.1996715, 30.3445266 ], [ 79.1995592, 30.3442788 ], [ 79.199644, 30.3440979 ], [ 79.1998038, 30.3438911 ], [ 79.1999624, 30.343693699999989 ] ] } },
{ "type": "Feature", "properties": { "osm_id": 893073256, "highway": "primary", "name": null, "name_en": null, "ref": "SH 34", "surface": "unknown", "maxspeed": null, "oneway": "no", "access": "yes", "motor_vehicle": null, "bridge": "no", "tunnel": "no", "smoothness": null, "tracktype": null, "lanes": null, "layer": "0", "length_m": 384.73, "assumed_speed_kmh": 30.0, "travel_time_min": 0.7695, "is_vehicular": true, "is_arterial": true }, "geometry": { "type": "LineString", "coordinates": [ [ 79.0040769, 30.3068663 ], [ 79.0040982, 30.3071002 ], [ 79.0041261, 30.3073166 ], [ 79.0040898, 30.3074438 ], [ 79.0040737, 30.3077636 ], [ 79.0041222, 30.3078891 ], [ 79.0041216, 30.3079881 ], [ 79.0041898, 30.3081107 ], [ 79.0043436, 30.3081745 ], [ 79.0045953, 30.3081679 ], [ 79.0048602, 30.3081135 ], [ 79.0049219, 30.3080644 ], [ 79.0049522, 30.3080403 ], [ 79.0050692, 30.3079572 ], [ 79.0051616, 30.3079345 ], [ 79.0052673, 30.3079614 ], [ 79.0053902, 30.3080659 ], [ 79.0055547, 30.308198 ], [ 79.0057078, 30.3082522 ], [ 79.005848, 30.3082757 ], [ 79.0060169, 30.308275 ], [ 79.0062026, 30.308206599999984 ], [ 79.006356100000019, 30.3080996 ], [ 79.0064174, 30.3080471 ] ] } },
{ "type": "Feature", "properties": { "osm_id": 893073257, "highway": "primary", "name": null, "name_en": null, "ref": "SH 34", "surface": "unknown", "maxspeed": null, "oneway": "no", "access": "yes", "motor_vehicle": null, "bridge": "no", "tunnel": "no", "smoothness": null, "tracktype": null, "lanes": null, "layer": "0", "length_m": 3894.15, "assumed_speed_kmh": 30.0, "travel_time_min": 7.7883, "is_vehicular": true, "is_arterial": true }, "geometry": { "type": "LineString", "coordinates": [ [ 78.9839065, 30.2879924 ], [ 78.9840935, 30.2880613 ], [ 78.9844398, 30.2882513 ], [ 78.9847365, 30.2883209 ], [ 78.9855194, 30.2891564 ], [ 78.9863133, 30.2907872 ], [ 78.9863372, 30.2913931 ], [ 78.9863495, 30.2917049 ], [ 78.9863777, 30.292418 ], [ 78.9875822, 30.2953624 ], [ 78.9878701, 30.2957986 ], [ 78.9893603, 30.2974606 ], [ 78.9910978, 30.3004163 ], [ 78.9914379, 30.3010953 ], [ 78.991715700000015, 30.301548 ], [ 78.9918002, 30.3018468 ], [ 78.9918334, 30.3020953 ], [ 78.9918895, 30.3023223 ], [ 78.9918448, 30.3026142 ], [ 78.9917998, 30.3028801 ], [ 78.9917672, 30.3030085 ], [ 78.9916879, 30.3031532 ], [ 78.9915498, 30.3032559 ], [ 78.9913462, 30.3034074 ], [ 78.9911721, 30.3036352 ], [ 78.9910764, 30.3037574 ], [ 78.9910743, 30.3038171 ], [ 78.9910919, 30.3038495 ], [ 78.9911239, 30.3038796 ], [ 78.9911662, 30.3038961 ], [ 78.9913123, 30.3038961 ], [ 78.9915805, 30.3038691 ], [ 78.9918239, 30.3038675 ], [ 78.9920778, 30.3039286 ], [ 78.9924596, 30.3040765 ], [ 78.9927292, 30.3042197 ], [ 78.9929574, 30.3044359 ], [ 78.993006, 30.3045092 ], [ 78.9929927, 30.3046049 ], [ 78.992963, 30.3047121 ], [ 78.9929899, 30.3047932 ], [ 78.99306510000001, 30.3048858 ], [ 78.9933723, 30.3049651 ], [ 78.9936549, 30.3050497 ], [ 78.9937623, 30.305172699999989 ], [ 78.993798500000011, 30.30535 ], [ 78.993802100000011, 30.3055716 ], [ 78.9937969, 30.3056929 ], [ 78.9938535, 30.3057636 ], [ 78.9939506, 30.3057872 ], [ 78.9939905, 30.305768 ], [ 78.9940166, 30.3057375 ], [ 78.9941089, 30.3055858 ], [ 78.9942195, 30.3054366 ], [ 78.9943344, 30.3054213 ], [ 78.9944405, 30.30546690000001 ], [ 78.9945052, 30.3055436 ], [ 78.9945611, 30.3056384 ], [ 78.9945876, 30.3057411 ], [ 78.9945402, 30.3058897 ], [ 78.9945599, 30.305973 ], [ 78.9947149, 30.3061268 ], [ 78.994901200000015, 30.3061938 ], [ 78.9949608, 30.3062153 ], [ 78.9951013, 30.306185 ], [ 78.9953256, 30.3060007 ], [ 78.9954767, 30.3059525 ], [ 78.9955952, 30.3059671 ], [ 78.9957356, 30.306089600000011 ], [ 78.9958354, 30.3062834 ], [ 78.9958931, 30.3065275 ], [ 78.9960981, 30.3067878 ], [ 78.9965167, 30.3071313 ], [ 78.9966602, 30.3073696 ], [ 78.9967324, 30.3074307 ], [ 78.9968146, 30.3074634 ], [ 78.9970034, 30.3074395 ], [ 78.9970663, 30.3073676 ], [ 78.9971032, 30.3072778 ], [ 78.9971471, 30.3071274 ], [ 78.9971622, 30.3070755 ], [ 78.99726010000002, 30.3069367 ], [ 78.9975089, 30.3065519 ], [ 78.9975572, 30.3065157 ], [ 78.9976095, 30.3065009 ], [ 78.9977724, 30.3064722 ], [ 78.9979447, 30.3064057 ], [ 78.998155, 30.3063031 ], [ 78.9983964, 30.3062261 ], [ 78.9986086, 30.3062367 ], [ 78.9987862, 30.3062374 ], [ 78.9989245, 30.3062841 ], [ 78.9990251, 30.3063836 ], [ 78.9992133, 30.3065989 ], [ 78.999382, 30.306642799999985 ], [ 78.9995233, 30.3066118 ], [ 78.999669, 30.3064887 ], [ 78.999860900000016, 30.3063958 ], [ 79.000032, 30.306332 ], [ 79.0003092, 30.3063304 ], [ 79.0005057, 30.3063314 ], [ 79.0006924, 30.3063725 ], [ 79.000847, 30.3063922 ], [ 79.0009582, 30.3063782 ], [ 79.001049, 30.306349 ], [ 79.0010883, 30.3063018 ], [ 79.0011086, 30.3062369 ], [ 79.0011094, 30.3061376 ], [ 79.0010939, 30.306015099999989 ], [ 79.0010396, 30.3058835 ], [ 79.0010664, 30.3057728 ], [ 79.001164, 30.3056931 ], [ 79.001333700000018, 30.3056359 ], [ 79.0017846, 30.3054664 ], [ 79.0021062, 30.305399900000012 ], [ 79.0023694, 30.3053962 ], [ 79.0025857, 30.3054803 ], [ 79.0026453, 30.3055972 ], [ 79.002673, 30.3057765 ], [ 79.0027481, 30.305920699999987 ], [ 79.0027834, 30.30595910000001 ], [ 79.0028262, 30.3059924 ], [ 79.00289810000001, 30.3059984 ], [ 79.0029645, 30.3059793 ], [ 79.0031678, 30.3058767 ], [ 79.0033203, 30.3058402 ], [ 79.0035868, 30.3058505 ], [ 79.003918, 30.3059443 ], [ 79.0040731, 30.3060635 ], [ 79.0041661, 30.3063226 ], [ 79.0041484, 30.3065731 ], [ 79.0040769, 30.3068663 ] ] } },
{ "type": "Feature", "properties": { "osm_id": 902563110, "highway": "trunk", "name": null, "name_en": null, "ref": "NH107A", "surface": "unknown", "maxspeed": null, "oneway": "no", "access": "yes", "motor_vehicle": null, "bridge": "no", "tunnel": "no", "smoothness": null, "tracktype": null, "lanes": null, "layer": "0", "length_m": 586.93, "assumed_speed_kmh": 35.0, "travel_time_min": 1.0062, "is_vehicular": true, "is_arterial": true }, "geometry": { "type": "LineString", "coordinates": [ [ 79.2522451, 30.4663598 ], [ 79.251934, 30.4662859 ], [ 79.2515049, 30.4662859 ], [ 79.2512259, 30.4664431 ], [ 79.2508719, 30.466665 ], [ 79.2506251, 30.4669332 ], [ 79.2503569, 30.4670257 ], [ 79.2500887, 30.4671644 ], [ 79.2499492, 30.4673493 ], [ 79.2498312, 30.4675343 ], [ 79.2493913, 30.4678302 ], [ 79.2492089, 30.4680706 ], [ 79.2489621, 30.4681816 ], [ 79.2486832, 30.4683758 ], [ 79.2484257, 30.4685237 ], [ 79.2481896, 30.468533 ], [ 79.2482326, 30.4683295 ], [ 79.2485115, 30.4682001 ], [ 79.2488441, 30.4679134 ] ] } },
{ "type": "Feature", "properties": { "osm_id": 902563111, "highway": "trunk", "name": null, "name_en": null, "ref": "NH107A", "surface": "unknown", "maxspeed": null, "oneway": "no", "access": "yes", "motor_vehicle": null, "bridge": "no", "tunnel": "no", "smoothness": null, "tracktype": null, "lanes": null, "layer": "0", "length_m": 6822.12, "assumed_speed_kmh": 35.0, "travel_time_min": 11.6951, "is_vehicular": true, "is_arterial": true }, "geometry": { "type": "LineString", "coordinates": [ [ 79.2681583, 30.4641131 ], [ 79.2680803, 30.4640248 ], [ 79.267759, 30.4627847 ], [ 79.2678429, 30.462285 ], [ 79.2681378, 30.4615233 ], [ 79.2682688, 30.4612956 ], [ 79.2684537, 30.4610101 ], [ 79.2688233, 30.460820399999989 ], [ 79.2690007, 30.460547 ], [ 79.2692619, 30.4602476 ], [ 79.2697867, 30.4597885 ], [ 79.2702657, 30.458957600000012 ], [ 79.2705019, 30.4584002 ], [ 79.2706193, 30.4579173 ], [ 79.270785, 30.4575964 ], [ 79.2712946, 30.4565199 ], [ 79.2716279, 30.4560041 ], [ 79.2717786, 30.4558297 ], [ 79.2720744, 30.4557581 ], [ 79.2722334, 30.4556877 ], [ 79.2722779, 30.4555657 ], [ 79.2722996, 30.4551497 ], [ 79.2723826, 30.4548764 ], [ 79.2723329, 30.4545542 ], [ 79.2722185, 30.4542522 ], [ 79.272092, 30.4538669 ], [ 79.2720008, 30.453606799999989 ], [ 79.2719525, 30.4535109 ], [ 79.2719311, 30.453477299999989 ], [ 79.2718828, 30.4534473 ], [ 79.2718157, 30.4534242 ], [ 79.2717178, 30.453401 ], [ 79.271618600000011, 30.4534045 ], [ 79.2715448, 30.4534218 ], [ 79.2714858, 30.4534508 ], [ 79.2714308, 30.4534993 ], [ 79.2713919, 30.4535606 ], [ 79.2711186, 30.4540945 ], [ 79.2711305, 30.4542956 ], [ 79.2711006, 30.4544932 ], [ 79.2710501, 30.4548573 ], [ 79.2711496, 30.4552351 ], [ 79.2710726, 30.4555018 ], [ 79.2707982, 30.4559959 ], [ 79.2705772, 30.4567128 ], [ 79.2700393, 30.4575716 ], [ 79.2699827, 30.457781 ], [ 79.2698651, 30.4579904 ], [ 79.2698317, 30.4581116 ], [ 79.2697157, 30.4583618 ], [ 79.269645, 30.4584982 ], [ 79.2695016, 30.4586856 ], [ 79.2693489, 30.4589063 ], [ 79.2691577, 30.4590832 ], [ 79.2688862, 30.4592761 ], [ 79.2680792, 30.4590666 ], [ 79.2678549, 30.4590921 ], [ 79.2677144, 30.4591901 ], [ 79.2676799, 30.459418699999986 ], [ 79.2678769, 30.4597539 ], [ 79.2678774, 30.4598716 ], [ 79.2677881, 30.4600447 ], [ 79.267216, 30.4606353 ], [ 79.266536, 30.4609037 ], [ 79.2663428, 30.4613383 ], [ 79.2663214, 30.461773 ], [ 79.2661175, 30.4623926 ], [ 79.2660746, 30.462688499999988 ], [ 79.265903, 30.4631972 ], [ 79.2657742, 30.4636133 ], [ 79.2656669, 30.463937 ], [ 79.2654094, 30.4642976 ], [ 79.26527, 30.4645196 ], [ 79.2648086, 30.46476 ], [ 79.2644546, 30.464945 ], [ 79.2640683, 30.465019 ], [ 79.2637894, 30.4650559 ], [ 79.2636499, 30.4651947 ], [ 79.2635426, 30.4654721 ], [ 79.2634031, 30.4656663 ], [ 79.2633495, 30.4659437 ], [ 79.2631778, 30.4661564 ], [ 79.2629418, 30.4662581 ], [ 79.2626521, 30.4663783 ], [ 79.2623195, 30.4662489 ], [ 79.2620728, 30.4662026 ], [ 79.2617187, 30.4661287 ], [ 79.2613432, 30.4661102 ], [ 79.2609784, 30.4659437 ], [ 79.2607209, 30.4658975 ], [ 79.2605278, 30.4660639 ], [ 79.2603883, 30.4662859 ], [ 79.2601523, 30.4665633 ], [ 79.2599377, 30.4668037 ], [ 79.2597768, 30.4669517 ], [ 79.2595193, 30.4671181 ], [ 79.2589936, 30.4670811 ], [ 79.2587039, 30.4672291 ], [ 79.2584786, 30.4674418 ], [ 79.2582533, 30.467636 ], [ 79.2579851, 30.4676175 ], [ 79.2577169, 30.46771 ], [ 79.2573306, 30.4679874 ], [ 79.2571482, 30.4682278 ], [ 79.256762, 30.4683758 ], [ 79.256483, 30.4685607 ], [ 79.256295, 30.4686965 ], [ 79.256226, 30.4686923 ], [ 79.2561631, 30.4686657 ], [ 79.2561466, 30.468603 ], [ 79.256187400000016, 30.4685345 ], [ 79.2563436, 30.4684128 ], [ 79.2567405, 30.4680244 ], [ 79.2570302, 30.4677932 ], [ 79.257277, 30.4675713 ], [ 79.2575345, 30.4675158 ], [ 79.2577812, 30.4672476 ], [ 79.2582104, 30.4670349 ], [ 79.2585001, 30.466674300000012 ], [ 79.2587146, 30.4663229 ], [ 79.2587361, 30.4658975 ], [ 79.2591116, 30.4657865 ], [ 79.2594871, 30.4654628 ], [ 79.2598412, 30.4651484 ], [ 79.2601094, 30.465028199999985 ], [ 79.2602596, 30.4650419 ], [ 79.2606458, 30.4650744 ], [ 79.2610106, 30.4648063 ], [ 79.2615041, 30.4647878 ], [ 79.2619547, 30.4646583 ], [ 79.2621479, 30.4643069 ], [ 79.2621157, 30.463937 ], [ 79.2620835, 30.463354399999989 ], [ 79.2620406, 30.4628735 ], [ 79.2620084, 30.4623279 ], [ 79.2623517, 30.4620689 ], [ 79.2628452, 30.4617915 ], [ 79.2633173, 30.4615325 ], [ 79.263843, 30.4615973 ], [ 79.2641327, 30.4617175 ], [ 79.2642652, 30.46169 ], [ 79.2643151, 30.4615695 ], [ 79.2641863, 30.4614586 ], [ 79.2636499, 30.4612551 ], [ 79.26321, 30.4611164 ], [ 79.2628345, 30.4611256 ], [ 79.2624697, 30.4612829 ], [ 79.2620942, 30.4614956 ], [ 79.2618689, 30.461699 ], [ 79.2616007, 30.4618007 ], [ 79.2615256, 30.4620227 ], [ 79.2614505, 30.462253900000011 ], [ 79.2614719, 30.4625221 ], [ 79.2614612, 30.4628365 ], [ 79.2614183, 30.4630954 ], [ 79.2613325, 30.4634099 ], [ 79.2611608, 30.4636873 ], [ 79.2610428, 30.4639277 ], [ 79.2607746, 30.4639555 ], [ 79.2605707, 30.4639277 ], [ 79.2602918, 30.463752 ], [ 79.2599914, 30.4636041 ], [ 79.2596266, 30.4636965 ], [ 79.2593262, 30.463826 ], [ 79.2588327, 30.4640295 ], [ 79.2584679, 30.4642791 ], [ 79.2581782, 30.4644179 ], [ 79.2577812, 30.464464100000011 ], [ 79.2573521, 30.4644179 ], [ 79.2570088, 30.4644641 ], [ 79.2567811, 30.4646874 ], [ 79.2564294, 30.464686 ], [ 79.2562899, 30.4648525 ], [ 79.2558071, 30.4649357 ], [ 79.2555282, 30.4650652 ], [ 79.2549917, 30.4650744 ], [ 79.2546806, 30.464982 ], [ 79.2544982, 30.4651854 ], [ 79.2542729, 30.4653981 ], [ 79.2541012, 30.465657 ], [ 79.2538223, 30.4657403 ], [ 79.2536506, 30.4659067 ], [ 79.2535433, 30.4660454 ], [ 79.2532429, 30.4661841 ], [ 79.2530176, 30.4662674 ], [ 79.2528352, 30.4663321 ], [ 79.2525134, 30.4663506 ], [ 79.2522451, 30.4663598 ] ] } },
{ "type": "Feature", "properties": { "osm_id": 902563112, "highway": "trunk", "name": null, "name_en": null, "ref": "NH107A", "surface": "unknown", "maxspeed": null, "oneway": "no", "access": "yes", "motor_vehicle": null, "bridge": "no", "tunnel": "no", "smoothness": null, "tracktype": null, "lanes": null, "layer": "0", "length_m": 577.29, "assumed_speed_kmh": 35.0, "travel_time_min": 0.9896, "is_vehicular": true, "is_arterial": true }, "geometry": { "type": "LineString", "coordinates": [ [ 79.2244578, 30.4616464 ], [ 79.2241687, 30.4622641 ], [ 79.2244317, 30.4625609 ], [ 79.224303, 30.4630418 ], [ 79.2234962, 30.4635578 ], [ 79.2228139, 30.4639854 ], [ 79.2219512, 30.4653972 ], [ 79.2218504, 30.4656108 ], [ 79.221786, 30.4658512 ] ] } },
{ "type": "Feature", "properties": { "osm_id": 902563113, "highway": "trunk", "name": null, "name_en": null, "ref": "NH107A", "surface": "unknown", "maxspeed": null, "oneway": "no", "access": "yes", "motor_vehicle": null, "bridge": "no", "tunnel": "no", "smoothness": null, "tracktype": null, "lanes": null, "layer": "0", "length_m": 4292.6, "assumed_speed_kmh": 35.0, "travel_time_min": 7.3587, "is_vehicular": true, "is_arterial": true }, "geometry": { "type": "LineString", "coordinates": [ [ 79.2194095, 30.4705443 ], [ 79.2195182, 30.4705488 ], [ 79.2195381, 30.4706414 ], [ 79.2193774, 30.4708401 ], [ 79.2192539, 30.470961500000012 ], [ 79.219195, 30.4713164 ], [ 79.2190984, 30.4715337 ], [ 79.2189053, 30.4716816 ], [ 79.218798, 30.4719683 ], [ 79.2186102, 30.472273399999985 ], [ 79.2181328, 30.4725185 ], [ 79.217827, 30.4727358 ], [ 79.2176876, 30.4728791 ], [ 79.2177519, 30.4730455 ], [ 79.2178861, 30.4731981 ], [ 79.2180631, 30.4733692 ], [ 79.2182884, 30.4734709 ], [ 79.2185191, 30.4735587 ], [ 79.2187014, 30.4736512 ], [ 79.2185942, 30.4737622 ], [ 79.2183688, 30.4738639 ], [ 79.218106, 30.4740719 ], [ 79.2179719, 30.4742014 ], [ 79.2179236, 30.4743447 ], [ 79.2173711, 30.4746822 ], [ 79.2175642, 30.4749088 ], [ 79.2179772, 30.4750706 ], [ 79.2181489, 30.475255499999985 ], [ 79.2182991, 30.4754682 ], [ 79.2180202, 30.475745599999989 ], [ 79.2176983, 30.4757271 ], [ 79.2172799, 30.4758011 ], [ 79.21684, 30.4759675 ], [ 79.2165289, 30.4760692 ], [ 79.2159817, 30.4761062 ], [ 79.2155203, 30.4759583 ], [ 79.2151448, 30.4758103 ], [ 79.2148015, 30.4757456 ], [ 79.2146835, 30.475875 ], [ 79.2147759, 30.4761833 ], [ 79.2144904, 30.4762634 ], [ 79.2141471, 30.4763743 ], [ 79.2133746, 30.4765315 ], [ 79.213042, 30.47655 ], [ 79.2123875, 30.4767904 ], [ 79.2119691, 30.4767442 ], [ 79.2115721, 30.4768367 ], [ 79.2111644, 30.4770956 ], [ 79.2109698, 30.4770968 ], [ 79.2107767, 30.4771176 ], [ 79.2107353, 30.477243499999989 ], [ 79.2108748, 30.4776504 ], [ 79.2110142, 30.4780757 ], [ 79.2112825, 30.4782421 ], [ 79.2116258, 30.4783623 ], [ 79.2117545, 30.478538 ], [ 79.2114434, 30.478612 ], [ 79.2110142, 30.4789264 ], [ 79.2105422, 30.4790558 ], [ 79.209995, 30.4793054 ], [ 79.2095766, 30.4796383 ], [ 79.2093513, 30.479851 ], [ 79.2093834, 30.4802948 ], [ 79.2096601, 30.4805938 ], [ 79.2092953, 30.480805 ], [ 79.2092654, 30.480942 ], [ 79.2093513, 30.4813119 ], [ 79.2085037, 30.482144 ], [ 79.2081282, 30.4821995 ], [ 79.207688300000015, 30.4823289 ], [ 79.2072913, 30.4826525 ], [ 79.2065403, 30.4828005 ], [ 79.2056176, 30.4826895 ], [ 79.2044911, 30.482181 ], [ 79.2036972, 30.4818851 ], [ 79.2030105, 30.4815338 ], [ 79.2023882, 30.4812194 ], [ 79.202281, 30.4808311 ], [ 79.2020449, 30.4804612 ], [ 79.2012295, 30.4804242 ], [ 79.2005, 30.4808865 ], [ 79.1998133, 30.4810345 ], [ 79.1991696, 30.4813488 ], [ 79.1986332, 30.4813488 ], [ 79.1982469, 30.4811454 ], [ 79.1979465, 30.4807756 ], [ 79.1974101, 30.4805352 ], [ 79.1971097, 30.4804797 ], [ 79.1968951, 30.4807941 ], [ 79.1972599, 30.4811454 ], [ 79.1977105, 30.4814598 ], [ 79.198204, 30.4818111 ], [ 79.1985044, 30.4824029 ], [ 79.1990409, 30.4829207 ], [ 79.1994915, 30.4834199 ], [ 79.1998992, 30.4840487 ], [ 79.20032830000001, 30.4845109 ], [ 79.2003276, 30.4847397 ], [ 79.20025320000002, 30.4849178 ] ] } },
{ "type": "Feature", "properties": { "osm_id": 902563116, "highway": "trunk", "name": null, "name_en": null, "ref": "NH107A", "surface": "unknown", "maxspeed": null, "oneway": "no", "access": "yes", "motor_vehicle": null, "bridge": "no", "tunnel": "no", "smoothness": null, "tracktype": null, "lanes": null, "layer": "0", "length_m": 2077.91, "assumed_speed_kmh": 35.0, "travel_time_min": 3.5621, "is_vehicular": true, "is_arterial": true }, "geometry": { "type": "LineString", "coordinates": [ [ 79.2838876, 30.445352 ], [ 79.284025, 30.4459707 ], [ 79.2840624, 30.4462611 ], [ 79.2841434, 30.4465004 ], [ 79.284841, 30.4468999 ], [ 79.2849048, 30.4471053 ], [ 79.284842, 30.4474017 ], [ 79.2849267, 30.4477173 ], [ 79.2849056, 30.447847 ], [ 79.2846527, 30.4481237 ], [ 79.284478800000016, 30.448643 ], [ 79.2843371, 30.4488019 ], [ 79.2837508, 30.44923390000001 ], [ 79.2836236, 30.44942 ], [ 79.2835559, 30.4496412 ], [ 79.2835358, 30.4502567 ], [ 79.2834692, 30.4504511 ], [ 79.2835212, 30.4512645 ], [ 79.2833255, 30.4516148 ], [ 79.2832116, 30.4521407 ], [ 79.283092, 30.452296799999985 ], [ 79.2830601, 30.4525721 ], [ 79.2829411, 30.4527097 ], [ 79.2824752, 30.4530373 ], [ 79.2820684, 30.453145 ], [ 79.2814093, 30.4535275 ], [ 79.2810524, 30.4539349 ], [ 79.280909, 30.4543598 ], [ 79.2808919, 30.4548378 ], [ 79.280803400000011, 30.4551986 ], [ 79.2805851, 30.4556058 ], [ 79.2798184, 30.4562018 ], [ 79.2795068, 30.4566117 ], [ 79.2793365, 30.4569622 ], [ 79.2790734, 30.4572666 ], [ 79.2787622, 30.4574931 ], [ 79.2784358, 30.4578972 ], [ 79.2781463, 30.4581698 ], [ 79.2778354, 30.4583758 ], [ 79.2775976, 30.4586712 ], [ 79.2773661, 30.4588197 ], [ 79.2770519, 30.4593031 ], [ 79.2768457, 30.4594708 ], [ 79.2761284, 30.4596033 ], [ 79.2757479, 30.4596619 ], [ 79.2754889, 30.459708 ], [ 79.2754024, 30.4598158 ], [ 79.2753613, 30.4600281 ] ] } },
{ "type": "Feature", "properties": { "osm_id": 902563117, "highway": "trunk", "name": null, "name_en": null, "ref": "NH107A", "surface": "unknown", "maxspeed": null, "oneway": "no", "access": "yes", "motor_vehicle": null, "bridge": "no", "tunnel": "no", "smoothness": null, "tracktype": null, "lanes": null, "layer": "0", "length_m": 236.09, "assumed_speed_kmh": 35.0, "travel_time_min": 0.4047, "is_vehicular": true, "is_arterial": true }, "geometry": { "type": "LineString", "coordinates": [ [ 79.2701965, 30.4631901 ], [ 79.2700347, 30.4631915 ], [ 79.2699133, 30.4632446 ], [ 79.2697036, 30.4635655 ], [ 79.2695597, 30.463686 ], [ 79.2687865, 30.4640175 ], [ 79.2684689, 30.4641438 ], [ 79.2682928, 30.4641612 ], [ 79.2681583, 30.4641131 ] ] } },
{ "type": "Feature", "properties": { "osm_id": 903341782, "highway": "primary", "name": null, "name_en": null, "ref": "SH 34", "surface": "unknown", "maxspeed": null, "oneway": "no", "access": "yes", "motor_vehicle": null, "bridge": "no", "tunnel": "no", "smoothness": null, "tracktype": null, "lanes": null, "layer": "0", "length_m": 4338.86, "assumed_speed_kmh": 30.0, "travel_time_min": 8.6777, "is_vehicular": true, "is_arterial": true }, "geometry": { "type": "LineString", "coordinates": [ [ 79.1960728, 30.3889568 ], [ 79.1961935, 30.3890748 ], [ 79.196459, 30.389153 ], [ 79.1969633, 30.3891063 ], [ 79.1976714, 30.3889636 ], [ 79.1980094, 30.3890169 ], [ 79.1982293, 30.3891063 ], [ 79.1985244, 30.3892298 ], [ 79.1987228, 30.389354699999981 ], [ 79.1988235, 30.3895396 ], [ 79.1988792, 30.3896621 ], [ 79.1990097, 30.3899577 ], [ 79.1991414, 30.3900691 ], [ 79.1994251, 30.3901565 ], [ 79.1998076, 30.3902723 ], [ 79.2000559, 30.3902854 ], [ 79.2003826, 30.3904362 ], [ 79.2005827, 30.3905083 ], [ 79.2007499, 30.3904974 ], [ 79.2009247, 30.3905061 ], [ 79.2012059, 30.3907071 ], [ 79.2015276, 30.390897200000012 ], [ 79.2016567, 30.3909344 ], [ 79.2017606, 30.3909322 ], [ 79.2019864, 30.390889399999988 ], [ 79.2021051, 30.3908754 ], [ 79.2022151, 30.39087 ], [ 79.2022781, 30.3908887 ], [ 79.2023434, 30.390916 ], [ 79.2024697, 30.3910244 ], [ 79.2025413, 30.3910949 ], [ 79.202713, 30.3913124 ], [ 79.202941, 30.391557099999989 ], [ 79.2029461, 30.3917035 ], [ 79.2029197, 30.3918764 ], [ 79.2029055, 30.3921164 ], [ 79.2029182, 30.3922038 ], [ 79.2029435, 30.3922585 ], [ 79.2029891, 30.3922956 ], [ 79.2031183, 30.3923196 ], [ 79.203379200000015, 30.3923249 ], [ 79.203782, 30.392286899999984 ], [ 79.2038453, 30.39228910000001 ], [ 79.2038681, 30.3923022 ], [ 79.204053, 30.392525 ], [ 79.2043114, 30.3927981 ], [ 79.2045723, 30.3930166 ], [ 79.2046457, 30.3930734 ], [ 79.2048889, 30.3931128 ], [ 79.2050257, 30.3931587 ], [ 79.2052916, 30.3934121 ], [ 79.205355, 30.393759500000012 ], [ 79.2054107, 30.3939715 ], [ 79.205436, 30.3942468 ], [ 79.2054918, 30.3944194 ], [ 79.2054892, 30.3945483 ], [ 79.2054614, 30.3946313 ], [ 79.2054259, 30.394675 ], [ 79.2052891, 30.3947711 ], [ 79.2051701, 30.3949754 ], [ 79.2050941, 30.3950016 ], [ 79.2048686, 30.3950355 ], [ 79.2047812, 30.395101 ], [ 79.204761, 30.3951284 ], [ 79.204628, 30.3952125 ], [ 79.2044557, 30.3952824 ], [ 79.2044152, 30.3953195 ], [ 79.204362, 30.3954222 ], [ 79.2042835, 30.3956145 ], [ 79.2042126, 30.3956342 ], [ 79.2041214, 30.3956254 ], [ 79.2040226, 30.3956189 ], [ 79.2039593, 30.3956647 ], [ 79.2039086, 30.3957434 ], [ 79.2038402, 30.3957762 ], [ 79.2036832, 30.3957871 ], [ 79.2035894, 30.3957871 ], [ 79.2034881, 30.3958242 ], [ 79.2034248, 30.3959051 ], [ 79.2032779, 30.3961105 ], [ 79.2031842, 30.3962896 ], [ 79.2031791, 30.396503699999986 ], [ 79.203136, 30.396613 ], [ 79.2030322, 30.3967266 ], [ 79.202865, 30.3968118 ], [ 79.2027814, 30.397074 ], [ 79.2027054, 30.397325200000015 ], [ 79.2025914, 30.39750660000001 ], [ 79.2025154, 30.3976071 ], [ 79.2023027, 30.3976814 ], [ 79.2019354, 30.3977382 ], [ 79.2017405, 30.3977822 ], [ 79.2016666, 30.397804 ], [ 79.201618300000021, 30.3978363 ], [ 79.2016069, 30.3978494 ], [ 79.201602600000015, 30.3978626 ], [ 79.2016019, 30.3978771 ], [ 79.2016076, 30.3978896 ], [ 79.201625, 30.3979162 ], [ 79.2016739, 30.3979525 ], [ 79.2018189, 30.3980353 ], [ 79.2021228, 30.3982079 ], [ 79.2025852, 30.3986549 ], [ 79.2029053, 30.3990609 ], [ 79.2029554, 30.3993725 ], [ 79.2030775, 30.3997594 ], [ 79.2031968, 30.3999786 ], [ 79.2033887, 30.400155 ], [ 79.2036205, 30.4002493 ], [ 79.2037198, 30.400304799999986 ], [ 79.2038121, 30.4003971 ], [ 79.2038217, 30.4006495 ], [ 79.2037748, 30.4008399 ], [ 79.2037368, 30.4011693 ], [ 79.2035431, 30.4017928 ], [ 79.2034436, 30.4021119 ], [ 79.2034107, 30.4022655 ], [ 79.2034073, 30.4023383 ], [ 79.2034333, 30.4024481 ], [ 79.203541, 30.4026302 ], [ 79.2037903, 30.402921200000012 ], [ 79.2039699, 30.4031287 ], [ 79.2040523, 30.4032369 ], [ 79.2041054, 30.4033107 ], [ 79.2041771, 30.4033733 ], [ 79.2042408, 30.4034094 ], [ 79.2044091, 30.4034857 ], [ 79.2045415, 30.4036474 ], [ 79.2046513, 30.4037123 ], [ 79.204748, 30.4038043 ], [ 79.205062, 30.4038735 ], [ 79.205232, 30.4039407 ], [ 79.205317, 30.4040201 ], [ 79.2053383, 30.4041179 ], [ 79.2053453, 30.404348 ], [ 79.2053713, 30.404435500000012 ], [ 79.2054917, 30.4045597 ], [ 79.205605, 30.4046656 ], [ 79.2056405, 30.4047532 ], [ 79.2056405, 30.4048407 ], [ 79.2055319, 30.404969 ], [ 79.2054162, 30.4051726 ], [ 79.2053052, 30.4054129 ], [ 79.2053028, 30.4055371 ], [ 79.205432700000017, 30.40576110000001 ], [ 79.2055, 30.4059831 ], [ 79.2054787, 30.4061928 ], [ 79.2054091, 30.4063068 ], [ 79.2053595, 30.4063781 ], [ 79.2053241, 30.4064483 ], [ 79.2053229, 30.4065227 ], [ 79.2053784, 30.4066153 ], [ 79.205432700000017, 30.4067131 ], [ 79.2054492, 30.4068159 ], [ 79.205598, 30.407103 ], [ 79.2057857, 30.4073382 ], [ 79.2058612, 30.4073901 ], [ 79.2059592, 30.4074003 ], [ 79.2061634, 30.4073911 ], [ 79.206295, 30.407406 ], [ 79.2063629, 30.4074451 ], [ 79.2065152, 30.4076375 ], [ 79.2066604, 30.4079165 ], [ 79.2066993, 30.4079979 ], [ 79.2066982, 30.4080712 ], [ 79.2066592, 30.4081028 ], [ 79.2065565, 30.4081526 ], [ 79.2062331, 30.4082555 ], [ 79.2052627, 30.4084438 ], [ 79.2050952, 30.4085542 ], [ 79.20495, 30.4087561 ], [ 79.204822, 30.4089722 ], [ 79.2047022, 30.4092265 ], [ 79.2046665, 30.4093918 ], [ 79.2046548, 30.4096828 ], [ 79.2046359, 30.40981 ], [ 79.2045899, 30.4099437 ], [ 79.2045355, 30.4100656 ], [ 79.2044449, 30.4102921 ], [ 79.2043965, 30.4104071 ], [ 79.2043313, 30.4104626 ], [ 79.2042569, 30.410502600000012 ], [ 79.2042267, 30.4105227 ], [ 79.2041798, 30.4105378 ], [ 79.2040986, 30.41054590000001 ], [ 79.2039983, 30.4105539 ], [ 79.2039327, 30.4105581 ], [ 79.2038863, 30.4106174 ], [ 79.2038646, 30.4106835 ], [ 79.2038745, 30.4107503 ], [ 79.2038847, 30.4107818 ], [ 79.2038968, 30.4108084 ], [ 79.2039465, 30.4108526 ], [ 79.2040114, 30.4108964 ], [ 79.2041033, 30.4109333 ], [ 79.2042204, 30.4109552 ], [ 79.2044612, 30.4109391 ], [ 79.2046102, 30.410934 ], [ 79.2046706, 30.4109345 ], [ 79.204715, 30.4109493 ], [ 79.2047471, 30.410983 ], [ 79.2047606, 30.4110157 ], [ 79.2047897, 30.4111089 ], [ 79.2047986, 30.4112534 ], [ 79.2047574, 30.4114582 ], [ 79.2047372, 30.4116034 ], [ 79.2047163, 30.4117688 ], [ 79.2046879, 30.4120198 ], [ 79.2046782, 30.4123439 ], [ 79.2046629, 30.4125473 ], [ 79.2045759, 30.4127945 ], [ 79.2045432, 30.4128891 ], [ 79.2045432, 30.4129654 ], [ 79.2045459, 30.4129978 ], [ 79.2045553, 30.4130256 ], [ 79.2045891, 30.4130789 ], [ 79.2047927, 30.4132754 ], [ 79.2049751, 30.4134442 ], [ 79.205173500000015, 30.4135969 ], [ 79.2053211, 30.4137218 ], [ 79.2054927, 30.4138166 ], [ 79.2055916, 30.4138951 ], [ 79.2057151, 30.4141909 ], [ 79.2058903, 30.4143997 ], [ 79.2059393, 30.4144354 ], [ 79.2059889, 30.4144481 ], [ 79.2061365, 30.4144655 ], [ 79.2068204, 30.4144088 ] ] } },
{ "type": "Feature", "properties": { "osm_id": 903341783, "highway": "primary", "name": null, "name_en": null, "ref": "SH 34", "surface": "unknown", "maxspeed": null, "oneway": "no", "access": "yes", "motor_vehicle": null, "bridge": "yes", "tunnel": "no", "smoothness": null, "tracktype": null, "lanes": null, "layer": "1", "length_m": 38.09, "assumed_speed_kmh": 30.0, "travel_time_min": 0.0762, "is_vehicular": true, "is_arterial": true }, "geometry": { "type": "LineString", "coordinates": [ [ 79.2068204, 30.4144088 ], [ 79.2070009, 30.4141029 ] ] } },
{ "type": "Feature", "properties": { "osm_id": 903341792, "highway": "primary", "name": null, "name_en": null, "ref": "SH 34", "surface": "unknown", "maxspeed": null, "oneway": "no", "access": "yes", "motor_vehicle": null, "bridge": "no", "tunnel": "no", "smoothness": null, "tracktype": null, "lanes": null, "layer": "0", "length_m": 14930.0, "assumed_speed_kmh": 30.0, "travel_time_min": 29.86, "is_vehicular": true, "is_arterial": true }, "geometry": { "type": "LineString", "coordinates": [ [ 79.2683814, 30.3724697 ], [ 79.2686264, 30.3723955 ], [ 79.268766, 30.3722426 ], [ 79.268874, 30.3721421 ], [ 79.2692549, 30.3719801 ], [ 79.2697191, 30.3718562 ], [ 79.2702175, 30.371836 ], [ 79.270488, 30.37189 ], [ 79.2705524, 30.3719079 ], [ 79.2706976, 30.3719737 ], [ 79.2710293, 30.3721742 ], [ 79.2716774, 30.3724767 ], [ 79.2720654, 30.372638 ], [ 79.2725313, 30.372785 ], [ 79.2728363, 30.3728831 ], [ 79.2732835, 30.3730548 ], [ 79.2734599, 30.3730592 ], [ 79.2735599, 30.3730745 ], [ 79.2736235, 30.3730858 ], [ 79.2737066, 30.3731098 ], [ 79.2739505, 30.3731562 ], [ 79.2742483, 30.3731507 ], [ 79.274514400000015, 30.3731686 ], [ 79.2746086, 30.3731465 ], [ 79.2746609, 30.3731118 ], [ 79.2747108, 30.3730906 ], [ 79.2748211, 30.3730673 ], [ 79.2749318, 30.3730592 ], [ 79.2749864, 30.3730682 ], [ 79.2750471, 30.3730976 ], [ 79.2751416, 30.3732054 ], [ 79.275379200000017, 30.3733311 ], [ 79.275432, 30.3733536 ], [ 79.27549, 30.3733626 ], [ 79.2755347, 30.3733651 ], [ 79.2755735, 30.3733516 ], [ 79.2756248, 30.3732969 ], [ 79.2757181, 30.3731043 ], [ 79.2757814, 30.3728665 ], [ 79.2758105, 30.3727968 ], [ 79.2758293, 30.3727621 ], [ 79.2758484, 30.3727468 ], [ 79.2758705, 30.3727382 ], [ 79.2758957, 30.372740099999987 ], [ 79.2759165, 30.3727462 ], [ 79.2759383, 30.3727609 ], [ 79.275981, 30.372820099999984 ], [ 79.2759937, 30.372995 ], [ 79.2760763, 30.3731548 ], [ 79.2761046, 30.3731737 ], [ 79.276153, 30.3731811 ], [ 79.2761765, 30.3731783 ], [ 79.2762129, 30.3731601 ], [ 79.276236, 30.3731404 ], [ 79.2762661, 30.3730633 ], [ 79.2762693, 30.3728802 ], [ 79.2763263, 30.3727873 ], [ 79.2763421, 30.3726616 ], [ 79.2763956, 30.3725663 ], [ 79.2764142, 30.3725444 ], [ 79.2764336, 30.3725333 ], [ 79.2764737, 30.372522 ], [ 79.2765987, 30.3725358 ], [ 79.2767838, 30.3725635 ], [ 79.2768583, 30.3725628 ], [ 79.2769345, 30.3725386 ], [ 79.2770168, 30.3724211 ], [ 79.2770541, 30.372325 ], [ 79.2770789, 30.372287599999989 ], [ 79.2771412, 30.372262 ], [ 79.2772365, 30.3722458 ], [ 79.2773209, 30.3722585 ], [ 79.277374800000018, 30.3722817 ], [ 79.2774856, 30.3723883 ], [ 79.2775585, 30.3725358 ], [ 79.2776915, 30.3726479 ], [ 79.2779418, 30.3727408 ], [ 79.2781318, 30.3727162 ], [ 79.2782983, 30.3727227 ], [ 79.2783389, 30.3727421 ], [ 79.278366, 30.3727647 ], [ 79.2783784, 30.3727835 ], [ 79.2783821, 30.3728146 ], [ 79.2783504, 30.3729458 ], [ 79.2779861, 30.3733366 ], [ 79.2774856, 30.373834 ], [ 79.2769566, 30.3744297 ], [ 79.2768648, 30.3746046 ], [ 79.2768078, 30.3747467 ], [ 79.2768616, 30.3748369 ], [ 79.2770232, 30.3748916 ], [ 79.2773589, 30.3750282 ], [ 79.277739, 30.3751512 ], [ 79.277938600000013, 30.375252299999985 ], [ 79.2779861, 30.3753753 ], [ 79.2779576, 30.3755475 ], [ 79.2779671, 30.375673200000012 ], [ 79.27804, 30.3757551 ], [ 79.2781857, 30.3758481 ], [ 79.2782997, 30.375941 ], [ 79.2783472, 30.3760885 ], [ 79.2783757, 30.3762225 ], [ 79.2784581, 30.3763263 ], [ 79.2785816, 30.3763946 ], [ 79.2789332, 30.3765285 ], [ 79.2792278, 30.3766242 ], [ 79.2793704, 30.3768373 ], [ 79.2795636, 30.3772773 ], [ 79.2797566, 30.377921 ], [ 79.2797755, 30.3779516 ], [ 79.2797936, 30.3779669 ], [ 79.2798145, 30.3779819 ], [ 79.2798335, 30.3779912 ], [ 79.2798566, 30.3780005 ], [ 79.2798915, 30.3780094 ], [ 79.2799247, 30.378007 ], [ 79.2800292, 30.377925 ], [ 79.280181, 30.3778521 ], [ 79.2802985, 30.3778047 ], [ 79.2805202, 30.3777883 ], [ 79.280723, 30.377761 ], [ 79.2810175, 30.3776298 ], [ 79.2812995, 30.3775779 ], [ 79.2816923, 30.377711799999989 ], [ 79.2819488, 30.3777528 ], [ 79.2821009, 30.3777173 ], [ 79.2822941, 30.3777528 ], [ 79.2823511, 30.3778512 ], [ 79.2823638, 30.377996 ], [ 79.282443, 30.3781299 ], [ 79.282538, 30.3781709 ], [ 79.2826806, 30.3781655 ], [ 79.2828548, 30.37819 ], [ 79.2830923, 30.3783513 ], [ 79.2834091, 30.3786956 ], [ 79.283482, 30.3788104 ], [ 79.2835625, 30.3788644 ], [ 79.2836232, 30.3788677 ], [ 79.2836724, 30.3788604 ], [ 79.2837247, 30.3788506 ], [ 79.2838146, 30.3788049 ], [ 79.2839951, 30.3786464 ], [ 79.2842327, 30.3785344 ], [ 79.2843499, 30.3785152 ], [ 79.2844133, 30.3783649 ], [ 79.2844006, 30.3781545 ], [ 79.2844481, 30.3780261 ], [ 79.2842865, 30.3776271 ], [ 79.2840236, 30.3773484 ], [ 79.2838082, 30.377004 ], [ 79.2836403, 30.3765012 ], [ 79.2835992, 30.3761678 ], [ 79.2837829, 30.3756212 ], [ 79.2837734, 30.37546 ], [ 79.2838241, 30.3753206 ], [ 79.2838209, 30.3751047 ], [ 79.2838843, 30.3747686 ], [ 79.284087, 30.3744161 ], [ 79.2842549, 30.3743067 ], [ 79.2843415, 30.3742558 ], [ 79.2843906, 30.3742162 ], [ 79.2844688, 30.3741491 ], [ 79.2845153, 30.3741242 ], [ 79.2845605, 30.3741 ], [ 79.2846255, 30.3740553 ], [ 79.284597, 30.3738941 ], [ 79.2846603, 30.3736946 ], [ 79.2848504, 30.3732437 ], [ 79.2849961, 30.3731726 ], [ 79.2870968, 30.3723352 ], [ 79.2872837, 30.3723544 ], [ 79.2873997, 30.3724396 ], [ 79.2874254, 30.372467 ], [ 79.2874443, 30.3724965 ], [ 79.2874824, 30.3726091 ], [ 79.2874665, 30.3727321 ], [ 79.2873874, 30.373019 ], [ 79.287229, 30.3733388 ], [ 79.2869787, 30.37385530000001 ], [ 79.2869027, 30.3740575 ], [ 79.286905, 30.3742055 ], [ 79.2869059, 30.3742598 ], [ 79.2869534, 30.374421 ], [ 79.2870067, 30.3744921 ], [ 79.2870421, 30.374526 ], [ 79.287172, 30.374626 ], [ 79.2873525, 30.3746943 ], [ 79.2874475, 30.3747927 ], [ 79.2875552, 30.3749484 ], [ 79.2878815, 30.3751753 ], [ 79.2879702, 30.3752463 ], [ 79.2880874, 30.3752709 ], [ 79.2881983, 30.3752463 ], [ 79.2883693, 30.3752053 ], [ 79.2885055, 30.3752545 ], [ 79.2885911, 30.3753283 ], [ 79.2885784, 30.3754458 ], [ 79.288515, 30.3756398 ], [ 79.2885182, 30.3758038 ], [ 79.2885562, 30.3760224 ], [ 79.2886114, 30.3762678 ], [ 79.2886322, 30.3762977 ], [ 79.2886689, 30.3763241 ], [ 79.2887079, 30.3763428 ], [ 79.2888001, 30.3763777 ], [ 79.288922500000012, 30.376403 ], [ 79.2890888, 30.3764531 ], [ 79.28924, 30.3765034 ], [ 79.2894527, 30.3765772 ], [ 79.2896059, 30.3766094 ], [ 79.2897694, 30.3766154 ], [ 79.2898993, 30.3767111 ], [ 79.2900893, 30.376798499999985 ], [ 79.2903301, 30.3768313 ], [ 79.290498, 30.376850499999989 ], [ 79.2905962, 30.3769406 ], [ 79.2905993, 30.3770746 ], [ 79.2906564, 30.3772057 ], [ 79.2907894, 30.3774271 ], [ 79.291103, 30.3777031 ], [ 79.2911917, 30.3778151 ], [ 79.2912044, 30.3779627 ], [ 79.291217, 30.378113 ], [ 79.2913374, 30.3782387 ], [ 79.2914198, 30.3782278 ], [ 79.2915021, 30.3781567 ], [ 79.2916637, 30.3780775 ], [ 79.2918157, 30.3780611 ], [ 79.2919297, 30.3781622 ], [ 79.2920755, 30.3782524 ], [ 79.2922212, 30.3784928 ], [ 79.2923352, 30.378624 ], [ 79.2925031, 30.3787798 ], [ 79.2927565, 30.3788426 ], [ 79.293016200000011, 30.3789 ], [ 79.293231600000013, 30.3790257 ], [ 79.2933932, 30.3791924 ], [ 79.2935294, 30.3793919 ], [ 79.2936149, 30.3795285 ], [ 79.2937828, 30.3796351 ], [ 79.2939507, 30.3796679 ], [ 79.2940901, 30.3796925 ], [ 79.2943308, 30.3797854 ], [ 79.2946507, 30.3799139 ], [ 79.2948313, 30.3800204 ], [ 79.295034, 30.3801243 ], [ 79.2952906, 30.3803429 ], [ 79.2954331, 30.3804085 ], [ 79.295553500000011, 30.3805314 ], [ 79.2957119, 30.3806107 ], [ 79.2958481, 30.3805998 ], [ 79.2959907, 30.3806107 ], [ 79.296092, 30.3806708 ], [ 79.2963423, 30.3808074 ], [ 79.2965767, 30.3808102 ], [ 79.296693200000021, 30.3808145 ], [ 79.2967596, 30.3808489 ], [ 79.2967857, 30.3808897 ], [ 79.2968174, 30.3809714 ], [ 79.2968713, 30.3811381 ], [ 79.2969513, 30.3812631 ], [ 79.2969976, 30.381344399999985 ], [ 79.2970075, 30.3814141 ], [ 79.2968515, 30.3818766 ], [ 79.2968018, 30.3819482 ], [ 79.2966844, 30.3820262 ], [ 79.2965577, 30.3821 ], [ 79.296507, 30.382212 ], [ 79.29652280000002, 30.3822913 ], [ 79.2966622, 30.38243060000001 ], [ 79.2969283, 30.3826902 ], [ 79.297063300000019, 30.3829134 ], [ 79.2971437, 30.3830646 ], [ 79.2972197, 30.3832231 ], [ 79.2972134, 30.3833789 ], [ 79.2972577, 30.3835264 ], [ 79.2972143, 30.3838399 ], [ 79.2971705, 30.3841674 ], [ 79.2971478, 30.3844435 ], [ 79.2970824, 30.3846306 ], [ 79.2969942, 30.3847972 ], [ 79.2967616, 30.385030399999987 ], [ 79.2965994, 30.385260599999985 ], [ 79.2965848, 30.385371500000012 ], [ 79.2966047, 30.3854665 ], [ 79.2966625, 30.3855457 ], [ 79.2967216, 30.3857278 ], [ 79.29664, 30.3859241 ], [ 79.2966628, 30.3860141 ], [ 79.296695, 30.386037 ], [ 79.2968202, 30.3860141 ], [ 79.296881, 30.3860276 ], [ 79.2969239, 30.3860623 ], [ 79.296931900000018, 30.3861132 ], [ 79.2969427, 30.3861705 ], [ 79.2969668, 30.3862427 ], [ 79.2970714, 30.3863793 ], [ 79.297125, 30.3864764 ], [ 79.2973074, 30.386610600000012 ], [ 79.2973396, 30.38665 ], [ 79.2975354, 30.386913700000012 ], [ 79.2978305, 30.387358 ], [ 79.2978787, 30.3875523 ], [ 79.2979699, 30.3876842 ], [ 79.2981335, 30.3880174 ], [ 79.2982838, 30.3882441 ], [ 79.2984313, 30.3885218 ], [ 79.2984816, 30.3887168 ], [ 79.2984664, 30.388905 ], [ 79.2984949, 30.3890113 ], [ 79.298512, 30.3891929 ], [ 79.2985537, 30.3893336 ], [ 79.2989368, 30.3897606 ], [ 79.2990165, 30.3897917 ], [ 79.2990563, 30.389795 ], [ 79.2991018, 30.3897361 ], [ 79.2990571, 30.3896341 ], [ 79.2989178, 30.3895087 ], [ 79.298859, 30.3894547 ], [ 79.2988078, 30.3893925 ], [ 79.2987111, 30.3892322 ], [ 79.2986861, 30.3888202 ], [ 79.2985815, 30.388376 ], [ 79.2984447, 30.3881099 ], [ 79.2984286, 30.3879063 ], [ 79.2983735, 30.3875945 ], [ 79.2982995, 30.3875045 ], [ 79.2982692, 30.3874015 ], [ 79.2982559, 30.3871953 ], [ 79.2981782, 30.3868779 ], [ 79.2981216, 30.3863861 ], [ 79.2982502, 30.386284 ], [ 79.298273, 30.3863151 ], [ 79.2983507, 30.3866161 ], [ 79.2984645, 30.3868845 ], [ 79.2985006, 30.3870317 ], [ 79.298603, 30.3873213 ], [ 79.298713, 30.3875176 ], [ 79.2988932, 30.3877221 ], [ 79.2989861, 30.3877974 ], [ 79.2991151, 30.3881066 ], [ 79.2991284, 30.3881802 ], [ 79.2990828, 30.3882866 ], [ 79.2990809, 30.3883602 ], [ 79.2992365, 30.3886956 ], [ 79.2992573, 30.3887267 ], [ 79.2993256, 30.3887676 ], [ 79.2995323, 30.3887937 ], [ 79.2997087, 30.3889034 ], [ 79.2997941, 30.388995 ], [ 79.2998434, 30.3890964 ], [ 79.299923, 30.3893729 ], [ 79.300162, 30.3897279 ], [ 79.3001867, 30.3897557 ], [ 79.3002549, 30.389795 ], [ 79.3004162, 30.3898195 ], [ 79.3005356, 30.3900142 ], [ 79.3005963, 30.39006 ], [ 79.3006324, 30.3900731 ], [ 79.3007689, 30.3900698 ], [ 79.300939600000021, 30.3900257 ], [ 79.3010629, 30.3900224 ], [ 79.3011843, 30.3900633 ], [ 79.3018614, 30.3901909 ], [ 79.3021667, 30.3901893 ], [ 79.3023147, 30.3901516 ], [ 79.3026048, 30.3900306 ], [ 79.3027642, 30.3899177 ], [ 79.3029804, 30.3896477 ], [ 79.3033312, 30.389296 ], [ 79.3035152, 30.389067 ], [ 79.3035797, 30.3890211 ], [ 79.3036935, 30.3889753 ], [ 79.3037959, 30.3889688 ], [ 79.3040102, 30.3890048 ], [ 79.3042245, 30.3890064 ], [ 79.3043383, 30.3889737 ], [ 79.304528, 30.3888837 ], [ 79.3048527, 30.3888063 ], [ 79.305984, 30.3886118 ], [ 79.306684500000017, 30.3881925 ], [ 79.3070962, 30.3877386 ], [ 79.3071699, 30.3877131 ], [ 79.3072277, 30.3877177 ], [ 79.3072893, 30.3877374 ], [ 79.3073279, 30.3877767 ], [ 79.3074209, 30.3879524 ], [ 79.307671, 30.3882114 ], [ 79.3078091, 30.3883702 ], [ 79.3078314, 30.3884873 ], [ 79.3078257, 30.3885403 ], [ 79.3078029, 30.3885923 ], [ 79.3076908, 30.3886955 ], [ 79.3074745, 30.3888958 ], [ 79.30716, 30.3892596 ], [ 79.3068752, 30.3893884 ], [ 79.3066465, 30.3896998 ], [ 79.3065548, 30.3899099 ], [ 79.3061473, 30.3900917 ], [ 79.3059936, 30.390230499999987 ], [ 79.30594, 30.390526399999985 ], [ 79.3058364, 30.3910351 ], [ 79.305324, 30.3921236 ], [ 79.3040301, 30.3938413 ], [ 79.3032012, 30.3946174 ], [ 79.300704, 30.3961587 ], [ 79.2999054, 30.396538 ], [ 79.2990209, 30.3966775 ], [ 79.2989127, 30.3967455 ], [ 79.2988913, 30.396801 ], [ 79.2988816, 30.3968598 ], [ 79.2988926, 30.396909199999985 ], [ 79.2989168, 30.396958399999985 ], [ 79.2990455, 30.3970463 ], [ 79.3004108, 30.3974143 ], [ 79.3006231, 30.3973445 ], [ 79.3007343, 30.3973315 ], [ 79.3008202, 30.3973881 ], [ 79.3009213, 30.3976671 ], [ 79.3009769, 30.3980682 ], [ 79.301174, 30.3986829 ], [ 79.301319, 30.3989962 ], [ 79.3014596, 30.399187 ], [ 79.3017702, 30.3993623 ], [ 79.3029267, 30.3999717 ], [ 79.3029993, 30.40004510000001 ], [ 79.3030152, 30.4001197 ], [ 79.3029682, 30.4002123 ], [ 79.3028918, 30.4002782 ], [ 79.3027697, 30.4003179 ], [ 79.302249, 30.4004873 ], [ 79.301826, 30.4006772 ], [ 79.3014013, 30.4007456 ], [ 79.3009649, 30.4008086 ], [ 79.3005219, 30.4008987 ], [ 79.300080400000013, 30.4009162 ], [ 79.2999762, 30.4008438 ], [ 79.2998448, 30.4007235 ], [ 79.2997784, 30.4007166 ], [ 79.2997159, 30.4007325 ], [ 79.2996805, 30.4007551 ], [ 79.2996309, 30.4008143 ], [ 79.2996222, 30.4009294 ], [ 79.2996703, 30.4012687 ], [ 79.299657, 30.401484699999987 ], [ 79.29961950000002, 30.4015714 ], [ 79.2995582, 30.4016326 ], [ 79.2994559, 30.4016686 ], [ 79.299344600000012, 30.401657 ], [ 79.2990224, 30.4016361 ], [ 79.2983273, 30.4016158 ], [ 79.2977617, 30.4016982 ], [ 79.297298, 30.4019138 ], [ 79.2972478, 30.4019592 ], [ 79.2972276, 30.4020005 ], [ 79.2972216, 30.4020404 ], [ 79.2972299, 30.4020822 ], [ 79.2972182, 30.402133 ], [ 79.2971022, 30.402255 ], [ 79.2970446, 30.4023186 ], [ 79.2970494, 30.4023547 ], [ 79.2970794, 30.402383400000012 ], [ 79.2971398, 30.4023765 ], [ 79.2972162, 30.4023348 ], [ 79.2974058, 30.4022571 ], [ 79.2976239, 30.4021868 ], [ 79.2977515, 30.4021793 ], [ 79.2978613, 30.4022064 ], [ 79.2979673, 30.4022758 ], [ 79.2980431, 30.4023312 ], [ 79.298172400000013, 30.4024031 ], [ 79.2983213, 30.4024517 ], [ 79.298492300000021, 30.4024254 ], [ 79.2987612, 30.4023475 ], [ 79.2989467, 30.4023804 ], [ 79.2993073, 30.4025132 ], [ 79.2996724, 30.4027797 ], [ 79.3000874, 30.4028749 ], [ 79.3004889, 30.4028005 ], [ 79.3007796, 30.4026087 ], [ 79.3008121, 30.4025925 ], [ 79.3008448, 30.4025946 ], [ 79.300880100000015, 30.4026087 ], [ 79.3009121, 30.4026462 ], [ 79.30085960000001, 30.4029701 ], [ 79.3008748, 30.4031827 ], [ 79.3008122, 30.4033284 ], [ 79.3004709, 30.40378 ], [ 79.3000349, 30.4042178 ], [ 79.2999937, 30.4042665 ], [ 79.299969500000017, 30.404337 ], [ 79.2999965, 30.4044947 ], [ 79.3000527, 30.4046678 ], [ 79.3001421, 30.4048527 ], [ 79.3002708, 30.4052719 ], [ 79.3002065, 30.4055185 ], [ 79.3001993, 30.4059131 ], [ 79.3002244, 30.4061584 ], [ 79.300188100000014, 30.4062617 ], [ 79.3000822, 30.4064225 ], [ 79.3000613, 30.406495899999982 ], [ 79.3000647, 30.4065202 ], [ 79.3000755, 30.4065434 ], [ 79.3001331, 30.4065983 ], [ 79.3001996, 30.4066202 ], [ 79.3005786, 30.40669 ], [ 79.3007259, 30.4067348 ], [ 79.3007982, 30.4067861 ], [ 79.3009122, 30.4070038 ], [ 79.3009953, 30.4071051 ], [ 79.301194, 30.4072437 ], [ 79.3012638, 30.4073042 ], [ 79.3013388, 30.4074195 ], [ 79.3013631, 30.407571 ], [ 79.3013671, 30.4077623 ], [ 79.3013166, 30.4079846 ], [ 79.3009527, 30.4081503 ], [ 79.3003411, 30.408438 ], [ 79.2999216, 30.4085513 ], [ 79.2993706, 30.4086472 ], [ 79.2988652, 30.4088695 ], [ 79.2984963, 30.4089872 ], [ 79.2982385, 30.4091746 ], [ 79.2981526, 30.4093316 ], [ 79.2981778, 30.4095408 ], [ 79.2982082, 30.409784899999984 ], [ 79.2982214, 30.4098611 ], [ 79.29821, 30.4099213 ], [ 79.2981715, 30.4099563 ], [ 79.2981228, 30.40998140000001 ], [ 79.296351200000018, 30.4105937 ], [ 79.2961943, 30.4107031 ], [ 79.2960853, 30.4108528 ], [ 79.2957871, 30.4110969 ], [ 79.2955217, 30.4113176 ], [ 79.2949026, 30.4117115 ], [ 79.2944022, 30.4119949 ], [ 79.2943583, 30.4120899 ], [ 79.2943972, 30.4121823 ], [ 79.2944401, 30.4122969 ], [ 79.2945387, 30.412382799999985 ], [ 79.2947459, 30.4124613 ], [ 79.2949228, 30.4124874 ], [ 79.2950846, 30.4124395 ], [ 79.2953322, 30.4123959 ], [ 79.2955867, 30.4124247 ], [ 79.2958326, 30.4124526 ], [ 79.296055, 30.4124438 ], [ 79.2981323, 30.4124177 ], [ 79.2989107, 30.412339199999987 ], [ 79.2991735, 30.4122172 ], [ 79.2995476, 30.4122215 ], [ 79.2998154, 30.4120995 ], [ 79.3000783, 30.4118423 ], [ 79.3001907, 30.4116937 ], [ 79.3003075, 30.4115999 ], [ 79.3003967, 30.4115596 ], [ 79.3005887, 30.4115459 ], [ 79.3008617, 30.4115677 ], [ 79.3011194, 30.4115982 ], [ 79.3013166, 30.4117726 ], [ 79.3015036, 30.4118597 ], [ 79.3016704, 30.41213 ], [ 79.301918, 30.4123262 ], [ 79.3021505, 30.4124831 ], [ 79.3023578, 30.4126967 ], [ 79.3024437, 30.4128274 ], [ 79.302476, 30.4129192 ], [ 79.3025397, 30.4129713 ], [ 79.3025807, 30.4129862 ], [ 79.3026249, 30.4129874 ], [ 79.3027229, 30.412964 ], [ 79.302934, 30.4128579 ], [ 79.3031462, 30.4127708 ], [ 79.3034242, 30.4127751 ], [ 79.3036871, 30.4128231 ], [ 79.3038219, 30.4128235 ], [ 79.3038782, 30.4128151 ], [ 79.3039177, 30.4127966 ], [ 79.303996, 30.412727 ], [ 79.3041097, 30.4125742 ], [ 79.3041748, 30.4122717 ], [ 79.3043365, 30.4121213 ], [ 79.3044983, 30.4119208 ], [ 79.3045994, 30.4116527 ], [ 79.3045994, 30.4115001 ], [ 79.3046297, 30.4112648 ], [ 79.3047282, 30.4111253 ], [ 79.3048116, 30.4108289 ], [ 79.3049127, 30.4104823 ], [ 79.3049683, 30.4103123 ], [ 79.30509720000002, 30.4101532 ], [ 79.3051654, 30.4099854 ], [ 79.305228600000021, 30.4098263 ], [ 79.3053423, 30.4095975 ], [ 79.3053849, 30.4095546 ], [ 79.3054295, 30.4095296 ], [ 79.3054841, 30.4095269 ], [ 79.3055351, 30.4095361 ], [ 79.3056211, 30.4095659 ], [ 79.3057619, 30.409636699999986 ], [ 79.3059135, 30.409811 ], [ 79.3061081, 30.4099527 ], [ 79.3062622, 30.4100116 ], [ 79.3064669, 30.4100857 ], [ 79.3066236, 30.410175 ], [ 79.3067854, 30.4102469 ], [ 79.3069218, 30.4102818 ], [ 79.3069901, 30.410345 ], [ 79.3070633, 30.4105891 ], [ 79.3070987, 30.4108201 ], [ 79.3071341, 30.4110207 ], [ 79.3072529, 30.4112233 ], [ 79.3073893, 30.4113846 ], [ 79.307573800000014, 30.4114827 ], [ 79.3078114, 30.4115982 ], [ 79.3080085, 30.4116854 ], [ 79.308097, 30.4117878 ], [ 79.3080818, 30.4119556 ], [ 79.3080262, 30.4120385 ], [ 79.3078771, 30.4122673 ], [ 79.3077507, 30.4124787 ], [ 79.3076598, 30.4126487 ], [ 79.3075603, 30.412892 ], [ 79.3073161, 30.413219699999988 ], [ 79.307128, 30.4136847 ], [ 79.3071291, 30.4140523 ], [ 79.3073395, 30.4145167 ], [ 79.3075683, 30.4147417 ], [ 79.3077184, 30.4150129 ], [ 79.307797, 30.415167 ], [ 79.3078506, 30.4152872 ], [ 79.3080364, 30.4154999 ], [ 79.3081723, 30.4156016 ], [ 79.3085654, 30.4158913 ], [ 79.3087023, 30.4158632 ] ] } },
{ "type": "Feature", "properties": { "osm_id": 903341793, "highway": "primary", "name": null, "name_en": null, "ref": "SH 34", "surface": "unknown", "maxspeed": null, "oneway": "no", "access": "yes", "motor_vehicle": null, "bridge": "yes", "tunnel": "no", "smoothness": null, "tracktype": null, "lanes": null, "layer": "1", "length_m": 18.44, "assumed_speed_kmh": 30.0, "travel_time_min": 0.0369, "is_vehicular": true, "is_arterial": true }, "geometry": { "type": "LineString", "coordinates": [ [ 79.2681898, 30.3724775 ], [ 79.2683814, 30.3724697 ] ] } },
{ "type": "Feature", "properties": { "osm_id": 903957426, "highway": "trunk", "name": null, "name_en": null, "ref": "NH7", "surface": "unknown", "maxspeed": "50", "oneway": "no", "access": "yes", "motor_vehicle": null, "bridge": "no", "tunnel": "no", "smoothness": null, "tracktype": null, "lanes": "2", "layer": "0", "length_m": 18.89, "assumed_speed_kmh": 35.0, "travel_time_min": 0.0324, "is_vehicular": true, "is_arterial": true }, "geometry": { "type": "LineString", "coordinates": [ [ 79.4447341, 30.4619872 ], [ 79.4448064, 30.4619641 ], [ 79.4449257, 30.4619561 ] ] } },
{ "type": "Feature", "properties": { "osm_id": 903957427, "highway": "trunk", "name": null, "name_en": null, "ref": "NH7", "surface": "unknown", "maxspeed": "50", "oneway": "no", "access": "yes", "motor_vehicle": null, "bridge": "yes", "tunnel": "no", "smoothness": null, "tracktype": null, "lanes": "2", "layer": "1", "length_m": 33.11, "assumed_speed_kmh": 35.0, "travel_time_min": 0.0568, "is_vehicular": true, "is_arterial": true }, "geometry": { "type": "LineString", "coordinates": [ [ 79.4444406, 30.462143899999987 ], [ 79.4447341, 30.4619872 ] ] } },
{ "type": "Feature", "properties": { "osm_id": 904926963, "highway": "trunk", "name": null, "name_en": null, "ref": "NH109K", "surface": "asphalt", "maxspeed": null, "oneway": "no", "access": "yes", "motor_vehicle": null, "bridge": "no", "tunnel": "no", "smoothness": null, "tracktype": null, "lanes": null, "layer": "0", "length_m": 2643.78, "assumed_speed_kmh": 35.0, "travel_time_min": 4.5322, "is_vehicular": true, "is_arterial": true }, "geometry": { "type": "LineString", "coordinates": [ [ 79.3896979, 30.1279291 ], [ 79.3896974, 30.1278383 ], [ 79.3897001, 30.1277552 ], [ 79.389711, 30.1276557 ], [ 79.38973, 30.1275515 ], [ 79.3897983, 30.1272975 ], [ 79.3898792, 30.1271101 ], [ 79.3900931, 30.1266826 ], [ 79.39031, 30.1263801 ], [ 79.3909048, 30.1256813 ], [ 79.3926321, 30.1243383 ], [ 79.3938752, 30.1235195 ], [ 79.394629, 30.1230947 ], [ 79.3948919, 30.1229838 ], [ 79.3954344, 30.122925 ], [ 79.3962172, 30.1227858 ], [ 79.3965049, 30.122574799999985 ], [ 79.3967063, 30.1224288 ], [ 79.3968728, 30.1224276 ], [ 79.3977673, 30.1221184 ], [ 79.3978261, 30.1220981 ], [ 79.3981039, 30.1218977 ], [ 79.3983855, 30.121806 ], [ 79.398667, 30.1215797 ], [ 79.3989421, 30.1212785 ], [ 79.3990978, 30.1209192 ], [ 79.3997677, 30.120583 ], [ 79.4000694, 30.1204871 ], [ 79.4003562, 30.1203063 ], [ 79.4005224, 30.120166300000012 ], [ 79.4009802, 30.1196512 ], [ 79.4015072, 30.1194705 ], [ 79.4022014, 30.1190694 ], [ 79.4028263, 30.1187717 ], [ 79.4031751, 30.1185234 ], [ 79.4033148, 30.1183697 ], [ 79.4034013, 30.118171599999989 ], [ 79.4039874, 30.1178626 ], [ 79.4040593, 30.1178022 ], [ 79.4041426, 30.1177323 ], [ 79.4044699, 30.1174964 ], [ 79.4047245, 30.117371699999985 ], [ 79.4049352, 30.1173084 ], [ 79.4061894, 30.1171123 ], [ 79.4068965, 30.1170302 ], [ 79.4077642, 30.117208 ], [ 79.4079695, 30.1171936 ], [ 79.4081847, 30.1170672 ], [ 79.4083383, 30.1169116 ], [ 79.4083959, 30.1167262 ], [ 79.4083965, 30.116215 ], [ 79.4083697, 30.1159495 ], [ 79.4083446, 30.1157061 ], [ 79.4083375, 30.1155663 ], [ 79.408375, 30.1154238 ], [ 79.4086823, 30.1148604 ], [ 79.4088726, 30.1147124 ], [ 79.4089966, 30.1145569 ], [ 79.4090589, 30.1144234 ], [ 79.409076, 30.1142534 ], [ 79.409084, 30.1140899 ] ] } },
{ "type": "Feature", "properties": { "osm_id": 904926964, "highway": "trunk", "name": null, "name_en": null, "ref": "NH109K", "surface": "asphalt", "maxspeed": null, "oneway": "no", "access": "yes", "motor_vehicle": null, "bridge": "no", "tunnel": "no", "smoothness": null, "tracktype": null, "lanes": null, "layer": "0", "length_m": 430.09, "assumed_speed_kmh": 35.0, "travel_time_min": 0.7373, "is_vehicular": true, "is_arterial": true }, "geometry": { "type": "LineString", "coordinates": [ [ 79.3740488, 30.1449766 ], [ 79.3739272, 30.1446874 ], [ 79.3741436, 30.1440454 ], [ 79.3739065, 30.1437518 ], [ 79.3739488, 30.1434401 ], [ 79.3743621, 30.1431184 ], [ 79.3744456, 30.1427966 ], [ 79.3746394, 30.1425451 ], [ 79.3750342, 30.1423793 ], [ 79.3753673, 30.1421076 ], [ 79.3753675, 30.1419647 ], [ 79.3754867, 30.1417996 ] ] } },
{ "type": "Feature", "properties": { "osm_id": 905375809, "highway": "trunk", "name": null, "name_en": null, "ref": "NH7", "surface": "unknown", "maxspeed": "50", "oneway": "no", "access": "yes", "motor_vehicle": null, "bridge": "no", "tunnel": "no", "smoothness": null, "tracktype": null, "lanes": "2", "layer": "0", "length_m": 2164.19, "assumed_speed_kmh": 35.0, "travel_time_min": 3.71, "is_vehicular": true, "is_arterial": true }, "geometry": { "type": "LineString", "coordinates": [ [ 79.4915819, 30.508432 ], [ 79.4914518, 30.5086192 ], [ 79.4910844, 30.5089519 ], [ 79.4908913, 30.5093032 ], [ 79.4911059, 30.5100057 ], [ 79.491243, 30.5103213 ], [ 79.4913895, 30.5109845 ], [ 79.491529, 30.5112974 ], [ 79.4920799, 30.511627 ], [ 79.4921377, 30.5116585 ], [ 79.4928458, 30.5116008 ], [ 79.4929987, 30.511647 ], [ 79.4930643, 30.5116871 ], [ 79.4930765, 30.5117671 ], [ 79.4928604, 30.5130587 ], [ 79.4927703, 30.5138263 ], [ 79.4928776, 30.5141591 ], [ 79.4932075, 30.5144128 ], [ 79.4933309, 30.5150229 ], [ 79.4936232, 30.5155039 ], [ 79.4937788, 30.5156287 ], [ 79.4940953, 30.5157627 ], [ 79.4943501, 30.5163815 ], [ 79.4950824, 30.5168256 ], [ 79.495364, 30.5173751 ], [ 79.4955597, 30.517974 ], [ 79.4958415, 30.5180452 ], [ 79.4962384, 30.5181052 ], [ 79.4967051, 30.5181491 ], [ 79.4969813, 30.5183599 ], [ 79.4970457, 30.5185142 ], [ 79.49708870000002, 30.5186973 ], [ 79.4970377, 30.5192403 ], [ 79.4970403, 30.5194921 ], [ 79.496845, 30.519697499999985 ], [ 79.4965817, 30.520012 ], [ 79.4966036, 30.5202312 ], [ 79.4968714, 30.5204487 ], [ 79.497458800000018, 30.5207046 ], [ 79.4979416, 30.5208092 ], [ 79.498150800000019, 30.5209247 ], [ 79.4981696, 30.521742199999984 ], [ 79.4983118, 30.5222417 ], [ 79.4983881, 30.5228801 ], [ 79.4984941, 30.523189 ], [ 79.4989106, 30.5236008 ] ] } },
{ "type": "Feature", "properties": { "osm_id": 905375810, "highway": "trunk", "name": null, "name_en": null, "ref": "NH7", "surface": "unknown", "maxspeed": "50", "oneway": "no", "access": "yes", "motor_vehicle": null, "bridge": "no", "tunnel": "no", "smoothness": null, "tracktype": null, "lanes": "2", "layer": "0", "length_m": 14.73, "assumed_speed_kmh": 35.0, "travel_time_min": 0.0253, "is_vehicular": true, "is_arterial": true }, "geometry": { "type": "LineString", "coordinates": [ [ 79.4914948, 30.5082078 ], [ 79.4915437, 30.5083338 ] ] } },
{ "type": "Feature", "properties": { "osm_id": 905375812, "highway": "trunk", "name": null, "name_en": null, "ref": "NH7", "surface": "unknown", "maxspeed": "50", "oneway": "no", "access": "yes", "motor_vehicle": null, "bridge": "no", "tunnel": "no", "smoothness": null, "tracktype": null, "lanes": "2", "layer": "0", "length_m": 2.4, "assumed_speed_kmh": 35.0, "travel_time_min": 0.0041, "is_vehicular": true, "is_arterial": true }, "geometry": { "type": "LineString", "coordinates": [ [ 79.491574, 30.5084115 ], [ 79.4915819, 30.508432 ] ] } },
{ "type": "Feature", "properties": { "osm_id": 905375813, "highway": "trunk", "name": null, "name_en": null, "ref": "NH7", "surface": "unknown", "maxspeed": "50", "oneway": "no", "access": "yes", "motor_vehicle": null, "bridge": "yes", "tunnel": "no", "smoothness": null, "tracktype": null, "lanes": "2", "layer": "1", "length_m": 9.09, "assumed_speed_kmh": 35.0, "travel_time_min": 0.0156, "is_vehicular": true, "is_arterial": true }, "geometry": { "type": "LineString", "coordinates": [ [ 79.4915437, 30.5083338 ], [ 79.491574, 30.5084115 ] ] } },
{ "type": "Feature", "properties": { "osm_id": 905740007, "highway": "trunk", "name": null, "name_en": null, "ref": "NH7", "surface": "unknown", "maxspeed": "50", "oneway": "no", "access": "yes", "motor_vehicle": null, "bridge": "no", "tunnel": "no", "smoothness": null, "tracktype": null, "lanes": "2", "layer": "0", "length_m": 176.15, "assumed_speed_kmh": 35.0, "travel_time_min": 0.302, "is_vehicular": true, "is_arterial": true }, "geometry": { "type": "LineString", "coordinates": [ [ 79.3213794, 30.3264209 ], [ 79.321566, 30.3265282 ], [ 79.321736, 30.3269282 ], [ 79.321736, 30.3270682 ], [ 79.321526, 30.3275682 ], [ 79.321452, 30.3278576 ] ] } },
{ "type": "Feature", "properties": { "osm_id": 905740008, "highway": "trunk", "name": null, "name_en": null, "ref": "NH7", "surface": "unknown", "maxspeed": "50", "oneway": "no", "access": "yes", "motor_vehicle": null, "bridge": "yes", "tunnel": "no", "smoothness": null, "tracktype": null, "lanes": "2", "layer": "1", "length_m": 9.05, "assumed_speed_kmh": 35.0, "travel_time_min": 0.0155, "is_vehicular": true, "is_arterial": true }, "geometry": { "type": "LineString", "coordinates": [ [ 79.321452, 30.3278576 ], [ 79.3214316, 30.3279373 ] ] } },
{ "type": "Feature", "properties": { "osm_id": 906540355, "highway": "trunk", "name": null, "name_en": null, "ref": "NH109", "surface": "unknown", "maxspeed": "50", "oneway": "no", "access": "yes", "motor_vehicle": null, "bridge": "no", "tunnel": "no", "smoothness": null, "tracktype": null, "lanes": "2", "layer": "0", "length_m": 9.79, "assumed_speed_kmh": 35.0, "travel_time_min": 0.0168, "is_vehicular": true, "is_arterial": true }, "geometry": { "type": "LineString", "coordinates": [ [ 79.2563733, 30.2299219 ], [ 79.2563942, 30.2300083 ] ] } },
{ "type": "Feature", "properties": { "osm_id": 906540356, "highway": "trunk", "name": null, "name_en": null, "ref": "NH109", "surface": "unknown", "maxspeed": "50", "oneway": "no", "access": "yes", "motor_vehicle": null, "bridge": "no", "tunnel": "no", "smoothness": null, "tracktype": null, "lanes": "2", "layer": "0", "length_m": 163.88, "assumed_speed_kmh": 35.0, "travel_time_min": 0.2809, "is_vehicular": true, "is_arterial": true }, "geometry": { "type": "LineString", "coordinates": [ [ 79.2563942, 30.2300083 ], [ 79.2564101, 30.2301362 ], [ 79.2563829, 30.2304871 ], [ 79.256334, 30.23098 ], [ 79.2563393, 30.2314833 ] ] } },
{ "type": "Feature", "properties": { "osm_id": 908657551, "highway": "trunk", "name": null, "name_en": null, "ref": "NH7", "surface": "unknown", "maxspeed": "50", "oneway": "no", "access": "yes", "motor_vehicle": null, "bridge": "no", "tunnel": "no", "smoothness": null, "tracktype": null, "lanes": "2", "layer": "0", "length_m": 539.15, "assumed_speed_kmh": 35.0, "travel_time_min": 0.9243, "is_vehicular": true, "is_arterial": true }, "geometry": { "type": "LineString", "coordinates": [ [ 78.9856098, 30.2872758 ], [ 78.9853072, 30.2872149 ], [ 78.9850786, 30.2872261 ], [ 78.9847824, 30.2872361 ], [ 78.9844039, 30.2871443 ], [ 78.9841101, 30.2869948 ], [ 78.9837283, 30.2867863 ], [ 78.9833367, 30.2866462 ], [ 78.9832603, 30.2865059 ], [ 78.9832234, 30.2863434 ], [ 78.9832674, 30.2862545 ], [ 78.9834532, 30.2859927 ], [ 78.983587, 30.2857978 ], [ 78.9838824, 30.2853339 ], [ 78.9838824, 30.2852139 ], [ 78.983776, 30.2850274 ], [ 78.9834777, 30.2849249 ], [ 78.9832124, 30.2848539 ], [ 78.9827654, 30.284994 ] ] } },
{ "type": "Feature", "properties": { "osm_id": 908657552, "highway": "trunk", "name": null, "name_en": null, "ref": "NH7", "surface": "unknown", "maxspeed": "50", "oneway": "no", "access": "yes", "motor_vehicle": null, "bridge": "no", "tunnel": "no", "smoothness": null, "tracktype": null, "lanes": "2", "layer": "0", "length_m": 1870.71, "assumed_speed_kmh": 35.0, "travel_time_min": 3.2069, "is_vehicular": true, "is_arterial": true }, "geometry": { "type": "LineString", "coordinates": [ [ 78.9965372, 30.3018602 ], [ 78.9961045, 30.3016815 ], [ 78.9957755, 30.3014987 ], [ 78.9956562, 30.3013173 ], [ 78.995546200000021, 30.301223599999986 ], [ 78.99532, 30.3011319 ], [ 78.9950262, 30.3008416 ], [ 78.9947286, 30.3003467 ], [ 78.9944607, 30.3002329 ], [ 78.9941073, 30.300148299999986 ], [ 78.9937825, 30.2998936 ], [ 78.9924438, 30.2983617 ], [ 78.9919736, 30.2979447 ], [ 78.991705, 30.2976748 ], [ 78.9913769, 30.2972263 ], [ 78.9910752, 30.2968608 ], [ 78.9906125, 30.2964515 ], [ 78.9898869, 30.2952713 ], [ 78.9897017, 30.2950651 ], [ 78.9895559, 30.2949027 ], [ 78.9894348, 30.2945125 ], [ 78.989117300000018, 30.2939517 ], [ 78.9888632, 30.2936249 ], [ 78.9885361, 30.2932108 ], [ 78.9884145, 30.2926522 ], [ 78.9882018, 30.2920391 ], [ 78.9881696, 30.291429599999987 ], [ 78.98816, 30.2911706 ], [ 78.9880911, 30.2908474 ], [ 78.9878566, 30.2906235 ], [ 78.9876189, 30.290493 ], [ 78.9873886, 30.2902141 ], [ 78.9873189, 30.2900201 ], [ 78.9872552, 30.2898025 ], [ 78.9873396, 30.289595 ], [ 78.9872267, 30.2893422 ], [ 78.9871623, 30.2890374 ], [ 78.9870873, 30.2889034 ], [ 78.9868262, 30.2886845 ], [ 78.9866722, 30.2884651 ], [ 78.9864756, 30.2882619 ] ] } },
{ "type": "Feature", "properties": { "osm_id": 908657553, "highway": "trunk", "name": null, "name_en": null, "ref": "NH107", "surface": "unknown", "maxspeed": "50", "oneway": "no", "access": "yes", "motor_vehicle": null, "bridge": "no", "tunnel": "no", "smoothness": null, "tracktype": null, "lanes": "2", "layer": "0", "length_m": 28.03, "assumed_speed_kmh": 35.0, "travel_time_min": 0.0481, "is_vehicular": true, "is_arterial": true }, "geometry": { "type": "LineString", "coordinates": [ [ 78.978462, 30.2962269 ], [ 78.9782706, 30.2964175 ] ] } },
{ "type": "Feature", "properties": { "osm_id": 909713008, "highway": "trunk", "name": null, "name_en": null, "ref": "NH109K", "surface": "asphalt", "maxspeed": null, "oneway": "no", "access": "yes", "motor_vehicle": null, "bridge": "no", "tunnel": "no", "smoothness": null, "tracktype": null, "lanes": null, "layer": "0", "length_m": 16.99, "assumed_speed_kmh": 35.0, "travel_time_min": 0.0291, "is_vehicular": true, "is_arterial": true }, "geometry": { "type": "LineString", "coordinates": [ [ 79.409084, 30.1140899 ], [ 79.4091178, 30.1140627 ], [ 79.4092448, 30.1140376 ] ] } },
{ "type": "Feature", "properties": { "osm_id": 909713009, "highway": "trunk", "name": null, "name_en": null, "ref": "NH109K", "surface": "asphalt", "maxspeed": null, "oneway": "no", "access": "yes", "motor_vehicle": null, "bridge": "yes", "tunnel": "no", "smoothness": null, "tracktype": null, "lanes": null, "layer": "1", "length_m": 9.04, "assumed_speed_kmh": 35.0, "travel_time_min": 0.0155, "is_vehicular": true, "is_arterial": true }, "geometry": { "type": "LineString", "coordinates": [ [ 79.4092448, 30.1140376 ], [ 79.4093363, 30.1140195 ] ] } },
{ "type": "Feature", "properties": { "osm_id": 909713010, "highway": "trunk", "name": null, "name_en": null, "ref": "NH109K", "surface": "asphalt", "maxspeed": null, "oneway": "no", "access": "yes", "motor_vehicle": null, "bridge": "no", "tunnel": "no", "smoothness": null, "tracktype": null, "lanes": null, "layer": "0", "length_m": 4876.6, "assumed_speed_kmh": 35.0, "travel_time_min": 8.3599, "is_vehicular": true, "is_arterial": true }, "geometry": { "type": "LineString", "coordinates": [ [ 79.4093363, 30.1140195 ], [ 79.4093968, 30.1140075 ], [ 79.4094974, 30.1139924 ], [ 79.4095903, 30.1140841 ], [ 79.409645400000016, 30.1142297 ], [ 79.409757, 30.1146228 ], [ 79.4097355, 30.1153694 ], [ 79.409737, 30.1155507 ], [ 79.4096601, 30.1157546 ], [ 79.4094906, 30.1159417 ], [ 79.4093242, 30.1163567 ], [ 79.4092552, 30.116611400000011 ], [ 79.4092212, 30.1167966 ], [ 79.4092255, 30.116979900000011 ], [ 79.4093093, 30.1172805 ], [ 79.4093931, 30.1174784 ], [ 79.4095124, 30.1176427 ], [ 79.4096498, 30.1177366 ], [ 79.4100217, 30.117927 ], [ 79.4106448, 30.1182111 ], [ 79.4114759, 30.1185883 ], [ 79.4118241, 30.1187098 ], [ 79.4125501, 30.1186435 ], [ 79.4142388, 30.1187409 ], [ 79.416406, 30.1184207 ], [ 79.4171527, 30.1185934 ], [ 79.4182127, 30.1184876 ], [ 79.419262, 30.1185878 ], [ 79.4210848, 30.1179558 ], [ 79.4221717, 30.1181052 ], [ 79.4230289, 30.1178147 ], [ 79.4246146, 30.1169415 ], [ 79.425121, 30.1167521 ], [ 79.4257669, 30.1159475 ], [ 79.4258967, 30.1157081 ], [ 79.4266992, 30.1145007 ], [ 79.4273408, 30.1143002 ], [ 79.427719, 30.1142503 ], [ 79.4279516, 30.1139322 ], [ 79.4282167, 30.1136725 ], [ 79.4284395, 30.1130772 ], [ 79.4288814, 30.1126047 ], [ 79.4289705, 30.1122668 ], [ 79.4289846, 30.1120831 ], [ 79.428911, 30.1116271 ], [ 79.4287668, 30.1113351 ], [ 79.4286593, 30.1108971 ], [ 79.4288613, 30.110153499999988 ], [ 79.4291043, 30.1098415 ], [ 79.4293411, 30.1095354 ], [ 79.4301113, 30.1081657 ], [ 79.4303616, 30.1079267 ], [ 79.4305165, 30.1076224 ], [ 79.4306675, 30.1074411 ], [ 79.4313029, 30.1070323 ], [ 79.4315285, 30.1069707 ], [ 79.4316543, 30.1070038 ], [ 79.4321392, 30.1065771 ], [ 79.4321392, 30.1064424 ], [ 79.432132, 30.1063064 ], [ 79.4322484, 30.1060546 ], [ 79.4323951, 30.1058853 ], [ 79.432465, 30.1057443 ], [ 79.4326016, 30.1055392 ], [ 79.4327003, 30.1052089 ], [ 79.4327332, 30.1040023 ], [ 79.4325924, 30.103714599999989 ], [ 79.4322005, 30.1032122 ], [ 79.43206170000002, 30.103056500000012 ], [ 79.4318247, 30.102790599999988 ], [ 79.4316609, 30.1021295 ], [ 79.43150390000001, 30.1018691 ], [ 79.4315804, 30.1014865 ], [ 79.4314495, 30.1009843 ], [ 79.4313162, 30.1000916 ], [ 79.4318972, 30.0992425 ], [ 79.4322244, 30.0991189 ], [ 79.4323078, 30.098988 ], [ 79.4323395, 30.0988905 ], [ 79.432475600000018, 30.0982707 ], [ 79.4328577, 30.0975891 ], [ 79.4330651, 30.0974564 ], [ 79.434582, 30.0966862 ], [ 79.434978, 30.0961801 ], [ 79.4351579, 30.095942 ], [ 79.4352006, 30.0957933 ], [ 79.4352517, 30.0957359 ], [ 79.4353099, 30.0956705 ] ] } },
{ "type": "Feature", "properties": { "osm_id": 913512040, "highway": "primary", "name": null, "name_en": null, "ref": "SH 34", "surface": "unknown", "maxspeed": null, "oneway": "no", "access": "yes", "motor_vehicle": null, "bridge": "no", "tunnel": "no", "smoothness": null, "tracktype": null, "lanes": null, "layer": "0", "length_m": 2608.61, "assumed_speed_kmh": 30.0, "travel_time_min": 5.2172, "is_vehicular": true, "is_arterial": true }, "geometry": { "type": "LineString", "coordinates": [ [ 79.2040922, 30.3561409 ], [ 79.2039849, 30.355978 ], [ 79.2040008, 30.3558322 ], [ 79.2039829, 30.3557979 ], [ 79.2039809, 30.3556418 ], [ 79.2040326, 30.3555389 ], [ 79.2040345, 30.3554069 ], [ 79.2039352, 30.35522 ], [ 79.2036867, 30.3548873 ], [ 79.2036569, 30.354525400000011 ], [ 79.2036212, 30.3545014 ], [ 79.2035377, 30.3544808 ], [ 79.2032575, 30.3544054 ], [ 79.203178, 30.3543213 ], [ 79.2030309, 30.3540727 ], [ 79.2029415, 30.3539886 ], [ 79.2029057, 30.3538394 ], [ 79.2028401, 30.3537417 ], [ 79.2027209, 30.3536353 ], [ 79.2025082, 30.3535633 ], [ 79.2023234, 30.3532786 ], [ 79.2023294, 30.3531654 ], [ 79.2023532, 30.3530951 ], [ 79.202269700000016, 30.3528756 ], [ 79.2020193, 30.3527281 ], [ 79.2017113, 30.3526132 ], [ 79.2016894, 30.3525772 ], [ 79.2016199, 30.3525343 ], [ 79.2014092, 30.3524503 ], [ 79.2011727, 30.3522805 ], [ 79.2010972, 30.352193 ], [ 79.2011588, 30.3520541 ], [ 79.2012085, 30.3519907 ], [ 79.2014609, 30.3518449 ], [ 79.2015483, 30.3517626 ], [ 79.201693400000011, 30.3515756 ], [ 79.20191, 30.351447 ], [ 79.202073, 30.3511915 ], [ 79.2021326, 30.351133199999985 ], [ 79.2021684, 30.3510629 ], [ 79.2024128, 30.350761 ], [ 79.2024844, 30.350713 ], [ 79.2026732, 30.3505038 ], [ 79.2027447, 30.350455700000012 ], [ 79.2028401, 30.35032880000001 ], [ 79.2030428, 30.350111 ], [ 79.2031223, 30.3498623 ], [ 79.2031959, 30.349768 ], [ 79.203329, 30.3496754 ], [ 79.203549600000017, 30.3496188 ], [ 79.2036649, 30.3495605 ], [ 79.2037285, 30.349509 ], [ 79.2037424, 30.3494747 ], [ 79.204126, 30.3490854 ], [ 79.2042392, 30.3489311 ], [ 79.2043585, 30.3488745 ], [ 79.2045373, 30.348823 ], [ 79.20457110000001, 30.3488007 ], [ 79.204612900000015, 30.3487253 ], [ 79.2046725, 30.348667 ], [ 79.204742, 30.3486241 ], [ 79.205068, 30.3485589 ], [ 79.2052806, 30.3485881 ], [ 79.2055171, 30.3487596 ], [ 79.2056652, 30.3487681 ], [ 79.20577950000002, 30.3487098 ], [ 79.2058451, 30.3486601 ], [ 79.2060537, 30.3483823 ], [ 79.2062127, 30.3482433 ], [ 79.2064393, 30.348125 ], [ 79.20664, 30.3479038 ], [ 79.2067195, 30.3478677 ], [ 79.2068109, 30.3478472 ], [ 79.2070275, 30.3478403 ], [ 79.207121, 30.3477631 ], [ 79.2074131, 30.3476671 ], [ 79.2077251, 30.3475041 ], [ 79.2081743, 30.347207399999984 ], [ 79.2083194, 30.3470634 ], [ 79.2083671, 30.346969 ], [ 79.2083671, 30.3469313 ], [ 79.2083213, 30.3468181 ], [ 79.2082657, 30.3467615 ], [ 79.2078464, 30.3465969 ], [ 79.2075502, 30.3464116 ], [ 79.2073376, 30.3463173 ], [ 79.2070534, 30.346259 ], [ 79.2067712, 30.3462556 ], [ 79.2066022, 30.346211 ], [ 79.2062882, 30.346283 ], [ 79.2061869, 30.3462676 ], [ 79.2058093, 30.3463053 ], [ 79.2056185, 30.3462864 ], [ 79.2053979, 30.3462384 ], [ 79.2052131, 30.3462298 ], [ 79.2050739, 30.3462058 ], [ 79.2049547, 30.3461561 ], [ 79.2048355, 30.3460463 ], [ 79.2047211, 30.3459533 ], [ 79.2044069, 30.3457083 ], [ 79.2043301, 30.3456558 ], [ 79.2042371, 30.34562840000001 ], [ 79.2041004, 30.3456174 ], [ 79.2039739, 30.3456466 ], [ 79.2037138, 30.3457096 ], [ 79.2034947, 30.3456958 ], [ 79.2032854, 30.345645 ], [ 79.2027127, 30.3455408 ], [ 79.202629, 30.3455413 ], [ 79.2025471, 30.3455513 ], [ 79.2021549, 30.3456346 ], [ 79.2020465, 30.3456466 ], [ 79.2019291, 30.3456348 ], [ 79.2017781, 30.3455737 ], [ 79.2015877, 30.3454865 ], [ 79.201119, 30.3452459 ], [ 79.2009259, 30.3451163 ], [ 79.2007889, 30.3450425 ], [ 79.2006899, 30.3449542 ], [ 79.2006019, 30.344775 ], [ 79.2005611, 30.3445885 ], [ 79.2005182, 30.3442737 ], [ 79.200511, 30.3442239 ], [ 79.2005244, 30.344158499999988 ], [ 79.2005475, 30.3441078 ], [ 79.2005826, 30.3440654 ], [ 79.2006845, 30.3439589 ], [ 79.2006891, 30.3439318 ], [ 79.2006856, 30.3439003 ], [ 79.2006749, 30.3438695 ], [ 79.2006631, 30.3438478 ], [ 79.2004181, 30.3436309 ], [ 79.2001873, 30.343496 ], [ 79.2001303, 30.3434825 ], [ 79.2000865, 30.3434853 ], [ 79.2000586, 30.3434963 ], [ 79.2000397, 30.3435148 ], [ 79.1999971, 30.3436059 ], [ 79.1999624, 30.343693699999989 ] ] } },
{ "type": "Feature", "properties": { "osm_id": 913512041, "highway": "primary", "name": null, "name_en": null, "ref": "SH 34", "surface": "unknown", "maxspeed": null, "oneway": "no", "access": "yes", "motor_vehicle": null, "bridge": "yes", "tunnel": "no", "smoothness": null, "tracktype": null, "lanes": null, "layer": "1", "length_m": 9.17, "assumed_speed_kmh": 30.0, "travel_time_min": 0.0183, "is_vehicular": true, "is_arterial": true }, "geometry": { "type": "LineString", "coordinates": [ [ 79.2040922, 30.3561409 ], [ 79.2041578, 30.3562009 ] ] } },
{ "type": "Feature", "properties": { "osm_id": 913515358, "highway": "trunk", "name": null, "name_en": null, "ref": "NH107", "surface": "unknown", "maxspeed": "50", "oneway": "no", "access": "yes", "motor_vehicle": null, "bridge": "no", "tunnel": "no", "smoothness": null, "tracktype": null, "lanes": "2", "layer": "0", "length_m": 1725.96, "assumed_speed_kmh": 35.0, "travel_time_min": 2.9588, "is_vehicular": true, "is_arterial": true }, "geometry": { "type": "LineString", "coordinates": [ [ 79.085281, 30.4906734 ], [ 79.085048, 30.4909042 ], [ 79.084827, 30.4910558 ], [ 79.0846564, 30.4912712 ], [ 79.0845985, 30.491628099999989 ], [ 79.0847927, 30.4920432 ], [ 79.0849204, 30.492503599999985 ], [ 79.08512, 30.49277 ], [ 79.0860855, 30.4931156 ], [ 79.086534, 30.49327 ], [ 79.0871284, 30.4932404 ], [ 79.0875994, 30.4934771 ], [ 79.08815, 30.49391 ], [ 79.0883969, 30.4941051 ], [ 79.0884223, 30.4943136 ], [ 79.0883867, 30.4945675 ], [ 79.0882107, 30.4949237 ], [ 79.0876587, 30.4955759 ], [ 79.0872861, 30.4963004 ], [ 79.0872736, 30.4966038 ], [ 79.08724, 30.49743 ], [ 79.08759, 30.49795 ], [ 79.08803, 30.49846 ], [ 79.08829, 30.49912 ], [ 79.08913, 30.50009 ], [ 79.08927, 30.50034 ], [ 79.08924, 30.50087 ], [ 79.08932, 30.50137 ], [ 79.08907, 30.50176 ], [ 79.0883, 30.50243 ], [ 79.08816, 30.50269 ], [ 79.0881173, 30.50287560000001 ] ] } },
{ "type": "Feature", "properties": { "osm_id": 913515359, "highway": "trunk", "name": null, "name_en": null, "ref": "NH107", "surface": "unknown", "maxspeed": "50", "oneway": "no", "access": "yes", "motor_vehicle": null, "bridge": "yes", "tunnel": "no", "smoothness": null, "tracktype": null, "lanes": "2", "layer": "1", "length_m": 58.45, "assumed_speed_kmh": 35.0, "travel_time_min": 0.1002, "is_vehicular": true, "is_arterial": true }, "geometry": { "type": "LineString", "coordinates": [ [ 79.0850934, 30.4901718 ], [ 79.085281, 30.4906734 ] ] } },
{ "type": "Feature", "properties": { "osm_id": 915070811, "highway": "trunk", "name": null, "name_en": null, "ref": "NH7", "surface": "unknown", "maxspeed": "50", "oneway": "no", "access": "yes", "motor_vehicle": null, "bridge": "no", "tunnel": "no", "smoothness": null, "tracktype": null, "lanes": "2", "layer": "0", "length_m": 62.71, "assumed_speed_kmh": 35.0, "travel_time_min": 0.1075, "is_vehicular": true, "is_arterial": true }, "geometry": { "type": "LineString", "coordinates": [ [ 78.9827654, 30.284994 ], [ 78.9824022, 30.2851078 ], [ 78.9821992, 30.2850271 ], [ 78.9821607, 30.2850118 ] ] } },
{ "type": "Feature", "properties": { "osm_id": 915070812, "highway": "trunk", "name": null, "name_en": null, "ref": "NH7", "surface": "unknown", "maxspeed": "50", "oneway": "no", "access": "yes", "motor_vehicle": null, "bridge": "yes", "tunnel": "no", "smoothness": null, "tracktype": null, "lanes": "2", "layer": "1", "length_m": 9.04, "assumed_speed_kmh": 35.0, "travel_time_min": 0.0155, "is_vehicular": true, "is_arterial": true }, "geometry": { "type": "LineString", "coordinates": [ [ 78.9821607, 30.2850118 ], [ 78.9820753, 30.2849778 ] ] } },
{ "type": "Feature", "properties": { "osm_id": 975051107, "highway": "primary", "name": null, "name_en": null, "ref": "SH 34", "surface": "unknown", "maxspeed": "50", "oneway": "no", "access": "yes", "motor_vehicle": null, "bridge": "no", "tunnel": "no", "smoothness": null, "tracktype": null, "lanes": "2", "layer": "0", "length_m": 16.33, "assumed_speed_kmh": 30.0, "travel_time_min": 0.0327, "is_vehicular": true, "is_arterial": true }, "geometry": { "type": "LineString", "coordinates": [ [ 78.9839533, 30.2878508 ], [ 78.9839065, 30.2879924 ] ] } },
{ "type": "Feature", "properties": { "osm_id": 975051108, "highway": "trunk", "name": null, "name_en": null, "ref": "NH7", "surface": "unknown", "maxspeed": "50", "oneway": "no", "access": "yes", "motor_vehicle": null, "bridge": "no", "tunnel": "no", "smoothness": null, "tracktype": null, "lanes": "2", "layer": "0", "length_m": 707.39, "assumed_speed_kmh": 35.0, "travel_time_min": 1.2127, "is_vehicular": true, "is_arterial": true }, "geometry": { "type": "LineString", "coordinates": [ [ 78.9685501, 30.2758202 ], [ 78.9676183, 30.2756168 ], [ 78.9671677, 30.2755335 ], [ 78.9668566, 30.2753759 ], [ 78.9663523, 30.2749683 ], [ 78.9659125, 30.274542 ], [ 78.965746200000012, 30.2743845 ], [ 78.9652795, 30.2740927 ], [ 78.9647859, 30.2738054 ], [ 78.9644694, 30.2736664 ], [ 78.9641207, 30.2733792 ], [ 78.9635897, 30.2730781 ], [ 78.9632614, 30.2729033 ], [ 78.9629835, 30.2727769 ], [ 78.9623482, 30.2727372 ] ] } },
{ "type": "Feature", "properties": { "osm_id": 1020768830, "highway": "trunk", "name": null, "name_en": null, "ref": "NH7", "surface": "unknown", "maxspeed": "50", "oneway": "no", "access": "yes", "motor_vehicle": null, "bridge": "no", "tunnel": "no", "smoothness": null, "tracktype": null, "lanes": "2", "layer": "0", "length_m": 1318.13, "assumed_speed_kmh": 35.0, "travel_time_min": 2.2597, "is_vehicular": true, "is_arterial": true }, "geometry": { "type": "LineString", "coordinates": [ [ 79.4986572, 30.7526883 ], [ 79.4986433, 30.752802 ], [ 79.4986086, 30.7528809 ], [ 79.498589600000017, 30.7529831 ], [ 79.4986039, 30.7530775 ], [ 79.4987822, 30.7535089 ], [ 79.4988861, 30.7538172 ], [ 79.498886, 30.7540012 ], [ 79.4988701, 30.7541383 ], [ 79.4988767, 30.7542649 ], [ 79.4989052, 30.7543819 ], [ 79.4989604, 30.7544936 ], [ 79.4994117, 30.7551802 ], [ 79.4994686, 30.7553778 ], [ 79.4994644, 30.7555256 ], [ 79.4993722, 30.7557671 ], [ 79.4993684, 30.755903599999989 ], [ 79.4994481, 30.756240299999988 ], [ 79.4995303, 30.7564151 ], [ 79.4996964, 30.7565901 ], [ 79.4997178, 30.7566423 ], [ 79.4997203, 30.7566973 ], [ 79.4996992, 30.7567542 ], [ 79.4995882, 30.7568789 ], [ 79.4995581, 30.7569637 ], [ 79.499574, 30.7570525 ], [ 79.4996147, 30.7571175 ], [ 79.4996913, 30.7571684 ], [ 79.4998685, 30.7572558 ], [ 79.4999127, 30.7572936 ], [ 79.4999302, 30.7573486 ], [ 79.4999166, 30.7574048 ], [ 79.4996939, 30.7576542 ], [ 79.4996627, 30.7577105 ], [ 79.4996546, 30.7577865 ], [ 79.4996769, 30.7578656 ], [ 79.4997297, 30.7579306 ], [ 79.4999024, 30.7580673 ], [ 79.4999361, 30.7581931 ], [ 79.4999185, 30.758253 ], [ 79.4998721, 30.7582939 ], [ 79.4997934, 30.758319 ], [ 79.4996075, 30.7583357 ], [ 79.4994933, 30.7583947 ], [ 79.4994432, 30.7584989 ], [ 79.4994434, 30.7585984 ], [ 79.4994861, 30.7586932 ], [ 79.4997551, 30.7588909 ], [ 79.4997948, 30.758954 ], [ 79.4998147, 30.7590087 ], [ 79.4998109, 30.7590675 ], [ 79.4997691, 30.7591198 ], [ 79.4996036, 30.759205 ], [ 79.4995445, 30.759271 ], [ 79.4995225, 30.7593492 ], [ 79.4995286, 30.7594374 ], [ 79.4995771, 30.7595498 ], [ 79.4997246, 30.7597222 ], [ 79.4998357, 30.759888 ], [ 79.4998957, 30.7600923 ], [ 79.4999034, 30.7601634 ], [ 79.4998841, 30.7602411 ], [ 79.4997792, 30.7603347 ], [ 79.4997136, 30.760400799999989 ], [ 79.4996784, 30.760509 ], [ 79.4996794, 30.7606065 ], [ 79.4997181, 30.7607086 ], [ 79.4998067, 30.7608462 ], [ 79.499828, 30.760931 ], [ 79.499819, 30.7610135 ], [ 79.4997834, 30.7611165 ], [ 79.4997742, 30.7611771 ], [ 79.4997753, 30.7612467 ], [ 79.4998609, 30.7615698 ], [ 79.4998661, 30.7616865 ], [ 79.4998156, 30.762033899999988 ], [ 79.4997666, 30.762229600000012 ], [ 79.4997008, 30.7630372 ], [ 79.4996662, 30.7632634 ] ] } },
{ "type": "Feature", "properties": { "osm_id": 1058861778, "highway": "trunk", "name": null, "name_en": null, "ref": "NH7", "surface": "unknown", "maxspeed": "50", "oneway": "no", "access": "yes", "motor_vehicle": null, "bridge": "no", "tunnel": "no", "smoothness": null, "tracktype": null, "lanes": "2", "layer": "0", "length_m": 577.9, "assumed_speed_kmh": 35.0, "travel_time_min": 0.9907, "is_vehicular": true, "is_arterial": true }, "geometry": { "type": "LineString", "coordinates": [ [ 79.0561405, 30.2972785 ], [ 79.0560059, 30.2972259 ], [ 79.0556547, 30.2971989 ], [ 79.055354, 30.2972195 ], [ 79.0551015, 30.2972543 ], [ 79.0548235, 30.297328799999988 ], [ 79.0545663, 30.2973287 ], [ 79.0544276, 30.2973585 ], [ 79.0542829, 30.2974072 ], [ 79.0541916, 30.2975138 ], [ 79.0540668, 30.297654 ], [ 79.053971500000017, 30.2977804 ], [ 79.05384810000001, 30.2978476 ], [ 79.0536982, 30.297915 ], [ 79.0535855, 30.2979952 ], [ 79.0534931, 30.2980878 ], [ 79.0533803, 30.2982918 ], [ 79.05328, 30.29848 ], [ 79.0530611, 30.2988126 ], [ 79.0525328, 30.2996231 ], [ 79.0524331, 30.299718399999989 ], [ 79.052349, 30.2997816 ], [ 79.0522144, 30.2997945 ], [ 79.052045800000016, 30.2997672 ], [ 79.0518511, 30.2997208 ], [ 79.0516788, 30.2997866 ] ] } },
{ "type": "Feature", "properties": { "osm_id": 1058861779, "highway": "trunk", "name": null, "name_en": null, "ref": "NH7", "surface": "unknown", "maxspeed": "50", "oneway": "no", "access": "yes", "motor_vehicle": null, "bridge": "yes", "tunnel": "no", "smoothness": null, "tracktype": null, "lanes": "2", "layer": "1", "length_m": 47.85, "assumed_speed_kmh": 35.0, "travel_time_min": 0.082, "is_vehicular": true, "is_arterial": true }, "geometry": { "type": "LineString", "coordinates": [ [ 79.0516788, 30.2997866 ], [ 79.0512007, 30.2999058 ] ] } },
{ "type": "Feature", "properties": { "osm_id": 1065924495, "highway": "primary", "name": null, "name_en": null, "ref": "SH 34", "surface": "unknown", "maxspeed": null, "oneway": "no", "access": "yes", "motor_vehicle": null, "bridge": "no", "tunnel": "no", "smoothness": null, "tracktype": null, "lanes": null, "layer": "0", "length_m": 2139.13, "assumed_speed_kmh": 30.0, "travel_time_min": 4.2783, "is_vehicular": true, "is_arterial": true }, "geometry": { "type": "LineString", "coordinates": [ [ 79.2061763, 30.3661704 ], [ 79.2063291, 30.3662327 ], [ 79.206622, 30.3663279 ], [ 79.2068665, 30.3663327 ], [ 79.2070548, 30.3661994 ], [ 79.2072712, 30.3660005 ], [ 79.2072825, 30.365952 ], [ 79.2072656, 30.3657895 ], [ 79.2072459, 30.3656853 ], [ 79.207201, 30.3655907 ], [ 79.2071981, 30.3654913 ], [ 79.2072797, 30.3653433 ], [ 79.2074146, 30.3649408 ], [ 79.2073612, 30.3648438 ], [ 79.207274, 30.364754099999985 ], [ 79.2071307, 30.3646449 ], [ 79.2071588, 30.3645382 ], [ 79.2072178, 30.3644461 ], [ 79.2072347, 30.3643903 ], [ 79.2072712, 30.3643515 ], [ 79.2073021, 30.3642521 ], [ 79.207299300000017, 30.3641454 ], [ 79.2072403, 30.3639368 ], [ 79.2072684, 30.3638883 ], [ 79.2073921, 30.363881 ], [ 79.207819300000011, 30.3639683 ], [ 79.2080048, 30.3639611 ], [ 79.2081032, 30.363900399999988 ], [ 79.2081875, 30.3638253 ], [ 79.20831960000001, 30.3636482 ], [ 79.2084011, 30.3635779 ], [ 79.2086175, 30.363333 ], [ 79.2088311, 30.3632263 ], [ 79.2090054, 30.3630856 ], [ 79.2091712, 30.363042 ], [ 79.2093567, 30.3630541 ], [ 79.2094804, 30.363085600000012 ], [ 79.2095843, 30.3631341 ], [ 79.2098345, 30.3632893 ], [ 79.2098935, 30.3633815 ], [ 79.2099104, 30.3634857 ], [ 79.2099638, 30.3635827 ], [ 79.21002, 30.3635997 ], [ 79.2102617, 30.3635876 ], [ 79.2103207, 30.3635706 ], [ 79.2104669, 30.3634833 ], [ 79.2105062, 30.3634445 ], [ 79.2107311, 30.3630953 ], [ 79.2108463, 30.3626903 ], [ 79.2109334, 30.36261270000001 ], [ 79.2111386, 30.362506 ], [ 79.2114112, 30.3622974 ], [ 79.2114365, 30.3620646 ], [ 79.2114225, 30.3619046 ], [ 79.2113157, 30.3616621 ], [ 79.2112004, 30.3613056 ], [ 79.2111695, 30.3612571 ], [ 79.2111414, 30.3610922 ], [ 79.2111695, 30.3608521 ], [ 79.2112482, 30.3607041 ], [ 79.2112819, 30.3606047 ], [ 79.2114506, 30.3603307 ], [ 79.2114731, 30.3602264 ], [ 79.2114534, 30.3601197 ], [ 79.2113424, 30.3599878 ], [ 79.211237, 30.3598626 ], [ 79.2111852, 30.359725 ], [ 79.2111852, 30.359687300000012 ], [ 79.2111633, 30.3596547 ], [ 79.2110918, 30.3596135 ], [ 79.2108732, 30.3595638 ], [ 79.2105731, 30.3595449 ], [ 79.2104399, 30.3595758 ], [ 79.2103008, 30.3595792 ], [ 79.2095476, 30.359467799999987 ], [ 79.2093588, 30.359358 ], [ 79.2092137, 30.3591745 ], [ 79.2091938, 30.3591042 ], [ 79.2092753, 30.3588778 ], [ 79.2092336, 30.358502299999987 ], [ 79.2092991, 30.3582828 ], [ 79.2092375, 30.3581439 ], [ 79.2090825, 30.3580701 ], [ 79.2088122, 30.3580444 ], [ 79.2084565, 30.35795520000001 ], [ 79.2082399, 30.3578609 ], [ 79.2080212, 30.3575917 ], [ 79.2078483, 30.3574699 ], [ 79.207431, 30.3571287 ], [ 79.2072024, 30.3571218 ], [ 79.2069799, 30.3571887 ], [ 79.2068586, 30.3572453 ], [ 79.2066857, 30.3572881 ], [ 79.2064592, 30.357271 ], [ 79.206173, 30.3571955 ], [ 79.2059067, 30.3571853 ], [ 79.2058113, 30.3571081 ], [ 79.205781500000015, 30.3570343 ], [ 79.2057119, 30.3569434 ], [ 79.2054595, 30.356826800000011 ], [ 79.205374, 30.3567497 ], [ 79.2053383, 30.3566828 ], [ 79.2051495, 30.3565524 ], [ 79.2048851, 30.3564821 ], [ 79.204275, 30.3562661 ], [ 79.2041578, 30.3562009 ] ] } },
{ "type": "Feature", "properties": { "osm_id": 1065924496, "highway": "primary", "name": null, "name_en": null, "ref": "SH 34", "surface": "unknown", "maxspeed": null, "oneway": "no", "access": "yes", "motor_vehicle": null, "bridge": "yes", "tunnel": "no", "smoothness": null, "tracktype": null, "lanes": null, "layer": "1", "length_m": 14.01, "assumed_speed_kmh": 30.0, "travel_time_min": 0.028, "is_vehicular": true, "is_arterial": true }, "geometry": { "type": "LineString", "coordinates": [ [ 79.2011793, 30.3689941 ], [ 79.2010636, 30.369071 ] ] } },
{ "type": "Feature", "properties": { "osm_id": 1065924498, "highway": "primary", "name": null, "name_en": null, "ref": "SH 34", "surface": "unknown", "maxspeed": null, "oneway": "no", "access": "yes", "motor_vehicle": null, "bridge": "no", "tunnel": "no", "smoothness": null, "tracktype": null, "lanes": null, "layer": "0", "length_m": 1711.74, "assumed_speed_kmh": 30.0, "travel_time_min": 3.4235, "is_vehicular": true, "is_arterial": true }, "geometry": { "type": "LineString", "coordinates": [ [ 79.2010636, 30.369071 ], [ 79.2009345, 30.369105300000012 ], [ 79.200881, 30.3691472 ], [ 79.2008727, 30.3691966 ], [ 79.2009, 30.3692323 ], [ 79.2009427, 30.3692572 ], [ 79.201196, 30.3692628 ], [ 79.201481, 30.3692482 ], [ 79.2016022, 30.3692501 ], [ 79.2016943, 30.3692671 ], [ 79.201816, 30.3693537 ], [ 79.2018966, 30.3695211 ], [ 79.2019723, 30.3696034 ], [ 79.2020668, 30.3696415 ], [ 79.202666, 30.3699132 ], [ 79.2027173, 30.3700816 ], [ 79.20275190000001, 30.3702505 ], [ 79.2030183, 30.370408 ], [ 79.2031538, 30.370689 ], [ 79.2032164, 30.3707694 ], [ 79.2035742, 30.3707854 ], [ 79.2037255, 30.370855 ], [ 79.2038801, 30.3709529 ], [ 79.2040575, 30.3710063 ], [ 79.2043143, 30.3709926 ], [ 79.2044492, 30.3710735 ], [ 79.2044804, 30.3712324 ], [ 79.204441, 30.3713587 ], [ 79.2044475, 30.3714651 ], [ 79.204523, 30.3715293 ], [ 79.2047057, 30.3715985 ], [ 79.2048069, 30.3718214 ], [ 79.2049804, 30.3718908 ], [ 79.2050906, 30.372051199999987 ], [ 79.2051601, 30.3722835 ], [ 79.2052123, 30.3725776 ], [ 79.2053389, 30.3727053 ], [ 79.2055263, 30.3727646 ], [ 79.2061257, 30.3729057 ], [ 79.2067695, 30.3730989 ], [ 79.2075205, 30.3732491 ], [ 79.207657, 30.3733157 ], [ 79.2077698, 30.373426100000014 ], [ 79.2077714, 30.3735992 ], [ 79.2077351, 30.3737426 ], [ 79.207263, 30.3742147 ], [ 79.2068982, 30.3747082 ], [ 79.2068124, 30.3753305 ], [ 79.2066836, 30.3759527 ], [ 79.2067051, 30.376532099999988 ], [ 79.2065549, 30.37709 ], [ 79.2060828, 30.377562 ], [ 79.2055893, 30.3780127 ], [ 79.2051172, 30.3784633 ], [ 79.2045593, 30.3788281 ], [ 79.2044502, 30.3793434 ], [ 79.2044798, 30.3793842 ] ] } },
{ "type": "Feature", "properties": { "osm_id": 1065924499, "highway": "primary", "name": null, "name_en": null, "ref": "SH 34", "surface": "unknown", "maxspeed": null, "oneway": "no", "access": "yes", "motor_vehicle": null, "bridge": "yes", "tunnel": "no", "smoothness": null, "tracktype": null, "lanes": null, "layer": "1", "length_m": 9.01, "assumed_speed_kmh": 30.0, "travel_time_min": 0.018, "is_vehicular": true, "is_arterial": true }, "geometry": { "type": "LineString", "coordinates": [ [ 79.2044798, 30.3793842 ], [ 79.2045297, 30.379453 ] ] } },
{ "type": "Feature", "properties": { "osm_id": 1067538170, "highway": "primary", "name": null, "name_en": null, "ref": "SH 34", "surface": "unknown", "maxspeed": null, "oneway": "no", "access": "yes", "motor_vehicle": null, "bridge": "no", "tunnel": "no", "smoothness": null, "tracktype": null, "lanes": null, "layer": "0", "length_m": 824.42, "assumed_speed_kmh": 30.0, "travel_time_min": 1.6488, "is_vehicular": true, "is_arterial": true }, "geometry": { "type": "LineString", "coordinates": [ [ 79.205998, 30.3662321 ], [ 79.2059378, 30.3663364 ], [ 79.2058883, 30.3667285 ], [ 79.205798, 30.36683240000001 ], [ 79.2057008, 30.3668512 ], [ 79.2056218, 30.3668292 ], [ 79.2053291, 30.3666745 ], [ 79.2051136, 30.3665525 ], [ 79.2049529, 30.3665789 ], [ 79.2049027, 30.366962 ], [ 79.2048597, 30.3675413 ], [ 79.2049241, 30.3680778 ], [ 79.2051387, 30.3686571 ], [ 79.2049771, 30.3690074 ], [ 79.204768800000011, 30.369141600000013 ], [ 79.2043538, 30.3691876 ], [ 79.2037943, 30.3690888 ], [ 79.2033577, 30.3689146 ], [ 79.2026925, 30.3687429 ], [ 79.201963, 30.3687 ], [ 79.2013597, 30.3688741 ], [ 79.2011793, 30.3689941 ] ] } },
{ "type": "Feature", "properties": { "osm_id": 1067538171, "highway": "primary", "name": null, "name_en": null, "ref": "SH 34", "surface": "unknown", "maxspeed": null, "oneway": "no", "access": "yes", "motor_vehicle": null, "bridge": "yes", "tunnel": "no", "smoothness": null, "tracktype": null, "lanes": null, "layer": "1", "length_m": 18.45, "assumed_speed_kmh": 30.0, "travel_time_min": 0.0369, "is_vehicular": true, "is_arterial": true }, "geometry": { "type": "LineString", "coordinates": [ [ 79.2061763, 30.3661704 ], [ 79.205998, 30.3662321 ] ] } },
{ "type": "Feature", "properties": { "osm_id": 1070050530, "highway": "trunk", "name": null, "name_en": null, "ref": "NH7", "surface": "asphalt", "maxspeed": "50", "oneway": "no", "access": "yes", "motor_vehicle": null, "bridge": "no", "tunnel": "no", "smoothness": null, "tracktype": null, "lanes": "2", "layer": "0", "length_m": 239.82, "assumed_speed_kmh": 35.0, "travel_time_min": 0.4111, "is_vehicular": true, "is_arterial": true }, "geometry": { "type": "LineString", "coordinates": [ [ 78.8762381, 30.2434242 ], [ 78.8760944, 30.2432628 ], [ 78.8753697, 30.2434998 ], [ 78.87444, 30.24372 ], [ 78.8739912, 30.2439452 ] ] } },
{ "type": "Feature", "properties": { "osm_id": 1070050531, "highway": "trunk", "name": null, "name_en": null, "ref": "NH7", "surface": "unknown", "maxspeed": "50", "oneway": "no", "access": "yes", "motor_vehicle": null, "bridge": "yes", "tunnel": "no", "smoothness": null, "tracktype": null, "lanes": "2", "layer": "1", "length_m": 43.12, "assumed_speed_kmh": 35.0, "travel_time_min": 0.0739, "is_vehicular": true, "is_arterial": true }, "geometry": { "type": "LineString", "coordinates": [ [ 78.876512, 30.2437319 ], [ 78.8762381, 30.2434242 ] ] } },
{ "type": "Feature", "properties": { "osm_id": 1078509370, "highway": "trunk", "name": null, "name_en": null, "ref": "NH107A", "surface": "unknown", "maxspeed": null, "oneway": "no", "access": "yes", "motor_vehicle": null, "bridge": "no", "tunnel": "no", "smoothness": null, "tracktype": null, "lanes": null, "layer": "0", "length_m": 8429.17, "assumed_speed_kmh": 35.0, "travel_time_min": 14.45, "is_vehicular": true, "is_arterial": true }, "geometry": { "type": "LineString", "coordinates": [ [ 79.1489875, 30.5129567 ], [ 79.1489023, 30.5129896 ], [ 79.1488208, 30.5130741 ], [ 79.1486452, 30.5132219 ], [ 79.1484943, 30.5134544 ], [ 79.1477421, 30.5140919 ], [ 79.1473007, 30.5141054 ], [ 79.1471616, 30.5142032 ], [ 79.1469502, 30.5144173 ], [ 79.1468178, 30.5145693 ], [ 79.1467701, 30.5146689 ], [ 79.1467746, 30.5149366 ], [ 79.1467363, 30.5150804 ], [ 79.1466218, 30.51519720000001 ], [ 79.1464771, 30.5152711 ], [ 79.1463562, 30.5152681 ], [ 79.1462615, 30.5151947 ], [ 79.1460315, 30.5147814 ], [ 79.1457246, 30.5146274 ], [ 79.145555, 30.5144853 ], [ 79.1450455, 30.5138989 ], [ 79.1449871, 30.5137905 ], [ 79.1449158, 30.513479 ], [ 79.1448464, 30.5134105 ], [ 79.1447686, 30.5133822 ], [ 79.1446415, 30.5134046 ], [ 79.1443948, 30.5135005 ], [ 79.1441561, 30.5135522 ], [ 79.143439300000011, 30.5135279 ], [ 79.1432274, 30.5134731 ], [ 79.1430887, 30.5134126 ], [ 79.1428243, 30.5132432 ], [ 79.1424041, 30.5129111 ], [ 79.1421983, 30.5128584 ], [ 79.141657, 30.5129165 ], [ 79.1415718, 30.512920199999986 ], [ 79.1414725, 30.5128907 ], [ 79.1412009, 30.5126227 ], [ 79.141102, 30.5124137 ], [ 79.140792, 30.5120461 ], [ 79.1402318, 30.5116706 ], [ 79.1401097, 30.5116068 ], [ 79.1398, 30.5115701 ], [ 79.1396919, 30.5115065 ], [ 79.1395774, 30.5113161 ], [ 79.1391075, 30.5111489 ], [ 79.1388933, 30.5109459 ], [ 79.1384947, 30.5107983 ], [ 79.1380207, 30.5103599 ], [ 79.1374702, 30.5103962 ], [ 79.1372651, 30.5102871 ], [ 79.1366487, 30.5101308 ], [ 79.136499, 30.5099814 ], [ 79.13649, 30.5098325 ], [ 79.1366586, 30.5089285 ], [ 79.1366303, 30.5083479 ], [ 79.1365444, 30.5082652 ], [ 79.1364033, 30.5082018 ], [ 79.135986, 30.5081773 ], [ 79.1353003, 30.5078081 ], [ 79.1350118, 30.5075537 ], [ 79.1347919, 30.5075017 ], [ 79.1346513, 30.5073635 ], [ 79.1343403, 30.5072392 ], [ 79.1340587, 30.5070465 ], [ 79.1338746, 30.506976 ], [ 79.1332221, 30.5068869 ], [ 79.1330893, 30.5067679 ], [ 79.1329888, 30.506459199999981 ], [ 79.1328539, 30.5063631 ], [ 79.1322964, 30.5062256 ], [ 79.1317037, 30.505752 ], [ 79.1309476, 30.5056986 ], [ 79.130324, 30.5053617 ], [ 79.1301527, 30.5052214 ], [ 79.1295941, 30.5050475 ], [ 79.129271, 30.504799299999984 ], [ 79.1289819, 30.5043241 ], [ 79.1288625, 30.5037598 ], [ 79.1287853, 30.503672 ], [ 79.1274082, 30.5032271 ], [ 79.126538, 30.5026543 ], [ 79.1263913, 30.5025904 ], [ 79.1260488, 30.5025799 ], [ 79.1258733, 30.5025257 ], [ 79.1252587, 30.5021963 ], [ 79.1251543, 30.5020431 ], [ 79.1256436, 30.5017366 ], [ 79.125936, 30.5016149 ], [ 79.125991, 30.5015068 ], [ 79.125939300000013, 30.5013763 ], [ 79.1257963, 30.5013192 ], [ 79.125681, 30.5011932 ], [ 79.125812, 30.5008588 ], [ 79.126110900000015, 30.5006279 ], [ 79.1260953, 30.5005259 ], [ 79.1259977, 30.5004682 ], [ 79.1255162, 30.500296100000011 ], [ 79.1247229, 30.4998919 ], [ 79.1242719, 30.4999591 ], [ 79.123209, 30.4997222 ], [ 79.1228068, 30.4997437 ], [ 79.1227475, 30.5000004 ], [ 79.122648, 30.5000606 ], [ 79.1225073, 30.5000697 ], [ 79.1217521, 30.5000001 ], [ 79.1214607, 30.5000503 ], [ 79.1211198, 30.4999745 ], [ 79.1210311, 30.4998703 ], [ 79.1208747, 30.4997981 ], [ 79.1198292, 30.4999276 ], [ 79.118851800000016, 30.4997878 ], [ 79.1186795, 30.4995866 ], [ 79.1185584, 30.4992666 ], [ 79.1184112, 30.4991165 ], [ 79.1183349, 30.4988732 ], [ 79.1180904, 30.4986843 ], [ 79.1178934, 30.4983249 ], [ 79.1173542, 30.4981115 ], [ 79.1172213, 30.4981296 ], [ 79.1169183, 30.4983116 ], [ 79.1165234, 30.498456 ], [ 79.1163458, 30.4984202 ], [ 79.1154317, 30.4980084 ], [ 79.1151619, 30.4980292 ], [ 79.1149828, 30.4979389 ], [ 79.1144307, 30.4979999 ], [ 79.114238, 30.497970099999986 ], [ 79.1140728, 30.497895499999984 ], [ 79.1138209, 30.4974072 ], [ 79.113673500000019, 30.4972768 ], [ 79.1132925, 30.4972223 ], [ 79.1130725, 30.4970867 ], [ 79.1124162, 30.4969232 ], [ 79.1120218, 30.4968483 ], [ 79.1116624, 30.4969195 ], [ 79.1115566, 30.4968677 ], [ 79.1114858, 30.4967488 ], [ 79.111362, 30.4967026 ], [ 79.1112177, 30.4966776 ], [ 79.1110393, 30.496740800000012 ], [ 79.11014560000001, 30.4972536 ], [ 79.1098535, 30.4974728 ], [ 79.1094719, 30.4979032 ], [ 79.109136, 30.498105 ], [ 79.1088585, 30.498512 ], [ 79.1087436, 30.4985227 ], [ 79.1085351, 30.4984191 ], [ 79.108185, 30.498555 ], [ 79.1080356, 30.4986658 ], [ 79.1079038, 30.4991066 ], [ 79.1078147, 30.4991514 ], [ 79.1072982, 30.4990874 ], [ 79.1071109, 30.499106399999985 ], [ 79.1064085, 30.4994846 ], [ 79.1062112, 30.4995423 ], [ 79.1052022, 30.499375 ], [ 79.1046597, 30.4990333 ], [ 79.1044075, 30.498984699999987 ], [ 79.1036545, 30.498973 ], [ 79.1030871, 30.4988233 ], [ 79.1029158, 30.4987292 ], [ 79.102815, 30.4987066 ], [ 79.10274, 30.498724 ], [ 79.1026825, 30.4987654 ], [ 79.1026594, 30.4988207 ], [ 79.1026562, 30.498957 ], [ 79.1026046, 30.4990231 ], [ 79.1025028, 30.4990524 ], [ 79.1023655, 30.4990555 ], [ 79.1022656, 30.4991082 ], [ 79.1021659, 30.4992292 ], [ 79.1020379, 30.4993085 ], [ 79.1018833, 30.4993476 ], [ 79.101247, 30.4994334 ], [ 79.1011052, 30.4995438 ], [ 79.1009126, 30.4999796 ], [ 79.1008373, 30.5000466 ], [ 79.1007006, 30.500061 ], [ 79.1004859, 30.4998896 ], [ 79.1001534, 30.4998264 ], [ 79.0997757, 30.4996787 ], [ 79.0994796, 30.4998224 ], [ 79.0991186, 30.4997976 ], [ 79.0990136, 30.4997066 ], [ 79.0990576, 30.4992303 ], [ 79.0989043, 30.4991045 ], [ 79.0985973, 30.499200699999989 ], [ 79.0980982, 30.499250499999981 ], [ 79.0975259, 30.4994583 ], [ 79.0970955, 30.4994008 ], [ 79.096454400000013, 30.4995227 ], [ 79.0960714, 30.4994547 ], [ 79.0957732, 30.4992735 ], [ 79.0956049, 30.4992429 ], [ 79.0952775, 30.499186 ], [ 79.0948252, 30.49920650000001 ], [ 79.0946866, 30.4993136 ], [ 79.0946243, 30.499481 ], [ 79.094378, 30.5004387 ], [ 79.0944554, 30.5006275 ], [ 79.0946235, 30.5007805 ], [ 79.0948347, 30.5008705 ], [ 79.0951131, 30.5010736 ], [ 79.0960542, 30.5021824 ], [ 79.0962229, 30.5026072 ], [ 79.0962932, 30.503062 ], [ 79.0962173, 30.5033958 ], [ 79.0960379, 30.5037166 ], [ 79.0957767, 30.5039948 ], [ 79.0954171, 30.5046536 ], [ 79.0951778, 30.504975 ], [ 79.094805, 30.5053525 ], [ 79.0943474, 30.5056711 ], [ 79.0943321, 30.5057803 ], [ 79.0943995, 30.5058846 ], [ 79.0947319, 30.5059536 ], [ 79.095122, 30.5057988 ], [ 79.0951912, 30.5058529 ], [ 79.0951477, 30.5059559 ], [ 79.0948498, 30.5061768 ], [ 79.0945592, 30.5061787 ], [ 79.0941863, 30.506353 ], [ 79.0939059, 30.5069285 ], [ 79.0938204, 30.5069707 ], [ 79.093107, 30.5068963 ], [ 79.0929439, 30.506979 ], [ 79.0926317, 30.5074945 ], [ 79.0926762, 30.5077177 ], [ 79.0927842, 30.5079171 ], [ 79.0931171, 30.5082743 ] ] } },
{ "type": "Feature", "properties": { "osm_id": 1078509371, "highway": "trunk", "name": null, "name_en": null, "ref": "NH107A", "surface": "unknown", "maxspeed": null, "oneway": "no", "access": "yes", "motor_vehicle": null, "bridge": "yes", "tunnel": "no", "smoothness": null, "tracktype": null, "lanes": null, "layer": "1", "length_m": 31.0, "assumed_speed_kmh": 35.0, "travel_time_min": 0.0531, "is_vehicular": true, "is_arterial": true }, "geometry": { "type": "LineString", "coordinates": [ [ 79.1493101, 30.5129672 ], [ 79.149221600000018, 30.5129683 ], [ 79.1489875, 30.5129567 ] ] } },
{ "type": "Feature", "properties": { "osm_id": 1078509372, "highway": "trunk", "name": null, "name_en": null, "ref": "NH107", "surface": "unknown", "maxspeed": "50", "oneway": "no", "access": "yes", "motor_vehicle": null, "bridge": "no", "tunnel": "no", "smoothness": null, "tracktype": null, "lanes": "2", "layer": "0", "length_m": 778.12, "assumed_speed_kmh": 35.0, "travel_time_min": 1.3339, "is_vehicular": true, "is_arterial": true }, "geometry": { "type": "LineString", "coordinates": [ [ 79.0874624, 30.5038782 ], [ 79.08735, 30.50395 ], [ 79.08739, 30.50413 ], [ 79.08777, 30.50493 ], [ 79.08772, 30.5053 ], [ 79.08763, 30.50548 ], [ 79.08728, 30.50584 ], [ 79.0862, 30.50647 ], [ 79.08588, 30.5068 ], [ 79.08531, 30.50704 ], [ 79.08436, 30.50825 ], [ 79.08428, 30.50844 ], [ 79.0841815, 30.5091667 ], [ 79.0840169, 30.5093367 ], [ 79.0839533, 30.509400199999988 ] ] } },
{ "type": "Feature", "properties": { "osm_id": 1078509373, "highway": "trunk", "name": null, "name_en": null, "ref": "NH107", "surface": "unknown", "maxspeed": "50", "oneway": "no", "access": "yes", "motor_vehicle": null, "bridge": "yes", "tunnel": "no", "smoothness": null, "tracktype": null, "lanes": "2", "layer": "1", "length_m": 42.99, "assumed_speed_kmh": 35.0, "travel_time_min": 0.0737, "is_vehicular": true, "is_arterial": true }, "geometry": { "type": "LineString", "coordinates": [ [ 79.0839533, 30.509400199999988 ], [ 79.08376, 30.50975 ] ] } },
{ "type": "Feature", "properties": { "osm_id": 1078509376, "highway": "trunk", "name": null, "name_en": null, "ref": "NH107A", "surface": "unknown", "maxspeed": null, "oneway": "no", "access": "yes", "motor_vehicle": null, "bridge": "no", "tunnel": "no", "smoothness": null, "tracktype": null, "lanes": null, "layer": "0", "length_m": 3622.49, "assumed_speed_kmh": 35.0, "travel_time_min": 6.21, "is_vehicular": true, "is_arterial": true }, "geometry": { "type": "LineString", "coordinates": [ [ 79.1769818, 30.501389499999984 ], [ 79.1768082, 30.501660600000012 ], [ 79.1761972, 30.501806399999989 ], [ 79.1748069, 30.5017051 ], [ 79.1733017, 30.5022826 ], [ 79.1730836, 30.5024341 ], [ 79.1729848, 30.5025882 ], [ 79.1726214, 30.502768 ], [ 79.1722245, 30.5027702 ], [ 79.1717743, 30.5026528 ], [ 79.1713258, 30.5027301 ], [ 79.1711418, 30.5030594 ], [ 79.1705508, 30.50363230000001 ], [ 79.1702852, 30.5038001 ], [ 79.1694589, 30.5039754 ], [ 79.1693699, 30.5040781 ], [ 79.169262100000012, 30.50426 ], [ 79.1691929, 30.5046049 ], [ 79.1690568, 30.504883 ], [ 79.169129900000016, 30.5052191 ], [ 79.1693585, 30.5055632 ], [ 79.1694378, 30.5063406 ], [ 79.169375, 30.5064909 ], [ 79.1687548, 30.5069332 ], [ 79.1683301, 30.507460300000012 ], [ 79.167834, 30.5078529 ], [ 79.167675, 30.5084695 ], [ 79.1674779, 30.5086089 ], [ 79.1671884, 30.5086039 ], [ 79.1666002, 30.5082468 ], [ 79.1659989, 30.508207 ], [ 79.1657122, 30.508323 ], [ 79.1654103, 30.5086473 ], [ 79.1652395, 30.508731199999989 ], [ 79.1648154, 30.5087221 ], [ 79.164735, 30.5087576 ], [ 79.1640765, 30.5092436 ], [ 79.1634753, 30.5093213 ], [ 79.1625496, 30.5090812 ], [ 79.162399, 30.5090892 ], [ 79.162002200000018, 30.5091103 ], [ 79.1618458, 30.509198 ], [ 79.1616495, 30.5095022 ], [ 79.1614644, 30.509514499999987 ], [ 79.1614141, 30.5095584 ], [ 79.1614255, 30.5096353 ], [ 79.161221400000017, 30.5098644 ], [ 79.1611586, 30.5100354 ], [ 79.161138600000015, 30.5106456 ], [ 79.161065500000021, 30.51077 ], [ 79.1609687, 30.5108335 ], [ 79.1603724, 30.5109343 ], [ 79.159754, 30.5111961 ], [ 79.1596121, 30.5113599 ], [ 79.1596408, 30.5115204 ], [ 79.1595042, 30.5119813 ], [ 79.1591444, 30.5121305 ], [ 79.1586618, 30.5124871 ], [ 79.1584497, 30.5125816 ], [ 79.15802140000001, 30.5125921 ], [ 79.1577955, 30.5125261 ], [ 79.1574011, 30.5125614 ], [ 79.1568498, 30.5123856 ], [ 79.1562181, 30.5125029 ], [ 79.155824, 30.5126768 ], [ 79.1556239, 30.5126895 ], [ 79.155102, 30.5125662 ], [ 79.1546966, 30.5125998 ], [ 79.1538294, 30.5125363 ], [ 79.1535463, 30.5124872 ], [ 79.153372, 30.5123456 ], [ 79.1528233, 30.5121976 ], [ 79.1522453, 30.5118133 ], [ 79.151699, 30.5117429 ], [ 79.1514779, 30.5116486 ], [ 79.151276300000021, 30.5116228 ], [ 79.1506608, 30.511645 ], [ 79.1502606, 30.5115792 ], [ 79.150136, 30.5116369 ], [ 79.1498617, 30.5120468 ], [ 79.1494216, 30.5123761 ], [ 79.1494017, 30.5128548 ], [ 79.1493378, 30.5129388 ], [ 79.1493101, 30.5129672 ] ] } },
{ "type": "Feature", "properties": { "osm_id": 1078509377, "highway": "trunk", "name": null, "name_en": null, "ref": "NH107A", "surface": "unknown", "maxspeed": null, "oneway": "no", "access": "yes", "motor_vehicle": null, "bridge": "yes", "tunnel": "no", "smoothness": null, "tracktype": null, "lanes": null, "layer": "1", "length_m": 21.8, "assumed_speed_kmh": 35.0, "travel_time_min": 0.0374, "is_vehicular": true, "is_arterial": true }, "geometry": { "type": "LineString", "coordinates": [ [ 79.1770156, 30.501195 ], [ 79.1769818, 30.501389499999984 ] ] } },
{ "type": "Feature", "properties": { "osm_id": 1080243402, "highway": "trunk", "name": null, "name_en": null, "ref": "NH7", "surface": "unknown", "maxspeed": "50", "oneway": "no", "access": "yes", "motor_vehicle": null, "bridge": "no", "tunnel": "no", "smoothness": null, "tracktype": null, "lanes": "2", "layer": "0", "length_m": 855.9, "assumed_speed_kmh": 35.0, "travel_time_min": 1.4673, "is_vehicular": true, "is_arterial": true }, "geometry": { "type": "LineString", "coordinates": [ [ 79.1276975, 30.2861392 ], [ 79.1275015, 30.2862196 ], [ 79.1273367, 30.2862874 ], [ 79.1272413, 30.286302899999988 ], [ 79.1269105, 30.2863214 ], [ 79.1266126, 30.28636 ], [ 79.126145, 30.2865613 ], [ 79.1258458, 30.2867726 ], [ 79.1257017, 30.286812800000011 ], [ 79.1255653, 30.2868 ], [ 79.1252456, 30.2866469 ], [ 79.1250455, 30.2865984 ], [ 79.1249, 30.2866127 ], [ 79.1248078, 30.2866914 ], [ 79.1247422, 30.2868329 ], [ 79.124662, 30.287061 ], [ 79.1245826, 30.2871409 ], [ 79.1244967, 30.2871657 ], [ 79.1243726, 30.2871452 ], [ 79.1242783, 30.28714 ], [ 79.1242205, 30.2872052 ], [ 79.1239991, 30.2875243 ], [ 79.1239047, 30.287599199999985 ], [ 79.1237543, 30.2876363 ], [ 79.1235277, 30.287660599999988 ], [ 79.1232963, 30.2877477 ], [ 79.1231569, 30.2877657 ], [ 79.12300860000002, 30.2877577 ], [ 79.1225853, 30.2876777 ], [ 79.1223059, 30.2877049 ], [ 79.1220222, 30.2877377 ], [ 79.1218334, 30.2878254 ], [ 79.1216694, 30.2879476 ], [ 79.1215817, 30.2880218 ], [ 79.1214232, 30.2880757 ], [ 79.1212012, 30.28811 ], [ 79.1206821, 30.2882752 ], [ 79.120398, 30.2883083 ], [ 79.1199403, 30.2884087 ] ] } },
{ "type": "Feature", "properties": { "osm_id": 1080243403, "highway": "trunk", "name": null, "name_en": null, "ref": "NH7", "surface": "unknown", "maxspeed": "50", "oneway": "no", "access": "yes", "motor_vehicle": null, "bridge": "yes", "tunnel": "no", "smoothness": null, "tracktype": null, "lanes": "2", "layer": "1", "length_m": 67.83, "assumed_speed_kmh": 35.0, "travel_time_min": 0.1163, "is_vehicular": true, "is_arterial": true }, "geometry": { "type": "LineString", "coordinates": [ [ 79.1199403, 30.2884087 ], [ 79.1192496, 30.2885314 ] ] } },
{ "type": "Feature", "properties": { "osm_id": 1098681010, "highway": "primary", "name": null, "name_en": null, "ref": "SH 34", "surface": "unknown", "maxspeed": null, "oneway": "no", "access": "yes", "motor_vehicle": null, "bridge": "no", "tunnel": "no", "smoothness": null, "tracktype": null, "lanes": null, "layer": "0", "length_m": 9397.03, "assumed_speed_kmh": 30.0, "travel_time_min": 18.7941, "is_vehicular": true, "is_arterial": true }, "geometry": { "type": "LineString", "coordinates": [ [ 79.2070009, 30.4141029 ], [ 79.2060614, 30.4135895 ], [ 79.2055893, 30.4131818 ], [ 79.20533180000001, 30.4126024 ], [ 79.20533180000001, 30.4120231 ], [ 79.205586600000018, 30.4114223 ], [ 79.2057744, 30.4110883 ], [ 79.205825300000015, 30.4108644 ], [ 79.2058066, 30.4106927 ], [ 79.2056631, 30.4105331 ], [ 79.2055813, 30.4103407 ], [ 79.205545, 30.4100763 ], [ 79.2055678, 30.4097271 ], [ 79.205606700000018, 30.4090816 ], [ 79.205647, 30.4089948 ], [ 79.2057436, 30.4088693 ], [ 79.20587230000001, 30.4088659 ], [ 79.2060728, 30.4088896 ], [ 79.2064087, 30.4090492 ], [ 79.2073266, 30.4092406 ], [ 79.2076465, 30.4092285 ], [ 79.207913, 30.4091261 ], [ 79.2080355, 30.4089659 ], [ 79.2080287, 30.4082596 ], [ 79.2076868, 30.4075136 ], [ 79.2073059, 30.4070234 ], [ 79.2067051, 30.406678 ], [ 79.2065965, 30.406581 ], [ 79.2065428, 30.4064572 ], [ 79.2065307, 30.4062512 ], [ 79.2066514, 30.4057825 ], [ 79.2070402, 30.4050379 ], [ 79.2070312, 30.4041738 ], [ 79.2063485, 30.4034211 ], [ 79.205844, 30.40294260000001 ], [ 79.2055035, 30.4027104 ], [ 79.2052862, 30.4025604 ], [ 79.2051762, 30.4024146 ], [ 79.2051172, 30.402174 ], [ 79.2051172, 30.4015303 ], [ 79.2051816, 30.4008651 ], [ 79.2049885, 30.4002857 ], [ 79.2046983, 30.4001502 ], [ 79.2044091, 30.399878 ], [ 79.2042321, 30.3997426 ], [ 79.2041946, 30.3993201 ], [ 79.2044172, 30.3991319 ], [ 79.204731, 30.3989983 ], [ 79.2054606, 30.3989983 ], [ 79.2061043, 30.39871930000001 ], [ 79.2066407, 30.3982902 ], [ 79.2071772, 30.397861 ], [ 79.2077351, 30.3974962 ], [ 79.208293, 30.3971529 ], [ 79.2088079, 30.3970456 ], [ 79.2090011, 30.3969433 ], [ 79.2091942, 30.3967237 ], [ 79.2091888, 30.396570900000011 ], [ 79.209044, 30.396359 ], [ 79.2085719, 30.395844 ], [ 79.2083573, 30.3954148 ], [ 79.208765, 30.3949642 ], [ 79.209044, 30.3943849 ], [ 79.209559, 30.3941488 ], [ 79.2102671, 30.3941274 ], [ 79.2108679, 30.393827 ], [ 79.211576, 30.3936338 ], [ 79.2119801, 30.39326 ], [ 79.2123836, 30.393257599999988 ], [ 79.2126612, 30.3928031 ], [ 79.2135871, 30.3925984 ], [ 79.2143038, 30.3927338 ], [ 79.2144295, 30.392742 ], [ 79.2144761, 30.392711 ], [ 79.2144887, 30.392664 ], [ 79.2143672, 30.3923266 ], [ 79.2143923, 30.3922017 ], [ 79.214497, 30.3921123 ], [ 79.2145975, 30.3920814 ], [ 79.2147457, 30.3920975 ], [ 79.2157243, 30.392411299999985 ], [ 79.2177444, 30.3921697 ], [ 79.217798, 30.3921311 ], [ 79.2178066, 30.3920697 ], [ 79.2177752, 30.3920299 ], [ 79.2166891, 30.3915013 ], [ 79.2159266, 30.3909285 ], [ 79.2158447, 30.3907539 ], [ 79.2158246, 30.3905654 ], [ 79.2158558, 30.389367 ], [ 79.2160043, 30.3890782 ], [ 79.2161431, 30.3889273 ], [ 79.216242600000015, 30.3888975 ], [ 79.2164221, 30.3888943 ], [ 79.2166097, 30.3889136 ], [ 79.2171037, 30.388809 ], [ 79.2171764, 30.3887734 ], [ 79.2171953, 30.3887485 ], [ 79.2171912, 30.3887161 ], [ 79.2171577, 30.3886814 ], [ 79.2169283, 30.3885547 ], [ 79.2164254, 30.3883553 ], [ 79.2161679, 30.3878832 ], [ 79.2162538, 30.387218 ], [ 79.2162967, 30.3865957 ], [ 79.2167473, 30.3862095 ], [ 79.2174125, 30.3861022 ], [ 79.2180991, 30.385973499999988 ], [ 79.2186999, 30.3856516 ], [ 79.2192578, 30.3852439 ], [ 79.219729900000019, 30.3847289 ], [ 79.2203951, 30.3844285 ], [ 79.2208028, 30.3838921 ], [ 79.221468, 30.3834629 ], [ 79.2220902, 30.3830767 ], [ 79.2227554, 30.382862100000011 ], [ 79.2235279, 30.3828192 ], [ 79.223716300000021, 30.3828513 ], [ 79.2237495, 30.3828545 ], [ 79.2237814, 30.3828507 ], [ 79.2238062, 30.3828417 ], [ 79.223831, 30.382823 ], [ 79.2238498, 30.382792 ], [ 79.2238484, 30.3827741 ], [ 79.22383, 30.3827553 ], [ 79.223785400000011, 30.3827333 ], [ 79.2230988, 30.3824544 ], [ 79.2224979, 30.3820896 ], [ 79.2220259, 30.3816819 ], [ 79.2220688, 30.381124 ], [ 79.2221546, 30.3804803 ], [ 79.2224121, 30.3799009 ], [ 79.2226696, 30.3794074 ], [ 79.2230344, 30.3791928 ], [ 79.22297, 30.378570599999989 ], [ 79.2234635, 30.3781199 ], [ 79.2238498, 30.3775835 ], [ 79.22417160000002, 30.3770256 ], [ 79.2245579, 30.3764677 ], [ 79.2248583, 30.3759098 ], [ 79.2252016, 30.3753734 ], [ 79.2257595, 30.3752017 ], [ 79.2261457, 30.3757167 ], [ 79.2267251, 30.3757811 ], [ 79.2274976, 30.3756094 ], [ 79.2276907, 30.3753305 ], [ 79.2273259, 30.3748584 ], [ 79.2274547, 30.3742576 ], [ 79.2271543, 30.3738284 ], [ 79.2265534, 30.3736782 ], [ 79.226532, 30.3730774 ], [ 79.2265105, 30.3724551 ], [ 79.2266607, 30.3718543 ], [ 79.2269826, 30.3713393 ], [ 79.227519, 30.3709316 ], [ 79.228227100000012, 30.3706312 ], [ 79.2281413, 30.3700733 ], [ 79.228549, 30.369494 ], [ 79.2287243, 30.3691681 ], [ 79.2288692, 30.3690015 ], [ 79.228837, 30.368714499999989 ], [ 79.2290569, 30.368506199999985 ], [ 79.229132, 30.3682887 ], [ 79.2291642, 30.3680434 ], [ 79.2289121, 30.367654600000012 ], [ 79.2287672, 30.3676454 ], [ 79.2286385, 30.3674741 ], [ 79.2286331, 30.3673167 ], [ 79.2286915, 30.3671548 ], [ 79.2288045, 30.3670956 ], [ 79.2288853, 30.3669946 ], [ 79.2289579, 30.3668726 ], [ 79.2290346, 30.3667298 ], [ 79.2290912, 30.3666358 ], [ 79.2292405, 30.3664442 ], [ 79.229293, 30.366287499999988 ], [ 79.2292567, 30.366068 ], [ 79.2290871, 30.3659008 ], [ 79.2290064, 30.3657998 ], [ 79.228861, 30.3656918 ], [ 79.2286592, 30.3656326 ], [ 79.2285179, 30.3656256 ], [ 79.2284694, 30.3655873 ], [ 79.228417, 30.3654619 ], [ 79.228461400000015, 30.3652181 ], [ 79.228526, 30.3650962 ], [ 79.2286471, 30.3647548 ], [ 79.228812600000012, 30.3645179 ], [ 79.228913500000019, 30.3644309 ], [ 79.2288853, 30.3643264 ], [ 79.2288287, 30.3642567 ], [ 79.2289378, 30.3641278 ], [ 79.2293132, 30.3638178 ], [ 79.2294868, 30.363675 ], [ 79.2298501, 30.3633893 ], [ 79.2300883, 30.3632814 ], [ 79.230383, 30.363243 ], [ 79.2304315, 30.3631769 ], [ 79.230488, 30.3630305 ], [ 79.2305849, 30.3629295 ], [ 79.2307666, 30.362828499999988 ], [ 79.2309603, 30.3626892 ], [ 79.2313035, 30.3623757 ], [ 79.2314286, 30.3622607 ], [ 79.2317597, 30.3620134 ], [ 79.2320261, 30.3620656 ], [ 79.232337, 30.3622224 ], [ 79.2324379, 30.3622712 ], [ 79.2325833, 30.362306 ], [ 79.2328268, 30.3623959 ], [ 79.232843, 30.3624481 ], [ 79.2329035, 30.3625961 ], [ 79.2329944, 30.3626676 ], [ 79.2331336, 30.3626867 ], [ 79.2332527, 30.3627041 ], [ 79.2333759, 30.3627546 ], [ 79.2334889, 30.3628139 ], [ 79.233682700000017, 30.362887 ], [ 79.233822, 30.3629689 ], [ 79.2340198, 30.3630664 ], [ 79.2343932, 30.3632127 ], [ 79.2346576, 30.3632684 ], [ 79.2348494, 30.363327699999985 ], [ 79.2349544, 30.363359 ], [ 79.2351502, 30.36341130000001 ], [ 79.2352309, 30.3634269 ], [ 79.2355216, 30.3634687 ], [ 79.235673, 30.3635384 ], [ 79.2358022, 30.363629 ], [ 79.2359071, 30.3636394 ] ] } },
{ "type": "Feature", "properties": { "osm_id": 1098681011, "highway": "primary", "name": null, "name_en": null, "ref": "SH 34", "surface": "unknown", "maxspeed": null, "oneway": "no", "access": "yes", "motor_vehicle": null, "bridge": "yes", "tunnel": "no", "smoothness": null, "tracktype": null, "lanes": null, "layer": "1", "length_m": 28.15, "assumed_speed_kmh": 30.0, "travel_time_min": 0.0563, "is_vehicular": true, "is_arterial": true }, "geometry": { "type": "LineString", "coordinates": [ [ 79.2359071, 30.3636394 ], [ 79.2361994, 30.3636541 ] ] } },
{ "type": "Feature", "properties": { "osm_id": 1124682477, "highway": "trunk", "name": null, "name_en": null, "ref": "NH7", "surface": "unknown", "maxspeed": "50", "oneway": "no", "access": "yes", "motor_vehicle": null, "bridge": "no", "tunnel": "no", "smoothness": null, "tracktype": null, "lanes": "2", "layer": "0", "length_m": 748.35, "assumed_speed_kmh": 35.0, "travel_time_min": 1.2829, "is_vehicular": true, "is_arterial": true }, "geometry": { "type": "LineString", "coordinates": [ [ 79.0038834, 30.3004117 ], [ 79.00367, 30.30047 ], [ 79.002680700000013, 30.3009404 ], [ 79.001859700000011, 30.3011524 ], [ 79.0007776, 30.3014226 ], [ 78.9999586, 30.3017536 ], [ 78.9993858, 30.3018754 ], [ 78.9989459, 30.3017743 ], [ 78.9985372, 30.3016978 ], [ 78.9981081, 30.3016564 ], [ 78.9977773, 30.3017272 ], [ 78.9973469, 30.301925 ], [ 78.9970048, 30.301939199999989 ], [ 78.9965372, 30.3018602 ] ] } },
{ "type": "Feature", "properties": { "osm_id": 1124682478, "highway": "trunk", "name": null, "name_en": null, "ref": "NH7", "surface": "unknown", "maxspeed": "50", "oneway": "no", "access": "yes", "motor_vehicle": null, "bridge": "yes", "tunnel": "no", "smoothness": null, "tracktype": null, "lanes": "2", "layer": "1", "length_m": 48.34, "assumed_speed_kmh": 35.0, "travel_time_min": 0.0829, "is_vehicular": true, "is_arterial": true }, "geometry": { "type": "LineString", "coordinates": [ [ 79.0043425, 30.3002345 ], [ 79.0038834, 30.3004117 ] ] } },
{ "type": "Feature", "properties": { "osm_id": 1129360631, "highway": "trunk", "name": null, "name_en": null, "ref": "NH309", "surface": "unknown", "maxspeed": null, "oneway": "no", "access": "yes", "motor_vehicle": null, "bridge": "no", "tunnel": "no", "smoothness": null, "tracktype": null, "lanes": null, "layer": "0", "length_m": 2534.83, "assumed_speed_kmh": 35.0, "travel_time_min": 4.3454, "is_vehicular": true, "is_arterial": true }, "geometry": { "type": "LineString", "coordinates": [ [ 78.9062975, 30.1120448 ], [ 78.9067357, 30.1118313 ], [ 78.9071873, 30.1118149 ], [ 78.9075436, 30.1118788 ], [ 78.907926, 30.1118675 ], [ 78.9081824, 30.1119163 ], [ 78.908556, 30.1120742 ], [ 78.9088732, 30.1123185 ], [ 78.9091383, 30.1126343 ], [ 78.9094642, 30.1128335 ], [ 78.9097336, 30.1128748 ], [ 78.910007300000018, 30.1127658 ], [ 78.9101507, 30.11254030000001 ], [ 78.9102724, 30.112296 ], [ 78.9104158, 30.1118637 ], [ 78.9104723, 30.1113224 ], [ 78.9106461, 30.1109278 ], [ 78.9108156, 30.1107173 ], [ 78.9109546, 30.110217299999984 ], [ 78.9111197, 30.1096084 ], [ 78.9113326, 30.1092851 ], [ 78.9116455, 30.1090371 ], [ 78.9119366, 30.1088829 ], [ 78.912206, 30.1088002 ], [ 78.9124841, 30.1086386 ], [ 78.9126145, 30.1084356 ], [ 78.9127622, 30.108274 ], [ 78.9130359, 30.1082063 ], [ 78.9133749, 30.1081199 ], [ 78.9137529, 30.1079921 ], [ 78.9143916, 30.1077214 ], [ 78.9147175, 30.1078192 ], [ 78.9149652, 30.107954499999988 ], [ 78.9151694, 30.1081687 ], [ 78.9153215, 30.1081687 ], [ 78.9157062, 30.1080952 ], [ 78.9157647, 30.1081424 ], [ 78.9157408, 30.1082256 ], [ 78.9156126, 30.1084281 ], [ 78.915491, 30.1086499 ], [ 78.9154953, 30.108789 ], [ 78.91563, 30.1089995 ], [ 78.9157865, 30.1092513 ], [ 78.9157821, 30.1095257 ], [ 78.9156257, 30.1098603 ], [ 78.9156474, 30.1099956 ], [ 78.9157647, 30.110176 ], [ 78.9156996, 30.1102888 ], [ 78.9157126, 30.1104542 ], [ 78.9159516, 30.110683399999985 ], [ 78.9161428, 30.1108225 ], [ 78.9162775, 30.1109917 ], [ 78.9162688, 30.1111721 ], [ 78.916334, 30.1113488 ], [ 78.91646, 30.1114954 ], [ 78.9164209, 30.1117134 ], [ 78.9163861, 30.1118788 ], [ 78.9164513, 30.112187 ], [ 78.9165469, 30.1125215 ], [ 78.9167598, 30.1126155 ], [ 78.9170248, 30.1127395 ], [ 78.917329, 30.1129425 ], [ 78.9175723, 30.1133372 ], [ 78.9178635, 30.113690500000011 ], [ 78.918019900000019, 30.1139573 ], [ 78.9183154, 30.1141941 ], [ 78.9184935, 30.1144873 ], [ 78.9188585, 30.1147955 ], [ 78.9191149, 30.1149609 ], [ 78.9192583, 30.115224 ], [ 78.919366900000014, 30.115521 ], [ 78.9194581, 30.1158104 ], [ 78.9196841, 30.1159758 ], [ 78.919949200000019, 30.1159419 ], [ 78.9203011, 30.1158893 ], [ 78.92064, 30.115776599999986 ], [ 78.920853, 30.1156337 ], [ 78.9209659, 30.115291699999986 ], [ 78.9210185, 30.1151855 ] ] } },
{ "type": "Feature", "properties": { "osm_id": 1149724157, "highway": "trunk", "name": "Rudraprayag Bypass Road", "name_en": null, "ref": "NH107", "surface": "asphalt", "maxspeed": null, "oneway": "no", "access": "yes", "motor_vehicle": null, "bridge": "no", "tunnel": "no", "smoothness": null, "tracktype": null, "lanes": null, "layer": "0", "length_m": 421.05, "assumed_speed_kmh": 35.0, "travel_time_min": 0.7218, "is_vehicular": true, "is_arterial": true }, "geometry": { "type": "LineString", "coordinates": [ [ 78.9651439, 30.2751047 ], [ 78.9653272, 30.274962099999986 ], [ 78.9653783, 30.2747902 ], [ 78.9652941, 30.2746007 ], [ 78.9651129, 30.2744244 ], [ 78.9649649, 30.2743253 ], [ 78.9648399, 30.2742327 ], [ 78.9646485, 30.2740961 ], [ 78.9644903, 30.2739771 ], [ 78.9643933, 30.2738735 ], [ 78.9642785, 30.2737743 ], [ 78.9640916, 30.2736387 ], [ 78.9639464, 30.2735228 ], [ 78.9638143, 30.2734256 ], [ 78.9631551, 30.2730132 ], [ 78.9627367, 30.2728557 ], [ 78.9623482, 30.2727372 ] ] } },
{ "type": "Feature", "properties": { "osm_id": 1149724159, "highway": "trunk", "name": null, "name_en": null, "ref": "NH107", "surface": "unknown", "maxspeed": null, "oneway": "no", "access": "yes", "motor_vehicle": null, "bridge": "yes", "tunnel": "no", "smoothness": null, "tracktype": null, "lanes": null, "layer": "1", "length_m": 124.03, "assumed_speed_kmh": 35.0, "travel_time_min": 0.2126, "is_vehicular": true, "is_arterial": true }, "geometry": { "type": "LineString", "coordinates": [ [ 78.964336500000016, 30.2759694 ], [ 78.9644172, 30.2758392 ], [ 78.9645234, 30.2757046 ], [ 78.9647408, 30.275464 ], [ 78.964893900000021, 30.2753119 ], [ 78.9651439, 30.2751047 ] ] } },
{ "type": "Feature", "properties": { "osm_id": 1164068085, "highway": "trunk", "name": null, "name_en": null, "ref": "NH107", "surface": "unknown", "maxspeed": "50", "oneway": "no", "access": "yes", "motor_vehicle": "private", "bridge": "no", "tunnel": "no", "smoothness": null, "tracktype": null, "lanes": "2", "layer": "0", "length_m": 996.85, "assumed_speed_kmh": 35.0, "travel_time_min": 1.7089, "is_vehicular": true, "is_arterial": true }, "geometry": { "type": "LineString", "coordinates": [ [ 79.0051459, 30.6373492 ], [ 79.0049927, 30.637311 ], [ 79.0048118, 30.6372233 ], [ 79.0044567, 30.6371894 ], [ 79.0041871, 30.6370536 ], [ 79.0038419, 30.6367792 ], [ 79.0035789, 30.6364341 ], [ 79.0033619, 30.6362276 ], [ 79.0025827, 30.6357664 ], [ 79.0021881, 30.635625 ], [ 79.0018659, 30.6355854 ], [ 79.0008499, 30.6355429 ], [ 79.0006264, 30.6355203 ], [ 79.0004653, 30.6355939 ], [ 79.0002088, 30.6359192 ], [ 78.9999228, 30.636038 ], [ 78.9996696, 30.6360408 ], [ 78.9993704, 30.635922 ], [ 78.9988697, 30.6359348 ], [ 78.9983989, 30.636119 ], [ 78.9982003, 30.636274 ], [ 78.9981426, 30.6363713 ], [ 78.9980594, 30.6363614 ], [ 78.998071, 30.6363256 ], [ 78.998151800000016, 30.6362004 ], [ 78.998586, 30.6359103 ], [ 78.9989532, 30.6357713 ], [ 78.9995582, 30.6355507 ], [ 78.9997568, 30.6355487 ], [ 78.9998221, 30.6354756 ] ] } },
{ "type": "Feature", "properties": { "osm_id": 1164068086, "highway": "trunk", "name": null, "name_en": null, "ref": "NH107", "surface": "unknown", "maxspeed": "50", "oneway": "no", "access": "yes", "motor_vehicle": "private", "bridge": "yes", "tunnel": "no", "smoothness": null, "tracktype": null, "lanes": "2", "layer": "1", "length_m": 7.34, "assumed_speed_kmh": 35.0, "travel_time_min": 0.0126, "is_vehicular": true, "is_arterial": true }, "geometry": { "type": "LineString", "coordinates": [ [ 79.0052195, 30.6373676 ], [ 79.0051459, 30.6373492 ] ] } },
{ "type": "Feature", "properties": { "osm_id": 1172870571, "highway": "trunk", "name": "Pauri Highway", "name_en": null, "ref": "NH309", "surface": "asphalt", "maxspeed": "50", "oneway": "no", "access": "yes", "motor_vehicle": null, "bridge": "no", "tunnel": "no", "smoothness": null, "tracktype": null, "lanes": "2", "layer": "0", "length_m": 749.52, "assumed_speed_kmh": 35.0, "travel_time_min": 1.2849, "is_vehicular": true, "is_arterial": true }, "geometry": { "type": "LineString", "coordinates": [ [ 78.7821574, 30.1906496 ], [ 78.7820979, 30.1907831 ], [ 78.7820013, 30.1908136 ], [ 78.7818524, 30.1908337 ], [ 78.7816367, 30.190865 ], [ 78.7814366, 30.190874499999989 ], [ 78.7812866, 30.1909699 ], [ 78.7811186, 30.1911042 ], [ 78.7807462, 30.1913014 ], [ 78.7806013, 30.1914486 ], [ 78.7804189, 30.1918485 ], [ 78.7802687, 30.1919737 ], [ 78.7796308, 30.1922803 ], [ 78.7789769, 30.1926285 ], [ 78.778869, 30.1928125 ], [ 78.7788787, 30.1930448 ], [ 78.7786341, 30.1937862 ], [ 78.7785654, 30.1942314 ], [ 78.778441, 30.1944386 ], [ 78.7774636, 30.1946003 ], [ 78.7772936, 30.194690299999987 ], [ 78.7773152, 30.1948116 ], [ 78.7773107, 30.1949483 ] ] } },
{ "type": "Feature", "properties": { "osm_id": 1172870572, "highway": "trunk", "name": "Pauri Highway", "name_en": null, "ref": "NH309", "surface": "asphalt", "maxspeed": "50", "oneway": "no", "access": "yes", "motor_vehicle": null, "bridge": "yes", "tunnel": "no", "smoothness": null, "tracktype": null, "lanes": "2", "layer": "1", "length_m": 23.48, "assumed_speed_kmh": 35.0, "travel_time_min": 0.0403, "is_vehicular": true, "is_arterial": true }, "geometry": { "type": "LineString", "coordinates": [ [ 78.782177, 30.1904385 ], [ 78.7821574, 30.1906496 ] ] } },
{ "type": "Feature", "properties": { "osm_id": 1172870579, "highway": "trunk", "name": "Pauri Highway", "name_en": null, "ref": "NH309", "surface": "asphalt", "maxspeed": "50", "oneway": "no", "access": "yes", "motor_vehicle": null, "bridge": "no", "tunnel": "no", "smoothness": null, "tracktype": null, "lanes": "2", "layer": "0", "length_m": 5863.5, "assumed_speed_kmh": 35.0, "travel_time_min": 10.0517, "is_vehicular": true, "is_arterial": true }, "geometry": { "type": "LineString", "coordinates": [ [ 78.7766872, 30.146490399999987 ], [ 78.7766836, 30.1466803 ], [ 78.7766336, 30.1468303 ], [ 78.7763336, 30.1474403 ], [ 78.7762953, 30.14789420000001 ], [ 78.7763125, 30.147929 ], [ 78.7763473, 30.1479499 ], [ 78.7764075, 30.1479632 ], [ 78.7764546, 30.1479592 ], [ 78.7765036, 30.1479144 ], [ 78.7766236, 30.1475003 ], [ 78.7767936, 30.1471803 ], [ 78.7768636, 30.1465803 ], [ 78.7771536, 30.1462503 ], [ 78.7772536, 30.1460403 ], [ 78.7773436, 30.1455503 ], [ 78.7773136, 30.1452003 ], [ 78.7773636, 30.145080299999986 ], [ 78.7778736, 30.1448203 ], [ 78.7780436, 30.1446603 ], [ 78.7781836, 30.1446003 ], [ 78.7790636, 30.1445703 ], [ 78.780873600000021, 30.1439803 ], [ 78.7818136, 30.1433103 ], [ 78.7822436, 30.1428503 ], [ 78.7822836, 30.1427003 ], [ 78.7822236, 30.142440299999986 ], [ 78.7821936, 30.1418103 ], [ 78.7825436, 30.1409003 ], [ 78.7826136, 30.1403203 ], [ 78.782608, 30.1399315 ], [ 78.7826192, 30.1398065 ], [ 78.7826492, 30.1397378 ], [ 78.7826854, 30.1397152 ], [ 78.7827316, 30.1397087 ], [ 78.7827826, 30.1397059 ], [ 78.7828316, 30.1397146 ], [ 78.7829322, 30.139754 ], [ 78.7832136, 30.1399003 ], [ 78.7839736, 30.1403803 ], [ 78.7847536, 30.1405203 ], [ 78.7851936, 30.1405403 ], [ 78.7855436, 30.140710299999984 ], [ 78.7857082, 30.1408071 ], [ 78.7857538, 30.1408181 ], [ 78.7858015, 30.1408158 ], [ 78.7858524, 30.1408048 ], [ 78.785898, 30.1407868 ], [ 78.7859181, 30.1407656 ], [ 78.7859376, 30.1407456 ], [ 78.7859683, 30.1407032 ], [ 78.7859912, 30.1405891 ], [ 78.7860136, 30.1404717 ], [ 78.7860436, 30.140120299999985 ], [ 78.7863536, 30.1398103 ], [ 78.78642360000002, 30.139650299999985 ], [ 78.7864436, 30.1394403 ], [ 78.7863482, 30.1391949 ], [ 78.7861804, 30.1389881 ], [ 78.7861522, 30.1389422 ], [ 78.7861522, 30.1388888 ], [ 78.786175, 30.1388494 ], [ 78.7862164, 30.1388284 ], [ 78.7870936, 30.1385103 ], [ 78.7872436, 30.1384103 ], [ 78.7873836, 30.1383003 ], [ 78.7877136, 30.1376803 ], [ 78.7878636, 30.1375203 ], [ 78.7886521, 30.1374042 ], [ 78.7887096, 30.1373729 ], [ 78.7887526, 30.1373126 ], [ 78.7887566, 30.1372546 ], [ 78.7887436, 30.1372003 ], [ 78.7884468, 30.1368185 ], [ 78.7884334, 30.1367327 ], [ 78.788440100000017, 30.1366875 ], [ 78.7884714, 30.1366496 ], [ 78.7885205, 30.1366028 ], [ 78.7885863, 30.1365657 ], [ 78.7888236, 30.1365103 ], [ 78.7888636, 30.1364403 ], [ 78.7888236, 30.1360903 ], [ 78.7888736, 30.1360203 ], [ 78.7894436, 30.1356503 ], [ 78.7908236, 30.1342403 ], [ 78.7914978, 30.1329133 ], [ 78.7915488, 30.1328055 ], [ 78.7915662, 30.1327028 ], [ 78.7915863, 30.132603099999987 ], [ 78.7916379, 30.1325451 ], [ 78.7919028, 30.1324111 ], [ 78.7920644, 30.132327 ], [ 78.792167, 30.1322377 ], [ 78.7923722, 30.1320614 ], [ 78.7927544, 30.1316781 ], [ 78.7928765, 30.1315806 ], [ 78.7929945, 30.1315267 ], [ 78.7931487, 30.131468699999985 ], [ 78.7932171, 30.1314333 ], [ 78.793262, 30.1313631 ], [ 78.7933436, 30.1311103 ], [ 78.7934936, 30.1304703 ], [ 78.7936536, 30.1302003 ], [ 78.7938336, 30.1300603 ], [ 78.7940136, 30.1300103 ], [ 78.7942736, 30.1301103 ], [ 78.7944736, 30.1303303 ], [ 78.7946051, 30.1303743 ], [ 78.7947263, 30.1303858 ], [ 78.7948573, 30.1304022 ], [ 78.7949967, 30.1303906 ], [ 78.7951148, 30.1303651 ], [ 78.7952097, 30.1303012 ], [ 78.7957836, 30.1293203 ], [ 78.7958436, 30.1290903 ], [ 78.7958377, 30.128831 ], [ 78.7958711, 30.1287249 ], [ 78.7959731, 30.128609 ], [ 78.7960455, 30.128537 ], [ 78.79612640000002, 30.128479 ], [ 78.7962493, 30.1284303 ], [ 78.7963951, 30.1284273 ], [ 78.7966336, 30.1285803 ], [ 78.7968736, 30.1286503 ], [ 78.7970636, 30.1286303 ], [ 78.7975314, 30.1283329 ], [ 78.7976776, 30.1281949 ], [ 78.7977876, 30.1280754 ], [ 78.7978278, 30.128022 ], [ 78.7978533, 30.1280035 ], [ 78.7978927, 30.1279909 ], [ 78.7979431, 30.1279965 ], [ 78.7979954, 30.1280174 ], [ 78.7981936, 30.1281103 ], [ 78.7984736, 30.1281103 ], [ 78.7992036, 30.1280103 ], [ 78.7994136, 30.1280403 ], [ 78.80005, 30.1284373 ], [ 78.8001573, 30.1284999 ], [ 78.8002136, 30.1285162 ], [ 78.800266300000018, 30.128518899999989 ], [ 78.800329, 30.1285144 ], [ 78.8003843, 30.1284981 ], [ 78.8004845, 30.1284442 ], [ 78.8005736, 30.1283703 ], [ 78.8008236, 30.1280203 ], [ 78.8012836, 30.1276703 ], [ 78.8013936, 30.127400299999987 ], [ 78.8013636, 30.1271903 ], [ 78.8014236, 30.1269703 ], [ 78.8017436, 30.1267603 ], [ 78.8018336, 30.1266503 ], [ 78.8018833, 30.1265338 ], [ 78.8019329, 30.1264515 ], [ 78.8019732, 30.126368 ], [ 78.8019892, 30.1263284 ], [ 78.8020147, 30.126296 ], [ 78.8020436, 30.1262822 ], [ 78.8021032, 30.1262752 ], [ 78.8021596, 30.1262891 ], [ 78.8022086, 30.1263289 ], [ 78.8023936, 30.1264603 ], [ 78.8026336, 30.1267303 ], [ 78.8028836, 30.1268903 ], [ 78.8029663, 30.1271399 ], [ 78.8029978, 30.1272124 ], [ 78.8030253, 30.1272304 ], [ 78.8030536, 30.127240299999986 ], [ 78.8030876, 30.1272414 ], [ 78.803131, 30.1272296 ], [ 78.8033237, 30.1270326 ], [ 78.803422, 30.1268813 ], [ 78.8034524, 30.126854 ], [ 78.8035125, 30.1268264 ], [ 78.8035825, 30.1268377 ], [ 78.8037836, 30.1269703 ], [ 78.8043936, 30.1270503 ], [ 78.8048936, 30.1272903 ], [ 78.8061236, 30.1274303 ], [ 78.8066136, 30.1275603 ], [ 78.8073436, 30.1278503 ], [ 78.8076836, 30.1281003 ], [ 78.8079736, 30.1281703 ], [ 78.8081636, 30.1281603 ], [ 78.8086283, 30.1278186 ], [ 78.8088052, 30.1273908 ], [ 78.8090725, 30.1271569 ], [ 78.8093219, 30.1271302 ], [ 78.8095113, 30.1272581 ], [ 78.8095389, 30.1275684 ], [ 78.809714, 30.1281305 ], [ 78.8097361, 30.1281641 ], [ 78.8097673, 30.1281965 ], [ 78.8097884, 30.128209899999987 ], [ 78.8098146, 30.1282157 ], [ 78.8098776, 30.1282123 ], [ 78.8102578, 30.1280631 ], [ 78.8105638, 30.1280497 ], [ 78.811359, 30.1284068 ], [ 78.8119465, 30.1284879 ], [ 78.8122195, 30.1284547 ], [ 78.812468, 30.1286683 ], [ 78.8127835, 30.1288843 ], [ 78.8129209, 30.1290433 ], [ 78.8129603, 30.1291126 ] ] } },
{ "type": "Feature", "properties": { "osm_id": 1172870580, "highway": "trunk", "name": "Pauri Highway", "name_en": null, "ref": "NH309", "surface": "asphalt", "maxspeed": "50", "oneway": "no", "access": "yes", "motor_vehicle": null, "bridge": "yes", "tunnel": "no", "smoothness": null, "tracktype": null, "lanes": "2", "layer": "1", "length_m": 16.33, "assumed_speed_kmh": 35.0, "travel_time_min": 0.028, "is_vehicular": true, "is_arterial": true }, "geometry": { "type": "LineString", "coordinates": [ [ 78.8129603, 30.1291126 ], [ 78.8129306, 30.1292576 ] ] } },
{ "type": "Feature", "properties": { "osm_id": 1218028261, "highway": "trunk", "name": null, "name_en": null, "ref": "NH7", "surface": "unknown", "maxspeed": "50", "oneway": "no", "access": "yes", "motor_vehicle": null, "bridge": "no", "tunnel": "no", "smoothness": null, "tracktype": null, "lanes": "2", "layer": "0", "length_m": 2084.02, "assumed_speed_kmh": 35.0, "travel_time_min": 3.5726, "is_vehicular": true, "is_arterial": true }, "geometry": { "type": "LineString", "coordinates": [ [ 79.2408275, 30.278114799999987 ], [ 79.2408782, 30.2783194 ], [ 79.2409127, 30.2784966 ], [ 79.2410683, 30.2786082 ], [ 79.2413835, 30.2786666 ], [ 79.241984, 30.2787914 ], [ 79.2422561, 30.278832699999985 ], [ 79.2425511, 30.2789192 ], [ 79.24332, 30.27914 ], [ 79.24381, 30.27924 ], [ 79.24415, 30.27951 ], [ 79.24525, 30.28005 ], [ 79.24586, 30.28053 ], [ 79.24636, 30.28085 ], [ 79.2464455, 30.2812595 ], [ 79.2465822, 30.2814044 ], [ 79.2467226, 30.2814547 ], [ 79.2472146, 30.2816771 ], [ 79.2475185, 30.2819435 ], [ 79.2482042, 30.2822118 ], [ 79.2483534, 30.2823694 ], [ 79.2484298, 30.282479 ], [ 79.2485052, 30.282649899999988 ], [ 79.2489209, 30.2828692 ], [ 79.249066, 30.283038 ], [ 79.2490962, 30.283256099999985 ], [ 79.2491183, 30.2834165 ], [ 79.2490143, 30.2839483 ], [ 79.249248, 30.2842089 ], [ 79.2494809, 30.2842943 ], [ 79.2496832, 30.2844977 ], [ 79.2498203, 30.2846525 ], [ 79.2499607, 30.2849949 ], [ 79.250977, 30.2857412 ], [ 79.2512799, 30.2857366 ], [ 79.2518419, 30.2861104 ], [ 79.2520844, 30.2861597 ], [ 79.25258, 30.28604 ], [ 79.2528784, 30.2859374 ], [ 79.2529956, 30.2859798 ], [ 79.2532313, 30.2861065 ], [ 79.2533625, 30.2864728 ], [ 79.2536207, 30.2866009 ], [ 79.2540081, 30.2867158 ], [ 79.2542031, 30.2868901 ], [ 79.2544997, 30.2868389 ], [ 79.2551493, 30.2867993 ], [ 79.2554134, 30.2870493 ], [ 79.2557032, 30.2871148 ], [ 79.2565961, 30.2875957 ], [ 79.2567845, 30.287566 ], [ 79.2569912, 30.2874583 ], [ 79.2570499, 30.2874627 ] ] } },
{ "type": "Feature", "properties": { "osm_id": 1218028262, "highway": "trunk", "name": null, "name_en": null, "ref": "NH7", "surface": "unknown", "maxspeed": "50", "oneway": "no", "access": "yes", "motor_vehicle": null, "bridge": "yes", "tunnel": "no", "smoothness": null, "tracktype": null, "lanes": "2", "layer": "1", "length_m": 24.13, "assumed_speed_kmh": 35.0, "travel_time_min": 0.0414, "is_vehicular": true, "is_arterial": true }, "geometry": { "type": "LineString", "coordinates": [ [ 79.2570499, 30.2874627 ], [ 79.257293, 30.2875162 ] ] } },
{ "type": "Feature", "properties": { "osm_id": 1241725661, "highway": "primary", "name": null, "name_en": null, "ref": "SH 34", "surface": "unknown", "maxspeed": null, "oneway": "no", "access": "yes", "motor_vehicle": null, "bridge": "no", "tunnel": "no", "smoothness": null, "tracktype": null, "lanes": null, "layer": "0", "length_m": 1987.52, "assumed_speed_kmh": 30.0, "travel_time_min": 3.975, "is_vehicular": true, "is_arterial": true }, "geometry": { "type": "LineString", "coordinates": [ [ 79.2045297, 30.379453 ], [ 79.2047442, 30.3797532 ], [ 79.2050421, 30.3804882 ], [ 79.2050717, 30.3806543 ], [ 79.2050394, 30.3808006 ], [ 79.2049777, 30.3809279 ], [ 79.2048436, 30.3810112 ], [ 79.2046452, 30.3810596 ], [ 79.2043662, 30.3815746 ], [ 79.2039371, 30.3820252 ], [ 79.2037869, 30.3826261 ], [ 79.203550800000016, 30.3831196 ], [ 79.2034274, 30.3832209 ], [ 79.2033014, 30.3832602 ], [ 79.2030814, 30.3833213 ], [ 79.203005, 30.3834095 ], [ 79.2029607, 30.3834963 ], [ 79.2029741, 30.3836328 ], [ 79.2030331, 30.3838295 ], [ 79.2030962, 30.3838989 ], [ 79.20317, 30.3839601 ], [ 79.2032933, 30.3840631 ], [ 79.2033738, 30.3841696 ], [ 79.2034435, 30.384407 ], [ 79.2036501, 30.385007899999987 ], [ 79.2038379, 30.3855872 ], [ 79.203921, 30.3857453 ], [ 79.2040148, 30.3858957 ], [ 79.2040095, 30.3860183 ], [ 79.2039612, 30.38617820000001 ], [ 79.2039478, 30.3864093 ], [ 79.20400410000002, 30.386562 ], [ 79.2040873, 30.3867459 ], [ 79.204071200000016, 30.3867842 ], [ 79.204039, 30.3868073 ], [ 79.2039612, 30.386842 ], [ 79.2038083, 30.3869137 ], [ 79.2036045, 30.3869831 ], [ 79.2033657, 30.3870716 ], [ 79.2029071, 30.3872395 ], [ 79.202199, 30.3873897 ], [ 79.2018329, 30.3871173 ], [ 79.2017403, 30.3870873 ], [ 79.2016491, 30.3870794 ], [ 79.2013246, 30.3871428 ], [ 79.201061700000011, 30.3873253 ], [ 79.2008445, 30.3874737 ], [ 79.2007613, 30.3875778 ], [ 79.2007492, 30.3876911 ], [ 79.2007479, 30.387785199999989 ], [ 79.2007305, 30.3878479 ], [ 79.2006969, 30.387904 ], [ 79.2006004, 30.3879503 ], [ 79.2004341, 30.3879619 ], [ 79.2001605, 30.387969 ], [ 79.1994309, 30.388079300000012 ], [ 79.1991574, 30.3879248 ], [ 79.1989803, 30.3876901 ], [ 79.1985726, 30.3871536 ], [ 79.1982615, 30.3870086 ], [ 79.1979289, 30.3870463 ], [ 79.1978162, 30.3871798 ], [ 79.1978216, 30.3873325 ], [ 79.1978807, 30.3875567 ], [ 79.1979665, 30.3877999 ], [ 79.1979557, 30.387985 ], [ 79.1978645, 30.3881836 ], [ 79.1972637, 30.3885055 ], [ 79.1965369, 30.3885595 ], [ 79.1962096, 30.3886421 ], [ 79.1960916, 30.3886727 ], [ 79.1960245, 30.388708 ], [ 79.1959939, 30.3887286 ], [ 79.1959688, 30.388761199999987 ] ] } },
{ "type": "Feature", "properties": { "osm_id": 1241725662, "highway": "primary", "name": null, "name_en": null, "ref": "SH 34", "surface": "unknown", "maxspeed": null, "oneway": "no", "access": "yes", "motor_vehicle": null, "bridge": "yes", "tunnel": "no", "smoothness": null, "tracktype": null, "lanes": null, "layer": "1", "length_m": 23.88, "assumed_speed_kmh": 30.0, "travel_time_min": 0.0478, "is_vehicular": true, "is_arterial": true }, "geometry": { "type": "LineString", "coordinates": [ [ 79.1959688, 30.388761199999987 ], [ 79.1960728, 30.3889568 ] ] } },
{ "type": "Feature", "properties": { "osm_id": 1247645471, "highway": "trunk", "name": null, "name_en": null, "ref": "NH107A", "surface": "unknown", "maxspeed": null, "oneway": "no", "access": "yes", "motor_vehicle": null, "bridge": "no", "tunnel": "no", "smoothness": null, "tracktype": null, "lanes": null, "layer": "0", "length_m": 1215.31, "assumed_speed_kmh": 35.0, "travel_time_min": 2.0834, "is_vehicular": true, "is_arterial": true }, "geometry": { "type": "LineString", "coordinates": [ [ 79.2194228, 30.4672223 ], [ 79.2192432, 30.4673771 ], [ 79.2189858, 30.4674973 ], [ 79.218621, 30.467682199999985 ], [ 79.2180845, 30.4678209 ], [ 79.2177949, 30.4680244 ], [ 79.217827, 30.4683573 ], [ 79.2178378, 30.4687549 ], [ 79.2179558, 30.469171 ], [ 79.2181167, 30.469522399999985 ], [ 79.2184493, 30.4696519 ], [ 79.2187605, 30.469901600000011 ], [ 79.2189214, 30.4701697 ], [ 79.2189107, 30.4706876 ], [ 79.2187497, 30.4709927 ], [ 79.2187497, 30.4712794 ], [ 79.2184708, 30.4716308 ], [ 79.2182991, 30.4718989 ], [ 79.2180202, 30.4720746 ], [ 79.2177305, 30.4722133 ], [ 79.2174837, 30.4724075 ], [ 79.2172584, 30.4725924 ], [ 79.2171326, 30.472725799999989 ], [ 79.2170623, 30.4727944 ], [ 79.2170606, 30.4728899 ], [ 79.2171172, 30.4729683 ], [ 79.2171892, 30.4729964 ], [ 79.2173074, 30.4729657 ], [ 79.2174086, 30.4728236 ], [ 79.2175374, 30.472647899999984 ], [ 79.217709, 30.4725 ], [ 79.21787, 30.4723705 ], [ 79.2180416, 30.4722873 ], [ 79.2182562, 30.4721763 ], [ 79.2183581, 30.4721116 ], [ 79.218476100000018, 30.47207 ], [ 79.2185942, 30.4719452 ], [ 79.2186693, 30.4718342 ], [ 79.2187712, 30.4717001 ], [ 79.2188838, 30.4715799 ], [ 79.218975, 30.4714643 ], [ 79.2190448, 30.471353400000012 ], [ 79.2190984, 30.4711557 ], [ 79.2191359, 30.4709233 ], [ 79.2191963, 30.470787 ], [ 79.2192915, 30.4706263 ], [ 79.2194095, 30.4705443 ] ] } },
{ "type": "Feature", "properties": { "osm_id": 1247645472, "highway": "trunk", "name": null, "name_en": null, "ref": "NH107A", "surface": "unknown", "maxspeed": null, "oneway": "no", "access": "yes", "motor_vehicle": null, "bridge": "no", "tunnel": "no", "smoothness": null, "tracktype": null, "lanes": null, "layer": "0", "length_m": 76.07, "assumed_speed_kmh": 35.0, "travel_time_min": 0.1304, "is_vehicular": true, "is_arterial": true }, "geometry": { "type": "LineString", "coordinates": [ [ 79.2196037, 30.4665828 ], [ 79.219608, 30.4666465 ], [ 79.219608, 30.466887 ], [ 79.2195222, 30.467136599999986 ], [ 79.2194228, 30.4672223 ] ] } },
{ "type": "Feature", "properties": { "osm_id": 1247645473, "highway": "trunk", "name": null, "name_en": null, "ref": "NH107A", "surface": "unknown", "maxspeed": null, "oneway": "no", "access": "yes", "motor_vehicle": null, "bridge": "no", "tunnel": "no", "smoothness": null, "tracktype": null, "lanes": null, "layer": "0", "length_m": 681.81, "assumed_speed_kmh": 35.0, "travel_time_min": 1.1688, "is_vehicular": true, "is_arterial": true }, "geometry": { "type": "LineString", "coordinates": [ [ 79.220359, 30.466628 ], [ 79.2203446, 30.4666809 ], [ 79.2202732, 30.4669424 ], [ 79.220241, 30.4673308 ], [ 79.2201552, 30.4676082 ], [ 79.2200908, 30.4679319 ], [ 79.220123, 30.4682001 ], [ 79.2200694, 30.4685607 ], [ 79.2198763, 30.4686624 ], [ 79.2198011, 30.4685792 ], [ 79.219887, 30.468385 ], [ 79.2199621, 30.4682001 ], [ 79.2199728, 30.4679781 ], [ 79.2198977, 30.4677747 ], [ 79.2198977, 30.467488 ], [ 79.2199728, 30.467293799999986 ], [ 79.2199299, 30.4670164 ], [ 79.2198441, 30.466757500000011 ], [ 79.219853, 30.4666695 ], [ 79.2198655, 30.4665448 ], [ 79.2199406, 30.4662026 ], [ 79.2199406, 30.4659345 ], [ 79.2198977, 30.465805 ], [ 79.2197475, 30.465721800000011 ], [ 79.2196402, 30.4658882 ], [ 79.2195866, 30.4663321 ], [ 79.2196037, 30.4665828 ] ] } },
{ "type": "Feature", "properties": { "osm_id": 1247645474, "highway": "trunk", "name": null, "name_en": null, "ref": "NH107A", "surface": "unknown", "maxspeed": null, "oneway": "no", "access": "yes", "motor_vehicle": null, "bridge": "no", "tunnel": "no", "smoothness": null, "tracktype": null, "lanes": null, "layer": "0", "length_m": 176.88, "assumed_speed_kmh": 35.0, "travel_time_min": 0.3032, "is_vehicular": true, "is_arterial": true }, "geometry": { "type": "LineString", "coordinates": [ [ 79.221786, 30.4658512 ], [ 79.2215821, 30.4661841 ], [ 79.2211637, 30.4662489 ], [ 79.220638, 30.4663229 ], [ 79.220359, 30.466628 ] ] } },
{ "type": "Feature", "properties": { "osm_id": 1251276541, "highway": "trunk", "name": null, "name_en": null, "ref": "NH107", "surface": "unknown", "maxspeed": "50", "oneway": "no", "access": "yes", "motor_vehicle": null, "bridge": "no", "tunnel": "no", "smoothness": null, "tracktype": null, "lanes": "2", "layer": "0", "length_m": 2743.22, "assumed_speed_kmh": 35.0, "travel_time_min": 4.7027, "is_vehicular": true, "is_arterial": true }, "geometry": { "type": "LineString", "coordinates": [ [ 79.0530027, 30.4084019 ], [ 79.0530575, 30.4083188 ], [ 79.0532232, 30.408332 ], [ 79.0535737, 30.4086531 ], [ 79.0537475, 30.4086927 ], [ 79.0539453, 30.4086148 ], [ 79.054736, 30.4081948 ], [ 79.0552777, 30.408074400000014 ], [ 79.056144, 30.4082504 ], [ 79.0571267, 30.4085652 ], [ 79.05742, 30.4088 ], [ 79.0579171, 30.4091399 ], [ 79.058651, 30.4094016 ], [ 79.0592771, 30.4101516 ], [ 79.059653, 30.4105688 ], [ 79.0595873, 30.4108418 ], [ 79.0600074, 30.4113743 ], [ 79.0601374, 30.411673 ], [ 79.0603728, 30.412214 ], [ 79.0605236, 30.4126164 ], [ 79.0607627, 30.4129009 ], [ 79.0612661, 30.4131909 ], [ 79.06166, 30.4134298 ], [ 79.0617655, 30.4136317 ], [ 79.0617416, 30.4140878 ], [ 79.0618717, 30.4144232 ], [ 79.061953, 30.4147053 ], [ 79.0619272, 30.4148997 ], [ 79.0619138, 30.4151763 ], [ 79.0619804, 30.4154202 ], [ 79.062536, 30.4163833 ], [ 79.063247, 30.417219100000011 ], [ 79.06414, 30.41818 ], [ 79.06508, 30.41885 ], [ 79.0657994, 30.4195823 ], [ 79.0667446, 30.4206907 ], [ 79.0675675, 30.4218675 ], [ 79.0678707, 30.422194 ], [ 79.0678618, 30.422933299999986 ], [ 79.0677621, 30.4234183 ], [ 79.067784, 30.4239136 ], [ 79.0679602, 30.424363199999988 ], [ 79.068134, 30.4245859 ], [ 79.0684327, 30.424754 ], [ 79.0691778, 30.4249182 ], [ 79.069303, 30.4250135 ] ] } },
{ "type": "Feature", "properties": { "osm_id": 1251276542, "highway": "trunk", "name": null, "name_en": null, "ref": "NH107", "surface": "unknown", "maxspeed": "50", "oneway": "no", "access": "yes", "motor_vehicle": null, "bridge": "yes", "tunnel": "no", "smoothness": null, "tracktype": null, "lanes": "2", "layer": "1", "length_m": 9.0, "assumed_speed_kmh": 35.0, "travel_time_min": 0.0154, "is_vehicular": true, "is_arterial": true }, "geometry": { "type": "LineString", "coordinates": [ [ 79.0529563, 30.4084724 ], [ 79.0530027, 30.4084019 ] ] } },
{ "type": "Feature", "properties": { "osm_id": 1251276579, "highway": "trunk", "name": null, "name_en": null, "ref": "NH107", "surface": "unknown", "maxspeed": "50", "oneway": "no", "access": "yes", "motor_vehicle": null, "bridge": "no", "tunnel": "no", "smoothness": null, "tracktype": null, "lanes": "2", "layer": "0", "length_m": 3438.38, "assumed_speed_kmh": 35.0, "travel_time_min": 5.8944, "is_vehicular": true, "is_arterial": true }, "geometry": { "type": "LineString", "coordinates": [ [ 78.9759385, 30.3448643 ], [ 78.9760966, 30.3449292 ], [ 78.9762162, 30.3449529 ], [ 78.9763577, 30.3449628 ], [ 78.9764817, 30.3449813 ], [ 78.9765749, 30.3450253 ], [ 78.976636, 30.3450935 ], [ 78.9766574, 30.3451728 ], [ 78.9766553, 30.3452732 ], [ 78.9766, 30.34558 ], [ 78.97667, 30.34628 ], [ 78.97665, 30.34701 ], [ 78.9768, 30.34784 ], [ 78.97671, 30.34914 ], [ 78.97703, 30.34982 ], [ 78.97737, 30.35025 ], [ 78.97753, 30.3506 ], [ 78.9776123, 30.3509637 ], [ 78.97765, 30.35113 ], [ 78.9776832, 30.3513203 ], [ 78.9777008, 30.3515 ], [ 78.9776981, 30.3516967 ], [ 78.9776739, 30.3519559 ], [ 78.977623, 30.3521712 ], [ 78.9775335, 30.3523993 ], [ 78.9774339, 30.3525761 ], [ 78.97733, 30.35275 ], [ 78.977, 30.35325 ], [ 78.97689, 30.35357 ], [ 78.9769, 30.3538 ], [ 78.97698, 30.35389 ], [ 78.97703, 30.35415 ], [ 78.97684, 30.35447 ], [ 78.97682, 30.35572 ], [ 78.97688, 30.35593 ], [ 78.97716, 30.35652 ], [ 78.97741, 30.35749 ], [ 78.97751, 30.35767 ], [ 78.97767, 30.3579 ], [ 78.97818, 30.3584 ], [ 78.97872, 30.35909 ], [ 78.97899, 30.36009 ], [ 78.97929, 30.36165 ], [ 78.97941, 30.36205 ], [ 78.97955, 30.36315 ], [ 78.97999, 30.36439 ], [ 78.98037, 30.36486 ], [ 78.9805726, 30.3650311 ], [ 78.98082, 30.36524 ], [ 78.98131, 30.36553 ], [ 78.98236, 30.36603 ], [ 78.98328, 30.36687 ], [ 78.98339, 30.36715 ], [ 78.98352, 30.36791 ], [ 78.98363, 30.36801 ], [ 78.984562, 30.368085 ], [ 78.9852903, 30.3679414 ], [ 78.9857335, 30.3678362 ], [ 78.9861215, 30.3678371 ], [ 78.9870001, 30.3678489 ], [ 78.9880638, 30.3676476 ], [ 78.9887806, 30.367451 ], [ 78.989113700000019, 30.3671863 ], [ 78.9891873, 30.3671491 ] ] } },
{ "type": "Feature", "properties": { "osm_id": 1251276580, "highway": "trunk", "name": null, "name_en": null, "ref": "NH107", "surface": "unknown", "maxspeed": "50", "oneway": "no", "access": "yes", "motor_vehicle": null, "bridge": "yes", "tunnel": "no", "smoothness": null, "tracktype": null, "lanes": "2", "layer": "1", "length_m": 50.55, "assumed_speed_kmh": 35.0, "travel_time_min": 0.0867, "is_vehicular": true, "is_arterial": true }, "geometry": { "type": "LineString", "coordinates": [ [ 78.9891873, 30.3671491 ], [ 78.9896477, 30.3669288 ] ] } },
{ "type": "Feature", "properties": { "osm_id": 1254105372, "highway": "trunk", "name": null, "name_en": null, "ref": "NH107", "surface": "unknown", "maxspeed": "50", "oneway": "no", "access": "yes", "motor_vehicle": null, "bridge": "no", "tunnel": "no", "smoothness": null, "tracktype": null, "lanes": "2", "layer": "0", "length_m": 1418.17, "assumed_speed_kmh": 35.0, "travel_time_min": 2.4311, "is_vehicular": true, "is_arterial": true }, "geometry": { "type": "LineString", "coordinates": [ [ 78.9692373, 30.336567 ], [ 78.9692565, 30.3368962 ], [ 78.9692029, 30.3370999 ], [ 78.968999, 30.3373916 ], [ 78.9683124, 30.3378916 ], [ 78.9682319, 30.3380814 ], [ 78.9681354, 30.3387481 ], [ 78.9680603, 30.3395907 ], [ 78.9681032, 30.3400028 ], [ 78.9683285, 30.3406555 ], [ 78.9685484, 30.3410676 ], [ 78.9686879, 30.341275899999985 ], [ 78.9689561, 30.3414287 ], [ 78.96972, 30.34169 ], [ 78.97017, 30.34189 ], [ 78.97119, 30.34222 ], [ 78.9729325, 30.3425965 ], [ 78.9734663, 30.3426081 ], [ 78.9736916, 30.3426428 ], [ 78.9740108, 30.3428002 ], [ 78.9744185, 30.3429762 ], [ 78.9748396, 30.3434993 ], [ 78.97558, 30.34458 ], [ 78.97585, 30.34482 ], [ 78.9759385, 30.3448643 ] ] } },
{ "type": "Feature", "properties": { "osm_id": 1254105373, "highway": "trunk", "name": null, "name_en": null, "ref": "NH107", "surface": "unknown", "maxspeed": "50", "oneway": "no", "access": "yes", "motor_vehicle": null, "bridge": "yes", "tunnel": "no", "smoothness": null, "tracktype": null, "lanes": "2", "layer": "1", "length_m": 47.17, "assumed_speed_kmh": 35.0, "travel_time_min": 0.0809, "is_vehicular": true, "is_arterial": true }, "geometry": { "type": "LineString", "coordinates": [ [ 78.9691657, 30.3361461 ], [ 78.9692373, 30.336567 ] ] } },
{ "type": "Feature", "properties": { "osm_id": 1280226523, "highway": "trunk", "name": null, "name_en": null, "ref": "NH107A", "surface": "unknown", "maxspeed": null, "oneway": "no", "access": "yes", "motor_vehicle": null, "bridge": "no", "tunnel": "no", "smoothness": null, "tracktype": null, "lanes": null, "layer": "0", "length_m": 2381.33, "assumed_speed_kmh": 35.0, "travel_time_min": 4.0823, "is_vehicular": true, "is_arterial": true }, "geometry": { "type": "LineString", "coordinates": [ [ 79.0903804, 30.5206728 ], [ 79.0903177, 30.5206079 ], [ 79.0901499, 30.5203118 ], [ 79.0900261, 30.5200623 ], [ 79.0898938, 30.5199076 ], [ 79.0890143, 30.5196791 ], [ 79.0885863, 30.5194457 ], [ 79.0884543, 30.5192437 ], [ 79.0883837, 30.5190611 ], [ 79.0883621, 30.518771099999988 ], [ 79.0881158, 30.5182376 ], [ 79.0880824, 30.517562 ], [ 79.0879991, 30.5173297 ], [ 79.0877614, 30.516962 ], [ 79.0877677, 30.5167708 ], [ 79.0875554, 30.5165695 ], [ 79.0875754, 30.5164653 ], [ 79.0880199, 30.51582530000001 ], [ 79.0881122, 30.5155546 ], [ 79.0881148, 30.5153632 ], [ 79.0880206, 30.5151756 ], [ 79.0880638, 30.5149034 ], [ 79.0879974, 30.5145043 ], [ 79.0877934, 30.5140055 ], [ 79.0879647, 30.5124157 ], [ 79.0878893, 30.5122249 ], [ 79.087741, 30.5121287 ], [ 79.0876726, 30.5120148 ], [ 79.0877145, 30.5116814 ], [ 79.0876244, 30.5113031 ], [ 79.0877531, 30.5111095 ], [ 79.0878846, 30.511053 ], [ 79.0879525, 30.510921 ], [ 79.0878198, 30.5106943 ], [ 79.0874786, 30.5103552 ], [ 79.0869265, 30.5101071 ], [ 79.0865363, 30.5100045 ], [ 79.0861978, 30.5098011 ], [ 79.0859659, 30.5094322 ], [ 79.0859755, 30.5092016 ], [ 79.0865359, 30.5083528 ], [ 79.0866495, 30.5080932 ], [ 79.0871567, 30.5075301 ], [ 79.0874099, 30.5072863 ], [ 79.0877905, 30.5070523 ], [ 79.0885747, 30.5067504 ], [ 79.088779, 30.5064825 ], [ 79.0887478, 30.5058528 ], [ 79.0889187, 30.5055646 ], [ 79.0890718, 30.5046565 ], [ 79.0890185, 30.5043027 ], [ 79.0888891, 30.503975 ], [ 79.0884749, 30.5033144 ], [ 79.0881173, 30.50287560000001 ] ] } },
{ "type": "Feature", "properties": { "osm_id": 1280226524, "highway": "trunk", "name": null, "name_en": null, "ref": "NH107A", "surface": "unknown", "maxspeed": null, "oneway": "no", "access": "yes", "motor_vehicle": null, "bridge": "yes", "tunnel": "no", "smoothness": null, "tracktype": null, "lanes": null, "layer": "1", "length_m": 36.89, "assumed_speed_kmh": 35.0, "travel_time_min": 0.0632, "is_vehicular": true, "is_arterial": true }, "geometry": { "type": "LineString", "coordinates": [ [ 79.0905827, 30.5209557 ], [ 79.0903804, 30.5206728 ] ] } },
{ "type": "Feature", "properties": { "osm_id": 1280226525, "highway": "trunk", "name": null, "name_en": null, "ref": "NH107A", "surface": "unknown", "maxspeed": null, "oneway": "no", "access": "yes", "motor_vehicle": null, "bridge": "no", "tunnel": "no", "smoothness": null, "tracktype": null, "lanes": null, "layer": "0", "length_m": 2755.4, "assumed_speed_kmh": 35.0, "travel_time_min": 4.7235, "is_vehicular": true, "is_arterial": true }, "geometry": { "type": "LineString", "coordinates": [ [ 79.0950204, 30.5195943 ], [ 79.0950184, 30.5196592 ], [ 79.094093, 30.5201646 ], [ 79.0938856, 30.5204589 ], [ 79.0938103, 30.5204849 ], [ 79.0934851, 30.5204327 ], [ 79.0929374, 30.520512 ], [ 79.0926453, 30.5206543 ], [ 79.0923798, 30.5213694 ], [ 79.0922099, 30.5214887 ], [ 79.0921481, 30.5216278 ], [ 79.0921391, 30.5217615 ], [ 79.0923967, 30.5220129 ], [ 79.0930945, 30.5230175 ], [ 79.0931966, 30.5230544 ], [ 79.0936481, 30.522985 ], [ 79.0937981, 30.5230188 ], [ 79.0939047, 30.5231025 ], [ 79.0939401, 30.5232034 ], [ 79.0935541, 30.5237671 ], [ 79.0935355, 30.52387 ], [ 79.0935633, 30.5245984 ], [ 79.0939172, 30.5258129 ], [ 79.093918700000017, 30.5259604 ], [ 79.0938975, 30.52602 ], [ 79.093657, 30.5260556 ], [ 79.0935759, 30.5261328 ], [ 79.0934887, 30.5264488 ], [ 79.0934173, 30.527136 ], [ 79.0936779, 30.527907599999985 ], [ 79.0938258, 30.5280941 ], [ 79.0938804, 30.5283558 ], [ 79.0937419, 30.5289847 ], [ 79.0937782, 30.5292531 ], [ 79.0942872, 30.5294589 ], [ 79.0944685, 30.5295549 ], [ 79.0946494, 30.529579 ], [ 79.0947744, 30.529638499999987 ], [ 79.0948214, 30.5296937 ], [ 79.094827, 30.5297405 ], [ 79.0947982, 30.5297807 ], [ 79.094784300000015, 30.5298 ], [ 79.0947267, 30.5298255 ], [ 79.0946576, 30.529817 ], [ 79.0945652, 30.5298054 ], [ 79.0940597, 30.5295685 ], [ 79.093723400000016, 30.5295102 ], [ 79.0933737, 30.5292136 ], [ 79.0933819, 30.5283318 ], [ 79.0932515, 30.5280022 ], [ 79.0929137, 30.5274946 ], [ 79.0928009, 30.5271605 ], [ 79.0928661, 30.5263965 ], [ 79.0928379, 30.5260223 ], [ 79.0926978, 30.5257163 ], [ 79.0924986, 30.5255169 ], [ 79.0920741, 30.5252991 ], [ 79.0916973, 30.5250954 ], [ 79.0914846, 30.524897099999983 ], [ 79.0914022, 30.5247196 ], [ 79.0913832, 30.5246339 ], [ 79.0913545, 30.5243199 ], [ 79.0914225, 30.52402 ], [ 79.0917147, 30.5237311 ], [ 79.0914485, 30.5232334 ], [ 79.090717, 30.5228928 ], [ 79.0903855, 30.5225774 ], [ 79.0904217, 30.5219769 ], [ 79.090248, 30.5217569 ], [ 79.0902404, 30.5214637 ], [ 79.0904542, 30.5210494 ], [ 79.0905834, 30.521001600000012 ], [ 79.0905827, 30.5209557 ] ] } },
{ "type": "Feature", "properties": { "osm_id": 1280226526, "highway": "trunk", "name": null, "name_en": null, "ref": "NH107A", "surface": "unknown", "maxspeed": null, "oneway": "no", "access": "yes", "motor_vehicle": null, "bridge": "yes", "tunnel": "no", "smoothness": null, "tracktype": null, "lanes": null, "layer": "1", "length_m": 9.0, "assumed_speed_kmh": 35.0, "travel_time_min": 0.0154, "is_vehicular": true, "is_arterial": true }, "geometry": { "type": "LineString", "coordinates": [ [ 79.0938925, 30.5186084 ], [ 79.0939623, 30.5186626 ] ] } },
{ "type": "Feature", "properties": { "osm_id": 1280226528, "highway": "trunk", "name": null, "name_en": null, "ref": "NH107A", "surface": "unknown", "maxspeed": null, "oneway": "no", "access": "yes", "motor_vehicle": null, "bridge": "no", "tunnel": "no", "smoothness": null, "tracktype": null, "lanes": null, "layer": "0", "length_m": 181.47, "assumed_speed_kmh": 35.0, "travel_time_min": 0.3111, "is_vehicular": true, "is_arterial": true }, "geometry": { "type": "LineString", "coordinates": [ [ 79.0939623, 30.5186626 ], [ 79.0940035, 30.5186946 ], [ 79.0937962, 30.5189933 ], [ 79.0938664, 30.5192371 ], [ 79.0942231, 30.5193457 ], [ 79.0948363, 30.5193615 ], [ 79.0949047, 30.5193933 ], [ 79.0949468, 30.5194454 ] ] } },
{ "type": "Feature", "properties": { "osm_id": 1280226529, "highway": "trunk", "name": null, "name_en": null, "ref": "NH107A", "surface": "unknown", "maxspeed": null, "oneway": "no", "access": "yes", "motor_vehicle": null, "bridge": "yes", "tunnel": "no", "smoothness": null, "tracktype": null, "lanes": null, "layer": "1", "length_m": 17.96, "assumed_speed_kmh": 35.0, "travel_time_min": 0.0308, "is_vehicular": true, "is_arterial": true }, "geometry": { "type": "LineString", "coordinates": [ [ 79.0949468, 30.5194454 ], [ 79.0950204, 30.5195943 ] ] } },
{ "type": "Feature", "properties": { "osm_id": 1301984067, "highway": "trunk", "name": null, "name_en": null, "ref": "NH7", "surface": "unknown", "maxspeed": "50", "oneway": "no", "access": "yes", "motor_vehicle": null, "bridge": "yes", "tunnel": "no", "smoothness": null, "tracktype": null, "lanes": "2", "layer": "1", "length_m": 31.47, "assumed_speed_kmh": 35.0, "travel_time_min": 0.0539, "is_vehicular": true, "is_arterial": true }, "geometry": { "type": "LineString", "coordinates": [ [ 78.7255366, 30.2326677 ], [ 78.7253892, 30.232921 ] ] } },
{ "type": "Feature", "properties": { "osm_id": 1301984068, "highway": "trunk", "name": null, "name_en": null, "ref": "NH7", "surface": "unknown", "maxspeed": "50", "oneway": "no", "access": "yes", "motor_vehicle": null, "bridge": "no", "tunnel": "no", "smoothness": null, "tracktype": null, "lanes": "2", "layer": "0", "length_m": 2579.44, "assumed_speed_kmh": 35.0, "travel_time_min": 4.4219, "is_vehicular": true, "is_arterial": true }, "geometry": { "type": "LineString", "coordinates": [ [ 78.7253892, 30.232921 ], [ 78.725302, 30.2329852 ], [ 78.725113, 30.2329743 ], [ 78.72437, 30.23265 ], [ 78.72425, 30.23267 ], [ 78.72413, 30.23275 ], [ 78.72385, 30.23309 ], [ 78.72363, 30.23356 ], [ 78.72359, 30.23386 ], [ 78.72386, 30.23467 ], [ 78.724, 30.2349 ], [ 78.72407, 30.23521 ], [ 78.72403, 30.2356 ], [ 78.7240515, 30.2357824 ], [ 78.7240459, 30.2359541 ], [ 78.7239188, 30.2361228 ], [ 78.7238356, 30.2362332 ], [ 78.72361, 30.23648 ], [ 78.72306, 30.23708 ], [ 78.7227664, 30.23762 ], [ 78.7224466, 30.2378576 ], [ 78.7220075, 30.2381132 ], [ 78.72191, 30.23817 ], [ 78.7213605, 30.2382876 ], [ 78.7208497, 30.2383253 ], [ 78.7200108, 30.2384876 ], [ 78.71919, 30.2388 ], [ 78.7188, 30.23896 ], [ 78.7178393, 30.2393317 ], [ 78.7168992, 30.2394217 ], [ 78.7161751, 30.2396193 ], [ 78.7160403, 30.2396526 ], [ 78.7158634, 30.2396963 ], [ 78.7155615, 30.2395756 ], [ 78.71517, 30.23915 ], [ 78.71478, 30.23807 ], [ 78.7147, 30.23789 ], [ 78.71455, 30.23772 ], [ 78.71294, 30.23679 ], [ 78.71236, 30.23657 ], [ 78.71202, 30.23633 ], [ 78.71174, 30.23622 ], [ 78.71143, 30.23588 ], [ 78.71037, 30.23501 ], [ 78.7094335, 30.233646 ], [ 78.7092216, 30.2334119 ], [ 78.7088365, 30.2331462 ], [ 78.70837210000002, 30.2330487 ], [ 78.7080663, 30.2330418 ], [ 78.7077749, 30.2330813 ] ] } },
{ "type": "Feature", "properties": { "osm_id": 1301984069, "highway": "trunk", "name": null, "name_en": null, "ref": "NH7", "surface": "unknown", "maxspeed": "50", "oneway": "no", "access": "yes", "motor_vehicle": null, "bridge": "yes", "tunnel": "no", "smoothness": null, "tracktype": null, "lanes": "2", "layer": "1", "length_m": 109.48, "assumed_speed_kmh": 35.0, "travel_time_min": 0.1877, "is_vehicular": true, "is_arterial": true }, "geometry": { "type": "LineString", "coordinates": [ [ 78.7077749, 30.2330813 ], [ 78.707495, 30.2330951 ], [ 78.707149, 30.2330765 ], [ 78.7068728, 30.2330441 ], [ 78.7066505, 30.2329885 ] ] } },
{ "type": "Feature", "properties": { "osm_id": 1301984070, "highway": "trunk", "name": null, "name_en": null, "ref": "NH7", "surface": "unknown", "maxspeed": "50", "oneway": "no", "access": "yes", "motor_vehicle": null, "bridge": "no", "tunnel": "no", "smoothness": null, "tracktype": null, "lanes": "2", "layer": "0", "length_m": 2209.79, "assumed_speed_kmh": 35.0, "travel_time_min": 3.7882, "is_vehicular": true, "is_arterial": true }, "geometry": { "type": "LineString", "coordinates": [ [ 78.7066505, 30.2329885 ], [ 78.7064349, 30.23278 ], [ 78.7060043, 30.2323517 ], [ 78.705555, 30.2321443 ], [ 78.7051245, 30.2320736 ], [ 78.7048992, 30.2320783 ], [ 78.7043252, 30.2322892 ], [ 78.7041429, 30.2324375 ], [ 78.7039041, 30.2328222 ], [ 78.7036708, 30.2330516 ], [ 78.7032604, 30.2334177 ], [ 78.7028876, 30.2339623 ], [ 78.7028259, 30.2342404 ], [ 78.7028929, 30.2346181 ], [ 78.7028769, 30.2347734 ], [ 78.7027776, 30.2349032 ], [ 78.7022117, 30.2353898 ], [ 78.7020856, 30.2355821 ], [ 78.7019542, 30.236288899999987 ], [ 78.70185, 30.23653 ], [ 78.70103, 30.23708 ], [ 78.69992, 30.23742 ], [ 78.6994833, 30.237403 ], [ 78.698998800000012, 30.2373893 ], [ 78.6982226, 30.2372361 ], [ 78.6980189, 30.2372349 ], [ 78.6978581, 30.2372427 ], [ 78.6976614, 30.2372859 ], [ 78.6974592, 30.237434 ], [ 78.697257, 30.2377135 ], [ 78.6969942, 30.2377738 ], [ 78.6962861, 30.237175899999983 ], [ 78.6953366, 30.2370369 ], [ 78.6942154, 30.236536299999987 ], [ 78.6940959, 30.236477799999985 ], [ 78.6931264, 30.2364992 ], [ 78.6924988, 30.2368376 ], [ 78.6918658, 30.237491 ], [ 78.6909109, 30.2383716 ], [ 78.6899453, 30.238988 ], [ 78.6897629, 30.2393078 ] ] } },
{ "type": "Feature", "properties": { "osm_id": 1302192068, "highway": "trunk", "name": null, "name_en": null, "ref": "NH7", "surface": "unknown", "maxspeed": "50", "oneway": "no", "access": "yes", "motor_vehicle": null, "bridge": "yes", "tunnel": "no", "smoothness": null, "tracktype": null, "lanes": "2", "layer": "1", "length_m": 50.41, "assumed_speed_kmh": 35.0, "travel_time_min": 0.0864, "is_vehicular": true, "is_arterial": true }, "geometry": { "type": "LineString", "coordinates": [ [ 78.9864756, 30.2882619 ], [ 78.9862848, 30.2878384 ] ] } },
{ "type": "Feature", "properties": { "osm_id": 1302192069, "highway": "trunk", "name": null, "name_en": null, "ref": "NH7", "surface": "unknown", "maxspeed": "50", "oneway": "no", "access": "yes", "motor_vehicle": null, "bridge": "no", "tunnel": "no", "smoothness": null, "tracktype": null, "lanes": "2", "layer": "0", "length_m": 94.82, "assumed_speed_kmh": 35.0, "travel_time_min": 0.1625, "is_vehicular": true, "is_arterial": true }, "geometry": { "type": "LineString", "coordinates": [ [ 78.9862848, 30.2878384 ], [ 78.9861243, 30.2875486 ], [ 78.9859246, 30.2873812 ], [ 78.9857563, 30.2873249 ], [ 78.9856098, 30.2872758 ] ] } },
{ "type": "Feature", "properties": { "osm_id": 1302193973, "highway": "trunk", "name": null, "name_en": null, "ref": "NH7", "surface": "unknown", "maxspeed": "50", "oneway": "no", "access": "yes", "motor_vehicle": null, "bridge": "yes", "tunnel": "no", "smoothness": null, "tracktype": null, "lanes": "2", "layer": "1", "length_m": 75.92, "assumed_speed_kmh": 35.0, "travel_time_min": 0.1301, "is_vehicular": true, "is_arterial": true }, "geometry": { "type": "LineString", "coordinates": [ [ 79.2013266, 30.2664664 ], [ 79.2005429, 30.2663869 ] ] } },
{ "type": "Feature", "properties": { "osm_id": 1302193974, "highway": "trunk", "name": null, "name_en": null, "ref": "NH7", "surface": "unknown", "maxspeed": "50", "oneway": "no", "access": "yes", "motor_vehicle": null, "bridge": "no", "tunnel": "no", "smoothness": null, "tracktype": null, "lanes": "2", "layer": "0", "length_m": 802.11, "assumed_speed_kmh": 35.0, "travel_time_min": 1.375, "is_vehicular": true, "is_arterial": true }, "geometry": { "type": "LineString", "coordinates": [ [ 79.2091798, 30.266705 ], [ 79.209120500000012, 30.2667135 ], [ 79.2089779, 30.2667686 ], [ 79.2088442, 30.2668709 ], [ 79.2087418, 30.2669607 ], [ 79.2086424, 30.2671248 ], [ 79.20802, 30.26744 ], [ 79.20743, 30.26744 ], [ 79.20583, 30.26718 ], [ 79.20358, 30.26701 ], [ 79.20321, 30.26688 ], [ 79.20253, 30.26655 ], [ 79.2013266, 30.2664664 ] ] } },
{ "type": "Feature", "properties": { "osm_id": 1302193976, "highway": "trunk", "name": null, "name_en": null, "ref": "NH7", "surface": "unknown", "maxspeed": "50", "oneway": "no", "access": "yes", "motor_vehicle": null, "bridge": "yes", "tunnel": "no", "smoothness": null, "tracktype": null, "lanes": "2", "layer": "1", "length_m": 25.36, "assumed_speed_kmh": 35.0, "travel_time_min": 0.0435, "is_vehicular": true, "is_arterial": true }, "geometry": { "type": "LineString", "coordinates": [ [ 79.1896544, 30.2665982 ], [ 79.1893919, 30.2665783 ] ] } },
{ "type": "Feature", "properties": { "osm_id": 1302193977, "highway": "trunk", "name": null, "name_en": null, "ref": "NH7", "surface": "unknown", "maxspeed": "50", "oneway": "no", "access": "yes", "motor_vehicle": null, "bridge": "no", "tunnel": "no", "smoothness": null, "tracktype": null, "lanes": "2", "layer": "0", "length_m": 1298.09, "assumed_speed_kmh": 35.0, "travel_time_min": 2.2253, "is_vehicular": true, "is_arterial": true }, "geometry": { "type": "LineString", "coordinates": [ [ 79.2005429, 30.2663869 ], [ 79.19923, 30.26682 ], [ 79.1982, 30.26699 ], [ 79.19777, 30.26681 ], [ 79.19753, 30.2666 ], [ 79.19734, 30.26663 ], [ 79.19717, 30.2668 ], [ 79.19679, 30.26705 ], [ 79.1963, 30.26703 ], [ 79.19572, 30.26685 ], [ 79.19509, 30.26684 ], [ 79.19386, 30.26719 ], [ 79.19358, 30.26707 ], [ 79.19328, 30.26676 ], [ 79.19277, 30.26658 ], [ 79.19229, 30.26658 ], [ 79.19196, 30.26671 ], [ 79.191525, 30.2669699 ], [ 79.1913602, 30.2671748 ], [ 79.1911717, 30.2675443 ], [ 79.1910317, 30.267682 ], [ 79.19081, 30.2677621 ], [ 79.1904887, 30.2677327 ], [ 79.1902863, 30.2677876 ], [ 79.1901434, 30.2678414 ], [ 79.1899773, 30.2678248 ], [ 79.1898517, 30.2676422 ], [ 79.1897392, 30.266653 ], [ 79.1896544, 30.2665982 ] ] } },
{ "type": "Feature", "properties": { "osm_id": 1302193979, "highway": "trunk", "name": null, "name_en": null, "ref": "NH7", "surface": "unknown", "maxspeed": "50", "oneway": "no", "access": "yes", "motor_vehicle": null, "bridge": "yes", "tunnel": "no", "smoothness": null, "tracktype": null, "lanes": "2", "layer": "1", "length_m": 28.27, "assumed_speed_kmh": 35.0, "travel_time_min": 0.0485, "is_vehicular": true, "is_arterial": true }, "geometry": { "type": "LineString", "coordinates": [ [ 79.1279887, 30.2861049 ], [ 79.1276975, 30.2861392 ] ] } },
{ "type": "Feature", "properties": { "osm_id": 1302193980, "highway": "trunk", "name": null, "name_en": null, "ref": "NH7", "surface": "unknown", "maxspeed": "50", "oneway": "no", "access": "yes", "motor_vehicle": null, "bridge": "no", "tunnel": "no", "smoothness": null, "tracktype": null, "lanes": "2", "layer": "0", "length_m": 926.57, "assumed_speed_kmh": 35.0, "travel_time_min": 1.5884, "is_vehicular": true, "is_arterial": true }, "geometry": { "type": "LineString", "coordinates": [ [ 79.1362743, 30.2838325 ], [ 79.1359572, 30.2839833 ], [ 79.1357695, 30.2840526 ], [ 79.1356302, 30.2841375 ], [ 79.1354662, 30.2842101 ], [ 79.1352984, 30.284246 ], [ 79.1351303, 30.284255 ], [ 79.1346409, 30.2841779 ], [ 79.1344086, 30.2842009 ], [ 79.13381, 30.28443 ], [ 79.13321, 30.28469 ], [ 79.1329222, 30.284738399999984 ], [ 79.13252, 30.28478 ], [ 79.1321997, 30.2848575 ], [ 79.13178, 30.28498 ], [ 79.13149, 30.28513 ], [ 79.1310458, 30.2855129 ], [ 79.130911, 30.28568 ], [ 79.1308588, 30.2858274 ], [ 79.1308459, 30.2860628 ], [ 79.1307706, 30.2862028 ], [ 79.1306719, 30.2862886 ], [ 79.1305011, 30.2863485 ], [ 79.1301908, 30.2863628 ], [ 79.1298765, 30.28639990000001 ], [ 79.1294799, 30.2865499 ], [ 79.1293431, 30.2865742 ], [ 79.1292302, 30.2865384 ], [ 79.1290649, 30.2864285 ], [ 79.1288041, 30.2863042 ], [ 79.1284833, 30.2861569 ], [ 79.128188900000012, 30.2861031 ], [ 79.1279887, 30.2861049 ] ] } },
{ "type": "Feature", "properties": { "osm_id": 1302307391, "highway": "trunk", "name": null, "name_en": null, "ref": "NH7", "surface": "unknown", "maxspeed": "50", "oneway": "no", "access": "yes", "motor_vehicle": null, "bridge": "yes", "tunnel": "no", "smoothness": null, "tracktype": null, "lanes": "2", "layer": "1", "length_m": 73.99, "assumed_speed_kmh": 35.0, "travel_time_min": 0.1268, "is_vehicular": true, "is_arterial": true }, "geometry": { "type": "LineString", "coordinates": [ [ 79.4863879, 30.4871188 ], [ 79.4860163, 30.4877036 ] ] } },
{ "type": "Feature", "properties": { "osm_id": 1302307392, "highway": "trunk", "name": null, "name_en": null, "ref": "NH7", "surface": "unknown", "maxspeed": "50", "oneway": "no", "access": "yes", "motor_vehicle": null, "bridge": "no", "tunnel": "no", "smoothness": null, "tracktype": null, "lanes": "2", "layer": "0", "length_m": 819.02, "assumed_speed_kmh": 35.0, "travel_time_min": 1.404, "is_vehicular": true, "is_arterial": true }, "geometry": { "type": "LineString", "coordinates": [ [ 79.4832999, 30.4871068 ], [ 79.4837035, 30.4870651 ], [ 79.484112, 30.4870991 ], [ 79.4843245, 30.4870859 ], [ 79.4845277, 30.487034500000011 ], [ 79.4852224, 30.4868183 ], [ 79.48543890000002, 30.4868028 ], [ 79.4856596, 30.4868415 ], [ 79.4859391, 30.4868143 ], [ 79.4861108, 30.4867554 ], [ 79.4862403, 30.4866392 ], [ 79.4864058, 30.4864434 ], [ 79.4867499, 30.4862659 ], [ 79.4872931, 30.4860059 ], [ 79.487865700000015, 30.4857112 ], [ 79.4881205, 30.4856002 ], [ 79.4882941, 30.4854968 ], [ 79.488396, 30.4854899 ], [ 79.4884457, 30.4855096 ], [ 79.4884746, 30.4855563 ], [ 79.4884028, 30.4856321 ], [ 79.4880334, 30.485875299999986 ], [ 79.4874366, 30.4862474 ], [ 79.4868679, 30.4866404 ], [ 79.4866432, 30.4868167 ], [ 79.4863879, 30.4871188 ] ] } },
{ "type": "Feature", "properties": { "osm_id": 1302307393, "highway": "trunk", "name": null, "name_en": null, "ref": "NH7", "surface": "unknown", "maxspeed": "50", "oneway": "no", "access": "yes", "motor_vehicle": null, "bridge": "no", "tunnel": "avalanche_protector", "smoothness": null, "tracktype": null, "lanes": "2", "layer": "0", "length_m": 171.61, "assumed_speed_kmh": 35.0, "travel_time_min": 0.2942, "is_vehicular": true, "is_arterial": true }, "geometry": { "type": "LineString", "coordinates": [ [ 79.4795527, 30.4861099 ], [ 79.4805157, 30.4858741 ], [ 79.4812882, 30.4857446 ] ] } },
{ "type": "Feature", "properties": { "osm_id": 1302307394, "highway": "trunk", "name": null, "name_en": null, "ref": "NH7", "surface": "unknown", "maxspeed": "50", "oneway": "no", "access": "yes", "motor_vehicle": null, "bridge": "no", "tunnel": "no", "smoothness": null, "tracktype": null, "lanes": "2", "layer": "0", "length_m": 258.6, "assumed_speed_kmh": 35.0, "travel_time_min": 0.4433, "is_vehicular": true, "is_arterial": true }, "geometry": { "type": "LineString", "coordinates": [ [ 79.4812882, 30.4857446 ], [ 79.4820606, 30.4858926 ], [ 79.482361, 30.4863918 ], [ 79.4828116, 30.4867801 ], [ 79.4832999, 30.4871068 ] ] } },
{ "type": "Feature", "properties": { "osm_id": 1302307396, "highway": "trunk", "name": null, "name_en": null, "ref": "NH7", "surface": "unknown", "maxspeed": "50", "oneway": "no", "access": "yes", "motor_vehicle": null, "bridge": "yes", "tunnel": "no", "smoothness": null, "tracktype": null, "lanes": "2", "layer": "1", "length_m": 145.1, "assumed_speed_kmh": 35.0, "travel_time_min": 0.2487, "is_vehicular": true, "is_arterial": true }, "geometry": { "type": "LineString", "coordinates": [ [ 79.4572556, 30.4653097 ], [ 79.4576633, 30.465735 ], [ 79.4579637, 30.4661049 ], [ 79.4581782, 30.4663454 ] ] } },
{ "type": "Feature", "properties": { "osm_id": 1302307397, "highway": "trunk", "name": null, "name_en": null, "ref": "NH7", "surface": "unknown", "maxspeed": "50", "oneway": "no", "access": "yes", "motor_vehicle": null, "bridge": "no", "tunnel": "no", "smoothness": null, "tracktype": null, "lanes": "2", "layer": "0", "length_m": 2741.46, "assumed_speed_kmh": 35.0, "travel_time_min": 4.6996, "is_vehicular": true, "is_arterial": true }, "geometry": { "type": "LineString", "coordinates": [ [ 79.4449257, 30.4619561 ], [ 79.4456965, 30.4624144 ], [ 79.4461619, 30.4626093 ], [ 79.4467842, 30.4629422 ], [ 79.447149, 30.4634601 ], [ 79.4471061, 30.4639225 ], [ 79.4473636, 30.4641814 ], [ 79.4475352, 30.4638855 ], [ 79.44751380000001, 30.4635896 ], [ 79.4475567, 30.4630902 ], [ 79.44751380000001, 30.4627573 ], [ 79.4473421, 30.4625723 ], [ 79.4469988, 30.4625538 ], [ 79.4466126, 30.4624429 ], [ 79.4461405, 30.4622209 ], [ 79.4457113, 30.461999 ], [ 79.4454968, 30.4616475 ], [ 79.4454753, 30.4614256 ], [ 79.4455182, 30.4611482 ], [ 79.4453466, 30.4609077 ], [ 79.445368, 30.4607597 ], [ 79.4455719, 30.4608152 ], [ 79.4457113, 30.460954 ], [ 79.4457221, 30.461203599999987 ], [ 79.4457221, 30.4614256 ], [ 79.4457757, 30.461703 ], [ 79.4459474, 30.461814 ], [ 79.4461941, 30.4618603 ], [ 79.446398, 30.4620545 ], [ 79.4465696, 30.4621932 ], [ 79.4467735, 30.4621932 ], [ 79.4469022, 30.462109900000012 ], [ 79.4466555, 30.461925 ], [ 79.4463551, 30.46174 ], [ 79.4462907, 30.4615828 ], [ 79.4461619, 30.4613239 ], [ 79.4460868, 30.4611759 ], [ 79.4460146, 30.4608647 ], [ 79.4463658, 30.4609355 ], [ 79.4465482, 30.461166699999989 ], [ 79.4466984, 30.4614718 ], [ 79.446913, 30.4616291 ], [ 79.4472456, 30.46162910000001 ], [ 79.4475352, 30.4616753 ], [ 79.4478893, 30.461814 ], [ 79.4481146, 30.462073 ], [ 79.4482219, 30.4623319 ], [ 79.4488227, 30.4627573 ], [ 79.4488558, 30.4632865 ], [ 79.4488656, 30.463904 ], [ 79.4489729, 30.4644219 ], [ 79.4494879, 30.4646068 ], [ 79.449917, 30.4650507 ], [ 79.4502604, 30.4654576 ], [ 79.4506681, 30.465846 ], [ 79.4510543, 30.465846 ], [ 79.4513547, 30.4657165 ], [ 79.4517624, 30.465809 ], [ 79.4520199, 30.46592 ], [ 79.4525349, 30.4658275 ], [ 79.4530499, 30.4655686 ], [ 79.4536936, 30.4654206 ], [ 79.4543588, 30.4654206 ], [ 79.4548952, 30.4654946 ], [ 79.4554317, 30.4655316 ], [ 79.4560968, 30.4654206 ], [ 79.456805, 30.4652357 ], [ 79.4572556, 30.4653097 ] ] } },
{ "type": "Feature", "properties": { "osm_id": 1302307398, "highway": "trunk", "name": null, "name_en": null, "ref": "NH7", "surface": "unknown", "maxspeed": "50", "oneway": "no", "access": "yes", "motor_vehicle": null, "bridge": "yes", "tunnel": "no", "smoothness": null, "tracktype": null, "lanes": "2", "layer": "1", "length_m": 18.25, "assumed_speed_kmh": 35.0, "travel_time_min": 0.0313, "is_vehicular": true, "is_arterial": true }, "geometry": { "type": "LineString", "coordinates": [ [ 79.4324934, 30.4322897 ], [ 79.4325069, 30.4324539 ] ] } },
{ "type": "Feature", "properties": { "osm_id": 1302307399, "highway": "trunk", "name": null, "name_en": null, "ref": "NH7", "surface": "unknown", "maxspeed": "50", "oneway": "no", "access": "yes", "motor_vehicle": null, "bridge": "no", "tunnel": "no", "smoothness": null, "tracktype": null, "lanes": "2", "layer": "0", "length_m": 851.16, "assumed_speed_kmh": 35.0, "travel_time_min": 1.4591, "is_vehicular": true, "is_arterial": true }, "geometry": { "type": "LineString", "coordinates": [ [ 79.4325069, 30.4324539 ], [ 79.4324934, 30.4325326 ], [ 79.4323422, 30.4326075 ], [ 79.4321858, 30.4326751 ], [ 79.4318719, 30.4328067 ], [ 79.4313658, 30.4331519 ], [ 79.4312965, 30.43335810000001 ], [ 79.4312623, 30.4334669 ], [ 79.4311029, 30.4335134 ], [ 79.4305832, 30.4334291 ], [ 79.4301789, 30.4332872 ], [ 79.4296478, 30.4330597 ], [ 79.4293478, 30.4329897 ], [ 79.4289478, 30.4329897 ], [ 79.428797800000012, 30.4330397 ], [ 79.4283078, 30.4333997 ], [ 79.4281678, 30.4335797 ], [ 79.4280378, 30.4339297 ], [ 79.4280278, 30.4346897 ], [ 79.4277878, 30.4353597 ], [ 79.4277978, 30.4357997 ], [ 79.4278177, 30.4358446 ], [ 79.4278399, 30.4358949 ], [ 79.4279544, 30.4359739 ], [ 79.428204, 30.4360912 ], [ 79.4283517, 30.4361759 ], [ 79.4285007, 30.4363115 ] ] } },
{ "type": "Feature", "properties": { "osm_id": 1302307400, "highway": "trunk", "name": null, "name_en": null, "ref": "NH7", "surface": "unknown", "maxspeed": "50", "oneway": "no", "access": "yes", "motor_vehicle": null, "bridge": "yes", "tunnel": "no", "smoothness": null, "tracktype": null, "lanes": "2", "layer": "1", "length_m": 24.24, "assumed_speed_kmh": 35.0, "travel_time_min": 0.0416, "is_vehicular": true, "is_arterial": true }, "geometry": { "type": "LineString", "coordinates": [ [ 79.4168106, 30.4116576 ], [ 79.4169799, 30.4118197 ] ] } },
{ "type": "Feature", "properties": { "osm_id": 1302307401, "highway": "trunk", "name": null, "name_en": null, "ref": "NH7", "surface": "unknown", "maxspeed": "50", "oneway": "no", "access": "yes", "motor_vehicle": null, "bridge": "no", "tunnel": "no", "smoothness": null, "tracktype": null, "lanes": "2", "layer": "0", "length_m": 1391.24, "assumed_speed_kmh": 35.0, "travel_time_min": 2.385, "is_vehicular": true, "is_arterial": true }, "geometry": { "type": "LineString", "coordinates": [ [ 79.404060800000011, 30.4127554 ], [ 79.4054278, 30.4125797 ], [ 79.4061378, 30.4125697 ], [ 79.406607800000018, 30.4126497 ], [ 79.4070978, 30.4126197 ], [ 79.407647800000021, 30.4126597 ], [ 79.4081078, 30.4127697 ], [ 79.4087878, 30.4132197 ], [ 79.4091678, 30.4133997 ], [ 79.4093278, 30.4134097 ], [ 79.4095378, 30.4133397 ], [ 79.4097378, 30.4132097 ], [ 79.4099078, 30.4129997 ], [ 79.4101178, 30.4128397 ], [ 79.4106878, 30.4127197 ], [ 79.4115978, 30.4122097 ], [ 79.4119178, 30.4121797 ], [ 79.4123378, 30.4120597 ], [ 79.4131478, 30.4112797 ], [ 79.4137478, 30.4109697 ], [ 79.4145378, 30.4108097 ], [ 79.415513300000015, 30.410797599999988 ], [ 79.4160873, 30.4108567 ], [ 79.4163373, 30.4110957 ], [ 79.416548, 30.4114043 ], [ 79.4166274, 30.4115088 ], [ 79.4168106, 30.4116576 ] ] } },
{ "type": "Feature", "properties": { "osm_id": 1302307403, "highway": "trunk", "name": null, "name_en": null, "ref": "NH7", "surface": "unknown", "maxspeed": "50", "oneway": "no", "access": "yes", "motor_vehicle": null, "bridge": "yes", "tunnel": "no", "smoothness": null, "tracktype": null, "lanes": "2", "layer": "1", "length_m": 33.24, "assumed_speed_kmh": 35.0, "travel_time_min": 0.057, "is_vehicular": true, "is_arterial": true }, "geometry": { "type": "LineString", "coordinates": [ [ 79.3592671, 30.406841 ], [ 79.3596049, 30.4069058 ] ] } },
{ "type": "Feature", "properties": { "osm_id": 1302307404, "highway": "trunk", "name": null, "name_en": null, "ref": "NH7", "surface": "unknown", "maxspeed": "50", "oneway": "no", "access": "yes", "motor_vehicle": null, "bridge": "no", "tunnel": "no", "smoothness": null, "tracktype": null, "lanes": "2", "layer": "0", "length_m": 1235.67, "assumed_speed_kmh": 35.0, "travel_time_min": 2.1183, "is_vehicular": true, "is_arterial": true }, "geometry": { "type": "LineString", "coordinates": [ [ 79.3480956, 30.4071674 ], [ 79.3487856, 30.4070774 ], [ 79.3490756, 30.4069474 ], [ 79.3493456, 30.4065274 ], [ 79.3496856, 30.4057474 ], [ 79.3500656, 30.4054074 ], [ 79.3504056, 30.4053074 ], [ 79.3511356, 30.4052874 ], [ 79.3516456, 30.4051674 ], [ 79.3525256, 30.4052274 ], [ 79.3534956, 30.4054774 ], [ 79.3537656, 30.4055874 ], [ 79.3538556, 30.4056274 ], [ 79.3539656, 30.4058374 ], [ 79.3540656, 30.4059074 ], [ 79.3542856, 30.4059274 ], [ 79.3546956, 30.4058374 ], [ 79.3549656, 30.4058374 ], [ 79.3556056, 30.406077399999987 ], [ 79.3561356, 30.4061774 ], [ 79.3565856, 30.4064874 ], [ 79.3571656, 30.4066574 ], [ 79.3573456, 30.4066674 ], [ 79.3578351, 30.4067996 ], [ 79.3592671, 30.406841 ] ] } },
{ "type": "Feature", "properties": { "osm_id": 1302307406, "highway": "trunk", "name": null, "name_en": null, "ref": "NH7", "surface": "unknown", "maxspeed": "50", "oneway": "no", "access": "yes", "motor_vehicle": null, "bridge": "yes", "tunnel": "no", "smoothness": null, "tracktype": null, "lanes": "2", "layer": "1", "length_m": 50.68, "assumed_speed_kmh": 35.0, "travel_time_min": 0.0869, "is_vehicular": true, "is_arterial": true }, "geometry": { "type": "LineString", "coordinates": [ [ 79.3454636, 30.4065032 ], [ 79.3459595, 30.4066591 ] ] } },
{ "type": "Feature", "properties": { "osm_id": 1302307407, "highway": "trunk", "name": null, "name_en": null, "ref": "NH7", "surface": "unknown", "maxspeed": "50", "oneway": "no", "access": "yes", "motor_vehicle": null, "bridge": "no", "tunnel": "no", "smoothness": null, "tracktype": null, "lanes": "2", "layer": "0", "length_m": 172.1, "assumed_speed_kmh": 35.0, "travel_time_min": 0.295, "is_vehicular": true, "is_arterial": true }, "geometry": { "type": "LineString", "coordinates": [ [ 79.3459595, 30.4066591 ], [ 79.3460804, 30.4067025 ], [ 79.3467992, 30.4070428 ], [ 79.3473492, 30.4074228 ], [ 79.3474792, 30.4074628 ] ] } },
{ "type": "Feature", "properties": { "osm_id": 1302307409, "highway": "trunk", "name": null, "name_en": null, "ref": "NH7", "surface": "unknown", "maxspeed": "50", "oneway": "no", "access": "yes", "motor_vehicle": null, "bridge": "yes", "tunnel": "no", "smoothness": null, "tracktype": null, "lanes": "2", "layer": "1", "length_m": 17.84, "assumed_speed_kmh": 35.0, "travel_time_min": 0.0306, "is_vehicular": true, "is_arterial": true }, "geometry": { "type": "LineString", "coordinates": [ [ 79.338831700000014, 30.4046034 ], [ 79.3389806, 30.4046996 ] ] } },
{ "type": "Feature", "properties": { "osm_id": 1302307410, "highway": "trunk", "name": null, "name_en": null, "ref": "NH7", "surface": "unknown", "maxspeed": "50", "oneway": "no", "access": "yes", "motor_vehicle": null, "bridge": "no", "tunnel": "no", "smoothness": null, "tracktype": null, "lanes": "2", "layer": "0", "length_m": 77.39, "assumed_speed_kmh": 35.0, "travel_time_min": 0.1327, "is_vehicular": true, "is_arterial": true }, "geometry": { "type": "LineString", "coordinates": [ [ 79.3380732, 30.4048311 ], [ 79.3384197, 30.4047316 ], [ 79.3387017, 30.4046234 ], [ 79.338831700000014, 30.4046034 ] ] } },
{ "type": "Feature", "properties": { "osm_id": 1302307411, "highway": "trunk", "name": null, "name_en": null, "ref": "NH7", "surface": "unknown", "maxspeed": "50", "oneway": "no", "access": "yes", "motor_vehicle": null, "bridge": "yes", "tunnel": "no", "smoothness": null, "tracktype": null, "lanes": "2", "layer": "1", "length_m": 55.23, "assumed_speed_kmh": 35.0, "travel_time_min": 0.0947, "is_vehicular": true, "is_arterial": true }, "geometry": { "type": "LineString", "coordinates": [ [ 79.30891, 30.31384 ], [ 79.3091474, 30.3140019 ], [ 79.3093423, 30.3141669 ] ] } },
{ "type": "Feature", "properties": { "osm_id": 1302307412, "highway": "trunk", "name": null, "name_en": null, "ref": "NH7", "surface": "unknown", "maxspeed": "50", "oneway": "no", "access": "yes", "motor_vehicle": null, "bridge": "no", "tunnel": "no", "smoothness": null, "tracktype": null, "lanes": "2", "layer": "0", "length_m": 2349.21, "assumed_speed_kmh": 35.0, "travel_time_min": 4.0272, "is_vehicular": true, "is_arterial": true }, "geometry": { "type": "LineString", "coordinates": [ [ 79.3017938, 30.3005511 ], [ 79.301681800000011, 30.3006034 ], [ 79.301400500000014, 30.3005911 ], [ 79.301239, 30.300556 ], [ 79.3010724, 30.3004625 ], [ 79.30094, 30.30045 ], [ 79.3008043, 30.3004833 ], [ 79.3007276, 30.3005351 ], [ 79.3007082, 30.3006156 ], [ 79.300734, 30.3007603 ], [ 79.3007371, 30.3009965 ], [ 79.3008186, 30.3012281 ], [ 79.3007874, 30.301335 ], [ 79.3007321, 30.3014141 ], [ 79.3005571, 30.3016324 ], [ 79.3005, 30.30232 ], [ 79.30029, 30.30268 ], [ 79.30023, 30.30303 ], [ 79.30001, 30.30329 ], [ 79.29988, 30.30353 ], [ 79.29968, 30.30371 ], [ 79.29954, 30.30416 ], [ 79.29949, 30.30457 ], [ 79.29929, 30.30487 ], [ 79.29905, 30.3051 ], [ 79.29906, 30.3054 ], [ 79.29919, 30.30568 ], [ 79.29939, 30.30587 ], [ 79.29962, 30.30657 ], [ 79.29997, 30.30714 ], [ 79.30021, 30.30747 ], [ 79.30044, 30.30761 ], [ 79.30098, 30.30774 ], [ 79.30131, 30.30774 ], [ 79.30174, 30.30767 ], [ 79.30235, 30.30772 ], [ 79.30244, 30.30778 ], [ 79.30249, 30.3079 ], [ 79.30241, 30.30815 ], [ 79.30243, 30.30838 ], [ 79.30266, 30.30861 ], [ 79.30287, 30.30867 ], [ 79.30395, 30.30861 ], [ 79.30425, 30.3085 ], [ 79.30504, 30.30849 ], [ 79.3056, 30.30841 ], [ 79.30577, 30.30845 ], [ 79.3059473, 30.3085707 ], [ 79.30624, 30.30877 ], [ 79.30648, 30.30899 ], [ 79.30682, 30.30903 ], [ 79.30701, 30.30911 ], [ 79.30706, 30.30924 ], [ 79.30703, 30.30937 ], [ 79.30648, 30.30995 ], [ 79.3064, 30.31015 ], [ 79.30641, 30.31029 ], [ 79.30704, 30.3109 ], [ 79.3073, 30.31131 ], [ 79.30758, 30.31161 ], [ 79.30786, 30.31233 ], [ 79.30853, 30.3135 ], [ 79.30891, 30.31384 ] ] } },
{ "type": "Feature", "properties": { "osm_id": 1302307413, "highway": "trunk", "name": null, "name_en": null, "ref": "NH7", "surface": "unknown", "maxspeed": "50", "oneway": "no", "access": "yes", "motor_vehicle": null, "bridge": "yes", "tunnel": "no", "smoothness": null, "tracktype": null, "lanes": "2", "layer": "1", "length_m": 36.1, "assumed_speed_kmh": 35.0, "travel_time_min": 0.0619, "is_vehicular": true, "is_arterial": true }, "geometry": { "type": "LineString", "coordinates": [ [ 79.2709523, 30.2878831 ], [ 79.2713256, 30.2878497 ] ] } },
{ "type": "Feature", "properties": { "osm_id": 1302307414, "highway": "trunk", "name": null, "name_en": null, "ref": "NH7", "surface": "unknown", "maxspeed": "50", "oneway": "no", "access": "yes", "motor_vehicle": null, "bridge": "no", "tunnel": "no", "smoothness": null, "tracktype": null, "lanes": "2", "layer": "0", "length_m": 971.78, "assumed_speed_kmh": 35.0, "travel_time_min": 1.6659, "is_vehicular": true, "is_arterial": true }, "geometry": { "type": "LineString", "coordinates": [ [ 79.2713256, 30.2878497 ], [ 79.2715722, 30.2879216 ], [ 79.2718183, 30.2880121 ], [ 79.2725029, 30.2882009 ], [ 79.2729715, 30.2883192 ], [ 79.2732949, 30.2882955 ], [ 79.2735757, 30.2884019 ], [ 79.2738413, 30.2887496 ], [ 79.274026, 30.2888831 ], [ 79.2752447, 30.2897637 ], [ 79.2761067, 30.2902271 ], [ 79.2766095, 30.2904026 ], [ 79.2777218, 30.290639399999986 ], [ 79.2784097, 30.2908058 ], [ 79.27889, 30.2908 ], [ 79.27969, 30.29046 ], [ 79.2799522, 30.2902809 ], [ 79.2800296, 30.290228 ], [ 79.2801366, 30.2902134 ], [ 79.2802154, 30.2902712 ] ] } },
{ "type": "Feature", "properties": { "osm_id": 1445982495, "highway": "trunk", "name": null, "name_en": null, "ref": "NH7", "surface": "unknown", "maxspeed": "50", "oneway": "no", "access": "yes", "motor_vehicle": null, "bridge": "no", "tunnel": "no", "smoothness": null, "tracktype": null, "lanes": "2", "layer": "0", "length_m": 20.21, "assumed_speed_kmh": 35.0, "travel_time_min": 0.0346, "is_vehicular": true, "is_arterial": true }, "geometry": { "type": "LineString", "coordinates": [ [ 79.0262704, 30.3013208 ], [ 79.02608960000002, 30.301228 ] ] } },
{ "type": "Feature", "properties": { "osm_id": 1445982496, "highway": "trunk", "name": null, "name_en": null, "ref": "NH7", "surface": "unknown", "maxspeed": "50", "oneway": "no", "access": "yes", "motor_vehicle": null, "bridge": "yes", "tunnel": "no", "smoothness": null, "tracktype": null, "lanes": "2", "layer": "1", "length_m": 114.29, "assumed_speed_kmh": 35.0, "travel_time_min": 0.1959, "is_vehicular": true, "is_arterial": true }, "geometry": { "type": "LineString", "coordinates": [ [ 79.0273542, 30.3017432 ], [ 79.0262704, 30.3013208 ] ] } },
{ "type": "Feature", "properties": { "osm_id": 1454146333, "highway": "trunk", "name": null, "name_en": null, "ref": "NH107A", "surface": "unknown", "maxspeed": null, "oneway": "no", "access": "yes", "motor_vehicle": null, "bridge": "no", "tunnel": "no", "smoothness": null, "tracktype": null, "lanes": null, "layer": "0", "length_m": 1604.85, "assumed_speed_kmh": 35.0, "travel_time_min": 2.7512, "is_vehicular": true, "is_arterial": true }, "geometry": { "type": "LineString", "coordinates": [ [ 79.0931171, 30.5082743 ], [ 79.09327, 30.5083957 ], [ 79.0935756, 30.5084887 ], [ 79.093749100000011, 30.5086148 ], [ 79.0936747, 30.508957800000012 ], [ 79.0935079, 30.5092962 ], [ 79.0935527, 30.5093852 ], [ 79.0938908, 30.5096327 ], [ 79.0940096, 30.5097762 ], [ 79.0940843, 30.5099256 ], [ 79.0940133, 30.5102774 ], [ 79.0938632, 30.5103754 ], [ 79.0936529, 30.510335 ], [ 79.0935177, 30.5103783 ], [ 79.0931108, 30.5106356 ], [ 79.0924166, 30.510814 ], [ 79.0921026, 30.5110264 ], [ 79.0918778, 30.5113376 ], [ 79.0915376, 30.5120775 ], [ 79.0917032, 30.5125474 ], [ 79.0915283, 30.513453 ], [ 79.091297, 30.513831 ], [ 79.0911121, 30.5139907 ], [ 79.0910023, 30.5143923 ], [ 79.0907386, 30.5148891 ], [ 79.090756, 30.5151703 ], [ 79.0909585, 30.5156727 ], [ 79.0910409, 30.5161225 ], [ 79.090956, 30.5164378 ], [ 79.0906711, 30.5166346 ], [ 79.0905528, 30.5168285 ], [ 79.0904928, 30.5170438 ], [ 79.0905506, 30.5172762 ], [ 79.0906745, 30.517391 ], [ 79.0908183, 30.5175257 ], [ 79.0916533, 30.517575199999989 ], [ 79.0928378, 30.5180965 ], [ 79.0933633, 30.5184024 ], [ 79.0935925, 30.5184999 ], [ 79.0938433, 30.5185701 ], [ 79.0938925, 30.5186084 ] ] } },
{ "type": "Feature", "properties": { "osm_id": 1454146334, "highway": "trunk", "name": null, "name_en": null, "ref": "NH107", "surface": "unknown", "maxspeed": "50", "oneway": "no", "access": "yes", "motor_vehicle": null, "bridge": "no", "tunnel": "no", "smoothness": null, "tracktype": null, "lanes": "2", "layer": "0", "length_m": 89.34, "assumed_speed_kmh": 35.0, "travel_time_min": 0.1532, "is_vehicular": true, "is_arterial": true }, "geometry": { "type": "LineString", "coordinates": [ [ 79.0881173, 30.50287560000001 ], [ 79.08796, 30.50356 ], [ 79.0878596, 30.5036242 ] ] } },
{ "type": "Feature", "properties": { "osm_id": 1454150838, "highway": "trunk", "name": null, "name_en": null, "ref": "NH7", "surface": "unknown", "maxspeed": "50", "oneway": "no", "access": "yes", "motor_vehicle": null, "bridge": "no", "tunnel": "no", "smoothness": null, "tracktype": null, "lanes": "2", "layer": "0", "length_m": 117.54, "assumed_speed_kmh": 35.0, "travel_time_min": 0.2015, "is_vehicular": true, "is_arterial": true }, "geometry": { "type": "LineString", "coordinates": [ [ 79.3311037, 30.402643699999988 ], [ 79.3305842, 30.4036037 ] ] } },
{ "type": "Feature", "properties": { "osm_id": 1454168280, "highway": "trunk", "name": null, "name_en": null, "ref": "NH107", "surface": "unknown", "maxspeed": "50", "oneway": "no", "access": "yes", "motor_vehicle": null, "bridge": "no", "tunnel": "no", "smoothness": null, "tracktype": null, "lanes": "2", "layer": "0", "length_m": 949.77, "assumed_speed_kmh": 35.0, "travel_time_min": 1.6282, "is_vehicular": true, "is_arterial": true }, "geometry": { "type": "LineString", "coordinates": [ [ 79.08611, 30.52926 ], [ 79.08595, 30.52925 ], [ 79.08592, 30.52921 ], [ 79.08591, 30.52913 ], [ 79.08609, 30.52884 ], [ 79.08611, 30.52872 ], [ 79.08608, 30.52857 ], [ 79.08595, 30.52842 ], [ 79.0857, 30.52827 ], [ 79.0848, 30.52793 ], [ 79.08476, 30.52785 ], [ 79.08477, 30.52739 ], [ 79.08468, 30.5272 ], [ 79.08442, 30.52699 ], [ 79.08365, 30.52653 ], [ 79.08341, 30.52605 ], [ 79.0833643, 30.5260312 ], [ 79.08324, 30.52598 ], [ 79.08284, 30.526 ], [ 79.08257, 30.52592 ], [ 79.08221, 30.52551 ], [ 79.08161, 30.52497 ], [ 79.08154, 30.52472 ], [ 79.08167, 30.52417 ], [ 79.08162, 30.52383 ], [ 79.0817, 30.52323 ], [ 79.08167, 30.52314 ], [ 79.08153, 30.52312 ] ] } }
]
}
